dataset,population,events,group,identity,label,lighting,partition,steps
dvs,test,87787,24,dvs-test:user24_fluorescent/0.npy,0,fluorescent,official,92
dvs,test,337798,24,dvs-test:user24_fluorescent/1.npy,1,fluorescent,official,120
dvs,test,1459889,24,dvs-test:user24_fluorescent/10.npy,10,fluorescent,official,167
dvs,test,204610,24,dvs-test:user24_fluorescent/2.npy,2,fluorescent,official,109
dvs,test,944776,24,dvs-test:user24_fluorescent/3.npy,3,fluorescent,official,136
dvs,test,865883,24,dvs-test:user24_fluorescent/4.npy,4,fluorescent,official,116
dvs,test,776813,24,dvs-test:user24_fluorescent/5.npy,5,fluorescent,official,113
dvs,test,843502,24,dvs-test:user24_fluorescent/6.npy,6,fluorescent,official,132
dvs,test,288123,24,dvs-test:user24_fluorescent/7.npy,7,fluorescent,official,111
dvs,test,546808,24,dvs-test:user24_fluorescent/8.npy,8,fluorescent,official,201
dvs,test,451772,24,dvs-test:user24_fluorescent/9.npy,9,fluorescent,official,225
dvs,test,82307,24,dvs-test:user24_fluorescent_led/0.npy,0,fluorescent_led,official,84
dvs,test,373850,24,dvs-test:user24_fluorescent_led/1.npy,1,fluorescent_led,official,119
dvs,test,795704,24,dvs-test:user24_fluorescent_led/10.npy,10,fluorescent_led,official,101
dvs,test,247775,24,dvs-test:user24_fluorescent_led/2.npy,2,fluorescent_led,official,107
dvs,test,747908,24,dvs-test:user24_fluorescent_led/3.npy,3,fluorescent_led,official,112
dvs,test,777283,24,dvs-test:user24_fluorescent_led/4.npy,4,fluorescent_led,official,116
dvs,test,775516,24,dvs-test:user24_fluorescent_led/5.npy,5,fluorescent_led,official,118
dvs,test,773619,24,dvs-test:user24_fluorescent_led/6.npy,6,fluorescent_led,official,129
dvs,test,305425,24,dvs-test:user24_fluorescent_led/7.npy,7,fluorescent_led,official,130
dvs,test,89658,24,dvs-test:user24_fluorescent_led/8.npy,8,fluorescent_led,official,36
dvs,test,184131,24,dvs-test:user24_fluorescent_led/9.npy,9,fluorescent_led,official,100
dvs,test,113255,24,dvs-test:user24_led/0.npy,0,led,official,99
dvs,test,251963,24,dvs-test:user24_led/1.npy,1,led,official,114
dvs,test,526480,24,dvs-test:user24_led/10.npy,10,led,official,86
dvs,test,183199,24,dvs-test:user24_led/2.npy,2,led,official,105
dvs,test,920134,24,dvs-test:user24_led/3.npy,3,led,official,152
dvs,test,795734,24,dvs-test:user24_led/4.npy,4,led,official,127
dvs,test,820383,24,dvs-test:user24_led/5.npy,5,led,official,137
dvs,test,669793,24,dvs-test:user24_led/6.npy,6,led,official,122
dvs,test,273464,24,dvs-test:user24_led/7.npy,7,led,official,100
dvs,test,285536,24,dvs-test:user24_led/8.npy,8,led,official,113
dvs,test,199606,24,dvs-test:user24_led/9.npy,9,led,official,107
dvs,test,325786,25,dvs-test:user25_fluorescent/0.npy,0,fluorescent,official,109
dvs,test,185988,25,dvs-test:user25_fluorescent/1.npy,1,fluorescent,official,130
dvs,test,518739,25,dvs-test:user25_fluorescent/10.npy,10,fluorescent,official,98
dvs,test,239631,25,dvs-test:user25_fluorescent/2.npy,2,fluorescent,official,119
dvs,test,464649,25,dvs-test:user25_fluorescent/3.npy,3,fluorescent,official,163
dvs,test,377342,25,dvs-test:user25_fluorescent/4.npy,4,fluorescent,official,136
dvs,test,385898,25,dvs-test:user25_fluorescent/5.npy,5,fluorescent,official,138
dvs,test,385187,25,dvs-test:user25_fluorescent/6.npy,6,fluorescent,official,133
dvs,test,372138,25,dvs-test:user25_fluorescent/7.npy,7,fluorescent,official,153
dvs,test,744603,25,dvs-test:user25_fluorescent/8.npy,8,fluorescent,official,136
dvs,test,377079,25,dvs-test:user25_fluorescent/9.npy,9,fluorescent,official,130
dvs,test,237952,25,dvs-test:user25_led/0.npy,0,led,official,96
dvs,test,132012,25,dvs-test:user25_led/1.npy,1,led,official,106
dvs,test,686861,25,dvs-test:user25_led/10.npy,10,led,official,71
dvs,test,183377,25,dvs-test:user25_led/2.npy,2,led,official,114
dvs,test,418593,25,dvs-test:user25_led/3.npy,3,led,official,159
dvs,test,319130,25,dvs-test:user25_led/4.npy,4,led,official,125
dvs,test,294903,25,dvs-test:user25_led/5.npy,5,led,official,125
dvs,test,308267,25,dvs-test:user25_led/6.npy,6,led,official,128
dvs,test,262452,25,dvs-test:user25_led/7.npy,7,led,official,123
dvs,test,518376,25,dvs-test:user25_led/8.npy,8,led,official,132
dvs,test,244218,25,dvs-test:user25_led/9.npy,9,led,official,103
dvs,test,107491,26,dvs-test:user26_fluorescent/0.npy,0,fluorescent,official,99
dvs,test,322555,26,dvs-test:user26_fluorescent/1.npy,1,fluorescent,official,136
dvs,test,166734,26,dvs-test:user26_fluorescent/10.npy,10,fluorescent,official,96
dvs,test,246945,26,dvs-test:user26_fluorescent/2.npy,2,fluorescent,official,130
dvs,test,497455,26,dvs-test:user26_fluorescent/3.npy,3,fluorescent,official,175
dvs,test,637643,26,dvs-test:user26_fluorescent/4.npy,4,fluorescent,official,206
dvs,test,344896,26,dvs-test:user26_fluorescent/5.npy,5,fluorescent,official,173
dvs,test,359450,26,dvs-test:user26_fluorescent/6.npy,6,fluorescent,official,170
dvs,test,309204,26,dvs-test:user26_fluorescent/7.npy,7,fluorescent,official,150
dvs,test,261899,26,dvs-test:user26_fluorescent/8.npy,8,fluorescent,official,156
dvs,test,412554,26,dvs-test:user26_fluorescent/9.npy,9,fluorescent,official,139
dvs,test,105407,26,dvs-test:user26_fluorescent_led/0.npy,0,fluorescent_led,official,124
dvs,test,275394,26,dvs-test:user26_fluorescent_led/1.npy,1,fluorescent_led,official,138
dvs,test,92945,26,dvs-test:user26_fluorescent_led/10.npy,10,fluorescent_led,official,47
dvs,test,201312,26,dvs-test:user26_fluorescent_led/2.npy,2,fluorescent_led,official,137
dvs,test,426145,26,dvs-test:user26_fluorescent_led/3.npy,3,fluorescent_led,official,164
dvs,test,496679,26,dvs-test:user26_fluorescent_led/4.npy,4,fluorescent_led,official,188
dvs,test,304995,26,dvs-test:user26_fluorescent_led/5.npy,5,fluorescent_led,official,175
dvs,test,354492,26,dvs-test:user26_fluorescent_led/6.npy,6,fluorescent_led,official,178
dvs,test,307268,26,dvs-test:user26_fluorescent_led/7.npy,7,fluorescent_led,official,141
dvs,test,254792,26,dvs-test:user26_fluorescent_led/8.npy,8,fluorescent_led,official,145
dvs,test,538124,26,dvs-test:user26_fluorescent_led/9.npy,9,fluorescent_led,official,151
dvs,test,258091,26,dvs-test:user26_lab/0.npy,0,lab,official,102
dvs,test,616239,26,dvs-test:user26_lab/1.npy,1,lab,official,141
dvs,test,542835,26,dvs-test:user26_lab/10.npy,10,lab,official,105
dvs,test,625917,26,dvs-test:user26_lab/2.npy,2,lab,official,140
dvs,test,1385905,26,dvs-test:user26_lab/3.npy,3,lab,official,223
dvs,test,1207875,26,dvs-test:user26_lab/4.npy,4,lab,official,167
dvs,test,1022482,26,dvs-test:user26_lab/5.npy,5,lab,official,162
dvs,test,1245224,26,dvs-test:user26_lab/6.npy,6,lab,official,173
dvs,test,803355,26,dvs-test:user26_lab/7.npy,7,lab,official,159
dvs,test,622081,26,dvs-test:user26_lab/8.npy,8,lab,official,141
dvs,test,1156982,26,dvs-test:user26_lab/9.npy,9,lab,official,145
dvs,test,159572,26,dvs-test:user26_led/0.npy,0,led,official,110
dvs,test,399181,26,dvs-test:user26_led/1.npy,1,led,official,157
dvs,test,208736,26,dvs-test:user26_led/10.npy,10,led,official,105
dvs,test,237191,26,dvs-test:user26_led/2.npy,2,led,official,137
dvs,test,557502,26,dvs-test:user26_led/3.npy,3,led,official,185
dvs,test,425552,26,dvs-test:user26_led/4.npy,4,led,official,166
dvs,test,303746,26,dvs-test:user26_led/5.npy,5,led,official,173
dvs,test,350213,26,dvs-test:user26_led/6.npy,6,led,official,169
dvs,test,290377,26,dvs-test:user26_led/7.npy,7,led,official,136
dvs,test,231278,26,dvs-test:user26_led/8.npy,8,led,official,143
dvs,test,419883,26,dvs-test:user26_led/9.npy,9,led,official,148
dvs,test,152684,26,dvs-test:user26_natural/0.npy,0,natural,official,109
dvs,test,194644,26,dvs-test:user26_natural/1.npy,1,natural,official,211
dvs,test,234422,26,dvs-test:user26_natural/10.npy,10,natural,official,108
dvs,test,86991,26,dvs-test:user26_natural/2.npy,2,natural,official,123
dvs,test,688149,26,dvs-test:user26_natural/3.npy,3,natural,official,227
dvs,test,510642,26,dvs-test:user26_natural/4.npy,4,natural,official,166
dvs,test,399669,26,dvs-test:user26_natural/5.npy,5,natural,official,189
dvs,test,321634,26,dvs-test:user26_natural/6.npy,6,natural,official,162
dvs,test,330900,26,dvs-test:user26_natural/7.npy,7,natural,official,182
dvs,test,424795,26,dvs-test:user26_natural/8.npy,8,natural,official,172
dvs,test,391968,26,dvs-test:user26_natural/9.npy,9,natural,official,137
dvs,test,90943,27,dvs-test:user27_fluorescent/0.npy,0,fluorescent,official,105
dvs,test,279841,27,dvs-test:user27_fluorescent/1.npy,1,fluorescent,official,114
dvs,test,730136,27,dvs-test:user27_fluorescent/10.npy,10,fluorescent,official,159
dvs,test,310696,27,dvs-test:user27_fluorescent/2.npy,2,fluorescent,official,119
dvs,test,695722,27,dvs-test:user27_fluorescent/3.npy,3,fluorescent,official,168
dvs,test,655124,27,dvs-test:user27_fluorescent/4.npy,4,fluorescent,official,161
dvs,test,486093,27,dvs-test:user27_fluorescent/5.npy,5,fluorescent,official,152
dvs,test,424158,27,dvs-test:user27_fluorescent/6.npy,6,fluorescent,official,140
dvs,test,334156,27,dvs-test:user27_fluorescent/7.npy,7,fluorescent,official,135
dvs,test,238931,27,dvs-test:user27_fluorescent/8.npy,8,fluorescent,official,142
dvs,test,196810,27,dvs-test:user27_fluorescent/9.npy,9,fluorescent,official,140
dvs,test,73010,27,dvs-test:user27_fluorescent_led/0.npy,0,fluorescent_led,official,126
dvs,test,210231,27,dvs-test:user27_fluorescent_led/1.npy,1,fluorescent_led,official,113
dvs,test,439305,27,dvs-test:user27_fluorescent_led/10.npy,10,fluorescent_led,official,110
dvs,test,244249,27,dvs-test:user27_fluorescent_led/2.npy,2,fluorescent_led,official,109
dvs,test,590651,27,dvs-test:user27_fluorescent_led/3.npy,3,fluorescent_led,official,149
dvs,test,554026,27,dvs-test:user27_fluorescent_led/4.npy,4,fluorescent_led,official,149
dvs,test,363283,27,dvs-test:user27_fluorescent_led/5.npy,5,fluorescent_led,official,142
dvs,test,335130,27,dvs-test:user27_fluorescent_led/6.npy,6,fluorescent_led,official,121
dvs,test,275060,27,dvs-test:user27_fluorescent_led/7.npy,7,fluorescent_led,official,134
dvs,test,214697,27,dvs-test:user27_fluorescent_led/8.npy,8,fluorescent_led,official,136
dvs,test,179636,27,dvs-test:user27_fluorescent_led/9.npy,9,fluorescent_led,official,130
dvs,test,78561,27,dvs-test:user27_led/0.npy,0,led,official,91
dvs,test,298392,27,dvs-test:user27_led/1.npy,1,led,official,116
dvs,test,408285,27,dvs-test:user27_led/10.npy,10,led,official,111
dvs,test,212253,27,dvs-test:user27_led/2.npy,2,led,official,111
dvs,test,622720,27,dvs-test:user27_led/3.npy,3,led,official,175
dvs,test,514922,27,dvs-test:user27_led/4.npy,4,led,official,144
dvs,test,433529,27,dvs-test:user27_led/5.npy,5,led,official,169
dvs,test,374734,27,dvs-test:user27_led/6.npy,6,led,official,148
dvs,test,262190,27,dvs-test:user27_led/7.npy,7,led,official,126
dvs,test,301026,27,dvs-test:user27_led/8.npy,8,led,official,176
dvs,test,151572,27,dvs-test:user27_led/9.npy,9,led,official,125
dvs,test,88605,27,dvs-test:user27_natural/0.npy,0,natural,official,97
dvs,test,229573,27,dvs-test:user27_natural/1.npy,1,natural,official,115
dvs,test,453201,27,dvs-test:user27_natural/10.npy,10,natural,official,105
dvs,test,174040,27,dvs-test:user27_natural/2.npy,2,natural,official,107
dvs,test,802388,27,dvs-test:user27_natural/3.npy,3,natural,official,312
dvs,test,452030,27,dvs-test:user27_natural/4.npy,4,natural,official,177
dvs,test,436700,27,dvs-test:user27_natural/5.npy,5,natural,official,187
dvs,test,302332,27,dvs-test:user27_natural/6.npy,6,natural,official,142
dvs,test,297798,27,dvs-test:user27_natural/7.npy,7,natural,official,136
dvs,test,188546,27,dvs-test:user27_natural/8.npy,8,natural,official,122
dvs,test,159222,27,dvs-test:user27_natural/9.npy,9,natural,official,121
dvs,test,114281,28,dvs-test:user28_fluorescent/0.npy,0,fluorescent,official,83
dvs,test,315507,28,dvs-test:user28_fluorescent/1.npy,1,fluorescent,official,135
dvs,test,665819,28,dvs-test:user28_fluorescent/10.npy,10,fluorescent,official,110
dvs,test,331214,28,dvs-test:user28_fluorescent/2.npy,2,fluorescent,official,115
dvs,test,606190,28,dvs-test:user28_fluorescent/3.npy,3,fluorescent,official,142
dvs,test,630445,28,dvs-test:user28_fluorescent/4.npy,4,fluorescent,official,147
dvs,test,469527,28,dvs-test:user28_fluorescent/5.npy,5,fluorescent,official,137
dvs,test,497013,28,dvs-test:user28_fluorescent/6.npy,6,fluorescent,official,145
dvs,test,326286,28,dvs-test:user28_fluorescent/7.npy,7,fluorescent,official,141
dvs,test,211436,28,dvs-test:user28_fluorescent/8.npy,8,fluorescent,official,131
dvs,test,180605,28,dvs-test:user28_fluorescent/9.npy,9,fluorescent,official,115
dvs,test,127791,28,dvs-test:user28_fluorescent_led/0.npy,0,fluorescent_led,official,89
dvs,test,297792,28,dvs-test:user28_fluorescent_led/1.npy,1,fluorescent_led,official,124
dvs,test,515082,28,dvs-test:user28_fluorescent_led/10.npy,10,fluorescent_led,official,101
dvs,test,302990,28,dvs-test:user28_fluorescent_led/2.npy,2,fluorescent_led,official,134
dvs,test,526410,28,dvs-test:user28_fluorescent_led/3.npy,3,fluorescent_led,official,146
dvs,test,538967,28,dvs-test:user28_fluorescent_led/4.npy,4,fluorescent_led,official,145
dvs,test,415710,28,dvs-test:user28_fluorescent_led/5.npy,5,fluorescent_led,official,144
dvs,test,395519,28,dvs-test:user28_fluorescent_led/6.npy,6,fluorescent_led,official,130
dvs,test,313035,28,dvs-test:user28_fluorescent_led/7.npy,7,fluorescent_led,official,166
dvs,test,162272,28,dvs-test:user28_fluorescent_led/8.npy,8,fluorescent_led,official,135
dvs,test,170568,28,dvs-test:user28_fluorescent_led/9.npy,9,fluorescent_led,official,120
dvs,test,138931,28,dvs-test:user28_lab/0.npy,0,lab,official,68
dvs,test,388684,28,dvs-test:user28_lab/1.npy,1,lab,official,153
dvs,test,1020996,28,dvs-test:user28_lab/10.npy,10,lab,official,116
dvs,test,430756,28,dvs-test:user28_lab/2.npy,2,lab,official,140
dvs,test,770284,28,dvs-test:user28_lab/3.npy,3,lab,official,173
dvs,test,834514,28,dvs-test:user28_lab/4.npy,4,lab,official,161
dvs,test,1356752,28,dvs-test:user28_lab/5.npy,5,lab,official,230
dvs,test,946531,28,dvs-test:user28_lab/6.npy,6,lab,official,160
dvs,test,500299,28,dvs-test:user28_lab/7.npy,7,lab,official,146
dvs,test,364501,28,dvs-test:user28_lab/8.npy,8,lab,official,165
dvs,test,421567,28,dvs-test:user28_lab/9.npy,9,lab,official,180
dvs,test,110516,28,dvs-test:user28_led/0.npy,0,led,official,88
dvs,test,284500,28,dvs-test:user28_led/1.npy,1,led,official,125
dvs,test,769306,28,dvs-test:user28_led/10.npy,10,led,official,132
dvs,test,351207,28,dvs-test:user28_led/2.npy,2,led,official,151
dvs,test,569035,28,dvs-test:user28_led/3.npy,3,led,official,168
dvs,test,581531,28,dvs-test:user28_led/4.npy,4,led,official,157
dvs,test,461742,28,dvs-test:user28_led/5.npy,5,led,official,149
dvs,test,442398,28,dvs-test:user28_led/6.npy,6,led,official,144
dvs,test,274417,28,dvs-test:user28_led/7.npy,7,led,official,126
dvs,test,231291,28,dvs-test:user28_led/8.npy,8,led,official,162
dvs,test,234788,28,dvs-test:user28_led/9.npy,9,led,official,144
dvs,test,189678,28,dvs-test:user28_natural/0.npy,0,natural,official,109
dvs,test,270970,28,dvs-test:user28_natural/1.npy,1,natural,official,107
dvs,test,611562,28,dvs-test:user28_natural/10.npy,10,natural,official,117
dvs,test,223237,28,dvs-test:user28_natural/2.npy,2,natural,official,101
dvs,test,607384,28,dvs-test:user28_natural/3.npy,3,natural,official,157
dvs,test,522610,28,dvs-test:user28_natural/4.npy,4,natural,official,128
dvs,test,648621,28,dvs-test:user28_natural/5.npy,5,natural,official,164
dvs,test,533528,28,dvs-test:user28_natural/6.npy,6,natural,official,152
dvs,test,290394,28,dvs-test:user28_natural/7.npy,7,natural,official,135
dvs,test,274683,28,dvs-test:user28_natural/8.npy,8,natural,official,122
dvs,test,215392,28,dvs-test:user28_natural/9.npy,9,natural,official,121
dvs,test,279683,29,dvs-test:user29_fluorescent/0.npy,0,fluorescent,official,182
dvs,test,188029,29,dvs-test:user29_fluorescent/1.npy,1,fluorescent,official,119
dvs,test,109565,29,dvs-test:user29_fluorescent/10.npy,10,fluorescent,official,64
dvs,test,80759,29,dvs-test:user29_fluorescent/2.npy,2,fluorescent,official,116
dvs,test,840887,29,dvs-test:user29_fluorescent/3.npy,3,fluorescent,official,205
dvs,test,545655,29,dvs-test:user29_fluorescent/4.npy,4,fluorescent,official,141
dvs,test,399607,29,dvs-test:user29_fluorescent/5.npy,5,fluorescent,official,163
dvs,test,352410,29,dvs-test:user29_fluorescent/6.npy,6,fluorescent,official,139
dvs,test,310153,29,dvs-test:user29_fluorescent/7.npy,7,fluorescent,official,141
dvs,test,299404,29,dvs-test:user29_fluorescent/8.npy,8,fluorescent,official,128
dvs,test,237745,29,dvs-test:user29_fluorescent/9.npy,9,fluorescent,official,123
dvs,test,186064,29,dvs-test:user29_fluorescent_led/0.npy,0,fluorescent_led,official,99
dvs,test,229102,29,dvs-test:user29_fluorescent_led/1.npy,1,fluorescent_led,official,147
dvs,test,134770,29,dvs-test:user29_fluorescent_led/10.npy,10,fluorescent_led,official,65
dvs,test,178731,29,dvs-test:user29_fluorescent_led/2.npy,2,fluorescent_led,official,183
dvs,test,670598,29,dvs-test:user29_fluorescent_led/3.npy,3,fluorescent_led,official,152
dvs,test,561911,29,dvs-test:user29_fluorescent_led/4.npy,4,fluorescent_led,official,135
dvs,test,383605,29,dvs-test:user29_fluorescent_led/5.npy,5,fluorescent_led,official,147
dvs,test,449854,29,dvs-test:user29_fluorescent_led/6.npy,6,fluorescent_led,official,146
dvs,test,349913,29,dvs-test:user29_fluorescent_led/7.npy,7,fluorescent_led,official,134
dvs,test,376693,29,dvs-test:user29_fluorescent_led/8.npy,8,fluorescent_led,official,144
dvs,test,245426,29,dvs-test:user29_fluorescent_led/9.npy,9,fluorescent_led,official,135
dvs,test,198483,29,dvs-test:user29_lab/0.npy,0,lab,official,82
dvs,test,286397,29,dvs-test:user29_lab/1.npy,1,lab,official,160
dvs,test,589312,29,dvs-test:user29_lab/10.npy,10,lab,official,134
dvs,test,195721,29,dvs-test:user29_lab/2.npy,2,lab,official,122
dvs,test,1151542,29,dvs-test:user29_lab/3.npy,3,lab,official,162
dvs,test,932973,29,dvs-test:user29_lab/4.npy,4,lab,official,144
dvs,test,996272,29,dvs-test:user29_lab/5.npy,5,lab,official,182
dvs,test,901757,29,dvs-test:user29_lab/6.npy,6,lab,official,161
dvs,test,547239,29,dvs-test:user29_lab/7.npy,7,lab,official,144
dvs,test,702009,29,dvs-test:user29_lab/8.npy,8,lab,official,149
dvs,test,575090,29,dvs-test:user29_lab/9.npy,9,lab,official,170
dvs,test,267285,29,dvs-test:user29_led/0.npy,0,led,official,115
dvs,test,130567,29,dvs-test:user29_led/1.npy,1,led,official,118
dvs,test,184570,29,dvs-test:user29_led/10.npy,10,led,official,72
dvs,test,75980,29,dvs-test:user29_led/2.npy,2,led,official,135
dvs,test,596257,29,dvs-test:user29_led/3.npy,3,led,official,147
dvs,test,579445,29,dvs-test:user29_led/4.npy,4,led,official,131
dvs,test,399872,29,dvs-test:user29_led/5.npy,5,led,official,153
dvs,test,328175,29,dvs-test:user29_led/6.npy,6,led,official,116
dvs,test,359047,29,dvs-test:user29_led/7.npy,7,led,official,154
dvs,test,293540,29,dvs-test:user29_led/8.npy,8,led,official,122
dvs,test,196662,29,dvs-test:user29_led/9.npy,9,led,official,105
dvs,test,132219,29,dvs-test:user29_natural/0.npy,0,natural,official,93
dvs,test,213595,29,dvs-test:user29_natural/1.npy,1,natural,official,136
dvs,test,126751,29,dvs-test:user29_natural/10.npy,10,natural,official,55
dvs,test,86254,29,dvs-test:user29_natural/2.npy,2,natural,official,115
dvs,test,742630,29,dvs-test:user29_natural/3.npy,3,natural,official,190
dvs,test,677681,29,dvs-test:user29_natural/4.npy,4,natural,official,173
dvs,test,452460,29,dvs-test:user29_natural/5.npy,5,natural,official,160
dvs,test,512211,29,dvs-test:user29_natural/6.npy,6,natural,official,170
dvs,test,371182,29,dvs-test:user29_natural/7.npy,7,natural,official,151
dvs,test,312461,29,dvs-test:user29_natural/8.npy,8,natural,official,138
dvs,test,209202,29,dvs-test:user29_natural/9.npy,9,natural,official,123
dvs,train,213025,1,dvs-train:user01_fluorescent/0.npy,0,fluorescent,confirmation,101
dvs,train,314752,1,dvs-train:user01_fluorescent/1.npy,1,fluorescent,confirmation,116
dvs,train,649372,1,dvs-train:user01_fluorescent/10.npy,10,fluorescent,confirmation,135
dvs,train,519177,1,dvs-train:user01_fluorescent/2.npy,2,fluorescent,confirmation,146
dvs,train,927713,1,dvs-train:user01_fluorescent/3.npy,3,fluorescent,confirmation,174
dvs,train,858811,1,dvs-train:user01_fluorescent/4.npy,4,fluorescent,confirmation,148
dvs,train,787770,1,dvs-train:user01_fluorescent/5.npy,5,fluorescent,confirmation,165
dvs,train,688708,1,dvs-train:user01_fluorescent/6.npy,6,fluorescent,confirmation,136
dvs,train,440860,1,dvs-train:user01_fluorescent/7.npy,7,fluorescent,confirmation,133
dvs,train,520335,1,dvs-train:user01_fluorescent/8.npy,8,fluorescent,confirmation,130
dvs,train,335381,1,dvs-train:user01_fluorescent/9.npy,9,fluorescent,confirmation,132
dvs,train,248503,1,dvs-train:user01_fluorescent_led/0.npy,0,fluorescent_led,confirmation,102
dvs,train,384524,1,dvs-train:user01_fluorescent_led/1.npy,1,fluorescent_led,confirmation,124
dvs,train,684668,1,dvs-train:user01_fluorescent_led/10.npy,10,fluorescent_led,confirmation,159
dvs,train,445611,1,dvs-train:user01_fluorescent_led/2.npy,2,fluorescent_led,confirmation,127
dvs,train,1147942,1,dvs-train:user01_fluorescent_led/3.npy,3,fluorescent_led,confirmation,239
dvs,train,754654,1,dvs-train:user01_fluorescent_led/4.npy,4,fluorescent_led,confirmation,139
dvs,train,768821,1,dvs-train:user01_fluorescent_led/5.npy,5,fluorescent_led,confirmation,152
dvs,train,636308,1,dvs-train:user01_fluorescent_led/6.npy,6,fluorescent_led,confirmation,131
dvs,train,483201,1,dvs-train:user01_fluorescent_led/7.npy,7,fluorescent_led,confirmation,163
dvs,train,401609,1,dvs-train:user01_fluorescent_led/8.npy,8,fluorescent_led,confirmation,127
dvs,train,413177,1,dvs-train:user01_fluorescent_led/9.npy,9,fluorescent_led,confirmation,154
dvs,train,340189,1,dvs-train:user01_lab/0.npy,0,lab,confirmation,100
dvs,train,413017,1,dvs-train:user01_lab/1.npy,1,lab,confirmation,90
dvs,train,459695,1,dvs-train:user01_lab/10.npy,10,lab,confirmation,57
dvs,train,473879,1,dvs-train:user01_lab/2.npy,2,lab,confirmation,111
dvs,train,1411682,1,dvs-train:user01_lab/3.npy,3,lab,confirmation,244
dvs,train,762325,1,dvs-train:user01_lab/4.npy,4,lab,confirmation,124
dvs,train,772746,1,dvs-train:user01_lab/5.npy,5,lab,confirmation,135
dvs,train,651476,1,dvs-train:user01_lab/6.npy,6,lab,confirmation,133
dvs,train,562363,1,dvs-train:user01_lab/7.npy,7,lab,confirmation,134
dvs,train,797868,1,dvs-train:user01_lab/8.npy,8,lab,confirmation,132
dvs,train,482684,1,dvs-train:user01_lab/9.npy,9,lab,confirmation,109
dvs,train,341349,1,dvs-train:user01_led/0.npy,0,led,confirmation,96
dvs,train,318271,1,dvs-train:user01_led/1.npy,1,led,confirmation,134
dvs,train,545243,1,dvs-train:user01_led/10.npy,10,led,confirmation,130
dvs,train,362357,1,dvs-train:user01_led/2.npy,2,led,confirmation,109
dvs,train,809489,1,dvs-train:user01_led/3.npy,3,led,confirmation,159
dvs,train,699797,1,dvs-train:user01_led/4.npy,4,led,confirmation,148
dvs,train,796197,1,dvs-train:user01_led/5.npy,5,led,confirmation,167
dvs,train,546061,1,dvs-train:user01_led/6.npy,6,led,confirmation,118
dvs,train,515048,1,dvs-train:user01_led/7.npy,7,led,confirmation,151
dvs,train,604489,1,dvs-train:user01_led/8.npy,8,led,confirmation,138
dvs,train,488043,1,dvs-train:user01_led/9.npy,9,led,confirmation,138
dvs,train,269136,1,dvs-train:user01_natural/0.npy,0,natural,confirmation,130
dvs,train,338700,1,dvs-train:user01_natural/1.npy,1,natural,confirmation,177
dvs,train,803300,1,dvs-train:user01_natural/10.npy,10,natural,confirmation,133
dvs,train,361322,1,dvs-train:user01_natural/2.npy,2,natural,confirmation,139
dvs,train,764977,1,dvs-train:user01_natural/3.npy,3,natural,confirmation,169
dvs,train,918051,1,dvs-train:user01_natural/4.npy,4,natural,confirmation,213
dvs,train,920349,1,dvs-train:user01_natural/5.npy,5,natural,confirmation,198
dvs,train,735443,1,dvs-train:user01_natural/6.npy,6,natural,confirmation,151
dvs,train,630400,1,dvs-train:user01_natural/7.npy,7,natural,confirmation,185
dvs,train,678613,1,dvs-train:user01_natural/8.npy,8,natural,confirmation,135
dvs,train,458885,1,dvs-train:user01_natural/9.npy,9,natural,confirmation,149
dvs,train,143931,2,dvs-train:user02_fluorescent/0.npy,0,fluorescent,confirmation,115
dvs,train,388288,2,dvs-train:user02_fluorescent/1.npy,1,fluorescent,confirmation,135
dvs,train,508058,2,dvs-train:user02_fluorescent/10.npy,10,fluorescent,confirmation,97
dvs,train,199271,2,dvs-train:user02_fluorescent/2.npy,2,fluorescent,confirmation,107
dvs,train,594619,2,dvs-train:user02_fluorescent/3.npy,3,fluorescent,confirmation,140
dvs,train,567881,2,dvs-train:user02_fluorescent/4.npy,4,fluorescent,confirmation,149
dvs,train,492106,2,dvs-train:user02_fluorescent/5.npy,5,fluorescent,confirmation,144
dvs,train,389279,2,dvs-train:user02_fluorescent/6.npy,6,fluorescent,confirmation,112
dvs,train,195088,2,dvs-train:user02_fluorescent/7.npy,7,fluorescent,confirmation,118
dvs,train,205070,2,dvs-train:user02_fluorescent/8.npy,8,fluorescent,confirmation,111
dvs,train,99446,2,dvs-train:user02_fluorescent/9.npy,9,fluorescent,confirmation,99
dvs,train,77727,2,dvs-train:user02_fluorescent_led/0.npy,0,fluorescent_led,confirmation,92
dvs,train,317574,2,dvs-train:user02_fluorescent_led/1.npy,1,fluorescent_led,confirmation,111
dvs,train,499660,2,dvs-train:user02_fluorescent_led/10.npy,10,fluorescent_led,confirmation,131
dvs,train,195478,2,dvs-train:user02_fluorescent_led/2.npy,2,fluorescent_led,confirmation,113
dvs,train,582741,2,dvs-train:user02_fluorescent_led/3.npy,3,fluorescent_led,confirmation,140
dvs,train,478765,2,dvs-train:user02_fluorescent_led/4.npy,4,fluorescent_led,confirmation,110
dvs,train,419124,2,dvs-train:user02_fluorescent_led/5.npy,5,fluorescent_led,confirmation,113
dvs,train,394730,2,dvs-train:user02_fluorescent_led/6.npy,6,fluorescent_led,confirmation,111
dvs,train,205184,2,dvs-train:user02_fluorescent_led/7.npy,7,fluorescent_led,confirmation,132
dvs,train,188850,2,dvs-train:user02_fluorescent_led/8.npy,8,fluorescent_led,confirmation,116
dvs,train,109324,2,dvs-train:user02_fluorescent_led/9.npy,9,fluorescent_led,confirmation,105
dvs,train,323201,2,dvs-train:user02_lab/1.npy,1,lab,confirmation,114
dvs,train,1173778,2,dvs-train:user02_lab/10.npy,10,lab,confirmation,124
dvs,train,277604,2,dvs-train:user02_lab/2.npy,2,lab,confirmation,117
dvs,train,970634,2,dvs-train:user02_lab/3.npy,3,lab,confirmation,156
dvs,train,913246,2,dvs-train:user02_lab/4.npy,4,lab,confirmation,133
dvs,train,919290,2,dvs-train:user02_lab/5.npy,5,lab,confirmation,145
dvs,train,751765,2,dvs-train:user02_lab/6.npy,6,lab,confirmation,135
dvs,train,545104,2,dvs-train:user02_lab/7.npy,7,lab,confirmation,142
dvs,train,558610,2,dvs-train:user02_lab/8.npy,8,lab,confirmation,141
dvs,train,225066,2,dvs-train:user02_lab/9.npy,9,lab,confirmation,118
dvs,train,92189,2,dvs-train:user02_led/0.npy,0,led,confirmation,89
dvs,train,292682,2,dvs-train:user02_led/1.npy,1,led,confirmation,116
dvs,train,330033,2,dvs-train:user02_led/10.npy,10,led,confirmation,83
dvs,train,199341,2,dvs-train:user02_led/2.npy,2,led,confirmation,137
dvs,train,592707,2,dvs-train:user02_led/3.npy,3,led,confirmation,124
dvs,train,569378,2,dvs-train:user02_led/4.npy,4,led,confirmation,118
dvs,train,524132,2,dvs-train:user02_led/5.npy,5,led,confirmation,132
dvs,train,433063,2,dvs-train:user02_led/6.npy,6,led,confirmation,117
dvs,train,230365,2,dvs-train:user02_led/7.npy,7,led,confirmation,126
dvs,train,250186,2,dvs-train:user02_led/8.npy,8,led,confirmation,122
dvs,train,105759,2,dvs-train:user02_led/9.npy,9,led,confirmation,98
dvs,train,226493,2,dvs-train:user02_natural/0.npy,0,natural,confirmation,133
dvs,train,296078,2,dvs-train:user02_natural/1.npy,1,natural,confirmation,149
dvs,train,941215,2,dvs-train:user02_natural/10.npy,10,natural,confirmation,127
dvs,train,151995,2,dvs-train:user02_natural/2.npy,2,natural,confirmation,129
dvs,train,789697,2,dvs-train:user02_natural/3.npy,3,natural,confirmation,190
dvs,train,619516,2,dvs-train:user02_natural/4.npy,4,natural,confirmation,149
dvs,train,620474,2,dvs-train:user02_natural/5.npy,5,natural,confirmation,142
dvs,train,611070,2,dvs-train:user02_natural/6.npy,6,natural,confirmation,142
dvs,train,307206,2,dvs-train:user02_natural/7.npy,7,natural,confirmation,138
dvs,train,343221,2,dvs-train:user02_natural/8.npy,8,natural,confirmation,132
dvs,train,153231,2,dvs-train:user02_natural/9.npy,9,natural,confirmation,113
dvs,train,567440,3,dvs-train:user03_fluorescent/0.npy,0,fluorescent,confirmation,112
dvs,train,629603,3,dvs-train:user03_fluorescent/1.npy,1,fluorescent,confirmation,131
dvs,train,481791,3,dvs-train:user03_fluorescent/10.npy,10,fluorescent,confirmation,70
dvs,train,533792,3,dvs-train:user03_fluorescent/2.npy,2,fluorescent,confirmation,140
dvs,train,663462,3,dvs-train:user03_fluorescent/3.npy,3,fluorescent,confirmation,139
dvs,train,701103,3,dvs-train:user03_fluorescent/4.npy,4,fluorescent,confirmation,129
dvs,train,440883,3,dvs-train:user03_fluorescent/5.npy,5,fluorescent,confirmation,119
dvs,train,501375,3,dvs-train:user03_fluorescent/6.npy,6,fluorescent,confirmation,110
dvs,train,444327,3,dvs-train:user03_fluorescent/7.npy,7,fluorescent,confirmation,122
dvs,train,452276,3,dvs-train:user03_fluorescent/8.npy,8,fluorescent,confirmation,116
dvs,train,253099,3,dvs-train:user03_fluorescent/9.npy,9,fluorescent,confirmation,122
dvs,train,388571,3,dvs-train:user03_fluorescent_led/0.npy,0,fluorescent_led,confirmation,119
dvs,train,635948,3,dvs-train:user03_fluorescent_led/1.npy,1,fluorescent_led,confirmation,130
dvs,train,230761,3,dvs-train:user03_fluorescent_led/10.npy,10,fluorescent_led,confirmation,69
dvs,train,550620,3,dvs-train:user03_fluorescent_led/2.npy,2,fluorescent_led,confirmation,138
dvs,train,818722,3,dvs-train:user03_fluorescent_led/3.npy,3,fluorescent_led,confirmation,155
dvs,train,818931,3,dvs-train:user03_fluorescent_led/4.npy,4,fluorescent_led,confirmation,134
dvs,train,523604,3,dvs-train:user03_fluorescent_led/5.npy,5,fluorescent_led,confirmation,121
dvs,train,522332,3,dvs-train:user03_fluorescent_led/6.npy,6,fluorescent_led,confirmation,120
dvs,train,483144,3,dvs-train:user03_fluorescent_led/7.npy,7,fluorescent_led,confirmation,122
dvs,train,398589,3,dvs-train:user03_fluorescent_led/8.npy,8,fluorescent_led,confirmation,104
dvs,train,280829,3,dvs-train:user03_fluorescent_led/9.npy,9,fluorescent_led,confirmation,127
dvs,train,484346,3,dvs-train:user03_led/0.npy,0,led,confirmation,93
dvs,train,566267,3,dvs-train:user03_led/1.npy,1,led,confirmation,121
dvs,train,233840,3,dvs-train:user03_led/10.npy,10,led,confirmation,43
dvs,train,453041,3,dvs-train:user03_led/2.npy,2,led,confirmation,139
dvs,train,815680,3,dvs-train:user03_led/3.npy,3,led,confirmation,153
dvs,train,708072,3,dvs-train:user03_led/4.npy,4,led,confirmation,126
dvs,train,594783,3,dvs-train:user03_led/5.npy,5,led,confirmation,122
dvs,train,732581,3,dvs-train:user03_led/6.npy,6,led,confirmation,152
dvs,train,537676,3,dvs-train:user03_led/7.npy,7,led,confirmation,131
dvs,train,534904,3,dvs-train:user03_led/8.npy,8,led,confirmation,130
dvs,train,295722,3,dvs-train:user03_led/9.npy,9,led,confirmation,126
dvs,train,344774,3,dvs-train:user03_natural/0.npy,0,natural,confirmation,90
dvs,train,477283,3,dvs-train:user03_natural/1.npy,1,natural,confirmation,125
dvs,train,378821,3,dvs-train:user03_natural/10.npy,10,natural,confirmation,61
dvs,train,321155,3,dvs-train:user03_natural/2.npy,2,natural,confirmation,113
dvs,train,864640,3,dvs-train:user03_natural/3.npy,3,natural,confirmation,167
dvs,train,644541,3,dvs-train:user03_natural/4.npy,4,natural,confirmation,132
dvs,train,653378,3,dvs-train:user03_natural/5.npy,5,natural,confirmation,160
dvs,train,633634,3,dvs-train:user03_natural/6.npy,6,natural,confirmation,144
dvs,train,470427,3,dvs-train:user03_natural/7.npy,7,natural,confirmation,138
dvs,train,394284,3,dvs-train:user03_natural/8.npy,8,natural,confirmation,124
dvs,train,210523,3,dvs-train:user03_natural/9.npy,9,natural,confirmation,120
dvs,train,113575,4,dvs-train:user04_fluorescent/0.npy,0,fluorescent,confirmation,105
dvs,train,145630,4,dvs-train:user04_fluorescent/1.npy,1,fluorescent,confirmation,127
dvs,train,80807,4,dvs-train:user04_fluorescent/10.npy,10,fluorescent,confirmation,73
dvs,train,92533,4,dvs-train:user04_fluorescent/2.npy,2,fluorescent,confirmation,128
dvs,train,391893,4,dvs-train:user04_fluorescent/3.npy,3,fluorescent,confirmation,191
dvs,train,289988,4,dvs-train:user04_fluorescent/4.npy,4,fluorescent,confirmation,143
dvs,train,251018,4,dvs-train:user04_fluorescent/5.npy,5,fluorescent,confirmation,149
dvs,train,181991,4,dvs-train:user04_fluorescent/6.npy,6,fluorescent,confirmation,107
dvs,train,271446,4,dvs-train:user04_fluorescent/7.npy,7,fluorescent,confirmation,133
dvs,train,295285,4,dvs-train:user04_fluorescent/8.npy,8,fluorescent,confirmation,147
dvs,train,182273,4,dvs-train:user04_fluorescent/9.npy,9,fluorescent,confirmation,128
dvs,train,80983,4,dvs-train:user04_fluorescent_led/0.npy,0,fluorescent_led,confirmation,99
dvs,train,117013,4,dvs-train:user04_fluorescent_led/1.npy,1,fluorescent_led,confirmation,131
dvs,train,42058,4,dvs-train:user04_fluorescent_led/10.npy,10,fluorescent_led,confirmation,54
dvs,train,70776,4,dvs-train:user04_fluorescent_led/2.npy,2,fluorescent_led,confirmation,113
dvs,train,231987,4,dvs-train:user04_fluorescent_led/3.npy,3,fluorescent_led,confirmation,130
dvs,train,208570,4,dvs-train:user04_fluorescent_led/4.npy,4,fluorescent_led,confirmation,115
dvs,train,190718,4,dvs-train:user04_fluorescent_led/5.npy,5,fluorescent_led,confirmation,126
dvs,train,203684,4,dvs-train:user04_fluorescent_led/6.npy,6,fluorescent_led,confirmation,126
dvs,train,222688,4,dvs-train:user04_fluorescent_led/7.npy,7,fluorescent_led,confirmation,114
dvs,train,272877,4,dvs-train:user04_fluorescent_led/8.npy,8,fluorescent_led,confirmation,134
dvs,train,189220,4,dvs-train:user04_fluorescent_led/9.npy,9,fluorescent_led,confirmation,121
dvs,train,114690,4,dvs-train:user04_led/0.npy,0,led,confirmation,103
dvs,train,115057,4,dvs-train:user04_led/1.npy,1,led,confirmation,132
dvs,train,35267,4,dvs-train:user04_led/10.npy,10,led,confirmation,70
dvs,train,77116,4,dvs-train:user04_led/2.npy,2,led,confirmation,135
dvs,train,289934,4,dvs-train:user04_led/3.npy,3,led,confirmation,151
dvs,train,269579,4,dvs-train:user04_led/4.npy,4,led,confirmation,135
dvs,train,266391,4,dvs-train:user04_led/5.npy,5,led,confirmation,143
dvs,train,252103,4,dvs-train:user04_led/6.npy,6,led,confirmation,139
dvs,train,317939,4,dvs-train:user04_led/7.npy,7,led,confirmation,148
dvs,train,248457,4,dvs-train:user04_led/8.npy,8,led,confirmation,135
dvs,train,205587,4,dvs-train:user04_led/9.npy,9,led,confirmation,139
dvs,train,270067,4,dvs-train:user04_natural/0.npy,0,natural,confirmation,124
dvs,train,200421,4,dvs-train:user04_natural/1.npy,1,natural,confirmation,138
dvs,train,242243,4,dvs-train:user04_natural/10.npy,10,natural,confirmation,104
dvs,train,149508,4,dvs-train:user04_natural/2.npy,2,natural,confirmation,130
dvs,train,437547,4,dvs-train:user04_natural/3.npy,3,natural,confirmation,170
dvs,train,335800,4,dvs-train:user04_natural/4.npy,4,natural,confirmation,144
dvs,train,417143,4,dvs-train:user04_natural/5.npy,5,natural,confirmation,155
dvs,train,328715,4,dvs-train:user04_natural/6.npy,6,natural,confirmation,141
dvs,train,325901,4,dvs-train:user04_natural/7.npy,7,natural,confirmation,177
dvs,train,345084,4,dvs-train:user04_natural/8.npy,8,natural,confirmation,149
dvs,train,263603,4,dvs-train:user04_natural/9.npy,9,natural,confirmation,127
dvs,train,67635,5,dvs-train:user05_fluorescent/0.npy,0,fluorescent,development,81
dvs,train,251493,5,dvs-train:user05_fluorescent/1.npy,1,fluorescent,development,120
dvs,train,269487,5,dvs-train:user05_fluorescent/10.npy,10,fluorescent,development,120
dvs,train,180326,5,dvs-train:user05_fluorescent/2.npy,2,fluorescent,development,102
dvs,train,294029,5,dvs-train:user05_fluorescent/3.npy,3,fluorescent,development,142
dvs,train,328398,5,dvs-train:user05_fluorescent/4.npy,4,fluorescent,development,153
dvs,train,249097,5,dvs-train:user05_fluorescent/5.npy,5,fluorescent,development,151
dvs,train,233251,5,dvs-train:user05_fluorescent/6.npy,6,fluorescent,development,139
dvs,train,282464,5,dvs-train:user05_fluorescent/7.npy,7,fluorescent,development,133
dvs,train,226846,5,dvs-train:user05_fluorescent/8.npy,8,fluorescent,development,125
dvs,train,122520,5,dvs-train:user05_fluorescent/9.npy,9,fluorescent,development,111
dvs,train,74851,5,dvs-train:user05_fluorescent_led/0.npy,0,fluorescent_led,development,104
dvs,train,377891,5,dvs-train:user05_fluorescent_led/1.npy,1,fluorescent_led,development,168
dvs,train,222193,5,dvs-train:user05_fluorescent_led/10.npy,10,fluorescent_led,development,112
dvs,train,390908,5,dvs-train:user05_fluorescent_led/2.npy,2,fluorescent_led,development,210
dvs,train,314877,5,dvs-train:user05_fluorescent_led/3.npy,3,fluorescent_led,development,160
dvs,train,256256,5,dvs-train:user05_fluorescent_led/4.npy,4,fluorescent_led,development,124
dvs,train,214442,5,dvs-train:user05_fluorescent_led/5.npy,5,fluorescent_led,development,124
dvs,train,243685,5,dvs-train:user05_fluorescent_led/6.npy,6,fluorescent_led,development,141
dvs,train,249991,5,dvs-train:user05_fluorescent_led/7.npy,7,fluorescent_led,development,134
dvs,train,228957,5,dvs-train:user05_fluorescent_led/8.npy,8,fluorescent_led,development,130
dvs,train,130301,5,dvs-train:user05_fluorescent_led/9.npy,9,fluorescent_led,development,130
dvs,train,154326,5,dvs-train:user05_lab/0.npy,0,lab,development,118
dvs,train,267262,5,dvs-train:user05_lab/1.npy,1,lab,development,119
dvs,train,383971,5,dvs-train:user05_lab/10.npy,10,lab,development,123
dvs,train,304095,5,dvs-train:user05_lab/2.npy,2,lab,development,112
dvs,train,425478,5,dvs-train:user05_lab/3.npy,3,lab,development,180
dvs,train,314175,5,dvs-train:user05_lab/4.npy,4,lab,development,146
dvs,train,358222,5,dvs-train:user05_lab/5.npy,5,lab,development,145
dvs,train,396531,5,dvs-train:user05_lab/6.npy,6,lab,development,139
dvs,train,419480,5,dvs-train:user05_lab/7.npy,7,lab,development,130
dvs,train,391752,5,dvs-train:user05_lab/8.npy,8,lab,development,138
dvs,train,238067,5,dvs-train:user05_lab/9.npy,9,lab,development,124
dvs,train,78507,5,dvs-train:user05_led/0.npy,0,led,development,86
dvs,train,236385,5,dvs-train:user05_led/1.npy,1,led,development,126
dvs,train,281145,5,dvs-train:user05_led/10.npy,10,led,development,141
dvs,train,157305,5,dvs-train:user05_led/2.npy,2,led,development,130
dvs,train,345762,5,dvs-train:user05_led/3.npy,3,led,development,143
dvs,train,322863,5,dvs-train:user05_led/4.npy,4,led,development,136
dvs,train,225755,5,dvs-train:user05_led/5.npy,5,led,development,131
dvs,train,235836,5,dvs-train:user05_led/6.npy,6,led,development,130
dvs,train,343134,5,dvs-train:user05_led/7.npy,7,led,development,140
dvs,train,301070,5,dvs-train:user05_led/8.npy,8,led,development,136
dvs,train,153974,5,dvs-train:user05_led/9.npy,9,led,development,133
dvs,train,119268,5,dvs-train:user05_natural/0.npy,0,natural,development,83
dvs,train,162700,5,dvs-train:user05_natural/1.npy,1,natural,development,103
dvs,train,221452,5,dvs-train:user05_natural/10.npy,10,natural,development,78
dvs,train,163602,5,dvs-train:user05_natural/2.npy,2,natural,development,104
dvs,train,543934,5,dvs-train:user05_natural/3.npy,3,natural,development,183
dvs,train,363312,5,dvs-train:user05_natural/4.npy,4,natural,development,143
dvs,train,236178,5,dvs-train:user05_natural/5.npy,5,natural,development,126
dvs,train,319353,5,dvs-train:user05_natural/6.npy,6,natural,development,160
dvs,train,340261,5,dvs-train:user05_natural/7.npy,7,natural,development,125
dvs,train,277079,5,dvs-train:user05_natural/8.npy,8,natural,development,114
dvs,train,162719,5,dvs-train:user05_natural/9.npy,9,natural,development,98
dvs,train,152457,6,dvs-train:user06_fluorescent/0.npy,0,fluorescent,development,160
dvs,train,202505,6,dvs-train:user06_fluorescent/1.npy,1,fluorescent,development,142
dvs,train,302203,6,dvs-train:user06_fluorescent/10.npy,10,fluorescent,development,109
dvs,train,199838,6,dvs-train:user06_fluorescent/2.npy,2,fluorescent,development,129
dvs,train,452197,6,dvs-train:user06_fluorescent/3.npy,3,fluorescent,development,178
dvs,train,402984,6,dvs-train:user06_fluorescent/4.npy,4,fluorescent,development,158
dvs,train,406636,6,dvs-train:user06_fluorescent/5.npy,5,fluorescent,development,152
dvs,train,370095,6,dvs-train:user06_fluorescent/6.npy,6,fluorescent,development,151
dvs,train,540617,6,dvs-train:user06_fluorescent/7.npy,7,fluorescent,development,168
dvs,train,299022,6,dvs-train:user06_fluorescent/8.npy,8,fluorescent,development,149
dvs,train,310849,6,dvs-train:user06_fluorescent/9.npy,9,fluorescent,development,162
dvs,train,106750,6,dvs-train:user06_fluorescent_led/0.npy,0,fluorescent_led,development,134
dvs,train,203644,6,dvs-train:user06_fluorescent_led/1.npy,1,fluorescent_led,development,170
dvs,train,253527,6,dvs-train:user06_fluorescent_led/10.npy,10,fluorescent_led,development,148
dvs,train,196732,6,dvs-train:user06_fluorescent_led/2.npy,2,fluorescent_led,development,159
dvs,train,367654,6,dvs-train:user06_fluorescent_led/3.npy,3,fluorescent_led,development,195
dvs,train,343567,6,dvs-train:user06_fluorescent_led/4.npy,4,fluorescent_led,development,141
dvs,train,342491,6,dvs-train:user06_fluorescent_led/5.npy,5,fluorescent_led,development,137
dvs,train,280810,6,dvs-train:user06_fluorescent_led/6.npy,6,fluorescent_led,development,138
dvs,train,439307,6,dvs-train:user06_fluorescent_led/7.npy,7,fluorescent_led,development,138
dvs,train,328564,6,dvs-train:user06_fluorescent_led/8.npy,8,fluorescent_led,development,154
dvs,train,268173,6,dvs-train:user06_fluorescent_led/9.npy,9,fluorescent_led,development,145
dvs,train,102863,6,dvs-train:user06_lab/0.npy,0,lab,development,125
dvs,train,235748,6,dvs-train:user06_lab/1.npy,1,lab,development,135
dvs,train,248653,6,dvs-train:user06_lab/10.npy,10,lab,development,141
dvs,train,147581,6,dvs-train:user06_lab/2.npy,2,lab,development,145
dvs,train,404879,6,dvs-train:user06_lab/3.npy,3,lab,development,154
dvs,train,302415,6,dvs-train:user06_lab/4.npy,4,lab,development,130
dvs,train,373302,6,dvs-train:user06_lab/5.npy,5,lab,development,154
dvs,train,211319,6,dvs-train:user06_lab/6.npy,6,lab,development,146
dvs,train,375543,6,dvs-train:user06_lab/7.npy,7,lab,development,145
dvs,train,299312,6,dvs-train:user06_lab/8.npy,8,lab,development,137
dvs,train,328109,6,dvs-train:user06_lab/9.npy,9,lab,development,189
dvs,train,135765,6,dvs-train:user06_led/0.npy,0,led,development,94
dvs,train,264613,6,dvs-train:user06_led/1.npy,1,led,development,143
dvs,train,374681,6,dvs-train:user06_led/10.npy,10,led,development,137
dvs,train,241660,6,dvs-train:user06_led/2.npy,2,led,development,144
dvs,train,362294,6,dvs-train:user06_led/3.npy,3,led,development,170
dvs,train,296715,6,dvs-train:user06_led/4.npy,4,led,development,160
dvs,train,479369,6,dvs-train:user06_led/5.npy,5,led,development,188
dvs,train,485897,6,dvs-train:user06_led/6.npy,6,led,development,200
dvs,train,379058,6,dvs-train:user06_led/7.npy,7,led,development,140
dvs,train,311742,6,dvs-train:user06_led/8.npy,8,led,development,150
dvs,train,196314,6,dvs-train:user06_led/9.npy,9,led,development,133
dvs,train,143565,6,dvs-train:user06_natural/0.npy,0,natural,development,108
dvs,train,154678,6,dvs-train:user06_natural/1.npy,1,natural,development,106
dvs,train,394836,6,dvs-train:user06_natural/10.npy,10,natural,development,130
dvs,train,168273,6,dvs-train:user06_natural/2.npy,2,natural,development,109
dvs,train,447265,6,dvs-train:user06_natural/3.npy,3,natural,development,175
dvs,train,463887,6,dvs-train:user06_natural/4.npy,4,natural,development,177
dvs,train,429029,6,dvs-train:user06_natural/5.npy,5,natural,development,171
dvs,train,377452,6,dvs-train:user06_natural/6.npy,6,natural,development,146
dvs,train,455952,6,dvs-train:user06_natural/7.npy,7,natural,development,175
dvs,train,301407,6,dvs-train:user06_natural/8.npy,8,natural,development,115
dvs,train,258902,6,dvs-train:user06_natural/9.npy,9,natural,development,168
dvs,train,77109,7,dvs-train:user07_fluorescent/0.npy,0,fluorescent,development,110
dvs,train,254110,7,dvs-train:user07_fluorescent/1.npy,1,fluorescent,development,128
dvs,train,541022,7,dvs-train:user07_fluorescent/10.npy,10,fluorescent,development,75
dvs,train,170830,7,dvs-train:user07_fluorescent/2.npy,2,fluorescent,development,119
dvs,train,309617,7,dvs-train:user07_fluorescent/3.npy,3,fluorescent,development,131
dvs,train,317678,7,dvs-train:user07_fluorescent/4.npy,4,fluorescent,development,128
dvs,train,210788,7,dvs-train:user07_fluorescent/5.npy,5,fluorescent,development,124
dvs,train,233849,7,dvs-train:user07_fluorescent/6.npy,6,fluorescent,development,133
dvs,train,153952,7,dvs-train:user07_fluorescent/7.npy,7,fluorescent,development,113
dvs,train,164825,7,dvs-train:user07_fluorescent/8.npy,8,fluorescent,development,113
dvs,train,122411,7,dvs-train:user07_fluorescent/9.npy,9,fluorescent,development,113
dvs,train,72407,7,dvs-train:user07_fluorescent_led/0.npy,0,fluorescent_led,development,111
dvs,train,237817,7,dvs-train:user07_fluorescent_led/1.npy,1,fluorescent_led,development,114
dvs,train,194730,7,dvs-train:user07_fluorescent_led/10.npy,10,fluorescent_led,development,57
dvs,train,161124,7,dvs-train:user07_fluorescent_led/2.npy,2,fluorescent_led,development,112
dvs,train,268558,7,dvs-train:user07_fluorescent_led/3.npy,3,fluorescent_led,development,121
dvs,train,302970,7,dvs-train:user07_fluorescent_led/4.npy,4,fluorescent_led,development,118
dvs,train,234635,7,dvs-train:user07_fluorescent_led/5.npy,5,fluorescent_led,development,134
dvs,train,206715,7,dvs-train:user07_fluorescent_led/6.npy,6,fluorescent_led,development,122
dvs,train,156449,7,dvs-train:user07_fluorescent_led/7.npy,7,fluorescent_led,development,128
dvs,train,143844,7,dvs-train:user07_fluorescent_led/8.npy,8,fluorescent_led,development,111
dvs,train,88197,7,dvs-train:user07_fluorescent_led/9.npy,9,fluorescent_led,development,108
dvs,train,153116,7,dvs-train:user07_lab/0.npy,0,lab,development,86
dvs,train,304898,7,dvs-train:user07_lab/1.npy,1,lab,development,118
dvs,train,541306,7,dvs-train:user07_lab/10.npy,10,lab,development,68
dvs,train,365744,7,dvs-train:user07_lab/2.npy,2,lab,development,122
dvs,train,872925,7,dvs-train:user07_lab/3.npy,3,lab,development,210
dvs,train,778824,7,dvs-train:user07_lab/4.npy,4,lab,development,153
dvs,train,704399,7,dvs-train:user07_lab/5.npy,5,lab,development,163
dvs,train,628377,7,dvs-train:user07_lab/6.npy,6,lab,development,132
dvs,train,544309,7,dvs-train:user07_lab/7.npy,7,lab,development,130
dvs,train,557214,7,dvs-train:user07_lab/8.npy,8,lab,development,121
dvs,train,317392,7,dvs-train:user07_lab/9.npy,9,lab,development,113
dvs,train,64084,7,dvs-train:user07_led/0.npy,0,led,development,99
dvs,train,241401,7,dvs-train:user07_led/1.npy,1,led,development,129
dvs,train,203956,7,dvs-train:user07_led/10.npy,10,led,development,51
dvs,train,160804,7,dvs-train:user07_led/2.npy,2,led,development,113
dvs,train,322158,7,dvs-train:user07_led/3.npy,3,led,development,130
dvs,train,297494,7,dvs-train:user07_led/4.npy,4,led,development,113
dvs,train,201566,7,dvs-train:user07_led/5.npy,5,led,development,94
dvs,train,228350,7,dvs-train:user07_led/6.npy,6,led,development,115
dvs,train,151484,7,dvs-train:user07_led/7.npy,7,led,development,99
dvs,train,160713,7,dvs-train:user07_led/8.npy,8,led,development,117
dvs,train,92305,7,dvs-train:user07_led/9.npy,9,led,development,108
dvs,train,76676,8,dvs-train:user08_fluorescent/0.npy,0,fluorescent,development,111
dvs,train,307223,8,dvs-train:user08_fluorescent/1.npy,1,fluorescent,development,175
dvs,train,285579,8,dvs-train:user08_fluorescent/10.npy,10,fluorescent,development,84
dvs,train,289150,8,dvs-train:user08_fluorescent/2.npy,2,fluorescent,development,163
dvs,train,425851,8,dvs-train:user08_fluorescent/3.npy,3,fluorescent,development,208
dvs,train,341327,8,dvs-train:user08_fluorescent/4.npy,4,fluorescent,development,154
dvs,train,335840,8,dvs-train:user08_fluorescent/5.npy,5,fluorescent,development,193
dvs,train,229349,8,dvs-train:user08_fluorescent/6.npy,6,fluorescent,development,130
dvs,train,249784,8,dvs-train:user08_fluorescent/7.npy,7,fluorescent,development,164
dvs,train,302499,8,dvs-train:user08_fluorescent/8.npy,8,fluorescent,development,154
dvs,train,256055,8,dvs-train:user08_fluorescent/9.npy,9,fluorescent,development,148
dvs,train,53887,8,dvs-train:user08_fluorescent_led/0.npy,0,fluorescent_led,development,109
dvs,train,298331,8,dvs-train:user08_fluorescent_led/1.npy,1,fluorescent_led,development,179
dvs,train,191356,8,dvs-train:user08_fluorescent_led/10.npy,10,fluorescent_led,development,53
dvs,train,235550,8,dvs-train:user08_fluorescent_led/2.npy,2,fluorescent_led,development,132
dvs,train,383496,8,dvs-train:user08_fluorescent_led/3.npy,3,fluorescent_led,development,183
dvs,train,334932,8,dvs-train:user08_fluorescent_led/4.npy,4,fluorescent_led,development,142
dvs,train,301923,8,dvs-train:user08_fluorescent_led/5.npy,5,fluorescent_led,development,160
dvs,train,312407,8,dvs-train:user08_fluorescent_led/6.npy,6,fluorescent_led,development,159
dvs,train,231481,8,dvs-train:user08_fluorescent_led/7.npy,7,fluorescent_led,development,150
dvs,train,307142,8,dvs-train:user08_fluorescent_led/8.npy,8,fluorescent_led,development,153
dvs,train,189236,8,dvs-train:user08_fluorescent_led/9.npy,9,fluorescent_led,development,135
dvs,train,183686,8,dvs-train:user08_lab/0.npy,0,lab,development,106
dvs,train,220598,8,dvs-train:user08_lab/1.npy,1,lab,development,106
dvs,train,368585,8,dvs-train:user08_lab/10.npy,10,lab,development,70
dvs,train,278025,8,dvs-train:user08_lab/2.npy,2,lab,development,113
dvs,train,507384,8,dvs-train:user08_lab/3.npy,3,lab,development,169
dvs,train,471764,8,dvs-train:user08_lab/4.npy,4,lab,development,145
dvs,train,434323,8,dvs-train:user08_lab/5.npy,5,lab,development,135
dvs,train,505126,8,dvs-train:user08_lab/6.npy,6,lab,development,157
dvs,train,478856,8,dvs-train:user08_lab/7.npy,7,lab,development,149
dvs,train,611812,8,dvs-train:user08_lab/8.npy,8,lab,development,146
dvs,train,447136,8,dvs-train:user08_lab/9.npy,9,lab,development,143
dvs,train,55900,8,dvs-train:user08_led/0.npy,0,led,development,101
dvs,train,285621,8,dvs-train:user08_led/1.npy,1,led,development,149
dvs,train,335249,8,dvs-train:user08_led/10.npy,10,led,development,102
dvs,train,202580,8,dvs-train:user08_led/2.npy,2,led,development,132
dvs,train,417165,8,dvs-train:user08_led/3.npy,3,led,development,171
dvs,train,144261,8,dvs-train:user08_led/4.npy,4,led,development,58
dvs,train,329013,8,dvs-train:user08_led/5.npy,5,led,development,178
dvs,train,265910,8,dvs-train:user08_led/6.npy,6,led,development,139
dvs,train,261673,8,dvs-train:user08_led/7.npy,7,led,development,169
dvs,train,275980,8,dvs-train:user08_led/8.npy,8,led,development,124
dvs,train,169914,8,dvs-train:user08_led/9.npy,9,led,development,112
dvs,train,225316,9,dvs-train:user09_fluorescent/0.npy,0,fluorescent,development,102
dvs,train,270912,9,dvs-train:user09_fluorescent/1.npy,1,fluorescent,development,106
dvs,train,164292,9,dvs-train:user09_fluorescent/10.npy,10,fluorescent,development,47
dvs,train,216030,9,dvs-train:user09_fluorescent/2.npy,2,fluorescent,development,97
dvs,train,440016,9,dvs-train:user09_fluorescent/3.npy,3,fluorescent,development,117
dvs,train,247216,9,dvs-train:user09_fluorescent/4.npy,4,fluorescent,development,83
dvs,train,362326,9,dvs-train:user09_fluorescent/5.npy,5,fluorescent,development,132
dvs,train,254869,9,dvs-train:user09_fluorescent/6.npy,6,fluorescent,development,103
dvs,train,238802,9,dvs-train:user09_fluorescent/7.npy,7,fluorescent,development,96
dvs,train,257639,9,dvs-train:user09_fluorescent/8.npy,8,fluorescent,development,89
dvs,train,206477,9,dvs-train:user09_fluorescent/9.npy,9,fluorescent,development,116
dvs,train,182705,9,dvs-train:user09_fluorescent_led/0.npy,0,fluorescent_led,development,93
dvs,train,198164,9,dvs-train:user09_fluorescent_led/1.npy,1,fluorescent_led,development,102
dvs,train,193563,9,dvs-train:user09_fluorescent_led/10.npy,10,fluorescent_led,development,54
dvs,train,194952,9,dvs-train:user09_fluorescent_led/2.npy,2,fluorescent_led,development,109
dvs,train,519808,9,dvs-train:user09_fluorescent_led/3.npy,3,fluorescent_led,development,135
dvs,train,375165,9,dvs-train:user09_fluorescent_led/4.npy,4,fluorescent_led,development,106
dvs,train,293147,9,dvs-train:user09_fluorescent_led/5.npy,5,fluorescent_led,development,112
dvs,train,298621,9,dvs-train:user09_fluorescent_led/6.npy,6,fluorescent_led,development,109
dvs,train,245465,9,dvs-train:user09_fluorescent_led/7.npy,7,fluorescent_led,development,105
dvs,train,302983,9,dvs-train:user09_fluorescent_led/8.npy,8,fluorescent_led,development,113
dvs,train,250918,9,dvs-train:user09_fluorescent_led/9.npy,9,fluorescent_led,development,115
dvs,train,250056,9,dvs-train:user09_lab/0.npy,0,lab,development,80
dvs,train,602656,9,dvs-train:user09_lab/1.npy,1,lab,development,161
dvs,train,204316,9,dvs-train:user09_lab/10.npy,10,lab,development,49
dvs,train,322153,9,dvs-train:user09_lab/2.npy,2,lab,development,121
dvs,train,973297,9,dvs-train:user09_lab/3.npy,3,lab,development,185
dvs,train,713755,9,dvs-train:user09_lab/4.npy,4,lab,development,120
dvs,train,643239,9,dvs-train:user09_lab/5.npy,5,lab,development,128
dvs,train,339425,9,dvs-train:user09_lab/6.npy,6,lab,development,87
dvs,train,354201,9,dvs-train:user09_lab/7.npy,7,lab,development,123
dvs,train,360951,9,dvs-train:user09_lab/8.npy,8,lab,development,113
dvs,train,186678,9,dvs-train:user09_lab/9.npy,9,lab,development,91
dvs,train,441702,9,dvs-train:user09_led/0.npy,0,led,development,94
dvs,train,763284,9,dvs-train:user09_led/1.npy,1,led,development,104
dvs,train,195935,9,dvs-train:user09_led/10.npy,10,led,development,47
dvs,train,645219,9,dvs-train:user09_led/2.npy,2,led,development,159
dvs,train,1373565,9,dvs-train:user09_led/3.npy,3,led,development,223
dvs,train,756442,9,dvs-train:user09_led/4.npy,4,led,development,115
dvs,train,355502,9,dvs-train:user09_led/5.npy,5,led,development,108
dvs,train,391029,9,dvs-train:user09_led/6.npy,6,led,development,101
dvs,train,287291,9,dvs-train:user09_led/7.npy,7,led,development,92
dvs,train,324040,9,dvs-train:user09_led/8.npy,8,led,development,100
dvs,train,160733,9,dvs-train:user09_led/9.npy,9,led,development,84
dvs,train,247832,9,dvs-train:user09_natural/0.npy,0,natural,development,101
dvs,train,285275,9,dvs-train:user09_natural/1.npy,1,natural,development,115
dvs,train,370090,9,dvs-train:user09_natural/10.npy,10,natural,development,56
dvs,train,206459,9,dvs-train:user09_natural/2.npy,2,natural,development,104
dvs,train,786908,9,dvs-train:user09_natural/3.npy,3,natural,development,161
dvs,train,461509,9,dvs-train:user09_natural/4.npy,4,natural,development,110
dvs,train,483148,9,dvs-train:user09_natural/5.npy,5,natural,development,137
dvs,train,352892,9,dvs-train:user09_natural/6.npy,6,natural,development,102
dvs,train,438413,9,dvs-train:user09_natural/7.npy,7,natural,development,137
dvs,train,314045,9,dvs-train:user09_natural/8.npy,8,natural,development,103
dvs,train,237914,9,dvs-train:user09_natural/9.npy,9,natural,development,126
dvs,train,74661,10,dvs-train:user10_fluorescent/0.npy,0,fluorescent,development,101
dvs,train,314875,10,dvs-train:user10_fluorescent/1.npy,1,fluorescent,development,124
dvs,train,248664,10,dvs-train:user10_fluorescent/10.npy,10,fluorescent,development,165
dvs,train,216059,10,dvs-train:user10_fluorescent/2.npy,2,fluorescent,development,117
dvs,train,486635,10,dvs-train:user10_fluorescent/3.npy,3,fluorescent,development,177
dvs,train,362475,10,dvs-train:user10_fluorescent/4.npy,4,fluorescent,development,123
dvs,train,518481,10,dvs-train:user10_fluorescent/5.npy,5,fluorescent,development,193
dvs,train,411679,10,dvs-train:user10_fluorescent/6.npy,6,fluorescent,development,149
dvs,train,355692,10,dvs-train:user10_fluorescent/7.npy,7,fluorescent,development,147
dvs,train,748173,10,dvs-train:user10_fluorescent/8.npy,8,fluorescent,development,165
dvs,train,524683,10,dvs-train:user10_fluorescent/9.npy,9,fluorescent,development,161
dvs,train,97957,10,dvs-train:user10_fluorescent_led/0.npy,0,fluorescent_led,development,97
dvs,train,256917,10,dvs-train:user10_fluorescent_led/1.npy,1,fluorescent_led,development,114
dvs,train,246542,10,dvs-train:user10_fluorescent_led/10.npy,10,fluorescent_led,development,150
dvs,train,230260,10,dvs-train:user10_fluorescent_led/2.npy,2,fluorescent_led,development,124
dvs,train,413405,10,dvs-train:user10_fluorescent_led/3.npy,3,fluorescent_led,development,148
dvs,train,390657,10,dvs-train:user10_fluorescent_led/4.npy,4,fluorescent_led,development,139
dvs,train,390765,10,dvs-train:user10_fluorescent_led/5.npy,5,fluorescent_led,development,150
dvs,train,462843,10,dvs-train:user10_fluorescent_led/6.npy,6,fluorescent_led,development,150
dvs,train,357776,10,dvs-train:user10_fluorescent_led/7.npy,7,fluorescent_led,development,128
dvs,train,947322,10,dvs-train:user10_fluorescent_led/8.npy,8,fluorescent_led,development,148
dvs,train,411451,10,dvs-train:user10_fluorescent_led/9.npy,9,fluorescent_led,development,106
dvs,train,260974,10,dvs-train:user10_lab/0.npy,0,lab,development,134
dvs,train,273306,10,dvs-train:user10_lab/1.npy,1,lab,development,142
dvs,train,359803,10,dvs-train:user10_lab/10.npy,10,lab,development,84
dvs,train,342696,10,dvs-train:user10_lab/2.npy,2,lab,development,142
dvs,train,613952,10,dvs-train:user10_lab/3.npy,3,lab,development,184
dvs,train,495063,10,dvs-train:user10_lab/4.npy,4,lab,development,137
dvs,train,467696,10,dvs-train:user10_lab/5.npy,5,lab,development,155
dvs,train,406769,10,dvs-train:user10_lab/6.npy,6,lab,development,142
dvs,train,528433,10,dvs-train:user10_lab/7.npy,7,lab,development,132
dvs,train,1184301,10,dvs-train:user10_lab/8.npy,8,lab,development,226
dvs,train,336117,10,dvs-train:user10_lab/9.npy,9,lab,development,107
dvs,train,111567,10,dvs-train:user10_led/0.npy,0,led,development,116
dvs,train,280345,10,dvs-train:user10_led/1.npy,1,led,development,138
dvs,train,120507,10,dvs-train:user10_led/10.npy,10,led,development,131
dvs,train,186151,10,dvs-train:user10_led/2.npy,2,led,development,119
dvs,train,512625,10,dvs-train:user10_led/3.npy,3,led,development,167
dvs,train,372424,10,dvs-train:user10_led/4.npy,4,led,development,128
dvs,train,292087,10,dvs-train:user10_led/5.npy,5,led,development,127
dvs,train,310607,10,dvs-train:user10_led/6.npy,6,led,development,137
dvs,train,383314,10,dvs-train:user10_led/7.npy,7,led,development,152
dvs,train,701245,10,dvs-train:user10_led/8.npy,8,led,development,150
dvs,train,449407,10,dvs-train:user10_led/9.npy,9,led,development,139
dvs,train,139221,11,dvs-train:user11_fluorescent/0.npy,0,fluorescent,development,82
dvs,train,506644,11,dvs-train:user11_fluorescent/1.npy,1,fluorescent,development,142
dvs,train,821530,11,dvs-train:user11_fluorescent/10.npy,10,fluorescent,development,85
dvs,train,522051,11,dvs-train:user11_fluorescent/2.npy,2,fluorescent,development,125
dvs,train,1009845,11,dvs-train:user11_fluorescent/3.npy,3,fluorescent,development,137
dvs,train,915792,11,dvs-train:user11_fluorescent/4.npy,4,fluorescent,development,123
dvs,train,948396,11,dvs-train:user11_fluorescent/5.npy,5,fluorescent,development,147
dvs,train,811102,11,dvs-train:user11_fluorescent/6.npy,6,fluorescent,development,139
dvs,train,407588,11,dvs-train:user11_fluorescent/7.npy,7,fluorescent,development,175
dvs,train,260233,11,dvs-train:user11_fluorescent/8.npy,8,fluorescent,development,106
dvs,train,144877,11,dvs-train:user11_fluorescent/9.npy,9,fluorescent,development,86
dvs,train,74908,11,dvs-train:user11_fluorescent_led/0.npy,0,fluorescent_led,development,63
dvs,train,597202,11,dvs-train:user11_fluorescent_led/1.npy,1,fluorescent_led,development,144
dvs,train,1000492,11,dvs-train:user11_fluorescent_led/10.npy,10,fluorescent_led,development,123
dvs,train,486981,11,dvs-train:user11_fluorescent_led/2.npy,2,fluorescent_led,development,123
dvs,train,1000842,11,dvs-train:user11_fluorescent_led/3.npy,3,fluorescent_led,development,137
dvs,train,1594557,11,dvs-train:user11_fluorescent_led/4.npy,4,fluorescent_led,development,205
dvs,train,1344807,11,dvs-train:user11_fluorescent_led/5.npy,5,fluorescent_led,development,202
dvs,train,824480,11,dvs-train:user11_fluorescent_led/6.npy,6,fluorescent_led,development,141
dvs,train,337220,11,dvs-train:user11_fluorescent_led/7.npy,7,fluorescent_led,development,162
dvs,train,381914,11,dvs-train:user11_fluorescent_led/8.npy,8,fluorescent_led,development,144
dvs,train,144158,11,dvs-train:user11_fluorescent_led/9.npy,9,fluorescent_led,development,88
dvs,train,111651,11,dvs-train:user11_natural/0.npy,0,natural,development,63
dvs,train,203338,11,dvs-train:user11_natural/1.npy,1,natural,development,115
dvs,train,746402,11,dvs-train:user11_natural/10.npy,10,natural,development,91
dvs,train,263685,11,dvs-train:user11_natural/2.npy,2,natural,development,122
dvs,train,1041767,11,dvs-train:user11_natural/3.npy,3,natural,development,189
dvs,train,654000,11,dvs-train:user11_natural/4.npy,4,natural,development,108
dvs,train,857257,11,dvs-train:user11_natural/5.npy,5,natural,development,161
dvs,train,603803,11,dvs-train:user11_natural/6.npy,6,natural,development,116
dvs,train,380724,11,dvs-train:user11_natural/7.npy,7,natural,development,168
dvs,train,288421,11,dvs-train:user11_natural/8.npy,8,natural,development,122
dvs,train,147237,11,dvs-train:user11_natural/9.npy,9,natural,development,106
dvs,train,122392,12,dvs-train:user12_fluorescent_led/0.npy,0,fluorescent_led,development,108
dvs,train,153805,12,dvs-train:user12_fluorescent_led/1.npy,1,fluorescent_led,development,126
dvs,train,205163,12,dvs-train:user12_fluorescent_led/10.npy,10,fluorescent_led,development,108
dvs,train,141298,12,dvs-train:user12_fluorescent_led/2.npy,2,fluorescent_led,development,157
dvs,train,306433,12,dvs-train:user12_fluorescent_led/3.npy,3,fluorescent_led,development,163
dvs,train,210131,12,dvs-train:user12_fluorescent_led/4.npy,4,fluorescent_led,development,122
dvs,train,233711,12,dvs-train:user12_fluorescent_led/5.npy,5,fluorescent_led,development,198
dvs,train,192434,12,dvs-train:user12_fluorescent_led/6.npy,6,fluorescent_led,development,147
dvs,train,201846,12,dvs-train:user12_fluorescent_led/7.npy,7,fluorescent_led,development,148
dvs,train,158428,12,dvs-train:user12_fluorescent_led/8.npy,8,fluorescent_led,development,124
dvs,train,116229,12,dvs-train:user12_fluorescent_led/9.npy,9,fluorescent_led,development,127
dvs,train,162374,12,dvs-train:user12_led/0.npy,0,led,development,94
dvs,train,230823,12,dvs-train:user12_led/1.npy,1,led,development,100
dvs,train,57475,12,dvs-train:user12_led/10.npy,10,led,development,52
dvs,train,149769,12,dvs-train:user12_led/2.npy,2,led,development,101
dvs,train,758547,12,dvs-train:user12_led/3.npy,3,led,development,246
dvs,train,367274,12,dvs-train:user12_led/4.npy,4,led,development,140
dvs,train,302307,12,dvs-train:user12_led/5.npy,5,led,development,153
dvs,train,258806,12,dvs-train:user12_led/6.npy,6,led,development,131
dvs,train,325810,12,dvs-train:user12_led/7.npy,7,led,development,147
dvs,train,246724,12,dvs-train:user12_led/8.npy,8,led,development,118
dvs,train,140735,12,dvs-train:user12_led/9.npy,9,led,development,109
dvs,train,55420,13,dvs-train:user13_fluorescent/0.npy,0,fluorescent,development,90
dvs,train,240983,13,dvs-train:user13_fluorescent/1.npy,1,fluorescent,development,106
dvs,train,58777,13,dvs-train:user13_fluorescent/10.npy,10,fluorescent,development,35
dvs,train,210973,13,dvs-train:user13_fluorescent/2.npy,2,fluorescent,development,120
dvs,train,519043,13,dvs-train:user13_fluorescent/3.npy,3,fluorescent,development,118
dvs,train,523400,13,dvs-train:user13_fluorescent/4.npy,4,fluorescent,development,109
dvs,train,316716,13,dvs-train:user13_fluorescent/5.npy,5,fluorescent,development,112
dvs,train,333692,13,dvs-train:user13_fluorescent/6.npy,6,fluorescent,development,117
dvs,train,220115,13,dvs-train:user13_fluorescent/7.npy,7,fluorescent,development,113
dvs,train,253035,13,dvs-train:user13_fluorescent/8.npy,8,fluorescent,development,126
dvs,train,170909,13,dvs-train:user13_fluorescent/9.npy,9,fluorescent,development,109
dvs,train,116907,13,dvs-train:user13_fluorescent_led/0.npy,0,fluorescent_led,development,116
dvs,train,369818,13,dvs-train:user13_fluorescent_led/1.npy,1,fluorescent_led,development,119
dvs,train,110749,13,dvs-train:user13_fluorescent_led/10.npy,10,fluorescent_led,development,44
dvs,train,271616,13,dvs-train:user13_fluorescent_led/2.npy,2,fluorescent_led,development,125
dvs,train,651761,13,dvs-train:user13_fluorescent_led/3.npy,3,fluorescent_led,development,137
dvs,train,654610,13,dvs-train:user13_fluorescent_led/4.npy,4,fluorescent_led,development,126
dvs,train,303774,13,dvs-train:user13_fluorescent_led/5.npy,5,fluorescent_led,development,110
dvs,train,341548,13,dvs-train:user13_fluorescent_led/6.npy,6,fluorescent_led,development,127
dvs,train,224910,13,dvs-train:user13_fluorescent_led/7.npy,7,fluorescent_led,development,121
dvs,train,175782,13,dvs-train:user13_fluorescent_led/8.npy,8,fluorescent_led,development,105
dvs,train,129098,13,dvs-train:user13_fluorescent_led/9.npy,9,fluorescent_led,development,108
dvs,train,82711,13,dvs-train:user13_lab/0.npy,0,lab,development,79
dvs,train,230205,13,dvs-train:user13_lab/1.npy,1,lab,development,109
dvs,train,435528,13,dvs-train:user13_lab/10.npy,10,lab,development,113
dvs,train,273025,13,dvs-train:user13_lab/2.npy,2,lab,development,109
dvs,train,845411,13,dvs-train:user13_lab/3.npy,3,lab,development,167
dvs,train,660062,13,dvs-train:user13_lab/4.npy,4,lab,development,134
dvs,train,775236,13,dvs-train:user13_lab/5.npy,5,lab,development,161
dvs,train,668728,13,dvs-train:user13_lab/6.npy,6,lab,development,145
dvs,train,409842,13,dvs-train:user13_lab/7.npy,7,lab,development,121
dvs,train,385050,13,dvs-train:user13_lab/8.npy,8,lab,development,117
dvs,train,249077,13,dvs-train:user13_lab/9.npy,9,lab,development,126
dvs,train,86924,13,dvs-train:user13_led/0.npy,0,led,development,112
dvs,train,242131,13,dvs-train:user13_led/1.npy,1,led,development,122
dvs,train,106903,13,dvs-train:user13_led/10.npy,10,led,development,67
dvs,train,176069,13,dvs-train:user13_led/2.npy,2,led,development,142
dvs,train,576547,13,dvs-train:user13_led/3.npy,3,led,development,134
dvs,train,593634,13,dvs-train:user13_led/4.npy,4,led,development,133
dvs,train,315653,13,dvs-train:user13_led/5.npy,5,led,development,138
dvs,train,301373,13,dvs-train:user13_led/6.npy,6,led,development,125
dvs,train,231424,13,dvs-train:user13_led/7.npy,7,led,development,122
dvs,train,208138,13,dvs-train:user13_led/8.npy,8,led,development,136
dvs,train,135521,13,dvs-train:user13_led/9.npy,9,led,development,126
dvs,train,60515,13,dvs-train:user13_natural/0.npy,0,natural,development,88
dvs,train,248475,13,dvs-train:user13_natural/1.npy,1,natural,development,125
dvs,train,92988,13,dvs-train:user13_natural/10.npy,10,natural,development,41
dvs,train,159740,13,dvs-train:user13_natural/2.npy,2,natural,development,123
dvs,train,556012,13,dvs-train:user13_natural/3.npy,3,natural,development,154
dvs,train,509024,13,dvs-train:user13_natural/4.npy,4,natural,development,132
dvs,train,331392,13,dvs-train:user13_natural/5.npy,5,natural,development,139
dvs,train,303189,13,dvs-train:user13_natural/6.npy,6,natural,development,121
dvs,train,261884,13,dvs-train:user13_natural/7.npy,7,natural,development,130
dvs,train,253610,13,dvs-train:user13_natural/8.npy,8,natural,development,120
dvs,train,147966,13,dvs-train:user13_natural/9.npy,9,natural,development,120
dvs,train,153298,14,dvs-train:user14_fluorescent/0.npy,0,fluorescent,development,114
dvs,train,252528,14,dvs-train:user14_fluorescent/1.npy,1,fluorescent,development,134
dvs,train,310021,14,dvs-train:user14_fluorescent/10.npy,10,fluorescent,development,84
dvs,train,266676,14,dvs-train:user14_fluorescent/2.npy,2,fluorescent,development,101
dvs,train,737611,14,dvs-train:user14_fluorescent/3.npy,3,fluorescent,development,173
dvs,train,524307,14,dvs-train:user14_fluorescent/4.npy,4,fluorescent,development,108
dvs,train,738432,14,dvs-train:user14_fluorescent/5.npy,5,fluorescent,development,178
dvs,train,473986,14,dvs-train:user14_fluorescent/6.npy,6,fluorescent,development,121
dvs,train,526724,14,dvs-train:user14_fluorescent/7.npy,7,fluorescent,development,139
dvs,train,251297,14,dvs-train:user14_fluorescent/8.npy,8,fluorescent,development,117
dvs,train,191070,14,dvs-train:user14_fluorescent/9.npy,9,fluorescent,development,148
dvs,train,89748,14,dvs-train:user14_fluorescent_led/0.npy,0,fluorescent_led,development,98
dvs,train,415510,14,dvs-train:user14_fluorescent_led/1.npy,1,fluorescent_led,development,151
dvs,train,248137,14,dvs-train:user14_fluorescent_led/10.npy,10,fluorescent_led,development,57
dvs,train,436047,14,dvs-train:user14_fluorescent_led/2.npy,2,fluorescent_led,development,133
dvs,train,732686,14,dvs-train:user14_fluorescent_led/3.npy,3,fluorescent_led,development,169
dvs,train,555622,14,dvs-train:user14_fluorescent_led/4.npy,4,fluorescent_led,development,125
dvs,train,506235,14,dvs-train:user14_fluorescent_led/5.npy,5,fluorescent_led,development,129
dvs,train,415721,14,dvs-train:user14_fluorescent_led/6.npy,6,fluorescent_led,development,108
dvs,train,463032,14,dvs-train:user14_fluorescent_led/7.npy,7,fluorescent_led,development,158
dvs,train,271932,14,dvs-train:user14_fluorescent_led/8.npy,8,fluorescent_led,development,133
dvs,train,147089,14,dvs-train:user14_fluorescent_led/9.npy,9,fluorescent_led,development,131
dvs,train,112031,14,dvs-train:user14_led/0.npy,0,led,development,98
dvs,train,290544,14,dvs-train:user14_led/1.npy,1,led,development,121
dvs,train,287590,14,dvs-train:user14_led/10.npy,10,led,development,82
dvs,train,357486,14,dvs-train:user14_led/2.npy,2,led,development,120
dvs,train,707131,14,dvs-train:user14_led/3.npy,3,led,development,166
dvs,train,507327,14,dvs-train:user14_led/4.npy,4,led,development,123
dvs,train,670118,14,dvs-train:user14_led/5.npy,5,led,development,149
dvs,train,460736,14,dvs-train:user14_led/6.npy,6,led,development,120
dvs,train,491671,14,dvs-train:user14_led/7.npy,7,led,development,163
dvs,train,188083,14,dvs-train:user14_led/8.npy,8,led,development,100
dvs,train,147821,14,dvs-train:user14_led/9.npy,9,led,development,123
dvs,train,172692,14,dvs-train:user14_natural/0.npy,0,natural,development,126
dvs,train,388531,14,dvs-train:user14_natural/1.npy,1,natural,development,257
dvs,train,367159,14,dvs-train:user14_natural/10.npy,10,natural,development,87
dvs,train,223964,14,dvs-train:user14_natural/2.npy,2,natural,development,135
dvs,train,768947,14,dvs-train:user14_natural/3.npy,3,natural,development,215
dvs,train,538924,14,dvs-train:user14_natural/4.npy,4,natural,development,168
dvs,train,735213,14,dvs-train:user14_natural/5.npy,5,natural,development,228
dvs,train,412312,14,dvs-train:user14_natural/6.npy,6,natural,development,131
dvs,train,388464,14,dvs-train:user14_natural/7.npy,7,natural,development,120
dvs,train,200447,14,dvs-train:user14_natural/8.npy,8,natural,development,110
dvs,train,146138,14,dvs-train:user14_natural/9.npy,9,natural,development,110
dvs,train,69067,15,dvs-train:user15_fluorescent/0.npy,0,fluorescent,development,127
dvs,train,301034,15,dvs-train:user15_fluorescent/1.npy,1,fluorescent,development,134
dvs,train,321999,15,dvs-train:user15_fluorescent/10.npy,10,fluorescent,development,84
dvs,train,207122,15,dvs-train:user15_fluorescent/2.npy,2,fluorescent,development,135
dvs,train,661255,15,dvs-train:user15_fluorescent/3.npy,3,fluorescent,development,236
dvs,train,427483,15,dvs-train:user15_fluorescent/4.npy,4,fluorescent,development,146
dvs,train,251724,15,dvs-train:user15_fluorescent/5.npy,5,fluorescent,development,148
dvs,train,312025,15,dvs-train:user15_fluorescent/6.npy,6,fluorescent,development,156
dvs,train,395476,15,dvs-train:user15_fluorescent/7.npy,7,fluorescent,development,216
dvs,train,242296,15,dvs-train:user15_fluorescent/8.npy,8,fluorescent,development,132
dvs,train,145783,15,dvs-train:user15_fluorescent/9.npy,9,fluorescent,development,120
dvs,train,65475,15,dvs-train:user15_fluorescent_led/0.npy,0,fluorescent_led,development,128
dvs,train,224805,15,dvs-train:user15_fluorescent_led/1.npy,1,fluorescent_led,development,126
dvs,train,222797,15,dvs-train:user15_fluorescent_led/10.npy,10,fluorescent_led,development,68
dvs,train,168405,15,dvs-train:user15_fluorescent_led/2.npy,2,fluorescent_led,development,123
dvs,train,373554,15,dvs-train:user15_fluorescent_led/3.npy,3,fluorescent_led,development,135
dvs,train,309732,15,dvs-train:user15_fluorescent_led/4.npy,4,fluorescent_led,development,111
dvs,train,233949,15,dvs-train:user15_fluorescent_led/5.npy,5,fluorescent_led,development,126
dvs,train,223666,15,dvs-train:user15_fluorescent_led/6.npy,6,fluorescent_led,development,124
dvs,train,184747,15,dvs-train:user15_fluorescent_led/7.npy,7,fluorescent_led,development,122
dvs,train,193466,15,dvs-train:user15_fluorescent_led/8.npy,8,fluorescent_led,development,109
dvs,train,144224,15,dvs-train:user15_fluorescent_led/9.npy,9,fluorescent_led,development,133
dvs,train,105467,15,dvs-train:user15_lab/0.npy,0,lab,development,122
dvs,train,277417,15,dvs-train:user15_lab/1.npy,1,lab,development,143
dvs,train,118575,15,dvs-train:user15_lab/10.npy,10,lab,development,52
dvs,train,376970,15,dvs-train:user15_lab/2.npy,2,lab,development,140
dvs,train,779086,15,dvs-train:user15_lab/3.npy,3,lab,development,180
dvs,train,499901,15,dvs-train:user15_lab/4.npy,4,lab,development,134
dvs,train,519673,15,dvs-train:user15_lab/5.npy,5,lab,development,163
dvs,train,634434,15,dvs-train:user15_lab/6.npy,6,lab,development,164
dvs,train,427380,15,dvs-train:user15_lab/7.npy,7,lab,development,190
dvs,train,364883,15,dvs-train:user15_lab/8.npy,8,lab,development,145
dvs,train,207619,15,dvs-train:user15_lab/9.npy,9,lab,development,162
dvs,train,68561,15,dvs-train:user15_led/0.npy,0,led,development,96
dvs,train,162211,15,dvs-train:user15_led/1.npy,1,led,development,111
dvs,train,374687,15,dvs-train:user15_led/10.npy,10,led,development,82
dvs,train,169596,15,dvs-train:user15_led/2.npy,2,led,development,136
dvs,train,376329,15,dvs-train:user15_led/3.npy,3,led,development,135
dvs,train,435546,15,dvs-train:user15_led/4.npy,4,led,development,144
dvs,train,277790,15,dvs-train:user15_led/5.npy,5,led,development,135
dvs,train,325854,15,dvs-train:user15_led/6.npy,6,led,development,166
dvs,train,161020,15,dvs-train:user15_led/7.npy,7,led,development,105
dvs,train,252538,15,dvs-train:user15_led/8.npy,8,led,development,112
dvs,train,123443,15,dvs-train:user15_led/9.npy,9,led,development,134
dvs,train,97810,15,dvs-train:user15_natural/0.npy,0,natural,development,121
dvs,train,210019,15,dvs-train:user15_natural/1.npy,1,natural,development,121
dvs,train,473183,15,dvs-train:user15_natural/10.npy,10,natural,development,87
dvs,train,151076,15,dvs-train:user15_natural/2.npy,2,natural,development,114
dvs,train,547215,15,dvs-train:user15_natural/3.npy,3,natural,development,192
dvs,train,394092,15,dvs-train:user15_natural/4.npy,4,natural,development,132
dvs,train,270968,15,dvs-train:user15_natural/5.npy,5,natural,development,148
dvs,train,225399,15,dvs-train:user15_natural/6.npy,6,natural,development,128
dvs,train,70113,15,dvs-train:user15_natural/7.npy,7,natural,development,50
dvs,train,264670,15,dvs-train:user15_natural/8.npy,8,natural,development,135
dvs,train,128434,15,dvs-train:user15_natural/9.npy,9,natural,development,141
dvs,train,166284,16,dvs-train:user16_fluorescent/0.npy,0,fluorescent,development,128
dvs,train,272395,16,dvs-train:user16_fluorescent/1.npy,1,fluorescent,development,143
dvs,train,522758,16,dvs-train:user16_fluorescent/10.npy,10,fluorescent,development,156
dvs,train,262890,16,dvs-train:user16_fluorescent/2.npy,2,fluorescent,development,154
dvs,train,686834,16,dvs-train:user16_fluorescent/3.npy,3,fluorescent,development,190
dvs,train,680095,16,dvs-train:user16_fluorescent/4.npy,4,fluorescent,development,157
dvs,train,570245,16,dvs-train:user16_fluorescent/5.npy,5,fluorescent,development,141
dvs,train,592942,16,dvs-train:user16_fluorescent/6.npy,6,fluorescent,development,158
dvs,train,305733,16,dvs-train:user16_fluorescent/7.npy,7,fluorescent,development,134
dvs,train,349743,16,dvs-train:user16_fluorescent/8.npy,8,fluorescent,development,158
dvs,train,173693,16,dvs-train:user16_fluorescent/9.npy,9,fluorescent,development,151
dvs,train,302175,16,dvs-train:user16_lab/0.npy,0,lab,development,102
dvs,train,317769,16,dvs-train:user16_lab/1.npy,1,lab,development,124
dvs,train,967993,16,dvs-train:user16_lab/10.npy,10,lab,development,129
dvs,train,393560,16,dvs-train:user16_lab/2.npy,2,lab,development,131
dvs,train,1285204,16,dvs-train:user16_lab/3.npy,3,lab,development,173
dvs,train,1158066,16,dvs-train:user16_lab/4.npy,4,lab,development,140
dvs,train,1189909,16,dvs-train:user16_lab/5.npy,5,lab,development,145
dvs,train,1058393,16,dvs-train:user16_lab/6.npy,6,lab,development,125
dvs,train,568974,16,dvs-train:user16_lab/7.npy,7,lab,development,115
dvs,train,508752,16,dvs-train:user16_lab/8.npy,8,lab,development,119
dvs,train,322706,16,dvs-train:user16_lab/9.npy,9,lab,development,101
dvs,train,243489,16,dvs-train:user16_led/0.npy,0,led,development,118
dvs,train,244022,16,dvs-train:user16_led/1.npy,1,led,development,155
dvs,train,580807,16,dvs-train:user16_led/10.npy,10,led,development,146
dvs,train,227143,16,dvs-train:user16_led/2.npy,2,led,development,147
dvs,train,679410,16,dvs-train:user16_led/3.npy,3,led,development,161
dvs,train,700054,16,dvs-train:user16_led/4.npy,4,led,development,142
dvs,train,737479,16,dvs-train:user16_led/5.npy,5,led,development,137
dvs,train,836228,16,dvs-train:user16_led/6.npy,6,led,development,165
dvs,train,300743,16,dvs-train:user16_led/7.npy,7,led,development,119
dvs,train,290685,16,dvs-train:user16_led/8.npy,8,led,development,142
dvs,train,212734,16,dvs-train:user16_led/9.npy,9,led,development,128
dvs,train,215679,16,dvs-train:user16_natural/0.npy,0,natural,development,117
dvs,train,271977,16,dvs-train:user16_natural/1.npy,1,natural,development,140
dvs,train,121242,16,dvs-train:user16_natural/10.npy,10,natural,development,120
dvs,train,346601,16,dvs-train:user16_natural/2.npy,2,natural,development,148
dvs,train,1167560,16,dvs-train:user16_natural/3.npy,3,natural,development,238
dvs,train,978004,16,dvs-train:user16_natural/4.npy,4,natural,development,198
dvs,train,659766,16,dvs-train:user16_natural/5.npy,5,natural,development,141
dvs,train,627535,16,dvs-train:user16_natural/6.npy,6,natural,development,121
dvs,train,451095,16,dvs-train:user16_natural/7.npy,7,natural,development,142
dvs,train,361894,16,dvs-train:user16_natural/8.npy,8,natural,development,131
dvs,train,219311,16,dvs-train:user16_natural/9.npy,9,natural,development,133
dvs,train,115642,17,dvs-train:user17_fluorescent/0.npy,0,fluorescent,development,122
dvs,train,265956,17,dvs-train:user17_fluorescent/1.npy,1,fluorescent,development,103
dvs,train,342582,17,dvs-train:user17_fluorescent/10.npy,10,fluorescent,development,73
dvs,train,304087,17,dvs-train:user17_fluorescent/2.npy,2,fluorescent,development,119
dvs,train,633930,17,dvs-train:user17_fluorescent/3.npy,3,fluorescent,development,132
dvs,train,684076,17,dvs-train:user17_fluorescent/4.npy,4,fluorescent,development,131
dvs,train,496122,17,dvs-train:user17_fluorescent/5.npy,5,fluorescent,development,125
dvs,train,513360,17,dvs-train:user17_fluorescent/6.npy,6,fluorescent,development,127
dvs,train,288534,17,dvs-train:user17_fluorescent/7.npy,7,fluorescent,development,127
dvs,train,125744,17,dvs-train:user17_fluorescent/8.npy,8,fluorescent,development,55
dvs,train,280980,17,dvs-train:user17_fluorescent/9.npy,9,fluorescent,development,121
dvs,train,95534,17,dvs-train:user17_fluorescent_led/0.npy,0,fluorescent_led,development,96
dvs,train,360118,17,dvs-train:user17_fluorescent_led/1.npy,1,fluorescent_led,development,136
dvs,train,244441,17,dvs-train:user17_fluorescent_led/10.npy,10,fluorescent_led,development,88
dvs,train,415583,17,dvs-train:user17_fluorescent_led/2.npy,2,fluorescent_led,development,137
dvs,train,599105,17,dvs-train:user17_fluorescent_led/3.npy,3,fluorescent_led,development,139
dvs,train,500467,17,dvs-train:user17_fluorescent_led/4.npy,4,fluorescent_led,development,113
dvs,train,453402,17,dvs-train:user17_fluorescent_led/5.npy,5,fluorescent_led,development,133
dvs,train,576719,17,dvs-train:user17_fluorescent_led/6.npy,6,fluorescent_led,development,152
dvs,train,272296,17,dvs-train:user17_fluorescent_led/7.npy,7,fluorescent_led,development,118
dvs,train,286766,17,dvs-train:user17_fluorescent_led/8.npy,8,fluorescent_led,development,135
dvs,train,362628,17,dvs-train:user17_fluorescent_led/9.npy,9,fluorescent_led,development,125
dvs,train,180967,17,dvs-train:user17_lab/0.npy,0,lab,development,110
dvs,train,261041,17,dvs-train:user17_lab/1.npy,1,lab,development,118
dvs,train,452615,17,dvs-train:user17_lab/10.npy,10,lab,development,93
dvs,train,309702,17,dvs-train:user17_lab/2.npy,2,lab,development,110
dvs,train,743613,17,dvs-train:user17_lab/3.npy,3,lab,development,155
dvs,train,703974,17,dvs-train:user17_lab/4.npy,4,lab,development,127
dvs,train,607409,17,dvs-train:user17_lab/5.npy,5,lab,development,112
dvs,train,664933,17,dvs-train:user17_lab/6.npy,6,lab,development,122
dvs,train,526843,17,dvs-train:user17_lab/7.npy,7,lab,development,141
dvs,train,565278,17,dvs-train:user17_lab/8.npy,8,lab,development,152
dvs,train,359507,17,dvs-train:user17_lab/9.npy,9,lab,development,115
dvs,train,172875,17,dvs-train:user17_led/0.npy,0,led,development,112
dvs,train,344999,17,dvs-train:user17_led/1.npy,1,led,development,115
dvs,train,1141417,17,dvs-train:user17_led/10.npy,10,led,development,84
dvs,train,507693,17,dvs-train:user17_led/2.npy,2,led,development,154
dvs,train,577147,17,dvs-train:user17_led/3.npy,3,led,development,140
dvs,train,473775,17,dvs-train:user17_led/4.npy,4,led,development,115
dvs,train,474691,17,dvs-train:user17_led/5.npy,5,led,development,138
dvs,train,562972,17,dvs-train:user17_led/6.npy,6,led,development,151
dvs,train,420523,17,dvs-train:user17_led/7.npy,7,led,development,144
dvs,train,438097,17,dvs-train:user17_led/8.npy,8,led,development,176
dvs,train,481354,17,dvs-train:user17_led/9.npy,9,led,development,151
dvs,train,182653,17,dvs-train:user17_natural/0.npy,0,natural,development,129
dvs,train,291949,17,dvs-train:user17_natural/1.npy,1,natural,development,134
dvs,train,453494,17,dvs-train:user17_natural/10.npy,10,natural,development,75
dvs,train,269787,17,dvs-train:user17_natural/2.npy,2,natural,development,133
dvs,train,851542,17,dvs-train:user17_natural/3.npy,3,natural,development,163
dvs,train,700040,17,dvs-train:user17_natural/4.npy,4,natural,development,144
dvs,train,541480,17,dvs-train:user17_natural/5.npy,5,natural,development,137
dvs,train,574774,17,dvs-train:user17_natural/6.npy,6,natural,development,140
dvs,train,338600,17,dvs-train:user17_natural/7.npy,7,natural,development,128
dvs,train,395514,17,dvs-train:user17_natural/8.npy,8,natural,development,152
dvs,train,320284,17,dvs-train:user17_natural/9.npy,9,natural,development,138
dvs,train,101393,18,dvs-train:user18_fluorescent/0.npy,0,fluorescent,development,83
dvs,train,112968,18,dvs-train:user18_fluorescent/1.npy,1,fluorescent,development,80
dvs,train,235068,18,dvs-train:user18_fluorescent/10.npy,10,fluorescent,development,108
dvs,train,66401,18,dvs-train:user18_fluorescent/2.npy,2,fluorescent,development,83
dvs,train,131751,18,dvs-train:user18_fluorescent/3.npy,3,fluorescent,development,88
dvs,train,136577,18,dvs-train:user18_fluorescent/4.npy,4,fluorescent,development,104
dvs,train,84307,18,dvs-train:user18_fluorescent/5.npy,5,fluorescent,development,87
dvs,train,97445,18,dvs-train:user18_fluorescent/6.npy,6,fluorescent,development,95
dvs,train,122291,18,dvs-train:user18_fluorescent/7.npy,7,fluorescent,development,88
dvs,train,90647,18,dvs-train:user18_fluorescent/8.npy,8,fluorescent,development,80
dvs,train,87500,18,dvs-train:user18_fluorescent/9.npy,9,fluorescent,development,97
dvs,train,89812,18,dvs-train:user18_fluorescent_led/0.npy,0,fluorescent_led,development,80
dvs,train,102100,18,dvs-train:user18_fluorescent_led/1.npy,1,fluorescent_led,development,82
dvs,train,135167,18,dvs-train:user18_fluorescent_led/10.npy,10,fluorescent_led,development,68
dvs,train,74820,18,dvs-train:user18_fluorescent_led/2.npy,2,fluorescent_led,development,81
dvs,train,108471,18,dvs-train:user18_fluorescent_led/3.npy,3,fluorescent_led,development,82
dvs,train,109719,18,dvs-train:user18_fluorescent_led/4.npy,4,fluorescent_led,development,88
dvs,train,109092,18,dvs-train:user18_fluorescent_led/5.npy,5,fluorescent_led,development,91
dvs,train,98877,18,dvs-train:user18_fluorescent_led/6.npy,6,fluorescent_led,development,101
dvs,train,136828,18,dvs-train:user18_fluorescent_led/7.npy,7,fluorescent_led,development,96
dvs,train,93809,18,dvs-train:user18_fluorescent_led/8.npy,8,fluorescent_led,development,84
dvs,train,74147,18,dvs-train:user18_fluorescent_led/9.npy,9,fluorescent_led,development,87
dvs,train,125774,18,dvs-train:user18_lab/0.npy,0,lab,development,72
dvs,train,124290,18,dvs-train:user18_lab/1.npy,1,lab,development,94
dvs,train,185011,18,dvs-train:user18_lab/10.npy,10,lab,development,47
dvs,train,147855,18,dvs-train:user18_lab/2.npy,2,lab,development,93
dvs,train,317086,18,dvs-train:user18_lab/3.npy,3,lab,development,113
dvs,train,295682,18,dvs-train:user18_lab/4.npy,4,lab,development,106
dvs,train,277508,18,dvs-train:user18_lab/5.npy,5,lab,development,106
dvs,train,335451,18,dvs-train:user18_lab/6.npy,6,lab,development,101
dvs,train,396273,18,dvs-train:user18_lab/7.npy,7,lab,development,125
dvs,train,257323,18,dvs-train:user18_lab/8.npy,8,lab,development,96
dvs,train,202741,18,dvs-train:user18_lab/9.npy,9,lab,development,94
dvs,train,114019,18,dvs-train:user18_led/0.npy,0,led,development,78
dvs,train,85766,18,dvs-train:user18_led/1.npy,1,led,development,86
dvs,train,75269,18,dvs-train:user18_led/10.npy,10,led,development,42
dvs,train,58275,18,dvs-train:user18_led/2.npy,2,led,development,82
dvs,train,109243,18,dvs-train:user18_led/3.npy,3,led,development,82
dvs,train,115081,18,dvs-train:user18_led/4.npy,4,led,development,88
dvs,train,91525,18,dvs-train:user18_led/5.npy,5,led,development,92
dvs,train,108456,18,dvs-train:user18_led/6.npy,6,led,development,96
dvs,train,127150,18,dvs-train:user18_led/7.npy,7,led,development,84
dvs,train,119185,18,dvs-train:user18_led/8.npy,8,led,development,86
dvs,train,79697,18,dvs-train:user18_led/9.npy,9,led,development,91
dvs,train,149979,19,dvs-train:user19_fluorescent/0.npy,0,fluorescent,development,124
dvs,train,241915,19,dvs-train:user19_fluorescent/1.npy,1,fluorescent,development,113
dvs,train,1076329,19,dvs-train:user19_fluorescent/10.npy,10,fluorescent,development,179
dvs,train,424530,19,dvs-train:user19_fluorescent/2.npy,2,fluorescent,development,161
dvs,train,786926,19,dvs-train:user19_fluorescent/3.npy,3,fluorescent,development,154
dvs,train,575969,19,dvs-train:user19_fluorescent/4.npy,4,fluorescent,development,122
dvs,train,575854,19,dvs-train:user19_fluorescent/5.npy,5,fluorescent,development,119
dvs,train,702194,19,dvs-train:user19_fluorescent/6.npy,6,fluorescent,development,143
dvs,train,468857,19,dvs-train:user19_fluorescent/7.npy,7,fluorescent,development,120
dvs,train,565428,19,dvs-train:user19_fluorescent/8.npy,8,fluorescent,development,155
dvs,train,224562,19,dvs-train:user19_fluorescent/9.npy,9,fluorescent,development,155
dvs,train,87162,19,dvs-train:user19_fluorescent_led/0.npy,0,fluorescent_led,development,95
dvs,train,134653,19,dvs-train:user19_fluorescent_led/1.npy,1,fluorescent_led,development,79
dvs,train,921459,19,dvs-train:user19_fluorescent_led/10.npy,10,fluorescent_led,development,220
dvs,train,208918,19,dvs-train:user19_fluorescent_led/2.npy,2,fluorescent_led,development,93
dvs,train,379694,19,dvs-train:user19_fluorescent_led/3.npy,3,fluorescent_led,development,120
dvs,train,404624,19,dvs-train:user19_fluorescent_led/4.npy,4,fluorescent_led,development,99
dvs,train,455950,19,dvs-train:user19_fluorescent_led/5.npy,5,fluorescent_led,development,107
dvs,train,397556,19,dvs-train:user19_fluorescent_led/6.npy,6,fluorescent_led,development,98
dvs,train,410660,19,dvs-train:user19_fluorescent_led/7.npy,7,fluorescent_led,development,106
dvs,train,407619,19,dvs-train:user19_fluorescent_led/8.npy,8,fluorescent_led,development,117
dvs,train,259405,19,dvs-train:user19_fluorescent_led/9.npy,9,fluorescent_led,development,123
dvs,train,173113,19,dvs-train:user19_lab/0.npy,0,lab,development,127
dvs,train,279924,19,dvs-train:user19_lab/1.npy,1,lab,development,130
dvs,train,988398,19,dvs-train:user19_lab/10.npy,10,lab,development,200
dvs,train,369083,19,dvs-train:user19_lab/2.npy,2,lab,development,123
dvs,train,450359,19,dvs-train:user19_lab/3.npy,3,lab,development,125
dvs,train,361399,19,dvs-train:user19_lab/4.npy,4,lab,development,98
dvs,train,518939,19,dvs-train:user19_lab/5.npy,5,lab,development,119
dvs,train,421951,19,dvs-train:user19_lab/6.npy,6,lab,development,110
dvs,train,434895,19,dvs-train:user19_lab/7.npy,7,lab,development,125
dvs,train,344788,19,dvs-train:user19_lab/8.npy,8,lab,development,127
dvs,train,156153,19,dvs-train:user19_lab/9.npy,9,lab,development,117
dvs,train,122052,19,dvs-train:user19_led/0.npy,0,led,development,85
dvs,train,148033,19,dvs-train:user19_led/1.npy,1,led,development,102
dvs,train,897504,19,dvs-train:user19_led/10.npy,10,led,development,182
dvs,train,161909,19,dvs-train:user19_led/2.npy,2,led,development,85
dvs,train,393622,19,dvs-train:user19_led/3.npy,3,led,development,119
dvs,train,431830,19,dvs-train:user19_led/4.npy,4,led,development,107
dvs,train,382228,19,dvs-train:user19_led/5.npy,5,led,development,88
dvs,train,388930,19,dvs-train:user19_led/6.npy,6,led,development,88
dvs,train,453881,19,dvs-train:user19_led/7.npy,7,led,development,114
dvs,train,332531,19,dvs-train:user19_led/8.npy,8,led,development,94
dvs,train,340659,19,dvs-train:user19_led/9.npy,9,led,development,122
dvs,train,180761,19,dvs-train:user19_natural/0.npy,0,natural,development,89
dvs,train,216948,19,dvs-train:user19_natural/1.npy,1,natural,development,116
dvs,train,444504,19,dvs-train:user19_natural/10.npy,10,natural,development,138
dvs,train,180772,19,dvs-train:user19_natural/2.npy,2,natural,development,114
dvs,train,665300,19,dvs-train:user19_natural/3.npy,3,natural,development,160
dvs,train,611116,19,dvs-train:user19_natural/4.npy,4,natural,development,133
dvs,train,684610,19,dvs-train:user19_natural/5.npy,5,natural,development,139
dvs,train,552270,19,dvs-train:user19_natural/6.npy,6,natural,development,108
dvs,train,595821,19,dvs-train:user19_natural/7.npy,7,natural,development,116
dvs,train,588707,19,dvs-train:user19_natural/8.npy,8,natural,development,130
dvs,train,483461,19,dvs-train:user19_natural/9.npy,9,natural,development,151
dvs,train,73881,20,dvs-train:user20_fluorescent/0.npy,0,fluorescent,development,86
dvs,train,138769,20,dvs-train:user20_fluorescent/1.npy,1,fluorescent,development,120
dvs,train,545195,20,dvs-train:user20_fluorescent/10.npy,10,fluorescent,development,84
dvs,train,95020,20,dvs-train:user20_fluorescent/2.npy,2,fluorescent,development,96
dvs,train,359351,20,dvs-train:user20_fluorescent/3.npy,3,fluorescent,development,135
dvs,train,322103,20,dvs-train:user20_fluorescent/4.npy,4,fluorescent,development,127
dvs,train,311442,20,dvs-train:user20_fluorescent/5.npy,5,fluorescent,development,143
dvs,train,279701,20,dvs-train:user20_fluorescent/6.npy,6,fluorescent,development,132
dvs,train,120021,20,dvs-train:user20_fluorescent/7.npy,7,fluorescent,development,110
dvs,train,89226,20,dvs-train:user20_fluorescent/8.npy,8,fluorescent,development,94
dvs,train,63174,20,dvs-train:user20_fluorescent/9.npy,9,fluorescent,development,105
dvs,train,54278,20,dvs-train:user20_fluorescent_led/0.npy,0,fluorescent_led,development,87
dvs,train,174026,20,dvs-train:user20_fluorescent_led/1.npy,1,fluorescent_led,development,106
dvs,train,515892,20,dvs-train:user20_fluorescent_led/10.npy,10,fluorescent_led,development,71
dvs,train,158340,20,dvs-train:user20_fluorescent_led/2.npy,2,fluorescent_led,development,109
dvs,train,362878,20,dvs-train:user20_fluorescent_led/3.npy,3,fluorescent_led,development,125
dvs,train,314939,20,dvs-train:user20_fluorescent_led/4.npy,4,fluorescent_led,development,118
dvs,train,291950,20,dvs-train:user20_fluorescent_led/5.npy,5,fluorescent_led,development,119
dvs,train,317065,20,dvs-train:user20_fluorescent_led/6.npy,6,fluorescent_led,development,130
dvs,train,135049,20,dvs-train:user20_fluorescent_led/7.npy,7,fluorescent_led,development,128
dvs,train,124577,20,dvs-train:user20_fluorescent_led/8.npy,8,fluorescent_led,development,119
dvs,train,66727,20,dvs-train:user20_fluorescent_led/9.npy,9,fluorescent_led,development,108
dvs,train,69996,20,dvs-train:user20_led/0.npy,0,led,development,87
dvs,train,190632,20,dvs-train:user20_led/1.npy,1,led,development,109
dvs,train,526130,20,dvs-train:user20_led/10.npy,10,led,development,72
dvs,train,125672,20,dvs-train:user20_led/2.npy,2,led,development,120
dvs,train,331840,20,dvs-train:user20_led/3.npy,3,led,development,113
dvs,train,351679,20,dvs-train:user20_led/4.npy,4,led,development,126
dvs,train,248116,20,dvs-train:user20_led/5.npy,5,led,development,101
dvs,train,310652,20,dvs-train:user20_led/6.npy,6,led,development,117
dvs,train,86982,20,dvs-train:user20_led/7.npy,7,led,development,96
dvs,train,84800,20,dvs-train:user20_led/8.npy,8,led,development,104
dvs,train,44127,20,dvs-train:user20_led/9.npy,9,led,development,107
dvs,train,258426,21,dvs-train:user21_fluorescent/0.npy,0,fluorescent,development,168
dvs,train,284993,21,dvs-train:user21_fluorescent/1.npy,1,fluorescent,development,193
dvs,train,1075456,21,dvs-train:user21_fluorescent/10.npy,10,fluorescent,development,239
dvs,train,555967,21,dvs-train:user21_fluorescent/2.npy,2,fluorescent,development,370
dvs,train,675311,21,dvs-train:user21_fluorescent/3.npy,3,fluorescent,development,237
dvs,train,559684,21,dvs-train:user21_fluorescent/4.npy,4,fluorescent,development,165
dvs,train,483355,21,dvs-train:user21_fluorescent/5.npy,5,fluorescent,development,190
dvs,train,406851,21,dvs-train:user21_fluorescent/6.npy,6,fluorescent,development,149
dvs,train,386446,21,dvs-train:user21_fluorescent/7.npy,7,fluorescent,development,139
dvs,train,329309,21,dvs-train:user21_fluorescent/8.npy,8,fluorescent,development,179
dvs,train,277388,21,dvs-train:user21_fluorescent/9.npy,9,fluorescent,development,185
dvs,train,212506,21,dvs-train:user21_fluorescent_led/0.npy,0,fluorescent_led,development,131
dvs,train,219984,21,dvs-train:user21_fluorescent_led/1.npy,1,fluorescent_led,development,156
dvs,train,903420,21,dvs-train:user21_fluorescent_led/10.npy,10,fluorescent_led,development,305
dvs,train,336713,21,dvs-train:user21_fluorescent_led/2.npy,2,fluorescent_led,development,163
dvs,train,442302,21,dvs-train:user21_fluorescent_led/3.npy,3,fluorescent_led,development,198
dvs,train,341123,21,dvs-train:user21_fluorescent_led/4.npy,4,fluorescent_led,development,171
dvs,train,304537,21,dvs-train:user21_fluorescent_led/5.npy,5,fluorescent_led,development,184
dvs,train,471691,21,dvs-train:user21_fluorescent_led/6.npy,6,fluorescent_led,development,228
dvs,train,387603,21,dvs-train:user21_fluorescent_led/7.npy,7,fluorescent_led,development,184
dvs,train,305923,21,dvs-train:user21_fluorescent_led/8.npy,8,fluorescent_led,development,156
dvs,train,217499,21,dvs-train:user21_fluorescent_led/9.npy,9,fluorescent_led,development,194
dvs,train,297023,21,dvs-train:user21_lab/0.npy,0,lab,development,139
dvs,train,439297,21,dvs-train:user21_lab/1.npy,1,lab,development,163
dvs,train,829714,21,dvs-train:user21_lab/10.npy,10,lab,development,121
dvs,train,581564,21,dvs-train:user21_lab/2.npy,2,lab,development,202
dvs,train,733300,21,dvs-train:user21_lab/3.npy,3,lab,development,203
dvs,train,1031991,21,dvs-train:user21_lab/4.npy,4,lab,development,283
dvs,train,604684,21,dvs-train:user21_lab/5.npy,5,lab,development,165
dvs,train,441071,21,dvs-train:user21_lab/6.npy,6,lab,development,120
dvs,train,466822,21,dvs-train:user21_lab/7.npy,7,lab,development,146
dvs,train,483411,21,dvs-train:user21_lab/8.npy,8,lab,development,154
dvs,train,249305,21,dvs-train:user21_lab/9.npy,9,lab,development,149
dvs,train,217157,21,dvs-train:user21_natural/0.npy,0,natural,development,128
dvs,train,125325,21,dvs-train:user21_natural/1.npy,1,natural,development,213
dvs,train,1004735,21,dvs-train:user21_natural/10.npy,10,natural,development,266
dvs,train,189483,21,dvs-train:user21_natural/2.npy,2,natural,development,172
dvs,train,640374,21,dvs-train:user21_natural/3.npy,3,natural,development,187
dvs,train,571137,21,dvs-train:user21_natural/4.npy,4,natural,development,229
dvs,train,792623,21,dvs-train:user21_natural/5.npy,5,natural,development,267
dvs,train,166658,21,dvs-train:user21_natural/6.npy,6,natural,development,60
dvs,train,627227,21,dvs-train:user21_natural/7.npy,7,natural,development,299
dvs,train,461861,21,dvs-train:user21_natural/8.npy,8,natural,development,238
dvs,train,298493,21,dvs-train:user21_natural/9.npy,9,natural,development,227
dvs,train,96733,22,dvs-train:user22_fluorescent/0.npy,0,fluorescent,development,120
dvs,train,91181,22,dvs-train:user22_fluorescent/1.npy,1,fluorescent,development,122
dvs,train,141431,22,dvs-train:user22_fluorescent/10.npy,10,fluorescent,development,96
dvs,train,94283,22,dvs-train:user22_fluorescent/2.npy,2,fluorescent,development,157
dvs,train,580465,22,dvs-train:user22_fluorescent/3.npy,3,fluorescent,development,233
dvs,train,200998,22,dvs-train:user22_fluorescent/4.npy,4,fluorescent,development,104
dvs,train,341801,22,dvs-train:user22_fluorescent/5.npy,5,fluorescent,development,154
dvs,train,328492,22,dvs-train:user22_fluorescent/6.npy,6,fluorescent,development,149
dvs,train,261501,22,dvs-train:user22_fluorescent/7.npy,7,fluorescent,development,132
dvs,train,271940,22,dvs-train:user22_fluorescent/8.npy,8,fluorescent,development,119
dvs,train,108381,22,dvs-train:user22_fluorescent/9.npy,9,fluorescent,development,108
dvs,train,50639,22,dvs-train:user22_fluorescent_led/0.npy,0,fluorescent_led,development,92
dvs,train,90162,22,dvs-train:user22_fluorescent_led/1.npy,1,fluorescent_led,development,125
dvs,train,72550,22,dvs-train:user22_fluorescent_led/10.npy,10,fluorescent_led,development,72
dvs,train,111177,22,dvs-train:user22_fluorescent_led/2.npy,2,fluorescent_led,development,186
dvs,train,443518,22,dvs-train:user22_fluorescent_led/3.npy,3,fluorescent_led,development,139
dvs,train,296308,22,dvs-train:user22_fluorescent_led/4.npy,4,fluorescent_led,development,113
dvs,train,294197,22,dvs-train:user22_fluorescent_led/5.npy,5,fluorescent_led,development,133
dvs,train,266739,22,dvs-train:user22_fluorescent_led/6.npy,6,fluorescent_led,development,123
dvs,train,234336,22,dvs-train:user22_fluorescent_led/7.npy,7,fluorescent_led,development,109
dvs,train,200661,22,dvs-train:user22_fluorescent_led/8.npy,8,fluorescent_led,development,104
dvs,train,126634,22,dvs-train:user22_fluorescent_led/9.npy,9,fluorescent_led,development,126
dvs,train,134789,22,dvs-train:user22_lab/0.npy,0,lab,development,107
dvs,train,68419,22,dvs-train:user22_lab/1.npy,1,lab,development,76
dvs,train,79691,22,dvs-train:user22_lab/10.npy,10,lab,development,51
dvs,train,119950,22,dvs-train:user22_lab/2.npy,2,lab,development,121
dvs,train,702986,22,dvs-train:user22_lab/3.npy,3,lab,development,167
dvs,train,499367,22,dvs-train:user22_lab/4.npy,4,lab,development,128
dvs,train,592636,22,dvs-train:user22_lab/5.npy,5,lab,development,146
dvs,train,505185,22,dvs-train:user22_lab/6.npy,6,lab,development,132
dvs,train,520919,22,dvs-train:user22_lab/7.npy,7,lab,development,142
dvs,train,451562,22,dvs-train:user22_lab/8.npy,8,lab,development,136
dvs,train,236814,22,dvs-train:user22_lab/9.npy,9,lab,development,130
dvs,train,67995,22,dvs-train:user22_led/0.npy,0,led,development,107
dvs,train,40981,22,dvs-train:user22_led/1.npy,1,led,development,86
dvs,train,44769,22,dvs-train:user22_led/10.npy,10,led,development,52
dvs,train,53054,22,dvs-train:user22_led/2.npy,2,led,development,104
dvs,train,305307,22,dvs-train:user22_led/3.npy,3,led,development,100
dvs,train,264468,22,dvs-train:user22_led/4.npy,4,led,development,98
dvs,train,280641,22,dvs-train:user22_led/5.npy,5,led,development,116
dvs,train,220856,22,dvs-train:user22_led/6.npy,6,led,development,91
dvs,train,218943,22,dvs-train:user22_led/7.npy,7,led,development,121
dvs,train,313939,22,dvs-train:user22_led/8.npy,8,led,development,241
dvs,train,85564,22,dvs-train:user22_led/9.npy,9,led,development,104
dvs,train,112444,22,dvs-train:user22_natural/0.npy,0,natural,development,110
dvs,train,93245,22,dvs-train:user22_natural/1.npy,1,natural,development,149
dvs,train,75529,22,dvs-train:user22_natural/10.npy,10,natural,development,79
dvs,train,110849,22,dvs-train:user22_natural/2.npy,2,natural,development,136
dvs,train,443715,22,dvs-train:user22_natural/3.npy,3,natural,development,157
dvs,train,258434,22,dvs-train:user22_natural/4.npy,4,natural,development,115
dvs,train,350935,22,dvs-train:user22_natural/5.npy,5,natural,development,144
dvs,train,409377,22,dvs-train:user22_natural/6.npy,6,natural,development,158
dvs,train,251551,22,dvs-train:user22_natural/7.npy,7,natural,development,132
dvs,train,275904,22,dvs-train:user22_natural/8.npy,8,natural,development,119
dvs,train,117502,22,dvs-train:user22_natural/9.npy,9,natural,development,125
dvs,train,164909,23,dvs-train:user23_fluorescent/0.npy,0,fluorescent,development,134
dvs,train,77486,23,dvs-train:user23_fluorescent/1.npy,1,fluorescent,development,145
dvs,train,575232,23,dvs-train:user23_fluorescent/10.npy,10,fluorescent,development,118
dvs,train,57197,23,dvs-train:user23_fluorescent/2.npy,2,fluorescent,development,142
dvs,train,574713,23,dvs-train:user23_fluorescent/3.npy,3,fluorescent,development,199
dvs,train,455748,23,dvs-train:user23_fluorescent/4.npy,4,fluorescent,development,159
dvs,train,357323,23,dvs-train:user23_fluorescent/5.npy,5,fluorescent,development,144
dvs,train,338445,23,dvs-train:user23_fluorescent/6.npy,6,fluorescent,development,139
dvs,train,324287,23,dvs-train:user23_fluorescent/7.npy,7,fluorescent,development,139
dvs,train,266380,23,dvs-train:user23_fluorescent/8.npy,8,fluorescent,development,142
dvs,train,211984,23,dvs-train:user23_fluorescent/9.npy,9,fluorescent,development,124
dvs,train,118180,23,dvs-train:user23_fluorescent_led/0.npy,0,fluorescent_led,development,99
dvs,train,62820,23,dvs-train:user23_fluorescent_led/1.npy,1,fluorescent_led,development,117
dvs,train,668193,23,dvs-train:user23_fluorescent_led/10.npy,10,fluorescent_led,development,146
dvs,train,58504,23,dvs-train:user23_fluorescent_led/2.npy,2,fluorescent_led,development,147
dvs,train,450792,23,dvs-train:user23_fluorescent_led/3.npy,3,fluorescent_led,development,157
dvs,train,416835,23,dvs-train:user23_fluorescent_led/4.npy,4,fluorescent_led,development,137
dvs,train,298180,23,dvs-train:user23_fluorescent_led/5.npy,5,fluorescent_led,development,128
dvs,train,295835,23,dvs-train:user23_fluorescent_led/6.npy,6,fluorescent_led,development,137
dvs,train,243158,23,dvs-train:user23_fluorescent_led/7.npy,7,fluorescent_led,development,120
dvs,train,161719,23,dvs-train:user23_fluorescent_led/8.npy,8,fluorescent_led,development,105
dvs,train,195459,23,dvs-train:user23_fluorescent_led/9.npy,9,fluorescent_led,development,122
dvs,train,207767,23,dvs-train:user23_lab/0.npy,0,lab,development,107
dvs,train,111954,23,dvs-train:user23_lab/1.npy,1,lab,development,135
dvs,train,439580,23,dvs-train:user23_lab/10.npy,10,lab,development,73
dvs,train,106040,23,dvs-train:user23_lab/2.npy,2,lab,development,135
dvs,train,773709,23,dvs-train:user23_lab/3.npy,3,lab,development,166
dvs,train,743971,23,dvs-train:user23_lab/4.npy,4,lab,development,156
dvs,train,703518,23,dvs-train:user23_lab/5.npy,5,lab,development,154
dvs,train,622000,23,dvs-train:user23_lab/6.npy,6,lab,development,143
dvs,train,401568,23,dvs-train:user23_lab/7.npy,7,lab,development,137
dvs,train,319455,23,dvs-train:user23_lab/8.npy,8,lab,development,138
dvs,train,236260,23,dvs-train:user23_lab/9.npy,9,lab,development,139
dvs,train,178394,23,dvs-train:user23_led/0.npy,0,led,development,134
dvs,train,59546,23,dvs-train:user23_led/1.npy,1,led,development,129
dvs,train,444345,23,dvs-train:user23_led/10.npy,10,led,development,93
dvs,train,78693,23,dvs-train:user23_led/2.npy,2,led,development,208
dvs,train,490071,23,dvs-train:user23_led/3.npy,3,led,development,155
dvs,train,551463,23,dvs-train:user23_led/4.npy,4,led,development,153
dvs,train,351133,23,dvs-train:user23_led/5.npy,5,led,development,132
dvs,train,297781,23,dvs-train:user23_led/6.npy,6,led,development,124
dvs,train,357964,23,dvs-train:user23_led/7.npy,7,led,development,150
dvs,train,215441,23,dvs-train:user23_led/8.npy,8,led,development,119
dvs,train,241256,23,dvs-train:user23_led/9.npy,9,led,development,131
shd,test,11273,9,shd-test:0,10,,official,74
shd,test,9386,4,shd-test:1,11,,official,79
shd,test,10424,4,shd-test:2,7,,official,85
shd,test,9907,4,shd-test:3,10,,official,71
shd,test,6531,10,shd-test:4,3,,official,55
shd,test,6926,5,shd-test:5,5,,official,72
shd,test,10330,4,shd-test:6,0,,official,90
shd,test,6998,5,shd-test:7,10,,official,51
shd,test,5892,4,shd-test:8,18,,official,71
shd,test,6176,4,shd-test:9,5,,official,64
shd,test,8913,4,shd-test:10,16,,official,80
shd,test,8183,5,shd-test:11,14,,official,71
shd,test,8616,11,shd-test:12,12,,official,84
shd,test,6778,5,shd-test:13,8,,official,67
shd,test,9754,5,shd-test:14,0,,official,90
shd,test,5243,5,shd-test:15,16,,official,67
shd,test,6827,5,shd-test:16,10,,official,52
shd,test,9281,4,shd-test:17,16,,official,84
shd,test,10512,5,shd-test:18,17,,official,67
shd,test,8564,5,shd-test:19,13,,official,58
shd,test,8945,11,shd-test:20,19,,official,71
shd,test,8581,5,shd-test:21,9,,official,66
shd,test,7582,0,shd-test:22,7,,official,81
shd,test,8127,5,shd-test:23,4,,official,74
shd,test,6050,4,shd-test:24,6,,official,86
shd,test,11174,4,shd-test:25,9,,official,82
shd,test,9948,4,shd-test:26,0,,official,89
shd,test,7651,0,shd-test:27,0,,official,81
shd,test,9955,5,shd-test:28,9,,official,69
shd,test,10081,4,shd-test:29,9,,official,76
shd,test,4398,5,shd-test:30,6,,official,90
shd,test,7289,1,shd-test:31,2,,official,64
shd,test,9462,4,shd-test:32,3,,official,75
shd,test,10723,4,shd-test:33,12,,official,80
shd,test,7869,4,shd-test:34,8,,official,63
shd,test,8617,4,shd-test:35,8,,official,64
shd,test,10249,5,shd-test:36,7,,official,86
shd,test,7759,5,shd-test:37,10,,official,56
shd,test,8858,4,shd-test:38,12,,official,83
shd,test,10881,4,shd-test:39,10,,official,78
shd,test,9756,4,shd-test:40,14,,official,87
shd,test,6919,5,shd-test:41,8,,official,70
shd,test,4194,5,shd-test:42,6,,official,73
shd,test,9353,4,shd-test:43,0,,official,82
shd,test,9119,4,shd-test:44,11,,official,78
shd,test,5182,6,shd-test:45,8,,official,44
shd,test,11100,4,shd-test:46,7,,official,87
shd,test,9138,3,shd-test:47,17,,official,89
shd,test,7921,4,shd-test:48,5,,official,73
shd,test,9562,5,shd-test:49,7,,official,85
shd,test,11924,4,shd-test:50,13,,official,79
shd,test,4590,2,shd-test:51,11,,official,68
shd,test,5410,4,shd-test:52,18,,official,68
shd,test,4406,5,shd-test:53,6,,official,75
shd,test,8057,4,shd-test:54,11,,official,78
shd,test,4193,5,shd-test:55,6,,official,74
shd,test,6092,5,shd-test:56,15,,official,62
shd,test,10548,5,shd-test:57,17,,official,69
shd,test,8279,4,shd-test:58,14,,official,67
shd,test,9075,5,shd-test:59,0,,official,79
shd,test,8216,5,shd-test:60,1,,official,72
shd,test,5743,4,shd-test:61,18,,official,70
shd,test,9688,5,shd-test:62,17,,official,65
shd,test,13482,9,shd-test:63,13,,official,81
shd,test,10148,4,shd-test:64,0,,official,89
shd,test,5592,5,shd-test:65,18,,official,60
shd,test,8476,5,shd-test:66,13,,official,60
shd,test,5586,5,shd-test:67,5,,official,59
shd,test,9677,4,shd-test:68,14,,official,79
shd,test,9290,4,shd-test:69,1,,official,76
shd,test,7983,5,shd-test:70,10,,official,59
shd,test,13329,7,shd-test:71,13,,official,101
shd,test,7164,5,shd-test:72,14,,official,62
shd,test,7743,5,shd-test:73,14,,official,63
shd,test,9371,4,shd-test:74,10,,official,74
shd,test,9416,4,shd-test:75,11,,official,86
shd,test,9136,1,shd-test:76,4,,official,78
shd,test,8237,4,shd-test:77,3,,official,65
shd,test,9523,5,shd-test:78,7,,official,91
shd,test,13861,4,shd-test:79,17,,official,91
shd,test,6528,5,shd-test:80,8,,official,65
shd,test,8292,10,shd-test:81,7,,official,82
shd,test,9102,4,shd-test:82,14,,official,76
shd,test,7401,5,shd-test:83,14,,official,61
shd,test,9288,7,shd-test:84,7,,official,71
shd,test,5562,5,shd-test:85,16,,official,68
shd,test,6784,5,shd-test:86,3,,official,58
shd,test,7290,5,shd-test:87,14,,official,60
shd,test,7011,4,shd-test:88,15,,official,74
shd,test,7649,8,shd-test:89,5,,official,47
shd,test,12114,4,shd-test:90,19,,official,74
shd,test,10388,4,shd-test:91,10,,official,75
shd,test,9326,4,shd-test:92,16,,official,85
shd,test,7999,4,shd-test:93,8,,official,63
shd,test,8831,5,shd-test:94,19,,official,57
shd,test,10586,5,shd-test:95,0,,official,90
shd,test,9343,6,shd-test:96,19,,official,66
shd,test,7840,4,shd-test:97,1,,official,65
shd,test,4031,2,shd-test:98,6,,official,68
shd,test,7473,5,shd-test:99,1,,official,63
shd,test,5951,1,shd-test:100,18,,official,73
shd,test,6012,4,shd-test:101,18,,official,71
shd,test,7371,5,shd-test:102,13,,official,54
shd,test,7562,5,shd-test:103,11,,official,74
shd,test,6940,5,shd-test:104,14,,official,58
shd,test,12061,4,shd-test:105,13,,official,86
shd,test,8480,4,shd-test:106,4,,official,85
shd,test,8965,4,shd-test:107,11,,official,81
shd,test,9514,4,shd-test:108,1,,official,76
shd,test,6563,5,shd-test:109,10,,official,50
shd,test,4916,1,shd-test:110,6,,official,65
shd,test,7574,0,shd-test:111,13,,official,67
shd,test,6279,0,shd-test:112,4,,official,75
shd,test,8895,5,shd-test:113,0,,official,82
shd,test,6522,5,shd-test:114,2,,official,60
shd,test,9298,4,shd-test:115,12,,official,82
shd,test,7196,5,shd-test:116,11,,official,74
shd,test,8081,5,shd-test:117,10,,official,60
shd,test,5770,10,shd-test:118,18,,official,68
shd,test,7180,5,shd-test:119,4,,official,75
shd,test,7207,5,shd-test:120,1,,official,62
shd,test,10340,11,shd-test:121,12,,official,87
shd,test,5005,2,shd-test:122,12,,official,68
shd,test,8361,5,shd-test:123,0,,official,86
shd,test,8295,5,shd-test:124,4,,official,73
shd,test,12871,4,shd-test:125,17,,official,80
shd,test,11427,4,shd-test:126,13,,official,82
shd,test,7356,5,shd-test:127,16,,official,73
shd,test,10844,5,shd-test:128,17,,official,69
shd,test,8392,4,shd-test:129,3,,official,65
shd,test,5389,2,shd-test:130,7,,official,71
shd,test,7754,4,shd-test:131,3,,official,65
shd,test,9273,5,shd-test:132,19,,official,59
shd,test,5812,2,shd-test:133,0,,official,72
shd,test,8670,4,shd-test:134,9,,official,72
shd,test,8151,5,shd-test:135,13,,official,59
shd,test,5030,2,shd-test:136,10,,official,58
shd,test,11933,11,shd-test:137,1,,official,85
shd,test,7312,4,shd-test:138,4,,official,74
shd,test,10362,4,shd-test:139,9,,official,79
shd,test,9748,4,shd-test:140,1,,official,77
shd,test,10265,4,shd-test:141,9,,official,72
shd,test,5343,4,shd-test:142,6,,official,79
shd,test,9302,1,shd-test:143,16,,official,97
shd,test,8832,3,shd-test:144,9,,official,62
shd,test,6535,5,shd-test:145,15,,official,68
shd,test,6654,5,shd-test:146,15,,official,73
shd,test,9079,5,shd-test:147,0,,official,83
shd,test,7473,10,shd-test:148,14,,official,67
shd,test,12980,4,shd-test:149,19,,official,80
shd,test,5576,5,shd-test:150,5,,official,65
shd,test,7765,4,shd-test:151,5,,official,73
shd,test,9303,4,shd-test:152,8,,official,65
shd,test,9828,5,shd-test:153,0,,official,99
shd,test,9005,4,shd-test:154,12,,official,85
shd,test,7848,1,shd-test:155,15,,official,69
shd,test,10005,5,shd-test:156,7,,official,91
shd,test,9640,9,shd-test:157,2,,official,65
shd,test,8984,4,shd-test:158,3,,official,82
shd,test,11191,5,shd-test:159,17,,official,67
shd,test,9419,4,shd-test:160,1,,official,71
shd,test,9793,4,shd-test:161,16,,official,87
shd,test,5649,2,shd-test:162,10,,official,59
shd,test,9167,5,shd-test:163,9,,official,64
shd,test,6712,5,shd-test:164,4,,official,64
shd,test,10113,5,shd-test:165,7,,official,86
shd,test,6860,4,shd-test:166,2,,official,67
shd,test,7997,1,shd-test:167,16,,official,89
shd,test,3894,5,shd-test:168,6,,official,72
shd,test,12980,4,shd-test:169,19,,official,82
shd,test,5654,4,shd-test:170,18,,official,71
shd,test,12797,4,shd-test:171,17,,official,86
shd,test,10710,4,shd-test:172,19,,official,72
shd,test,11398,4,shd-test:173,12,,official,88
shd,test,8613,5,shd-test:174,19,,official,53
shd,test,5133,4,shd-test:175,5,,official,58
shd,test,9374,1,shd-test:176,1,,official,69
shd,test,5626,5,shd-test:177,16,,official,65
shd,test,9282,4,shd-test:178,5,,official,76
shd,test,9694,4,shd-test:179,14,,official,74
shd,test,8722,4,shd-test:180,2,,official,81
shd,test,9758,4,shd-test:181,9,,official,67
shd,test,5652,4,shd-test:182,5,,official,62
shd,test,11206,4,shd-test:183,19,,official,74
shd,test,10369,11,shd-test:184,13,,official,85
shd,test,9856,5,shd-test:185,7,,official,85
shd,test,11368,7,shd-test:186,7,,official,90
shd,test,9728,1,shd-test:187,7,,official,78
shd,test,13480,4,shd-test:188,17,,official,89
shd,test,9639,4,shd-test:189,4,,official,84
shd,test,9681,4,shd-test:190,11,,official,84
shd,test,12842,4,shd-test:191,17,,official,88
shd,test,11171,4,shd-test:192,13,,official,78
shd,test,7322,5,shd-test:193,14,,official,60
shd,test,13500,7,shd-test:194,17,,official,111
shd,test,7329,0,shd-test:195,4,,official,78
shd,test,7329,5,shd-test:196,4,,official,68
shd,test,5051,5,shd-test:197,16,,official,64
shd,test,11642,5,shd-test:198,17,,official,72
shd,test,9485,4,shd-test:199,14,,official,80
shd,test,10414,4,shd-test:200,0,,official,88
shd,test,8099,4,shd-test:201,3,,official,71
shd,test,4361,4,shd-test:202,6,,official,60
shd,test,10983,4,shd-test:203,0,,official,96
shd,test,4107,4,shd-test:204,6,,official,64
shd,test,7254,4,shd-test:205,15,,official,73
shd,test,6980,4,shd-test:206,4,,official,68
shd,test,6608,4,shd-test:207,18,,official,70
shd,test,9643,5,shd-test:208,19,,official,57
shd,test,11721,4,shd-test:209,0,,official,115
shd,test,5658,5,shd-test:210,15,,official,54
shd,test,4174,3,shd-test:211,12,,official,90
shd,test,5268,6,shd-test:212,16,,official,82
shd,test,7908,4,shd-test:213,11,,official,89
shd,test,11168,4,shd-test:214,12,,official,87
shd,test,6434,5,shd-test:215,14,,official,54
shd,test,11273,4,shd-test:216,12,,official,84
shd,test,7590,5,shd-test:217,12,,official,70
shd,test,9893,4,shd-test:218,2,,official,86
shd,test,7119,5,shd-test:219,3,,official,62
shd,test,7431,5,shd-test:220,3,,official,59
shd,test,9417,5,shd-test:221,17,,official,65
shd,test,6598,0,shd-test:222,11,,official,78
shd,test,9916,4,shd-test:223,1,,official,75
shd,test,11728,7,shd-test:224,0,,official,86
shd,test,9174,5,shd-test:225,0,,official,82
shd,test,8513,8,shd-test:226,5,,official,59
shd,test,7749,5,shd-test:227,3,,official,69
shd,test,4844,3,shd-test:228,15,,official,65
shd,test,8579,4,shd-test:229,8,,official,64
shd,test,9499,5,shd-test:230,9,,official,64
shd,test,10323,4,shd-test:231,9,,official,77
shd,test,7526,5,shd-test:232,12,,official,59
shd,test,5299,5,shd-test:233,16,,official,68
shd,test,6798,0,shd-test:234,14,,official,53
shd,test,6217,5,shd-test:235,15,,official,69
shd,test,5655,5,shd-test:236,3,,official,49
shd,test,8825,4,shd-test:237,3,,official,69
shd,test,5810,5,shd-test:238,5,,official,58
shd,test,8050,5,shd-test:239,12,,official,73
shd,test,7887,4,shd-test:240,5,,official,75
shd,test,6930,5,shd-test:241,2,,official,62
shd,test,5111,4,shd-test:242,6,,official,72
shd,test,4276,5,shd-test:243,6,,official,76
shd,test,12518,4,shd-test:244,19,,official,75
shd,test,11609,4,shd-test:245,0,,official,94
shd,test,5117,4,shd-test:246,6,,official,74
shd,test,11698,5,shd-test:247,17,,official,69
shd,test,10798,4,shd-test:248,1,,official,76
shd,test,11096,4,shd-test:249,7,,official,85
shd,test,11894,4,shd-test:250,19,,official,72
shd,test,10491,4,shd-test:251,1,,official,78
shd,test,10305,11,shd-test:252,5,,official,82
shd,test,6772,5,shd-test:253,10,,official,55
shd,test,8467,5,shd-test:254,11,,official,71
shd,test,11849,4,shd-test:255,19,,official,76
shd,test,10716,4,shd-test:256,13,,official,81
shd,test,8954,4,shd-test:257,11,,official,72
shd,test,7096,4,shd-test:258,5,,official,80
shd,test,7215,5,shd-test:259,12,,official,64
shd,test,8786,4,shd-test:260,16,,official,84
shd,test,6165,5,shd-test:261,3,,official,52
shd,test,12473,4,shd-test:262,13,,official,82
shd,test,9566,4,shd-test:263,11,,official,76
shd,test,5593,6,shd-test:264,1,,official,57
shd,test,6790,4,shd-test:265,15,,official,71
shd,test,6070,5,shd-test:266,15,,official,66
shd,test,10547,0,shd-test:267,19,,official,76
shd,test,5310,5,shd-test:268,18,,official,57
shd,test,7505,4,shd-test:269,2,,official,74
shd,test,8074,5,shd-test:270,13,,official,59
shd,test,6581,5,shd-test:271,3,,official,57
shd,test,6938,4,shd-test:272,2,,official,61
shd,test,9732,4,shd-test:273,7,,official,80
shd,test,10380,4,shd-test:274,1,,official,77
shd,test,9881,5,shd-test:275,9,,official,65
shd,test,5795,4,shd-test:276,18,,official,69
shd,test,7315,5,shd-test:277,3,,official,60
shd,test,7321,5,shd-test:278,10,,official,56
shd,test,6824,5,shd-test:279,8,,official,67
shd,test,10688,5,shd-test:280,17,,official,70
shd,test,8762,8,shd-test:281,0,,official,71
shd,test,5577,4,shd-test:282,18,,official,75
shd,test,5745,5,shd-test:283,18,,official,62
shd,test,7330,5,shd-test:284,3,,official,62
shd,test,7586,4,shd-test:285,15,,official,73
shd,test,8473,4,shd-test:286,8,,official,64
shd,test,10320,11,shd-test:287,0,,official,90
shd,test,9146,4,shd-test:288,1,,official,72
shd,test,7137,5,shd-test:289,12,,official,66
shd,test,12240,9,shd-test:290,9,,official,61
shd,test,10155,4,shd-test:291,11,,official,88
shd,test,10214,7,shd-test:292,5,,official,85
shd,test,5786,10,shd-test:293,5,,official,59
shd,test,8775,5,shd-test:294,19,,official,57
shd,test,8456,4,shd-test:295,11,,official,75
shd,test,5481,5,shd-test:296,18,,official,60
shd,test,7794,7,shd-test:297,18,,official,95
shd,test,10999,4,shd-test:298,10,,official,78
shd,test,11460,4,shd-test:299,19,,official,73
shd,test,9522,4,shd-test:300,11,,official,84
shd,test,8357,4,shd-test:301,11,,official,71
shd,test,8509,5,shd-test:302,13,,official,58
shd,test,5157,5,shd-test:303,16,,official,65
shd,test,7675,5,shd-test:304,11,,official,71
shd,test,8556,4,shd-test:305,16,,official,80
shd,test,5789,4,shd-test:306,18,,official,67
shd,test,9261,5,shd-test:307,7,,official,83
shd,test,8981,5,shd-test:308,7,,official,80
shd,test,8962,4,shd-test:309,10,,official,72
shd,test,5457,5,shd-test:310,18,,official,61
shd,test,8728,5,shd-test:311,13,,official,60
shd,test,5826,5,shd-test:312,16,,official,65
shd,test,10329,1,shd-test:313,0,,official,76
shd,test,9468,5,shd-test:314,9,,official,68
shd,test,7096,5,shd-test:315,14,,official,52
shd,test,10600,4,shd-test:316,3,,official,86
shd,test,5106,3,shd-test:317,13,,official,82
shd,test,7303,4,shd-test:318,8,,official,64
shd,test,9101,5,shd-test:319,7,,official,82
shd,test,12526,4,shd-test:320,19,,official,80
shd,test,11436,4,shd-test:321,19,,official,77
shd,test,7018,5,shd-test:322,8,,official,77
shd,test,7345,5,shd-test:323,2,,official,67
shd,test,5618,5,shd-test:324,16,,official,67
shd,test,6188,5,shd-test:325,8,,official,63
shd,test,11699,4,shd-test:326,19,,official,78
shd,test,6672,5,shd-test:327,16,,official,70
shd,test,11500,4,shd-test:328,9,,official,85
shd,test,6694,4,shd-test:329,5,,official,70
shd,test,5347,1,shd-test:330,18,,official,79
shd,test,4206,5,shd-test:331,6,,official,76
shd,test,6812,5,shd-test:332,11,,official,68
shd,test,6421,4,shd-test:333,15,,official,67
shd,test,7003,5,shd-test:334,2,,official,64
shd,test,8166,1,shd-test:335,15,,official,73
shd,test,6423,5,shd-test:336,8,,official,65
shd,test,4720,3,shd-test:337,4,,official,61
shd,test,9529,5,shd-test:338,0,,official,100
shd,test,8449,5,shd-test:339,13,,official,62
shd,test,7348,5,shd-test:340,2,,official,67
shd,test,9351,4,shd-test:341,11,,official,78
shd,test,7044,5,shd-test:342,10,,official,60
shd,test,9426,11,shd-test:343,14,,official,84
shd,test,6309,0,shd-test:344,16,,official,73
shd,test,7480,0,shd-test:345,1,,official,66
shd,test,7191,5,shd-test:346,8,,official,69
shd,test,9037,5,shd-test:347,7,,official,89
shd,test,8802,5,shd-test:348,19,,official,55
shd,test,10663,11,shd-test:349,11,,official,103
shd,test,10094,9,shd-test:350,3,,official,61
shd,test,6561,5,shd-test:351,14,,official,53
shd,test,9400,11,shd-test:352,17,,official,96
shd,test,10846,5,shd-test:353,17,,official,68
shd,test,9095,4,shd-test:354,11,,official,84
shd,test,7298,5,shd-test:355,15,,official,72
shd,test,9121,5,shd-test:356,7,,official,85
shd,test,13638,4,shd-test:357,17,,official,92
shd,test,6780,5,shd-test:358,8,,official,71
shd,test,11158,5,shd-test:359,17,,official,72
shd,test,8723,5,shd-test:360,19,,official,55
shd,test,8459,4,shd-test:361,3,,official,69
shd,test,8646,4,shd-test:362,4,,official,81
shd,test,7583,5,shd-test:363,1,,official,59
shd,test,7276,5,shd-test:364,12,,official,71
shd,test,5047,3,shd-test:365,16,,official,79
shd,test,9186,4,shd-test:366,16,,official,83
shd,test,7106,5,shd-test:367,8,,official,72
shd,test,9092,7,shd-test:368,4,,official,65
shd,test,5486,0,shd-test:369,15,,official,57
shd,test,6036,7,shd-test:370,6,,official,87
shd,test,7485,4,shd-test:371,5,,official,70
shd,test,8840,5,shd-test:372,7,,official,88
shd,test,8577,4,shd-test:373,16,,official,79
shd,test,4513,5,shd-test:374,6,,official,84
shd,test,4099,4,shd-test:375,6,,official,67
shd,test,11509,5,shd-test:376,17,,official,74
shd,test,8968,5,shd-test:377,19,,official,55
shd,test,12330,4,shd-test:378,17,,official,85
shd,test,7029,5,shd-test:379,4,,official,68
shd,test,9647,5,shd-test:380,9,,official,66
shd,test,7940,4,shd-test:381,8,,official,63
shd,test,7873,5,shd-test:382,14,,official,60
shd,test,4219,4,shd-test:383,6,,official,66
shd,test,7694,5,shd-test:384,10,,official,60
shd,test,7030,5,shd-test:385,11,,official,66
shd,test,8012,5,shd-test:386,1,,official,72
shd,test,9493,5,shd-test:387,0,,official,93
shd,test,11587,4,shd-test:388,10,,official,81
shd,test,4549,4,shd-test:389,6,,official,71
shd,test,10184,4,shd-test:390,10,,official,78
shd,test,11114,4,shd-test:391,13,,official,89
shd,test,6543,5,shd-test:392,2,,official,62
shd,test,6755,4,shd-test:393,8,,official,52
shd,test,10454,4,shd-test:394,12,,official,82
shd,test,4487,3,shd-test:395,12,,official,83
shd,test,6102,5,shd-test:396,14,,official,52
shd,test,4893,11,shd-test:397,12,,official,76
shd,test,6725,5,shd-test:398,5,,official,82
shd,test,8036,5,shd-test:399,3,,official,69
shd,test,9518,4,shd-test:400,11,,official,87
shd,test,9763,5,shd-test:401,19,,official,61
shd,test,6137,8,shd-test:402,15,,official,55
shd,test,4640,3,shd-test:403,6,,official,73
shd,test,8986,5,shd-test:404,19,,official,59
shd,test,8401,5,shd-test:405,13,,official,62
shd,test,7321,5,shd-test:406,11,,official,74
shd,test,9480,5,shd-test:407,19,,official,57
shd,test,7037,4,shd-test:408,2,,official,68
shd,test,9543,4,shd-test:409,7,,official,74
shd,test,5810,5,shd-test:410,5,,official,60
shd,test,6948,5,shd-test:411,2,,official,66
shd,test,7539,5,shd-test:412,10,,official,60
shd,test,7719,5,shd-test:413,1,,official,64
shd,test,7753,5,shd-test:414,4,,official,73
shd,test,9406,5,shd-test:415,7,,official,85
shd,test,13861,4,shd-test:416,17,,official,86
shd,test,12834,9,shd-test:417,9,,official,65
shd,test,9284,4,shd-test:418,3,,official,74
shd,test,8741,4,shd-test:419,14,,official,76
shd,test,9182,4,shd-test:420,0,,official,86
shd,test,9512,4,shd-test:421,4,,official,88
shd,test,15312,4,shd-test:422,17,,official,96
shd,test,10528,4,shd-test:423,3,,official,90
shd,test,7981,5,shd-test:424,1,,official,65
shd,test,11160,4,shd-test:425,9,,official,73
shd,test,9029,4,shd-test:426,14,,official,78
shd,test,7129,5,shd-test:427,3,,official,59
shd,test,7837,5,shd-test:428,13,,official,55
shd,test,6181,11,shd-test:429,16,,official,93
shd,test,13198,4,shd-test:430,19,,official,78
shd,test,9186,5,shd-test:431,7,,official,78
shd,test,9270,4,shd-test:432,3,,official,78
shd,test,4500,4,shd-test:433,6,,official,70
shd,test,4189,2,shd-test:434,13,,official,57
shd,test,10438,4,shd-test:435,9,,official,73
shd,test,5437,6,shd-test:436,1,,official,43
shd,test,8263,4,shd-test:437,4,,official,81
shd,test,8918,5,shd-test:438,7,,official,89
shd,test,9002,4,shd-test:439,1,,official,71
shd,test,5786,4,shd-test:440,18,,official,69
shd,test,4847,5,shd-test:441,5,,official,60
shd,test,7731,5,shd-test:442,11,,official,65
shd,test,7060,4,shd-test:443,15,,official,68
shd,test,7048,5,shd-test:444,3,,official,57
shd,test,12357,4,shd-test:445,13,,official,94
shd,test,12102,4,shd-test:446,9,,official,82
shd,test,9980,4,shd-test:447,0,,official,88
shd,test,3948,4,shd-test:448,6,,official,69
shd,test,6309,4,shd-test:449,18,,official,70
shd,test,7174,5,shd-test:450,10,,official,58
shd,test,6645,0,shd-test:451,11,,official,76
shd,test,5358,11,shd-test:452,6,,official,101
shd,test,8446,4,shd-test:453,4,,official,79
shd,test,5454,5,shd-test:454,16,,official,67
shd,test,8058,0,shd-test:455,9,,official,68
shd,test,6455,5,shd-test:456,5,,official,70
shd,test,10417,4,shd-test:457,10,,official,74
shd,test,10202,4,shd-test:458,7,,official,81
shd,test,5875,2,shd-test:459,9,,official,77
shd,test,11156,11,shd-test:460,13,,official,81
shd,test,7483,4,shd-test:461,2,,official,67
shd,test,6148,5,shd-test:462,4,,official,62
shd,test,7122,5,shd-test:463,13,,official,57
shd,test,8958,4,shd-test:464,16,,official,83
shd,test,10007,4,shd-test:465,11,,official,78
shd,test,4325,4,shd-test:466,6,,official,70
shd,test,9328,11,shd-test:467,0,,official,91
shd,test,9089,4,shd-test:468,12,,official,83
shd,test,8107,5,shd-test:469,10,,official,57
shd,test,7963,5,shd-test:470,12,,official,66
shd,test,7997,5,shd-test:471,12,,official,65
shd,test,7652,5,shd-test:472,14,,official,63
shd,test,7305,5,shd-test:473,3,,official,62
shd,test,9880,1,shd-test:474,12,,official,89
shd,test,14239,4,shd-test:475,17,,official,92
shd,test,9117,4,shd-test:476,14,,official,72
shd,test,9856,4,shd-test:477,1,,official,72
shd,test,10174,4,shd-test:478,11,,official,84
shd,test,7992,5,shd-test:479,11,,official,64
shd,test,8393,5,shd-test:480,19,,official,60
shd,test,5590,5,shd-test:481,16,,official,66
shd,test,10097,5,shd-test:482,0,,official,86
shd,test,10149,0,shd-test:483,17,,official,76
shd,test,7256,5,shd-test:484,8,,official,65
shd,test,7854,4,shd-test:485,2,,official,68
shd,test,7082,4,shd-test:486,15,,official,69
shd,test,10441,4,shd-test:487,0,,official,88
shd,test,7577,4,shd-test:488,5,,official,69
shd,test,5252,10,shd-test:489,18,,official,71
shd,test,10592,4,shd-test:490,10,,official,77
shd,test,6644,5,shd-test:491,10,,official,53
shd,test,7509,5,shd-test:492,2,,official,70
shd,test,8365,4,shd-test:493,5,,official,75
shd,test,3653,3,shd-test:494,18,,official,85
shd,test,10639,4,shd-test:495,0,,official,95
shd,test,7366,0,shd-test:496,7,,official,76
shd,test,9125,5,shd-test:497,1,,official,75
shd,test,6092,5,shd-test:498,12,,official,64
shd,test,6457,5,shd-test:499,8,,official,70
shd,test,5773,5,shd-test:500,18,,official,61
shd,test,11572,4,shd-test:501,19,,official,74
shd,test,9694,10,shd-test:502,17,,official,82
shd,test,8410,4,shd-test:503,1,,official,65
shd,test,9087,4,shd-test:504,11,,official,78
shd,test,2472,2,shd-test:505,5,,official,54
shd,test,8286,4,shd-test:506,8,,official,60
shd,test,10119,4,shd-test:507,3,,official,88
shd,test,10047,10,shd-test:508,17,,official,85
shd,test,6128,5,shd-test:509,18,,official,65
shd,test,9269,4,shd-test:510,1,,official,76
shd,test,8753,5,shd-test:511,13,,official,65
shd,test,10052,5,shd-test:512,17,,official,65
shd,test,11301,5,shd-test:513,17,,official,70
shd,test,5259,0,shd-test:514,5,,official,64
shd,test,4448,4,shd-test:515,18,,official,52
shd,test,6214,5,shd-test:516,5,,official,64
shd,test,11621,4,shd-test:517,19,,official,75
shd,test,6872,4,shd-test:518,15,,official,78
shd,test,6550,3,shd-test:519,4,,official,64
shd,test,15302,4,shd-test:520,17,,official,89
shd,test,14007,4,shd-test:521,17,,official,96
shd,test,8917,5,shd-test:522,0,,official,79
shd,test,6608,5,shd-test:523,15,,official,62
shd,test,7419,5,shd-test:524,10,,official,52
shd,test,8933,5,shd-test:525,19,,official,55
shd,test,7935,4,shd-test:526,2,,official,65
shd,test,6508,5,shd-test:527,5,,official,70
shd,test,6007,3,shd-test:528,10,,official,75
shd,test,7820,4,shd-test:529,15,,official,73
shd,test,10232,8,shd-test:530,19,,official,65
shd,test,12433,9,shd-test:531,13,,official,75
shd,test,7151,4,shd-test:532,3,,official,60
shd,test,4690,2,shd-test:533,12,,official,63
shd,test,7093,10,shd-test:534,12,,official,74
shd,test,6720,5,shd-test:535,4,,official,61
shd,test,9765,5,shd-test:536,7,,official,85
shd,test,9503,5,shd-test:537,7,,official,76
shd,test,7332,8,shd-test:538,5,,official,45
shd,test,6801,8,shd-test:539,3,,official,53
shd,test,6281,5,shd-test:540,8,,official,62
shd,test,5142,5,shd-test:541,6,,official,92
shd,test,9567,4,shd-test:542,9,,official,71
shd,test,11890,4,shd-test:543,19,,official,77
shd,test,10821,9,shd-test:544,14,,official,71
shd,test,4332,2,shd-test:545,15,,official,52
shd,test,7400,8,shd-test:546,5,,official,56
shd,test,6808,5,shd-test:547,8,,official,71
shd,test,8391,5,shd-test:548,13,,official,62
shd,test,5717,4,shd-test:549,18,,official,67
shd,test,8286,1,shd-test:550,16,,official,82
shd,test,5057,2,shd-test:551,11,,official,68
shd,test,5266,10,shd-test:552,6,,official,72
shd,test,3820,2,shd-test:553,4,,official,62
shd,test,7976,4,shd-test:554,8,,official,67
shd,test,6911,5,shd-test:555,10,,official,55
shd,test,7167,5,shd-test:556,14,,official,67
shd,test,10677,5,shd-test:557,17,,official,71
shd,test,7484,1,shd-test:558,16,,official,90
shd,test,7250,5,shd-test:559,10,,official,52
shd,test,11220,4,shd-test:560,12,,official,91
shd,test,9710,1,shd-test:561,7,,official,83
shd,test,7400,4,shd-test:562,4,,official,75
shd,test,3882,2,shd-test:563,6,,official,65
shd,test,4287,5,shd-test:564,6,,official,81
shd,test,7236,5,shd-test:565,3,,official,59
shd,test,8859,4,shd-test:566,4,,official,86
shd,test,4503,2,shd-test:567,6,,official,73
shd,test,6084,5,shd-test:568,5,,official,64
shd,test,12252,5,shd-test:569,17,,official,74
shd,test,13403,7,shd-test:570,19,,official,90
shd,test,8627,5,shd-test:571,13,,official,58
shd,test,9391,11,shd-test:572,19,,official,70
shd,test,11250,4,shd-test:573,10,,official,77
shd,test,9085,5,shd-test:574,19,,official,56
shd,test,9613,5,shd-test:575,19,,official,58
shd,test,13245,4,shd-test:576,13,,official,91
shd,test,8086,5,shd-test:577,3,,official,67
shd,test,8879,4,shd-test:578,14,,official,75
shd,test,6931,5,shd-test:579,12,,official,69
shd,test,9476,4,shd-test:580,10,,official,71
shd,test,7249,5,shd-test:581,3,,official,61
shd,test,9212,4,shd-test:582,16,,official,78
shd,test,10207,4,shd-test:583,7,,official,78
shd,test,10330,4,shd-test:584,12,,official,79
shd,test,4793,2,shd-test:585,11,,official,71
shd,test,8149,5,shd-test:586,1,,official,67
shd,test,8585,5,shd-test:587,19,,official,57
shd,test,6455,5,shd-test:588,4,,official,62
shd,test,4578,2,shd-test:589,12,,official,61
shd,test,6964,5,shd-test:590,11,,official,67
shd,test,7978,5,shd-test:591,12,,official,74
shd,test,7203,0,shd-test:592,11,,official,78
shd,test,10968,4,shd-test:593,9,,official,72
shd,test,6642,5,shd-test:594,2,,official,59
shd,test,4999,4,shd-test:595,6,,official,67
shd,test,11812,7,shd-test:596,17,,official,106
shd,test,7174,4,shd-test:597,15,,official,57
shd,test,4292,4,shd-test:598,18,,official,57
shd,test,5985,5,shd-test:599,16,,official,63
shd,test,3883,2,shd-test:600,8,,official,56
shd,test,6126,5,shd-test:601,15,,official,54
shd,test,8308,4,shd-test:602,3,,official,67
shd,test,9262,5,shd-test:603,7,,official,76
shd,test,11657,5,shd-test:604,17,,official,71
shd,test,12096,5,shd-test:605,17,,official,69
shd,test,8314,5,shd-test:606,1,,official,70
shd,test,6639,5,shd-test:607,5,,official,69
shd,test,6507,5,shd-test:608,2,,official,62
shd,test,5438,5,shd-test:609,18,,official,61
shd,test,9055,8,shd-test:610,17,,official,71
shd,test,8681,4,shd-test:611,8,,official,65
shd,test,10792,4,shd-test:612,10,,official,78
shd,test,9129,11,shd-test:613,12,,official,92
shd,test,8655,5,shd-test:614,19,,official,59
shd,test,8487,5,shd-test:615,13,,official,67
shd,test,11511,4,shd-test:616,10,,official,78
shd,test,6004,5,shd-test:617,15,,official,60
shd,test,4003,5,shd-test:618,6,,official,74
shd,test,6790,4,shd-test:619,8,,official,50
shd,test,5890,5,shd-test:620,4,,official,66
shd,test,6792,5,shd-test:621,2,,official,62
shd,test,6259,5,shd-test:622,15,,official,69
shd,test,10152,5,shd-test:623,9,,official,66
shd,test,6627,5,shd-test:624,4,,official,66
shd,test,7010,8,shd-test:625,14,,official,64
shd,test,12184,4,shd-test:626,9,,official,85
shd,test,7757,5,shd-test:627,13,,official,65
shd,test,5159,5,shd-test:628,18,,official,59
shd,test,8465,5,shd-test:629,9,,official,66
shd,test,7614,4,shd-test:630,2,,official,69
shd,test,10699,4,shd-test:631,12,,official,85
shd,test,6237,5,shd-test:632,15,,official,55
shd,test,14043,4,shd-test:633,17,,official,91
shd,test,9790,4,shd-test:634,11,,official,80
shd,test,10697,7,shd-test:635,7,,official,79
shd,test,7041,5,shd-test:636,8,,official,72
shd,test,8369,5,shd-test:637,9,,official,66
shd,test,9345,5,shd-test:638,9,,official,66
shd,test,7104,1,shd-test:639,2,,official,62
shd,test,11664,4,shd-test:640,13,,official,83
shd,test,6994,5,shd-test:641,10,,official,54
shd,test,6627,5,shd-test:642,5,,official,67
shd,test,5538,4,shd-test:643,18,,official,69
shd,test,7014,4,shd-test:644,8,,official,63
shd,test,11585,4,shd-test:645,10,,official,79
shd,test,4219,4,shd-test:646,6,,official,68
shd,test,4295,5,shd-test:647,6,,official,84
shd,test,9129,4,shd-test:648,11,,official,79
shd,test,7533,4,shd-test:649,4,,official,71
shd,test,6969,5,shd-test:650,3,,official,64
shd,test,4463,5,shd-test:651,6,,official,77
shd,test,8841,5,shd-test:652,19,,official,56
shd,test,11850,4,shd-test:653,0,,official,98
shd,test,8052,0,shd-test:654,9,,official,72
shd,test,7395,5,shd-test:655,5,,official,92
shd,test,7996,4,shd-test:656,8,,official,66
shd,test,11341,4,shd-test:657,12,,official,92
shd,test,11259,4,shd-test:658,0,,official,93
shd,test,8571,9,shd-test:659,8,,official,60
shd,test,7565,5,shd-test:660,12,,official,75
shd,test,12044,4,shd-test:661,13,,official,79
shd,test,7340,5,shd-test:662,12,,official,73
shd,test,13156,7,shd-test:663,19,,official,92
shd,test,9193,5,shd-test:664,9,,official,61
shd,test,14402,4,shd-test:665,17,,official,90
shd,test,11166,4,shd-test:666,12,,official,87
shd,test,5983,5,shd-test:667,16,,official,66
shd,test,9798,9,shd-test:668,4,,official,64
shd,test,7840,4,shd-test:669,16,,official,79
shd,test,10201,5,shd-test:670,17,,official,66
shd,test,6992,4,shd-test:671,8,,official,59
shd,test,6857,5,shd-test:672,16,,official,71
shd,test,5403,5,shd-test:673,5,,official,60
shd,test,9706,5,shd-test:674,0,,official,99
shd,test,11997,4,shd-test:675,13,,official,87
shd,test,9377,5,shd-test:676,9,,official,62
shd,test,7353,4,shd-test:677,2,,official,67
shd,test,10580,4,shd-test:678,1,,official,74
shd,test,7708,5,shd-test:679,1,,official,62
shd,test,7418,5,shd-test:680,10,,official,55
shd,test,8180,11,shd-test:681,8,,official,82
shd,test,8246,4,shd-test:682,3,,official,70
shd,test,7964,5,shd-test:683,19,,official,49
shd,test,5483,4,shd-test:684,18,,official,72
shd,test,9651,5,shd-test:685,9,,official,70
shd,test,8474,5,shd-test:686,13,,official,65
shd,test,7868,5,shd-test:687,12,,official,71
shd,test,6629,5,shd-test:688,2,,official,62
shd,test,8957,4,shd-test:689,3,,official,69
shd,test,9602,4,shd-test:690,8,,official,67
shd,test,8792,7,shd-test:691,8,,official,74
shd,test,5626,10,shd-test:692,18,,official,69
shd,test,11113,7,shd-test:693,1,,official,68
shd,test,6715,4,shd-test:694,8,,official,57
shd,test,9491,9,shd-test:695,8,,official,65
shd,test,9534,5,shd-test:696,9,,official,63
shd,test,7250,5,shd-test:697,12,,official,70
shd,test,6458,5,shd-test:698,4,,official,69
shd,test,3815,5,shd-test:699,6,,official,68
shd,test,11967,4,shd-test:700,13,,official,84
shd,test,11287,7,shd-test:701,19,,official,81
shd,test,7146,4,shd-test:702,16,,official,73
shd,test,7195,5,shd-test:703,11,,official,72
shd,test,8311,4,shd-test:704,8,,official,64
shd,test,14515,4,shd-test:705,17,,official,89
shd,test,8084,4,shd-test:706,14,,official,74
shd,test,5065,2,shd-test:707,1,,official,62
shd,test,7465,5,shd-test:708,11,,official,67
shd,test,5407,5,shd-test:709,5,,official,61
shd,test,7712,4,shd-test:710,4,,official,77
shd,test,8178,5,shd-test:711,11,,official,67
shd,test,10254,9,shd-test:712,2,,official,65
shd,test,9366,1,shd-test:713,14,,official,75
shd,test,8426,4,shd-test:714,11,,official,80
shd,test,8182,6,shd-test:715,11,,official,90
shd,test,7718,5,shd-test:716,11,,official,67
shd,test,7737,4,shd-test:717,3,,official,63
shd,test,11638,4,shd-test:718,9,,official,76
shd,test,7146,1,shd-test:719,18,,official,99
shd,test,7452,5,shd-test:720,11,,official,73
shd,test,11513,4,shd-test:721,0,,official,91
shd,test,4455,5,shd-test:722,6,,official,79
shd,test,8291,8,shd-test:723,10,,official,62
shd,test,13847,4,shd-test:724,13,,official,94
shd,test,7293,5,shd-test:725,10,,official,57
shd,test,5762,5,shd-test:726,18,,official,63
shd,test,6313,5,shd-test:727,5,,official,71
shd,test,9180,4,shd-test:728,3,,official,72
shd,test,8479,5,shd-test:729,19,,official,58
shd,test,7376,5,shd-test:730,10,,official,55
shd,test,10769,4,shd-test:731,1,,official,77
shd,test,9064,4,shd-test:732,2,,official,85
shd,test,8215,5,shd-test:733,1,,official,66
shd,test,10067,4,shd-test:734,7,,official,78
shd,test,13113,4,shd-test:735,13,,official,83
shd,test,6231,5,shd-test:736,2,,official,61
shd,test,5801,9,shd-test:737,6,,official,78
shd,test,12172,5,shd-test:738,17,,official,76
shd,test,4623,2,shd-test:739,2,,official,54
shd,test,7676,5,shd-test:740,3,,official,62
shd,test,12321,4,shd-test:741,13,,official,84
shd,test,7550,5,shd-test:742,11,,official,72
shd,test,10934,9,shd-test:743,9,,official,56
shd,test,10281,5,shd-test:744,0,,official,83
shd,test,8801,5,shd-test:745,0,,official,83
shd,test,12620,4,shd-test:746,17,,official,86
shd,test,7133,5,shd-test:747,2,,official,68
shd,test,8932,4,shd-test:748,12,,official,84
shd,test,9812,8,shd-test:749,0,,official,65
shd,test,7586,5,shd-test:750,12,,official,69
shd,test,6751,5,shd-test:751,4,,official,66
shd,test,6849,4,shd-test:752,15,,official,77
shd,test,9064,4,shd-test:753,12,,official,83
shd,test,7788,5,shd-test:754,10,,official,55
shd,test,8885,5,shd-test:755,1,,official,66
shd,test,9517,5,shd-test:756,19,,official,59
shd,test,10669,11,shd-test:757,3,,official,95
shd,test,12017,9,shd-test:758,0,,official,75
shd,test,9990,5,shd-test:759,7,,official,80
shd,test,9420,5,shd-test:760,19,,official,60
shd,test,9011,5,shd-test:761,0,,official,78
shd,test,9228,4,shd-test:762,4,,official,84
shd,test,11821,4,shd-test:763,0,,official,94
shd,test,5731,5,shd-test:764,16,,official,67
shd,test,8677,5,shd-test:765,9,,official,59
shd,test,6897,10,shd-test:766,15,,official,68
shd,test,6101,4,shd-test:767,18,,official,71
shd,test,7008,5,shd-test:768,4,,official,62
shd,test,6879,10,shd-test:769,2,,official,62
shd,test,7476,4,shd-test:770,15,,official,69
shd,test,8023,4,shd-test:771,4,,official,66
shd,test,9273,5,shd-test:772,0,,official,82
shd,test,8668,7,shd-test:773,5,,official,63
shd,test,7754,4,shd-test:774,8,,official,63
shd,test,6454,10,shd-test:775,12,,official,70
shd,test,5069,8,shd-test:776,6,,official,58
shd,test,10852,5,shd-test:777,17,,official,69
shd,test,8526,5,shd-test:778,19,,official,55
shd,test,8759,8,shd-test:779,12,,official,75
shd,test,8753,5,shd-test:780,19,,official,55
shd,test,9479,4,shd-test:781,10,,official,74
shd,test,13836,4,shd-test:782,17,,official,89
shd,test,8834,4,shd-test:783,16,,official,81
shd,test,8907,5,shd-test:784,7,,official,89
shd,test,10826,5,shd-test:785,17,,official,67
shd,test,9989,4,shd-test:786,7,,official,78
shd,test,6338,5,shd-test:787,15,,official,62
shd,test,7748,5,shd-test:788,11,,official,69
shd,test,6447,1,shd-test:789,8,,official,61
shd,test,7289,8,shd-test:790,5,,official,56
shd,test,6244,10,shd-test:791,8,,official,56
shd,test,4155,5,shd-test:792,6,,official,74
shd,test,6152,5,shd-test:793,18,,official,64
shd,test,9068,5,shd-test:794,13,,official,61
shd,test,11894,4,shd-test:795,19,,official,74
shd,test,5847,5,shd-test:796,5,,official,70
shd,test,6860,10,shd-test:797,3,,official,61
shd,test,6716,5,shd-test:798,12,,official,63
shd,test,10046,4,shd-test:799,12,,official,83
shd,test,9111,5,shd-test:800,1,,official,67
shd,test,7826,5,shd-test:801,13,,official,57
shd,test,8452,5,shd-test:802,7,,official,78
shd,test,9410,5,shd-test:803,9,,official,64
shd,test,8140,0,shd-test:804,1,,official,68
shd,test,10540,4,shd-test:805,0,,official,91
shd,test,7080,5,shd-test:806,5,,official,70
shd,test,6051,5,shd-test:807,15,,official,64
shd,test,9051,5,shd-test:808,13,,official,61
shd,test,7427,10,shd-test:809,0,,official,78
shd,test,7758,5,shd-test:810,1,,official,58
shd,test,9641,4,shd-test:811,11,,official,87
shd,test,9512,5,shd-test:812,7,,official,80
shd,test,7803,5,shd-test:813,11,,official,72
shd,test,8346,5,shd-test:814,1,,official,67
shd,test,7504,5,shd-test:815,14,,official,62
shd,test,12431,4,shd-test:816,10,,official,87
shd,test,7201,5,shd-test:817,1,,official,65
shd,test,13231,7,shd-test:818,19,,official,84
shd,test,15020,4,shd-test:819,17,,official,94
shd,test,10817,5,shd-test:820,17,,official,64
shd,test,8460,4,shd-test:821,14,,official,76
shd,test,5500,2,shd-test:822,7,,official,73
shd,test,8656,4,shd-test:823,11,,official,82
shd,test,6354,4,shd-test:824,5,,official,63
shd,test,7119,4,shd-test:825,8,,official,53
shd,test,6633,4,shd-test:826,2,,official,62
shd,test,7629,1,shd-test:827,2,,official,66
shd,test,6643,5,shd-test:828,16,,official,74
shd,test,10412,5,shd-test:829,9,,official,71
shd,test,5223,6,shd-test:830,16,,official,85
shd,test,11390,4,shd-test:831,19,,official,75
shd,test,6459,5,shd-test:832,2,,official,63
shd,test,9411,5,shd-test:833,9,,official,65
shd,test,7176,5,shd-test:834,12,,official,68
shd,test,16257,4,shd-test:835,17,,official,96
shd,test,7064,5,shd-test:836,13,,official,54
shd,test,12289,4,shd-test:837,19,,official,82
shd,test,6516,5,shd-test:838,16,,official,68
shd,test,8099,5,shd-test:839,1,,official,69
shd,test,9650,4,shd-test:840,10,,official,71
shd,test,13398,4,shd-test:841,17,,official,88
shd,test,11805,11,shd-test:842,11,,official,105
shd,test,4904,5,shd-test:843,18,,official,57
shd,test,7914,5,shd-test:844,11,,official,69
shd,test,8078,5,shd-test:845,13,,official,65
shd,test,6422,6,shd-test:846,13,,official,71
shd,test,8876,4,shd-test:847,3,,official,69
shd,test,9314,11,shd-test:848,17,,official,93
shd,test,8566,11,shd-test:849,10,,official,75
shd,test,6001,4,shd-test:850,18,,official,68
shd,test,7057,5,shd-test:851,16,,official,73
shd,test,9375,5,shd-test:852,0,,official,88
shd,test,5445,5,shd-test:853,16,,official,70
shd,test,8166,4,shd-test:854,15,,official,75
shd,test,9638,9,shd-test:855,4,,official,63
shd,test,7320,4,shd-test:856,5,,official,67
shd,test,5818,4,shd-test:857,18,,official,75
shd,test,5707,5,shd-test:858,15,,official,55
shd,test,7727,5,shd-test:859,3,,official,64
shd,test,9887,9,shd-test:860,4,,official,66
shd,test,8988,5,shd-test:861,19,,official,59
shd,test,8335,4,shd-test:862,2,,official,72
shd,test,8949,4,shd-test:863,16,,official,81
shd,test,11163,9,shd-test:864,12,,official,83
shd,test,6819,5,shd-test:865,5,,official,72
shd,test,7591,5,shd-test:866,14,,official,64
shd,test,7878,5,shd-test:867,12,,official,70
shd,test,6365,5,shd-test:868,11,,official,65
shd,test,7677,4,shd-test:869,2,,official,68
shd,test,6250,2,shd-test:870,17,,official,66
shd,test,8231,4,shd-test:871,2,,official,70
shd,test,7641,5,shd-test:872,1,,official,62
shd,test,7692,5,shd-test:873,12,,official,64
shd,test,8787,11,shd-test:874,14,,official,79
shd,test,7201,7,shd-test:875,18,,official,93
shd,test,4443,5,shd-test:876,6,,official,75
shd,test,7529,5,shd-test:877,9,,official,62
shd,test,8904,5,shd-test:878,13,,official,65
shd,test,9798,4,shd-test:879,3,,official,82
shd,test,8578,5,shd-test:880,0,,official,75
shd,test,12775,4,shd-test:881,17,,official,88
shd,test,9993,4,shd-test:882,16,,official,93
shd,test,6680,5,shd-test:883,2,,official,63
shd,test,6865,5,shd-test:884,2,,official,66
shd,test,11056,5,shd-test:885,17,,official,67
shd,test,4954,2,shd-test:886,2,,official,56
shd,test,4453,5,shd-test:887,6,,official,78
shd,test,11083,4,shd-test:888,19,,official,72
shd,test,6229,5,shd-test:889,18,,official,62
shd,test,10507,4,shd-test:890,19,,official,70
shd,test,9317,5,shd-test:891,7,,official,80
shd,test,12439,11,shd-test:892,17,,official,111
shd,test,10223,4,shd-test:893,7,,official,79
shd,test,9376,5,shd-test:894,19,,official,58
shd,test,6825,4,shd-test:895,18,,official,74
shd,test,9561,7,shd-test:896,4,,official,67
shd,test,7876,4,shd-test:897,2,,official,73
shd,test,8280,5,shd-test:898,1,,official,66
shd,test,5925,5,shd-test:899,4,,official,56
shd,test,8313,5,shd-test:900,13,,official,61
shd,test,11118,4,shd-test:901,12,,official,93
shd,test,8820,1,shd-test:902,16,,official,89
shd,test,9718,5,shd-test:903,19,,official,60
shd,test,8697,4,shd-test:904,11,,official,76
shd,test,11221,4,shd-test:905,10,,official,79
shd,test,9472,8,shd-test:906,19,,official,63
shd,test,8516,1,shd-test:907,12,,official,83
shd,test,7881,5,shd-test:908,11,,official,73
shd,test,3268,2,shd-test:909,6,,official,68
shd,test,6584,5,shd-test:910,2,,official,61
shd,test,8948,4,shd-test:911,2,,official,84
shd,test,6245,5,shd-test:912,15,,official,59
shd,test,5521,0,shd-test:913,8,,official,60
shd,test,6591,4,shd-test:914,5,,official,63
shd,test,5805,4,shd-test:915,18,,official,72
shd,test,8638,5,shd-test:916,14,,official,66
shd,test,5914,4,shd-test:917,18,,official,71
shd,test,6549,10,shd-test:918,2,,official,60
shd,test,7313,4,shd-test:919,15,,official,70
shd,test,7050,10,shd-test:920,3,,official,57
shd,test,7524,5,shd-test:921,11,,official,69
shd,test,11078,4,shd-test:922,10,,official,76
shd,test,10481,4,shd-test:923,1,,official,75
shd,test,5236,5,shd-test:924,16,,official,64
shd,test,6085,5,shd-test:925,15,,official,56
shd,test,6324,5,shd-test:926,2,,official,58
shd,test,6466,5,shd-test:927,14,,official,52
shd,test,11726,4,shd-test:928,9,,official,80
shd,test,7297,5,shd-test:929,10,,official,57
shd,test,8929,5,shd-test:930,0,,official,100
shd,test,9768,7,shd-test:931,8,,official,71
shd,test,7301,5,shd-test:932,2,,official,67
shd,test,8263,11,shd-test:933,18,,official,88
shd,test,5192,5,shd-test:934,18,,official,59
shd,test,7262,4,shd-test:935,15,,official,60
shd,test,8083,5,shd-test:936,1,,official,60
shd,test,7168,5,shd-test:937,11,,official,68
shd,test,9708,5,shd-test:938,7,,official,82
shd,test,5099,4,shd-test:939,5,,official,59
shd,test,9884,5,shd-test:940,19,,official,61
shd,test,6300,4,shd-test:941,5,,official,69
shd,test,7778,5,shd-test:942,12,,official,80
shd,test,10306,4,shd-test:943,10,,official,78
shd,test,6682,5,shd-test:944,8,,official,67
shd,test,11246,4,shd-test:945,7,,official,92
shd,test,12624,4,shd-test:946,19,,official,76
shd,test,4967,4,shd-test:947,18,,official,68
shd,test,8383,4,shd-test:948,14,,official,69
shd,test,7308,5,shd-test:949,10,,official,56
shd,test,8558,4,shd-test:950,16,,official,80
shd,test,10581,4,shd-test:951,10,,official,78
shd,test,6184,4,shd-test:952,18,,official,73
shd,test,9916,4,shd-test:953,14,,official,79
shd,test,11102,4,shd-test:954,14,,official,83
shd,test,12218,9,shd-test:955,17,,official,76
shd,test,11929,5,shd-test:956,17,,official,69
shd,test,4600,4,shd-test:957,6,,official,64
shd,test,10368,4,shd-test:958,10,,official,77
shd,test,11606,4,shd-test:959,9,,official,79
shd,test,13630,4,shd-test:960,17,,official,84
shd,test,10084,5,shd-test:961,7,,official,86
shd,test,6861,4,shd-test:962,15,,official,62
shd,test,7634,8,shd-test:963,14,,official,57
shd,test,5090,3,shd-test:964,11,,official,89
shd,test,10077,4,shd-test:965,7,,official,85
shd,test,11321,4,shd-test:966,13,,official,84
shd,test,7039,5,shd-test:967,8,,official,66
shd,test,5312,3,shd-test:968,10,,official,70
shd,test,6692,5,shd-test:969,15,,official,70
shd,test,6126,5,shd-test:970,3,,official,55
shd,test,5101,1,shd-test:971,6,,official,75
shd,test,4619,4,shd-test:972,18,,official,69
shd,test,10584,4,shd-test:973,19,,official,73
shd,test,10362,9,shd-test:974,5,,official,55
shd,test,7130,4,shd-test:975,2,,official,70
shd,test,6181,5,shd-test:976,12,,official,62
shd,test,8598,7,shd-test:977,2,,official,66
shd,test,9983,4,shd-test:978,14,,official,83
shd,test,8915,4,shd-test:979,3,,official,69
shd,test,7200,4,shd-test:980,3,,official,58
shd,test,10281,4,shd-test:981,10,,official,75
shd,test,8182,4,shd-test:982,2,,official,75
shd,test,6927,6,shd-test:983,14,,official,62
shd,test,9544,4,shd-test:984,14,,official,73
shd,test,9968,9,shd-test:985,15,,official,81
shd,test,6524,4,shd-test:986,5,,official,67
shd,test,6953,10,shd-test:987,10,,official,67
shd,test,7123,4,shd-test:988,4,,official,68
shd,test,9932,4,shd-test:989,14,,official,78
shd,test,6641,2,shd-test:990,17,,official,75
shd,test,13142,4,shd-test:991,13,,official,91
shd,test,6980,5,shd-test:992,1,,official,61
shd,test,5733,5,shd-test:993,18,,official,59
shd,test,11541,4,shd-test:994,19,,official,74
shd,test,7821,5,shd-test:995,12,,official,72
shd,test,4948,3,shd-test:996,13,,official,80
shd,test,5185,5,shd-test:997,16,,official,65
shd,test,9698,4,shd-test:998,14,,official,73
shd,test,6822,11,shd-test:999,17,,official,78
shd,test,3930,3,shd-test:1000,18,,official,82
shd,test,7577,6,shd-test:1001,13,,official,79
shd,test,9571,1,shd-test:1002,13,,official,80
shd,test,7831,5,shd-test:1003,12,,official,68
shd,test,6676,5,shd-test:1004,10,,official,52
shd,test,9158,5,shd-test:1005,7,,official,87
shd,test,4045,5,shd-test:1006,6,,official,74
shd,test,9839,0,shd-test:1007,17,,official,86
shd,test,6691,5,shd-test:1008,8,,official,72
shd,test,8386,5,shd-test:1009,7,,official,87
shd,test,10158,4,shd-test:1010,0,,official,88
shd,test,6531,5,shd-test:1011,16,,official,85
shd,test,6164,5,shd-test:1012,4,,official,49
shd,test,9450,4,shd-test:1013,9,,official,74
shd,test,9425,5,shd-test:1014,19,,official,59
shd,test,5371,1,shd-test:1015,6,,official,79
shd,test,7035,4,shd-test:1016,15,,official,61
shd,test,8007,4,shd-test:1017,4,,official,74
shd,test,9265,5,shd-test:1018,19,,official,58
shd,test,5946,5,shd-test:1019,5,,official,65
shd,test,6746,5,shd-test:1020,14,,official,58
shd,test,9184,4,shd-test:1021,1,,official,73
shd,test,9521,4,shd-test:1022,3,,official,72
shd,test,7845,1,shd-test:1023,3,,official,70
shd,test,11375,4,shd-test:1024,10,,official,80
shd,test,10673,5,shd-test:1025,9,,official,75
shd,test,6927,4,shd-test:1026,15,,official,73
shd,test,9158,5,shd-test:1027,1,,official,75
shd,test,10892,4,shd-test:1028,9,,official,76
shd,test,6715,4,shd-test:1029,2,,official,66
shd,test,6761,5,shd-test:1030,3,,official,54
shd,test,4561,4,shd-test:1031,6,,official,74
shd,test,5699,4,shd-test:1032,18,,official,68
shd,test,5400,4,shd-test:1033,18,,official,68
shd,test,9252,4,shd-test:1034,7,,official,78
shd,test,6093,4,shd-test:1035,15,,official,64
shd,test,8866,10,shd-test:1036,9,,official,61
shd,test,7134,5,shd-test:1037,5,,official,68
shd,test,10939,4,shd-test:1038,1,,official,78
shd,test,9379,4,shd-test:1039,12,,official,82
shd,test,9061,5,shd-test:1040,9,,official,60
shd,test,9587,5,shd-test:1041,9,,official,66
shd,test,11596,4,shd-test:1042,13,,official,88
shd,test,9177,4,shd-test:1043,16,,official,83
shd,test,7404,5,shd-test:1044,11,,official,64
shd,test,3875,5,shd-test:1045,6,,official,75
shd,test,8509,5,shd-test:1046,1,,official,69
shd,test,6934,4,shd-test:1047,5,,official,66
shd,test,8064,4,shd-test:1048,5,,official,66
shd,test,9462,4,shd-test:1049,12,,official,90
shd,test,6612,10,shd-test:1050,2,,official,61
shd,test,4017,5,shd-test:1051,6,,official,80
shd,test,9000,4,shd-test:1052,11,,official,77
shd,test,11246,4,shd-test:1053,12,,official,91
shd,test,9042,4,shd-test:1054,16,,official,84
shd,test,6922,5,shd-test:1055,10,,official,53
shd,test,7961,5,shd-test:1056,11,,official,62
shd,test,12034,4,shd-test:1057,0,,official,94
shd,test,10056,5,shd-test:1058,7,,official,92
shd,test,10688,4,shd-test:1059,10,,official,75
shd,test,7876,4,shd-test:1060,2,,official,70
shd,test,4386,4,shd-test:1061,6,,official,73
shd,test,12576,4,shd-test:1062,13,,official,86
shd,test,6933,5,shd-test:1063,14,,official,54
shd,test,5506,5,shd-test:1064,16,,official,65
shd,test,10465,4,shd-test:1065,19,,official,70
shd,test,7431,4,shd-test:1066,2,,official,68
shd,test,5756,4,shd-test:1067,18,,official,70
shd,test,11541,5,shd-test:1068,17,,official,75
shd,test,11247,4,shd-test:1069,7,,official,82
shd,test,9115,4,shd-test:1070,4,,official,81
shd,test,7911,4,shd-test:1071,16,,official,77
shd,test,7362,5,shd-test:1072,13,,official,62
shd,test,6991,5,shd-test:1073,8,,official,71
shd,test,8974,4,shd-test:1074,14,,official,80
shd,test,9638,4,shd-test:1075,10,,official,71
shd,test,7604,5,shd-test:1076,4,,official,79
shd,test,5444,4,shd-test:1077,5,,official,56
shd,test,7236,5,shd-test:1078,12,,official,65
shd,test,10222,5,shd-test:1079,0,,official,90
shd,test,7788,5,shd-test:1080,1,,official,64
shd,test,7146,5,shd-test:1081,2,,official,69
shd,test,9636,4,shd-test:1082,11,,official,81
shd,test,7647,5,shd-test:1083,14,,official,68
shd,test,8931,4,shd-test:1084,16,,official,82
shd,test,8133,4,shd-test:1085,3,,official,67
shd,test,10563,8,shd-test:1086,1,,official,63
shd,test,8809,0,shd-test:1087,9,,official,72
shd,test,7463,5,shd-test:1088,10,,official,59
shd,test,9900,4,shd-test:1089,14,,official,83
shd,test,9626,4,shd-test:1090,12,,official,84
shd,test,5697,5,shd-test:1091,5,,official,63
shd,test,10565,7,shd-test:1092,4,,official,80
shd,test,7027,5,shd-test:1093,2,,official,65
shd,test,3985,4,shd-test:1094,6,,official,56
shd,test,5142,4,shd-test:1095,6,,official,67
shd,test,9759,4,shd-test:1096,14,,official,83
shd,test,6398,10,shd-test:1097,10,,official,62
shd,test,6608,5,shd-test:1098,4,,official,64
shd,test,8933,5,shd-test:1099,13,,official,61
shd,test,5487,5,shd-test:1100,18,,official,60
shd,test,8573,5,shd-test:1101,0,,official,83
shd,test,4911,5,shd-test:1102,16,,official,61
shd,test,7152,5,shd-test:1103,2,,official,65
shd,test,10089,5,shd-test:1104,19,,official,66
shd,test,11103,4,shd-test:1105,0,,official,91
shd,test,8562,4,shd-test:1106,8,,official,65
shd,test,10270,4,shd-test:1107,12,,official,86
shd,test,7137,10,shd-test:1108,10,,official,67
shd,test,11305,4,shd-test:1109,19,,official,70
shd,test,10411,5,shd-test:1110,7,,official,88
shd,test,8651,8,shd-test:1111,11,,official,71
shd,test,6633,5,shd-test:1112,13,,official,61
shd,test,10096,4,shd-test:1113,9,,official,79
shd,test,9805,8,shd-test:1114,1,,official,59
shd,test,7434,5,shd-test:1115,14,,official,54
shd,test,7924,5,shd-test:1116,0,,official,86
shd,test,11096,4,shd-test:1117,0,,official,98
shd,test,9303,4,shd-test:1118,1,,official,74
shd,test,8248,5,shd-test:1119,19,,official,58
shd,test,8290,4,shd-test:1120,12,,official,82
shd,test,8769,5,shd-test:1121,10,,official,62
shd,test,4350,5,shd-test:1122,6,,official,80
shd,test,4225,5,shd-test:1123,6,,official,76
shd,test,9902,5,shd-test:1124,17,,official,62
shd,test,9358,5,shd-test:1125,9,,official,69
shd,test,6214,4,shd-test:1126,18,,official,68
shd,test,3010,2,shd-test:1127,4,,official,59
shd,test,10321,4,shd-test:1128,10,,official,75
shd,test,5905,4,shd-test:1129,5,,official,57
shd,test,5679,4,shd-test:1130,18,,official,74
shd,test,5344,5,shd-test:1131,16,,official,68
shd,test,6807,4,shd-test:1132,15,,official,72
shd,test,8604,5,shd-test:1133,1,,official,71
shd,test,8857,8,shd-test:1134,11,,official,74
shd,test,7362,7,shd-test:1135,16,,official,110
shd,test,7085,4,shd-test:1136,8,,official,52
shd,test,8180,1,shd-test:1137,11,,official,81
shd,test,9970,4,shd-test:1138,11,,official,84
shd,test,7538,5,shd-test:1139,5,,official,74
shd,test,8519,5,shd-test:1140,1,,official,67
shd,test,10519,4,shd-test:1141,1,,official,76
shd,test,4428,3,shd-test:1142,4,,official,63
shd,test,8212,11,shd-test:1143,8,,official,110
shd,test,9474,4,shd-test:1144,11,,official,77
shd,test,5385,4,shd-test:1145,18,,official,70
shd,test,9502,4,shd-test:1146,14,,official,83
shd,test,8895,5,shd-test:1147,0,,official,84
shd,test,5009,4,shd-test:1148,18,,official,59
shd,test,6978,4,shd-test:1149,5,,official,64
shd,test,6986,5,shd-test:1150,15,,official,68
shd,test,14320,4,shd-test:1151,17,,official,90
shd,test,10612,9,shd-test:1152,14,,official,71
shd,test,6994,7,shd-test:1153,16,,official,98
shd,test,7754,5,shd-test:1154,13,,official,57
shd,test,7352,5,shd-test:1155,8,,official,67
shd,test,8466,11,shd-test:1156,13,,official,74
shd,test,14315,1,shd-test:1157,17,,official,101
shd,test,9521,4,shd-test:1158,11,,official,77
shd,test,9978,4,shd-test:1159,0,,official,96
shd,test,5999,8,shd-test:1160,18,,official,65
shd,test,7318,3,shd-test:1161,7,,official,80
shd,test,4444,0,shd-test:1162,18,,official,61
shd,test,10636,4,shd-test:1163,19,,official,69
shd,test,3520,5,shd-test:1164,6,,official,72
shd,test,5262,4,shd-test:1165,18,,official,74
shd,test,7047,10,shd-test:1166,10,,official,66
shd,test,6944,1,shd-test:1167,16,,official,89
shd,test,7636,5,shd-test:1168,12,,official,68
shd,test,11165,7,shd-test:1169,0,,official,83
shd,test,13666,4,shd-test:1170,13,,official,86
shd,test,7888,0,shd-test:1171,3,,official,65
shd,test,12180,4,shd-test:1172,19,,official,77
shd,test,8761,5,shd-test:1173,0,,official,81
shd,test,5820,3,shd-test:1174,16,,official,89
shd,test,6897,5,shd-test:1175,8,,official,65
shd,test,6600,5,shd-test:1176,4,,official,61
shd,test,13968,4,shd-test:1177,17,,official,83
shd,test,11298,7,shd-test:1178,8,,official,89
shd,test,3844,6,shd-test:1179,6,,official,54
shd,test,9428,4,shd-test:1180,7,,official,87
shd,test,6822,5,shd-test:1181,8,,official,70
shd,test,7636,5,shd-test:1182,10,,official,61
shd,test,5082,5,shd-test:1183,5,,official,57
shd,test,11636,4,shd-test:1184,10,,official,79
shd,test,4964,5,shd-test:1185,18,,official,59
shd,test,7830,7,shd-test:1186,18,,official,93
shd,test,10137,4,shd-test:1187,9,,official,74
shd,test,7922,4,shd-test:1188,15,,official,80
shd,test,6501,4,shd-test:1189,18,,official,77
shd,test,8266,5,shd-test:1190,19,,official,53
shd,test,6209,5,shd-test:1191,5,,official,57
shd,test,13426,4,shd-test:1192,13,,official,89
shd,test,5491,5,shd-test:1193,18,,official,61
shd,test,12144,4,shd-test:1194,13,,official,80
shd,test,9200,5,shd-test:1195,0,,official,81
shd,test,14034,4,shd-test:1196,17,,official,93
shd,test,5311,5,shd-test:1197,5,,official,70
shd,test,6845,5,shd-test:1198,4,,official,60
shd,test,4827,2,shd-test:1199,16,,official,68
shd,test,11046,5,shd-test:1200,17,,official,68
shd,test,3542,5,shd-test:1201,6,,official,73
shd,test,12231,4,shd-test:1202,9,,official,87
shd,test,4942,5,shd-test:1203,18,,official,59
shd,test,7660,4,shd-test:1204,14,,official,60
shd,test,3938,2,shd-test:1205,16,,official,62
shd,test,10963,4,shd-test:1206,12,,official,86
shd,test,5426,4,shd-test:1207,18,,official,56
shd,test,6762,5,shd-test:1208,14,,official,57
shd,test,8327,4,shd-test:1209,3,,official,68
shd,test,6809,8,shd-test:1210,8,,official,55
shd,test,7245,5,shd-test:1211,2,,official,66
shd,test,7678,5,shd-test:1212,14,,official,67
shd,test,8995,8,shd-test:1213,10,,official,67
shd,test,14039,4,shd-test:1214,13,,official,93
shd,test,11514,4,shd-test:1215,7,,official,87
shd,test,7131,4,shd-test:1216,15,,official,61
shd,test,6980,5,shd-test:1217,3,,official,55
shd,test,12126,4,shd-test:1218,13,,official,82
shd,test,9259,4,shd-test:1219,10,,official,73
shd,test,6823,5,shd-test:1220,3,,official,53
shd,test,5281,5,shd-test:1221,15,,official,46
shd,test,4966,6,shd-test:1222,5,,official,54
shd,test,5383,5,shd-test:1223,16,,official,66
shd,test,8041,5,shd-test:1224,1,,official,67
shd,test,8491,5,shd-test:1225,1,,official,66
shd,test,4565,4,shd-test:1226,6,,official,62
shd,test,8710,11,shd-test:1227,11,,official,99
shd,test,6307,3,shd-test:1228,0,,official,89
shd,test,6386,4,shd-test:1229,5,,official,62
shd,test,5467,5,shd-test:1230,5,,official,66
shd,test,3707,4,shd-test:1231,6,,official,65
shd,test,6759,4,shd-test:1232,15,,official,66
shd,test,12288,4,shd-test:1233,13,,official,88
shd,test,9538,5,shd-test:1234,7,,official,87
shd,test,5902,4,shd-test:1235,18,,official,76
shd,test,8254,4,shd-test:1236,1,,official,70
shd,test,6781,5,shd-test:1237,2,,official,66
shd,test,8674,4,shd-test:1238,3,,official,73
shd,test,9587,5,shd-test:1239,7,,official,89
shd,test,5519,5,shd-test:1240,18,,official,57
shd,test,8219,5,shd-test:1241,10,,official,59
shd,test,5286,4,shd-test:1242,18,,official,61
shd,test,10137,4,shd-test:1243,3,,official,88
shd,test,9723,5,shd-test:1244,19,,official,60
shd,test,6864,5,shd-test:1245,11,,official,67
shd,test,7693,5,shd-test:1246,12,,official,74
shd,test,6253,4,shd-test:1247,4,,official,61
shd,test,6375,3,shd-test:1248,14,,official,69
shd,test,9627,1,shd-test:1249,7,,official,82
shd,test,12024,4,shd-test:1250,0,,official,94
shd,test,10420,5,shd-test:1251,7,,official,84
shd,test,4968,0,shd-test:1252,5,,official,64
shd,test,8901,4,shd-test:1253,3,,official,68
shd,test,6052,4,shd-test:1254,5,,official,61
shd,test,6416,0,shd-test:1255,2,,official,56
shd,test,9425,5,shd-test:1256,7,,official,95
shd,test,7137,5,shd-test:1257,3,,official,66
shd,test,9047,4,shd-test:1258,7,,official,72
shd,test,7992,5,shd-test:1259,13,,official,63
shd,test,7958,5,shd-test:1260,11,,official,70
shd,test,9714,4,shd-test:1261,11,,official,88
shd,test,8317,4,shd-test:1262,8,,official,62
shd,test,10084,4,shd-test:1263,7,,official,84
shd,test,8260,4,shd-test:1264,16,,official,79
shd,test,10352,4,shd-test:1265,10,,official,76
shd,test,4742,3,shd-test:1266,15,,official,58
shd,test,6272,5,shd-test:1267,15,,official,62
shd,test,6687,10,shd-test:1268,1,,official,60
shd,test,8767,4,shd-test:1269,14,,official,77
shd,test,7602,5,shd-test:1270,3,,official,64
shd,test,12822,4,shd-test:1271,13,,official,86
shd,test,7981,5,shd-test:1272,1,,official,67
shd,test,7216,5,shd-test:1273,4,,official,61
shd,test,9727,4,shd-test:1274,12,,official,80
shd,test,6103,3,shd-test:1275,7,,official,65
shd,test,8223,5,shd-test:1276,1,,official,68
shd,test,8665,5,shd-test:1277,13,,official,62
shd,test,6713,2,shd-test:1278,17,,official,67
shd,test,3774,5,shd-test:1279,6,,official,75
shd,test,8312,5,shd-test:1280,10,,official,59
shd,test,3809,5,shd-test:1281,6,,official,76
shd,test,9583,4,shd-test:1282,1,,official,74
shd,test,12102,4,shd-test:1283,19,,official,78
shd,test,8280,5,shd-test:1284,13,,official,61
shd,test,7158,5,shd-test:1285,11,,official,68
shd,test,6944,5,shd-test:1286,4,,official,61
shd,test,12497,4,shd-test:1287,19,,official,76
shd,test,8889,4,shd-test:1288,16,,official,84
shd,test,8909,4,shd-test:1289,16,,official,82
shd,test,7924,5,shd-test:1290,11,,official,64
shd,test,6154,5,shd-test:1291,10,,official,53
shd,test,10001,4,shd-test:1292,0,,official,87
shd,test,8329,4,shd-test:1293,16,,official,82
shd,test,7934,5,shd-test:1294,1,,official,65
shd,test,6567,5,shd-test:1295,8,,official,69
shd,test,9137,4,shd-test:1296,16,,official,82
shd,test,7192,5,shd-test:1297,12,,official,64
shd,test,7854,5,shd-test:1298,10,,official,58
shd,test,8878,5,shd-test:1299,0,,official,83
shd,test,6970,4,shd-test:1300,5,,official,71
shd,test,7557,4,shd-test:1301,8,,official,65
shd,test,3911,2,shd-test:1302,6,,official,67
shd,test,9195,5,shd-test:1303,9,,official,68
shd,test,4472,5,shd-test:1304,6,,official,86
shd,test,7903,5,shd-test:1305,13,,official,65
shd,test,9285,4,shd-test:1306,9,,official,74
shd,test,6719,5,shd-test:1307,10,,official,51
shd,test,6968,4,shd-test:1308,15,,official,72
shd,test,10293,4,shd-test:1309,10,,official,78
shd,test,6384,5,shd-test:1310,14,,official,52
shd,test,4421,4,shd-test:1311,6,,official,74
shd,test,10732,4,shd-test:1312,19,,official,73
shd,test,7433,5,shd-test:1313,15,,official,72
shd,test,10178,4,shd-test:1314,12,,official,90
shd,test,7007,4,shd-test:1315,8,,official,61
shd,test,12382,4,shd-test:1316,13,,official,88
shd,test,14375,4,shd-test:1317,17,,official,84
shd,test,9586,4,shd-test:1318,12,,official,80
shd,test,9257,4,shd-test:1319,9,,official,73
shd,test,10948,4,shd-test:1320,7,,official,84
shd,test,4311,5,shd-test:1321,6,,official,79
shd,test,6725,4,shd-test:1322,8,,official,65
shd,test,9761,4,shd-test:1323,14,,official,87
shd,test,6281,5,shd-test:1324,2,,official,58
shd,test,5260,5,shd-test:1325,18,,official,58
shd,test,7681,5,shd-test:1326,1,,official,61
shd,test,9976,4,shd-test:1327,7,,official,74
shd,test,11132,4,shd-test:1328,7,,official,91
shd,test,6240,4,shd-test:1329,15,,official,71
shd,test,9654,4,shd-test:1330,3,,official,80
shd,test,4187,5,shd-test:1331,6,,official,76
shd,test,6894,5,shd-test:1332,12,,official,63
shd,test,8236,4,shd-test:1333,2,,official,75
shd,test,11670,4,shd-test:1334,19,,official,70
shd,test,6453,5,shd-test:1335,3,,official,56
shd,test,4654,3,shd-test:1336,5,,official,53
shd,test,8724,4,shd-test:1337,14,,official,72
shd,test,4541,4,shd-test:1338,6,,official,70
shd,test,10820,4,shd-test:1339,19,,official,72
shd,test,8413,11,shd-test:1340,12,,official,76
shd,test,7150,5,shd-test:1341,10,,official,59
shd,test,13280,4,shd-test:1342,17,,official,89
shd,test,9983,4,shd-test:1343,10,,official,75
shd,test,7121,5,shd-test:1344,13,,official,60
shd,test,8812,4,shd-test:1345,14,,official,75
shd,test,6325,10,shd-test:1346,4,,official,56
shd,test,8273,4,shd-test:1347,11,,official,77
shd,test,5538,5,shd-test:1348,18,,official,57
shd,test,8880,5,shd-test:1349,11,,official,72
shd,test,7325,5,shd-test:1350,14,,official,63
shd,test,7169,4,shd-test:1351,2,,official,66
shd,test,10732,5,shd-test:1352,17,,official,70
shd,test,6439,5,shd-test:1353,18,,official,59
shd,test,8938,5,shd-test:1354,0,,official,90
shd,test,9991,11,shd-test:1355,3,,official,84
shd,test,6694,5,shd-test:1356,8,,official,70
shd,test,13551,4,shd-test:1357,17,,official,89
shd,test,4408,6,shd-test:1358,2,,official,32
shd,test,6258,8,shd-test:1359,18,,official,67
shd,test,8808,4,shd-test:1360,1,,official,68
shd,test,11211,4,shd-test:1361,7,,official,89
shd,test,8747,4,shd-test:1362,4,,official,83
shd,test,12508,9,shd-test:1363,10,,official,77
shd,test,5828,0,shd-test:1364,8,,official,63
shd,test,8346,5,shd-test:1365,9,,official,65
shd,test,7417,0,shd-test:1366,3,,official,65
shd,test,9332,4,shd-test:1367,3,,official,73
shd,test,10419,4,shd-test:1368,1,,official,78
shd,test,4434,5,shd-test:1369,6,,official,81
shd,test,6427,5,shd-test:1370,15,,official,65
shd,test,7949,5,shd-test:1371,14,,official,70
shd,test,7358,5,shd-test:1372,12,,official,72
shd,test,7054,5,shd-test:1373,10,,official,50
shd,test,9283,4,shd-test:1374,16,,official,102
shd,test,8711,4,shd-test:1375,11,,official,77
shd,test,4339,2,shd-test:1376,3,,official,52
shd,test,5692,0,shd-test:1377,8,,official,62
shd,test,10931,4,shd-test:1378,0,,official,92
shd,test,6559,5,shd-test:1379,15,,official,67
shd,test,10942,4,shd-test:1380,7,,official,88
shd,test,7809,4,shd-test:1381,8,,official,65
shd,test,6099,5,shd-test:1382,15,,official,53
shd,test,12332,4,shd-test:1383,9,,official,83
shd,test,9872,5,shd-test:1384,0,,official,84
shd,test,13671,4,shd-test:1385,17,,official,85
shd,test,5667,4,shd-test:1386,18,,official,71
shd,test,6740,5,shd-test:1387,3,,official,59
shd,test,8104,5,shd-test:1388,1,,official,65
shd,test,8901,5,shd-test:1389,0,,official,80
shd,test,5987,10,shd-test:1390,4,,official,54
shd,test,10277,4,shd-test:1391,1,,official,73
shd,test,9036,11,shd-test:1392,15,,official,99
shd,test,5679,5,shd-test:1393,16,,official,66
shd,test,10652,4,shd-test:1394,9,,official,74
shd,test,10527,4,shd-test:1395,9,,official,79
shd,test,7181,5,shd-test:1396,14,,official,60
shd,test,7976,5,shd-test:1397,3,,official,68
shd,test,6265,4,shd-test:1398,5,,official,56
shd,test,4683,4,shd-test:1399,6,,official,77
shd,test,8767,4,shd-test:1400,3,,official,69
shd,test,6246,5,shd-test:1401,16,,official,74
shd,test,5051,4,shd-test:1402,6,,official,78
shd,test,6433,5,shd-test:1403,18,,official,64
shd,test,8875,4,shd-test:1404,16,,official,81
shd,test,7368,5,shd-test:1405,12,,official,69
shd,test,5032,4,shd-test:1406,6,,official,80
shd,test,7460,5,shd-test:1407,3,,official,70
shd,test,11172,4,shd-test:1408,7,,official,89
shd,test,9028,5,shd-test:1409,13,,official,65
shd,test,11295,4,shd-test:1410,19,,official,71
shd,test,10875,4,shd-test:1411,10,,official,101
shd,test,9262,4,shd-test:1412,11,,official,79
shd,test,9062,5,shd-test:1413,19,,official,56
shd,test,10967,7,shd-test:1414,9,,official,73
shd,test,6920,4,shd-test:1415,15,,official,68
shd,test,11752,4,shd-test:1416,0,,official,98
shd,test,5001,2,shd-test:1417,14,,official,52
shd,test,9144,11,shd-test:1418,12,,official,84
shd,test,6776,1,shd-test:1419,8,,official,65
shd,test,11935,4,shd-test:1420,19,,official,76
shd,test,7613,5,shd-test:1421,12,,official,65
shd,test,8860,5,shd-test:1422,9,,official,62
shd,test,13110,4,shd-test:1423,17,,official,84
shd,test,10291,4,shd-test:1424,1,,official,75
shd,test,13337,9,shd-test:1425,17,,official,84
shd,test,6581,5,shd-test:1426,8,,official,68
shd,test,9202,5,shd-test:1427,13,,official,65
shd,test,10490,4,shd-test:1428,0,,official,95
shd,test,7604,4,shd-test:1429,2,,official,65
shd,test,9699,4,shd-test:1430,16,,official,91
shd,test,8530,4,shd-test:1431,11,,official,83
shd,test,5690,5,shd-test:1432,18,,official,60
shd,test,7022,5,shd-test:1433,14,,official,51
shd,test,6321,5,shd-test:1434,2,,official,59
shd,test,8346,5,shd-test:1435,9,,official,62
shd,test,6299,5,shd-test:1436,15,,official,67
shd,test,7456,4,shd-test:1437,15,,official,67
shd,test,10936,4,shd-test:1438,0,,official,85
shd,test,10184,4,shd-test:1439,14,,official,78
shd,test,6173,5,shd-test:1440,5,,official,69
shd,test,8390,5,shd-test:1441,0,,official,85
shd,test,9801,5,shd-test:1442,17,,official,66
shd,test,9983,4,shd-test:1443,1,,official,75
shd,test,6650,4,shd-test:1444,15,,official,66
shd,test,7152,4,shd-test:1445,4,,official,70
shd,test,8147,5,shd-test:1446,5,,official,79
shd,test,7482,5,shd-test:1447,3,,official,62
shd,test,6693,5,shd-test:1448,3,,official,56
shd,test,6702,2,shd-test:1449,9,,official,76
shd,test,10519,11,shd-test:1450,3,,official,84
shd,test,10478,4,shd-test:1451,12,,official,84
shd,test,7827,4,shd-test:1452,14,,official,65
shd,test,10616,8,shd-test:1453,0,,official,73
shd,test,6403,5,shd-test:1454,3,,official,57
shd,test,11194,1,shd-test:1455,0,,official,86
shd,test,13732,9,shd-test:1456,7,,official,88
shd,test,8884,5,shd-test:1457,19,,official,54
shd,test,10970,8,shd-test:1458,1,,official,65
shd,test,7804,5,shd-test:1459,11,,official,67
shd,test,10147,5,shd-test:1460,17,,official,68
shd,test,5561,6,shd-test:1461,4,,official,62
shd,test,6806,4,shd-test:1462,15,,official,71
shd,test,6430,5,shd-test:1463,15,,official,61
shd,test,7355,5,shd-test:1464,12,,official,62
shd,test,6311,3,shd-test:1465,10,,official,77
shd,test,3956,6,shd-test:1466,18,,official,44
shd,test,8893,4,shd-test:1467,16,,official,84
shd,test,4934,2,shd-test:1468,10,,official,54
shd,test,8686,4,shd-test:1469,16,,official,84
shd,test,3907,5,shd-test:1470,6,,official,71
shd,test,6875,4,shd-test:1471,5,,official,69
shd,test,9934,5,shd-test:1472,17,,official,65
shd,test,8778,1,shd-test:1473,14,,official,78
shd,test,7510,4,shd-test:1474,4,,official,68
shd,test,12322,7,shd-test:1475,13,,official,94
shd,test,5474,3,shd-test:1476,10,,official,74
shd,test,9531,5,shd-test:1477,7,,official,91
shd,test,4451,4,shd-test:1478,6,,official,62
shd,test,8078,4,shd-test:1479,4,,official,75
shd,test,9078,4,shd-test:1480,11,,official,81
shd,test,6876,5,shd-test:1481,10,,official,55
shd,test,5793,5,shd-test:1482,15,,official,61
shd,test,9337,4,shd-test:1483,16,,official,88
shd,test,7112,5,shd-test:1484,12,,official,69
shd,test,7664,5,shd-test:1485,3,,official,65
shd,test,8254,4,shd-test:1486,4,,official,75
shd,test,10102,5,shd-test:1487,0,,official,90
shd,test,6706,5,shd-test:1488,15,,official,65
shd,test,5381,3,shd-test:1489,4,,official,62
shd,test,8512,5,shd-test:1490,9,,official,70
shd,test,9552,4,shd-test:1491,3,,official,81
shd,test,9681,5,shd-test:1492,7,,official,94
shd,test,8137,5,shd-test:1493,1,,official,65
shd,test,6495,5,shd-test:1494,15,,official,64
shd,test,7412,4,shd-test:1495,2,,official,66
shd,test,7904,5,shd-test:1496,11,,official,70
shd,test,8061,5,shd-test:1497,13,,official,62
shd,test,6606,5,shd-test:1498,4,,official,64
shd,test,7425,4,shd-test:1499,5,,official,72
shd,test,8139,4,shd-test:1500,2,,official,68
shd,test,5336,5,shd-test:1501,18,,official,59
shd,test,8402,4,shd-test:1502,8,,official,64
shd,test,9657,4,shd-test:1503,0,,official,86
shd,test,8007,11,shd-test:1504,15,,official,77
shd,test,7578,5,shd-test:1505,11,,official,67
shd,test,6706,4,shd-test:1506,15,,official,64
shd,test,6589,5,shd-test:1507,14,,official,50
shd,test,11248,4,shd-test:1508,7,,official,82
shd,test,5278,5,shd-test:1509,18,,official,59
shd,test,7632,5,shd-test:1510,11,,official,73
shd,test,5490,10,shd-test:1511,16,,official,73
shd,test,8207,5,shd-test:1512,1,,official,65
shd,test,11603,4,shd-test:1513,19,,official,70
shd,test,10493,4,shd-test:1514,10,,official,73
shd,test,5563,3,shd-test:1515,10,,official,74
shd,test,7840,5,shd-test:1516,14,,official,65
shd,test,5861,5,shd-test:1517,16,,official,63
shd,test,8892,4,shd-test:1518,8,,official,67
shd,test,11006,7,shd-test:1519,1,,official,67
shd,test,13148,7,shd-test:1520,9,,official,79
shd,test,9338,4,shd-test:1521,11,,official,76
shd,test,11104,4,shd-test:1522,10,,official,79
shd,test,5906,5,shd-test:1523,18,,official,60
shd,test,7857,5,shd-test:1524,3,,official,64
shd,test,10481,1,shd-test:1525,11,,official,90
shd,test,9990,4,shd-test:1526,10,,official,74
shd,test,7028,4,shd-test:1527,8,,official,62
shd,test,10381,4,shd-test:1528,10,,official,76
shd,test,5177,4,shd-test:1529,18,,official,69
shd,test,3528,4,shd-test:1530,6,,official,60
shd,test,4934,10,shd-test:1531,6,,official,73
shd,test,9744,4,shd-test:1532,1,,official,73
shd,test,6476,10,shd-test:1533,4,,official,61
shd,test,7786,4,shd-test:1534,5,,official,72
shd,test,7233,5,shd-test:1535,12,,official,65
shd,test,7213,5,shd-test:1536,4,,official,63
shd,test,9031,5,shd-test:1537,19,,official,56
shd,test,7188,5,shd-test:1538,10,,official,60
shd,test,9882,4,shd-test:1539,14,,official,80
shd,test,5259,3,shd-test:1540,6,,official,78
shd,test,9018,4,shd-test:1541,3,,official,70
shd,test,11082,4,shd-test:1542,19,,official,71
shd,test,10086,4,shd-test:1543,12,,official,84
shd,test,9332,5,shd-test:1544,19,,official,59
shd,test,5061,2,shd-test:1545,1,,official,63
shd,test,5612,11,shd-test:1546,6,,official,100
shd,test,8296,4,shd-test:1547,16,,official,80
shd,test,8443,4,shd-test:1548,3,,official,67
shd,test,6631,5,shd-test:1549,15,,official,66
shd,test,5548,5,shd-test:1550,16,,official,67
shd,test,9112,9,shd-test:1551,2,,official,62
shd,test,7641,5,shd-test:1552,11,,official,70
shd,test,10763,4,shd-test:1553,1,,official,79
shd,test,8408,4,shd-test:1554,14,,official,79
shd,test,5778,0,shd-test:1555,8,,official,62
shd,test,9034,1,shd-test:1556,7,,official,76
shd,test,11229,4,shd-test:1557,12,,official,90
shd,test,5994,5,shd-test:1558,16,,official,67
shd,test,5225,5,shd-test:1559,18,,official,56
shd,test,7073,5,shd-test:1560,4,,official,77
shd,test,9084,5,shd-test:1561,19,,official,56
shd,test,6682,4,shd-test:1562,15,,official,71
shd,test,9082,5,shd-test:1563,7,,official,79
shd,test,8055,5,shd-test:1564,12,,official,67
shd,test,10126,4,shd-test:1565,10,,official,75
shd,test,5402,0,shd-test:1566,18,,official,72
shd,test,8700,4,shd-test:1567,2,,official,74
shd,test,8457,5,shd-test:1568,19,,official,57
shd,test,5606,4,shd-test:1569,18,,official,72
shd,test,8184,5,shd-test:1570,13,,official,57
shd,test,6820,4,shd-test:1571,15,,official,66
shd,test,8363,4,shd-test:1572,2,,official,71
shd,test,9058,4,shd-test:1573,0,,official,82
shd,test,8790,5,shd-test:1574,1,,official,68
shd,test,11208,9,shd-test:1575,13,,official,71
shd,test,11475,4,shd-test:1576,12,,official,88
shd,test,11246,5,shd-test:1577,17,,official,68
shd,test,4180,5,shd-test:1578,6,,official,78
shd,test,9462,4,shd-test:1579,9,,official,79
shd,test,8108,5,shd-test:1580,11,,official,67
shd,test,13797,4,shd-test:1581,13,,official,91
shd,test,5010,4,shd-test:1582,6,,official,77
shd,test,7296,11,shd-test:1583,19,,official,58
shd,test,7125,5,shd-test:1584,14,,official,64
shd,test,6481,5,shd-test:1585,15,,official,62
shd,test,6297,5,shd-test:1586,15,,official,68
shd,test,6937,5,shd-test:1587,4,,official,63
shd,test,8815,7,shd-test:1588,8,,official,71
shd,test,6380,4,shd-test:1589,5,,official,68
shd,test,10488,4,shd-test:1590,9,,official,74
shd,test,5114,5,shd-test:1591,18,,official,56
shd,test,4114,5,shd-test:1592,6,,official,77
shd,test,8044,5,shd-test:1593,13,,official,58
shd,test,11106,5,shd-test:1594,17,,official,70
shd,test,10176,4,shd-test:1595,11,,official,110
shd,test,12235,1,shd-test:1596,13,,official,86
shd,test,7512,0,shd-test:1597,7,,official,75
shd,test,9528,5,shd-test:1598,9,,official,64
shd,test,9522,5,shd-test:1599,9,,official,65
shd,test,9243,4,shd-test:1600,16,,official,83
shd,test,10169,5,shd-test:1601,17,,official,66
shd,test,7463,5,shd-test:1602,3,,official,65
shd,test,8845,4,shd-test:1603,4,,official,73
shd,test,9668,4,shd-test:1604,14,,official,80
shd,test,6580,5,shd-test:1605,10,,official,55
shd,test,5281,6,shd-test:1606,4,,official,54
shd,test,6378,10,shd-test:1607,10,,official,62
shd,test,5589,5,shd-test:1608,18,,official,62
shd,test,9260,4,shd-test:1609,10,,official,71
shd,test,10205,5,shd-test:1610,17,,official,68
shd,test,5992,5,shd-test:1611,18,,official,62
shd,test,7256,4,shd-test:1612,8,,official,62
shd,test,6915,4,shd-test:1613,18,,official,71
shd,test,5572,5,shd-test:1614,4,,official,62
shd,test,12782,9,shd-test:1615,19,,official,72
shd,test,4958,5,shd-test:1616,5,,official,57
shd,test,10995,4,shd-test:1617,7,,official,88
shd,test,9648,4,shd-test:1618,14,,official,77
shd,test,7916,5,shd-test:1619,10,,official,64
shd,test,4535,4,shd-test:1620,6,,official,73
shd,test,11056,4,shd-test:1621,9,,official,76
shd,test,5667,5,shd-test:1622,16,,official,70
shd,test,7691,5,shd-test:1623,3,,official,64
shd,test,7029,5,shd-test:1624,11,,official,68
shd,test,8934,5,shd-test:1625,19,,official,55
shd,test,12383,4,shd-test:1626,17,,official,86
shd,test,9942,4,shd-test:1627,11,,official,80
shd,test,5823,4,shd-test:1628,5,,official,61
shd,test,7185,5,shd-test:1629,10,,official,54
shd,test,6723,10,shd-test:1630,1,,official,63
shd,test,7452,4,shd-test:1631,5,,official,65
shd,test,13481,9,shd-test:1632,17,,official,83
shd,test,7313,5,shd-test:1633,12,,official,68
shd,test,6511,5,shd-test:1634,8,,official,66
shd,test,7248,5,shd-test:1635,2,,official,65
shd,test,7596,5,shd-test:1636,4,,official,75
shd,test,13572,4,shd-test:1637,17,,official,90
shd,test,9080,5,shd-test:1638,9,,official,63
shd,test,10824,4,shd-test:1639,9,,official,86
shd,test,7371,4,shd-test:1640,4,,official,73
shd,test,8094,4,shd-test:1641,16,,official,74
shd,test,7026,1,shd-test:1642,8,,official,72
shd,test,8855,5,shd-test:1643,9,,official,67
shd,test,7994,4,shd-test:1644,4,,official,80
shd,test,5213,3,shd-test:1645,1,,official,61
shd,test,2731,2,shd-test:1646,5,,official,51
shd,test,9107,5,shd-test:1647,7,,official,90
shd,test,10779,4,shd-test:1648,19,,official,72
shd,test,7597,2,shd-test:1649,9,,official,79
shd,test,7557,5,shd-test:1650,1,,official,63
shd,test,4879,3,shd-test:1651,11,,official,90
shd,test,7847,4,shd-test:1652,4,,official,79
shd,test,5112,6,shd-test:1653,4,,official,56
shd,test,8206,4,shd-test:1654,3,,official,69
shd,test,8945,4,shd-test:1655,16,,official,82
shd,test,10143,4,shd-test:1656,12,,official,85
shd,test,6980,8,shd-test:1657,15,,official,65
shd,test,6323,0,shd-test:1658,4,,official,71
shd,test,10031,5,shd-test:1659,0,,official,88
shd,test,7003,5,shd-test:1660,15,,official,61
shd,test,7422,5,shd-test:1661,5,,official,77
shd,test,8333,4,shd-test:1662,5,,official,74
shd,test,10805,4,shd-test:1663,10,,official,79
shd,test,5523,4,shd-test:1664,5,,official,68
shd,test,7846,5,shd-test:1665,11,,official,74
shd,test,10747,11,shd-test:1666,12,,official,87
shd,test,4230,5,shd-test:1667,6,,official,79
shd,test,9499,9,shd-test:1668,4,,official,63
shd,test,6685,5,shd-test:1669,14,,official,56
shd,test,8813,5,shd-test:1670,7,,official,84
shd,test,7424,5,shd-test:1671,12,,official,67
shd,test,9249,7,shd-test:1672,3,,official,75
shd,test,6674,5,shd-test:1673,8,,official,69
shd,test,6171,5,shd-test:1674,8,,official,71
shd,test,6838,4,shd-test:1675,8,,official,53
shd,test,9799,11,shd-test:1676,5,,official,72
shd,test,7056,5,shd-test:1677,3,,official,59
shd,test,14098,4,shd-test:1678,17,,official,90
shd,test,7222,10,shd-test:1679,1,,official,61
shd,test,9120,4,shd-test:1680,4,,official,87
shd,test,4125,5,shd-test:1681,6,,official,79
shd,test,6388,5,shd-test:1682,18,,official,64
shd,test,9801,4,shd-test:1683,14,,official,84
shd,test,5160,2,shd-test:1684,14,,official,53
shd,test,14087,4,shd-test:1685,17,,official,89
shd,test,8914,4,shd-test:1686,12,,official,86
shd,test,7329,5,shd-test:1687,8,,official,71
shd,test,6156,4,shd-test:1688,5,,official,66
shd,test,11776,4,shd-test:1689,13,,official,83
shd,test,9442,4,shd-test:1690,10,,official,74
shd,test,9959,1,shd-test:1691,11,,official,88
shd,test,7075,5,shd-test:1692,10,,official,56
shd,test,7680,4,shd-test:1693,2,,official,70
shd,test,11548,9,shd-test:1694,1,,official,65
shd,test,6820,0,shd-test:1695,11,,official,76
shd,test,4082,5,shd-test:1696,6,,official,77
shd,test,10114,9,shd-test:1697,4,,official,70
shd,test,7972,4,shd-test:1698,16,,official,79
shd,test,5400,0,shd-test:1699,18,,official,72
shd,test,8747,4,shd-test:1700,11,,official,74
shd,test,11316,5,shd-test:1701,17,,official,68
shd,test,12537,4,shd-test:1702,13,,official,86
shd,test,8860,5,shd-test:1703,0,,official,81
shd,test,7933,10,shd-test:1704,7,,official,75
shd,test,4477,6,shd-test:1705,8,,official,43
shd,test,7134,5,shd-test:1706,14,,official,61
shd,test,8929,5,shd-test:1707,19,,official,58
shd,test,3426,2,shd-test:1708,18,,official,60
shd,test,11987,4,shd-test:1709,0,,official,111
shd,test,10279,4,shd-test:1710,14,,official,79
shd,test,8984,5,shd-test:1711,7,,official,85
shd,test,7580,5,shd-test:1712,1,,official,70
shd,test,11705,4,shd-test:1713,10,,official,79
shd,test,10842,4,shd-test:1714,0,,official,91
shd,test,6996,4,shd-test:1715,8,,official,57
shd,test,9736,5,shd-test:1716,9,,official,68
shd,test,5837,5,shd-test:1717,15,,official,57
shd,test,9113,4,shd-test:1718,11,,official,76
shd,test,15137,4,shd-test:1719,17,,official,96
shd,test,7049,4,shd-test:1720,15,,official,78
shd,test,7564,5,shd-test:1721,12,,official,68
shd,test,4102,5,shd-test:1722,6,,official,79
shd,test,10629,4,shd-test:1723,10,,official,79
shd,test,8189,10,shd-test:1724,19,,official,64
shd,test,9671,4,shd-test:1725,3,,official,81
shd,test,5545,11,shd-test:1726,6,,official,107
shd,test,10247,4,shd-test:1727,11,,official,79
shd,test,7728,3,shd-test:1728,19,,official,68
shd,test,12686,4,shd-test:1729,0,,official,94
shd,test,12815,4,shd-test:1730,13,,official,87
shd,test,5600,5,shd-test:1731,5,,official,69
shd,test,8192,5,shd-test:1732,3,,official,63
shd,test,8200,4,shd-test:1733,16,,official,80
shd,test,6471,5,shd-test:1734,5,,official,68
shd,test,12286,7,shd-test:1735,10,,official,93
shd,test,9812,4,shd-test:1736,14,,official,78
shd,test,5018,5,shd-test:1737,16,,official,63
shd,test,9679,4,shd-test:1738,1,,official,76
shd,test,7915,4,shd-test:1739,16,,official,75
shd,test,11036,4,shd-test:1740,9,,official,75
shd,test,4555,5,shd-test:1741,6,,official,90
shd,test,5127,5,shd-test:1742,16,,official,67
shd,test,9256,5,shd-test:1743,7,,official,81
shd,test,7386,4,shd-test:1744,4,,official,67
shd,test,10045,4,shd-test:1745,10,,official,74
shd,test,10164,7,shd-test:1746,14,,official,92
shd,test,6821,5,shd-test:1747,3,,official,66
shd,test,7808,11,shd-test:1748,18,,official,101
shd,test,12482,4,shd-test:1749,13,,official,85
shd,test,10518,4,shd-test:1750,0,,official,89
shd,test,9063,5,shd-test:1751,19,,official,59
shd,test,2707,2,shd-test:1752,5,,official,63
shd,test,8968,4,shd-test:1753,16,,official,87
shd,test,6966,5,shd-test:1754,8,,official,64
shd,test,7547,4,shd-test:1755,8,,official,64
shd,test,7503,5,shd-test:1756,5,,official,80
shd,test,5098,4,shd-test:1757,6,,official,70
shd,test,6974,5,shd-test:1758,8,,official,66
shd,test,7107,5,shd-test:1759,14,,official,59
shd,test,5389,5,shd-test:1760,18,,official,59
shd,test,5029,4,shd-test:1761,6,,official,75
shd,test,9404,4,shd-test:1762,1,,official,77
shd,test,4277,5,shd-test:1763,6,,official,82
shd,test,8030,4,shd-test:1764,4,,official,75
shd,test,10209,4,shd-test:1765,11,,official,82
shd,test,7350,8,shd-test:1766,8,,official,63
shd,test,11855,4,shd-test:1767,13,,official,80
shd,test,8154,4,shd-test:1768,2,,official,73
shd,test,5340,5,shd-test:1769,16,,official,65
shd,test,4058,2,shd-test:1770,16,,official,60
shd,test,7319,5,shd-test:1771,10,,official,54
shd,test,5602,5,shd-test:1772,16,,official,64
shd,test,8084,4,shd-test:1773,2,,official,71
shd,test,9534,4,shd-test:1774,16,,official,85
shd,test,5293,5,shd-test:1775,16,,official,69
shd,test,5135,6,shd-test:1776,8,,official,54
shd,test,8148,4,shd-test:1777,1,,official,66
shd,test,12485,1,shd-test:1778,10,,official,85
shd,test,7758,4,shd-test:1779,15,,official,71
shd,test,10243,11,shd-test:1780,4,,official,93
shd,test,10056,5,shd-test:1781,17,,official,63
shd,test,8798,4,shd-test:1782,3,,official,70
shd,test,13022,4,shd-test:1783,17,,official,88
shd,test,6291,5,shd-test:1784,8,,official,63
shd,test,9468,4,shd-test:1785,11,,official,85
shd,test,8841,4,shd-test:1786,12,,official,83
shd,test,7061,1,shd-test:1787,8,,official,60
shd,test,8722,8,shd-test:1788,10,,official,63
shd,test,6159,5,shd-test:1789,15,,official,58
shd,test,8022,4,shd-test:1790,2,,official,73
shd,test,6853,5,shd-test:1791,8,,official,68
shd,test,7568,4,shd-test:1792,15,,official,85
shd,test,8208,5,shd-test:1793,0,,official,79
shd,test,11833,5,shd-test:1794,17,,official,71
shd,test,7305,4,shd-test:1795,2,,official,69
shd,test,8183,5,shd-test:1796,13,,official,63
shd,test,7806,5,shd-test:1797,13,,official,54
shd,test,7578,4,shd-test:1798,15,,official,72
shd,test,7008,5,shd-test:1799,2,,official,67
shd,test,8847,11,shd-test:1800,8,,official,89
shd,test,5658,4,shd-test:1801,18,,official,67
shd,test,6755,5,shd-test:1802,4,,official,67
shd,test,11443,5,shd-test:1803,17,,official,72
shd,test,9492,4,shd-test:1804,7,,official,80
shd,test,6123,5,shd-test:1805,18,,official,62
shd,test,8663,5,shd-test:1806,19,,official,53
shd,test,8485,5,shd-test:1807,17,,official,63
shd,test,4206,2,shd-test:1808,7,,official,66
shd,test,10146,7,shd-test:1809,4,,official,71
shd,test,9461,5,shd-test:1810,0,,official,83
shd,test,14973,4,shd-test:1811,17,,official,95
shd,test,10620,4,shd-test:1812,13,,official,79
shd,test,7374,5,shd-test:1813,11,,official,67
shd,test,5294,3,shd-test:1814,15,,official,56
shd,test,6773,5,shd-test:1815,5,,official,76
shd,test,6001,4,shd-test:1816,5,,official,65
shd,test,13663,4,shd-test:1817,17,,official,90
shd,test,11866,9,shd-test:1818,13,,official,75
shd,test,8869,4,shd-test:1819,5,,official,74
shd,test,4450,6,shd-test:1820,18,,official,47
shd,test,5423,11,shd-test:1821,6,,official,103
shd,test,8427,5,shd-test:1822,9,,official,62
shd,test,7187,4,shd-test:1823,8,,official,60
shd,test,5682,5,shd-test:1824,16,,official,70
shd,test,5674,8,shd-test:1825,18,,official,47
shd,test,4900,4,shd-test:1826,5,,official,60
shd,test,7125,1,shd-test:1827,5,,official,76
shd,test,12827,4,shd-test:1828,9,,official,84
shd,test,6436,5,shd-test:1829,2,,official,60
shd,test,9656,4,shd-test:1830,0,,official,85
shd,test,4453,5,shd-test:1831,6,,official,79
shd,test,9057,4,shd-test:1832,14,,official,74
shd,test,7160,4,shd-test:1833,8,,official,49
shd,test,6089,5,shd-test:1834,15,,official,63
shd,test,7304,5,shd-test:1835,2,,official,67
shd,test,8768,5,shd-test:1836,0,,official,79
shd,test,9891,5,shd-test:1837,9,,official,71
shd,test,12530,4,shd-test:1838,0,,official,96
shd,test,6229,5,shd-test:1839,4,,official,60
shd,test,10488,4,shd-test:1840,9,,official,72
shd,test,6750,5,shd-test:1841,16,,official,73
shd,test,10367,4,shd-test:1842,7,,official,82
shd,test,6858,5,shd-test:1843,2,,official,62
shd,test,7314,4,shd-test:1844,4,,official,74
shd,test,10654,4,shd-test:1845,7,,official,86
shd,test,8153,4,shd-test:1846,11,,official,76
shd,test,10060,4,shd-test:1847,7,,official,87
shd,test,8818,5,shd-test:1848,19,,official,54
shd,test,13743,4,shd-test:1849,17,,official,91
shd,test,9708,8,shd-test:1850,1,,official,58
shd,test,10005,4,shd-test:1851,12,,official,81
shd,test,10156,5,shd-test:1852,0,,official,91
shd,test,10320,4,shd-test:1853,12,,official,86
shd,test,8946,4,shd-test:1854,1,,official,68
shd,test,7181,5,shd-test:1855,14,,official,58
shd,test,7047,4,shd-test:1856,15,,official,62
shd,test,5210,2,shd-test:1857,14,,official,56
shd,test,4628,4,shd-test:1858,6,,official,67
shd,test,6378,5,shd-test:1859,18,,official,64
shd,test,10340,8,shd-test:1860,17,,official,84
shd,test,6978,0,shd-test:1861,13,,official,65
shd,test,9172,9,shd-test:1862,18,,official,72
shd,test,12205,4,shd-test:1863,13,,official,88
shd,test,4754,5,shd-test:1864,18,,official,59
shd,test,8772,0,shd-test:1865,17,,official,72
shd,test,6285,5,shd-test:1866,15,,official,64
shd,test,9616,4,shd-test:1867,14,,official,75
shd,test,9306,4,shd-test:1868,3,,official,74
shd,test,6709,5,shd-test:1869,2,,official,61
shd,test,10793,4,shd-test:1870,19,,official,72
shd,test,6445,5,shd-test:1871,15,,official,60
shd,test,6683,0,shd-test:1872,12,,official,67
shd,test,11664,4,shd-test:1873,12,,official,92
shd,test,13447,5,shd-test:1874,17,,official,78
shd,test,9684,8,shd-test:1875,13,,official,70
shd,test,5872,4,shd-test:1876,18,,official,69
shd,test,7732,5,shd-test:1877,2,,official,70
shd,test,10539,4,shd-test:1878,10,,official,78
shd,test,7305,5,shd-test:1879,14,,official,61
shd,test,7636,4,shd-test:1880,4,,official,78
shd,test,6867,5,shd-test:1881,8,,official,70
shd,test,9717,5,shd-test:1882,11,,official,76
shd,test,11956,4,shd-test:1883,19,,official,69
shd,test,9938,11,shd-test:1884,17,,official,96
shd,test,11615,4,shd-test:1885,19,,official,75
shd,test,6730,8,shd-test:1886,3,,official,59
shd,test,6489,5,shd-test:1887,15,,official,61
shd,test,11796,4,shd-test:1888,13,,official,87
shd,test,7309,5,shd-test:1889,11,,official,66
shd,test,9178,4,shd-test:1890,16,,official,83
shd,test,8817,4,shd-test:1891,12,,official,84
shd,test,5232,5,shd-test:1892,5,,official,54
shd,test,9244,5,shd-test:1893,7,,official,88
shd,test,8144,4,shd-test:1894,14,,official,70
shd,test,11405,4,shd-test:1895,13,,official,84
shd,test,10342,8,shd-test:1896,13,,official,73
shd,test,9929,4,shd-test:1897,7,,official,80
shd,test,7226,4,shd-test:1898,15,,official,79
shd,test,8008,4,shd-test:1899,15,,official,74
shd,test,6227,5,shd-test:1900,16,,official,70
shd,test,8702,4,shd-test:1901,4,,official,81
shd,test,7393,5,shd-test:1902,14,,official,62
shd,test,7487,4,shd-test:1903,2,,official,70
shd,test,10357,4,shd-test:1904,7,,official,83
shd,test,7223,5,shd-test:1905,10,,official,55
shd,test,8230,4,shd-test:1906,4,,official,83
shd,test,7588,5,shd-test:1907,12,,official,64
shd,test,10127,4,shd-test:1908,7,,official,85
shd,test,10590,4,shd-test:1909,0,,official,90
shd,test,11565,4,shd-test:1910,10,,official,77
shd,test,9552,4,shd-test:1911,7,,official,71
shd,test,5865,5,shd-test:1912,5,,official,63
shd,test,6955,5,shd-test:1913,12,,official,63
shd,test,7329,5,shd-test:1914,8,,official,69
shd,test,7708,8,shd-test:1915,5,,official,55
shd,test,6337,5,shd-test:1916,4,,official,62
shd,test,9370,4,shd-test:1917,3,,official,70
shd,test,10058,5,shd-test:1918,9,,official,68
shd,test,4970,4,shd-test:1919,6,,official,84
shd,test,8938,5,shd-test:1920,0,,official,82
shd,test,8085,4,shd-test:1921,4,,official,74
shd,test,8295,8,shd-test:1922,4,,official,55
shd,test,6723,5,shd-test:1923,3,,official,55
shd,test,10936,4,shd-test:1924,9,,official,79
shd,test,8484,4,shd-test:1925,14,,official,76
shd,test,5769,5,shd-test:1926,5,,official,62
shd,test,8662,5,shd-test:1927,13,,official,63
shd,test,11334,4,shd-test:1928,9,,official,76
shd,test,12634,9,shd-test:1929,11,,official,83
shd,test,8154,5,shd-test:1930,13,,official,65
shd,test,7764,5,shd-test:1931,2,,official,72
shd,test,9969,4,shd-test:1932,0,,official,87
shd,test,7617,5,shd-test:1933,11,,official,68
shd,test,8389,5,shd-test:1934,1,,official,66
shd,test,10146,11,shd-test:1935,11,,official,97
shd,test,8859,4,shd-test:1936,3,,official,66
shd,test,9221,5,shd-test:1937,19,,official,57
shd,test,9200,5,shd-test:1938,0,,official,86
shd,test,10258,4,shd-test:1939,7,,official,74
shd,test,9357,4,shd-test:1940,11,,official,78
shd,test,13707,4,shd-test:1941,17,,official,91
shd,test,10397,5,shd-test:1942,7,,official,85
shd,test,7536,4,shd-test:1943,15,,official,75
shd,test,12554,7,shd-test:1944,11,,official,116
shd,test,5038,4,shd-test:1945,18,,official,71
shd,test,7901,5,shd-test:1946,13,,official,64
shd,test,6829,5,shd-test:1947,3,,official,67
shd,test,10569,4,shd-test:1948,1,,official,74
shd,test,5282,5,shd-test:1949,18,,official,60
shd,test,5043,2,shd-test:1950,16,,official,69
shd,test,7122,8,shd-test:1951,14,,official,62
shd,test,9923,4,shd-test:1952,9,,official,81
shd,test,8093,5,shd-test:1953,0,,official,82
shd,test,10948,4,shd-test:1954,1,,official,80
shd,test,10596,4,shd-test:1955,13,,official,76
shd,test,5953,5,shd-test:1956,8,,official,61
shd,test,11155,5,shd-test:1957,17,,official,74
shd,test,11715,4,shd-test:1958,0,,official,94
shd,test,7835,5,shd-test:1959,10,,official,57
shd,test,5377,5,shd-test:1960,18,,official,64
shd,test,4820,2,shd-test:1961,3,,official,56
shd,test,7374,5,shd-test:1962,14,,official,58
shd,test,5985,5,shd-test:1963,12,,official,64
shd,test,11013,4,shd-test:1964,9,,official,80
shd,test,10315,4,shd-test:1965,7,,official,84
shd,test,8001,0,shd-test:1966,10,,official,61
shd,test,10733,11,shd-test:1967,0,,official,94
shd,test,12736,9,shd-test:1968,11,,official,84
shd,test,6731,5,shd-test:1969,10,,official,54
shd,test,8828,4,shd-test:1970,14,,official,74
shd,test,6748,5,shd-test:1971,5,,official,61
shd,test,7113,5,shd-test:1972,4,,official,69
shd,test,8474,9,shd-test:1973,2,,official,59
shd,test,4057,5,shd-test:1974,6,,official,76
shd,test,5786,5,shd-test:1975,15,,official,62
shd,test,7021,5,shd-test:1976,14,,official,57
shd,test,8545,4,shd-test:1977,16,,official,79
shd,test,4930,6,shd-test:1978,2,,official,38
shd,test,13044,7,shd-test:1979,11,,official,117
shd,test,6261,5,shd-test:1980,4,,official,62
shd,test,7592,4,shd-test:1981,4,,official,73
shd,test,10437,1,shd-test:1982,19,,official,78
shd,test,7646,5,shd-test:1983,2,,official,67
shd,test,6199,5,shd-test:1984,4,,official,61
shd,test,6645,5,shd-test:1985,15,,official,66
shd,test,9051,5,shd-test:1986,9,,official,70
shd,test,4869,5,shd-test:1987,18,,official,52
shd,test,5543,5,shd-test:1988,18,,official,57
shd,test,15899,4,shd-test:1989,17,,official,95
shd,test,9936,5,shd-test:1990,0,,official,90
shd,test,9087,4,shd-test:1991,16,,official,83
shd,test,6910,5,shd-test:1992,2,,official,64
shd,test,5909,5,shd-test:1993,15,,official,55
shd,test,8320,5,shd-test:1994,11,,official,71
shd,test,5942,5,shd-test:1995,18,,official,59
shd,test,9456,4,shd-test:1996,12,,official,92
shd,test,9457,5,shd-test:1997,17,,official,69
shd,test,11470,4,shd-test:1998,9,,official,79
shd,test,6044,5,shd-test:1999,15,,official,58
shd,test,9956,0,shd-test:2000,17,,official,76
shd,test,7092,2,shd-test:2001,9,,official,69
shd,test,3956,5,shd-test:2002,6,,official,78
shd,test,7521,5,shd-test:2003,11,,official,74
shd,test,7459,5,shd-test:2004,14,,official,61
shd,test,5757,5,shd-test:2005,5,,official,61
shd,test,5940,4,shd-test:2006,18,,official,72
shd,test,8891,5,shd-test:2007,19,,official,58
shd,test,7124,5,shd-test:2008,5,,official,80
shd,test,5006,3,shd-test:2009,12,,official,81
shd,test,11602,11,shd-test:2010,13,,official,86
shd,test,8640,5,shd-test:2011,1,,official,70
shd,test,9642,5,shd-test:2012,7,,official,87
shd,test,12459,4,shd-test:2013,7,,official,93
shd,test,3903,4,shd-test:2014,6,,official,58
shd,test,7935,4,shd-test:2015,4,,official,75
shd,test,7708,4,shd-test:2016,8,,official,67
shd,test,7374,0,shd-test:2017,7,,official,76
shd,test,8417,5,shd-test:2018,12,,official,71
shd,test,6831,6,shd-test:2019,7,,official,66
shd,test,5364,2,shd-test:2020,13,,official,62
shd,test,6821,5,shd-test:2021,4,,official,68
shd,test,7302,5,shd-test:2022,14,,official,59
shd,test,8680,4,shd-test:2023,2,,official,74
shd,test,7024,0,shd-test:2024,14,,official,57
shd,test,6934,5,shd-test:2025,5,,official,72
shd,test,6517,5,shd-test:2026,8,,official,68
shd,test,7059,5,shd-test:2027,2,,official,64
shd,test,6394,5,shd-test:2028,15,,official,60
shd,test,6930,4,shd-test:2029,2,,official,64
shd,test,6745,5,shd-test:2030,14,,official,56
shd,test,6615,5,shd-test:2031,3,,official,60
shd,test,4627,4,shd-test:2032,6,,official,70
shd,test,8948,4,shd-test:2033,16,,official,80
shd,test,9971,4,shd-test:2034,14,,official,75
shd,test,5998,5,shd-test:2035,15,,official,56
shd,test,6426,5,shd-test:2036,4,,official,61
shd,test,12474,9,shd-test:2037,0,,official,77
shd,test,10478,4,shd-test:2038,7,,official,87
shd,test,9104,4,shd-test:2039,11,,official,81
shd,test,10088,4,shd-test:2040,9,,official,62
shd,test,9151,5,shd-test:2041,13,,official,64
shd,test,6441,5,shd-test:2042,12,,official,65
shd,test,6242,5,shd-test:2043,11,,official,69
shd,test,7646,4,shd-test:2044,2,,official,70
shd,test,9170,4,shd-test:2045,3,,official,70
shd,test,8017,9,shd-test:2046,8,,official,58
shd,test,7719,5,shd-test:2047,10,,official,64
shd,test,11463,4,shd-test:2048,13,,official,82
shd,test,14662,4,shd-test:2049,17,,official,92
shd,test,8620,4,shd-test:2050,1,,official,70
shd,test,7030,5,shd-test:2051,2,,official,66
shd,test,6721,4,shd-test:2052,5,,official,59
shd,test,7034,5,shd-test:2053,8,,official,63
shd,test,6572,5,shd-test:2054,4,,official,66
shd,test,9030,5,shd-test:2055,9,,official,68
shd,test,8876,5,shd-test:2056,19,,official,58
shd,test,6448,10,shd-test:2057,10,,official,59
shd,test,9809,4,shd-test:2058,1,,official,75
shd,test,6967,4,shd-test:2059,15,,official,63
shd,test,7243,5,shd-test:2060,4,,official,67
shd,test,6833,5,shd-test:2061,12,,official,69
shd,test,6699,5,shd-test:2062,8,,official,68
shd,test,12667,4,shd-test:2063,19,,official,77
shd,test,7337,5,shd-test:2064,4,,official,73
shd,test,6681,5,shd-test:2065,4,,official,67
shd,test,8955,4,shd-test:2066,2,,official,77
shd,test,7206,5,shd-test:2067,2,,official,65
shd,test,10193,4,shd-test:2068,7,,official,79
shd,test,9836,4,shd-test:2069,12,,official,86
shd,test,13244,4,shd-test:2070,17,,official,90
shd,test,8982,3,shd-test:2071,9,,official,61
shd,test,6709,5,shd-test:2072,2,,official,66
shd,test,8872,4,shd-test:2073,2,,official,75
shd,test,7234,5,shd-test:2074,16,,official,72
shd,test,10304,4,shd-test:2075,9,,official,76
shd,test,6983,4,shd-test:2076,15,,official,67
shd,test,7696,4,shd-test:2077,5,,official,76
shd,test,6865,5,shd-test:2078,8,,official,67
shd,test,9115,5,shd-test:2079,0,,official,79
shd,test,9237,5,shd-test:2080,19,,official,61
shd,test,10986,4,shd-test:2081,12,,official,90
shd,test,11881,4,shd-test:2082,13,,official,78
shd,test,6619,5,shd-test:2083,3,,official,58
shd,test,5300,4,shd-test:2084,6,,official,81
shd,test,6050,0,shd-test:2085,16,,official,72
shd,test,5165,0,shd-test:2086,5,,official,63
shd,test,9472,5,shd-test:2087,7,,official,82
shd,test,6407,4,shd-test:2088,2,,official,62
shd,test,10559,4,shd-test:2089,14,,official,82
shd,test,10116,4,shd-test:2090,0,,official,84
shd,test,11446,5,shd-test:2091,17,,official,72
shd,test,7633,5,shd-test:2092,14,,official,63
shd,test,7510,7,shd-test:2093,16,,official,111
shd,test,10719,8,shd-test:2094,13,,official,71
shd,test,11605,5,shd-test:2095,17,,official,74
shd,test,7276,5,shd-test:2096,2,,official,66
shd,test,10322,5,shd-test:2097,9,,official,73
shd,test,10889,4,shd-test:2098,13,,official,77
shd,test,9371,5,shd-test:2099,9,,official,62
shd,test,10932,4,shd-test:2100,9,,official,80
shd,test,6627,5,shd-test:2101,14,,official,56
shd,test,11632,4,shd-test:2102,19,,official,76
shd,test,7387,5,shd-test:2103,13,,official,61
shd,test,9761,4,shd-test:2104,7,,official,83
shd,test,7174,10,shd-test:2105,1,,official,63
shd,test,8574,4,shd-test:2106,4,,official,78
shd,test,7806,4,shd-test:2107,15,,official,72
shd,test,4065,5,shd-test:2108,6,,official,74
shd,test,8948,5,shd-test:2109,9,,official,70
shd,test,7098,5,shd-test:2110,14,,official,59
shd,test,7600,4,shd-test:2111,15,,official,69
shd,test,7289,5,shd-test:2112,11,,official,68
shd,test,5293,4,shd-test:2113,6,,official,73
shd,test,5438,5,shd-test:2114,5,,official,64
shd,test,6443,5,shd-test:2115,4,,official,61
shd,test,11551,4,shd-test:2116,19,,official,75
shd,test,9310,4,shd-test:2117,4,,official,86
shd,test,7636,5,shd-test:2118,14,,official,59
shd,test,7157,11,shd-test:2119,8,,official,57
shd,test,4274,5,shd-test:2120,6,,official,82
shd,test,8677,4,shd-test:2121,8,,official,65
shd,test,8720,4,shd-test:2122,12,,official,86
shd,test,6288,1,shd-test:2123,2,,official,50
shd,test,11963,4,shd-test:2124,13,,official,88
shd,test,8002,8,shd-test:2125,5,,official,61
shd,test,11169,4,shd-test:2126,0,,official,93
shd,test,8885,4,shd-test:2127,4,,official,88
shd,test,7796,11,shd-test:2128,12,,official,75
shd,test,5566,5,shd-test:2129,16,,official,68
shd,test,9423,4,shd-test:2130,12,,official,81
shd,test,7204,5,shd-test:2131,14,,official,62
shd,test,11729,4,shd-test:2132,13,,official,79
shd,test,9819,5,shd-test:2133,7,,official,86
shd,test,8345,5,shd-test:2134,13,,official,61
shd,test,5044,5,shd-test:2135,18,,official,59
shd,test,5713,10,shd-test:2136,5,,official,51
shd,test,8627,5,shd-test:2137,0,,official,85
shd,test,13943,4,shd-test:2138,17,,official,92
shd,test,8882,4,shd-test:2139,4,,official,82
shd,test,6419,5,shd-test:2140,8,,official,72
shd,test,5169,5,shd-test:2141,16,,official,64
shd,test,10376,4,shd-test:2142,19,,official,71
shd,test,5159,5,shd-test:2143,18,,official,58
shd,test,5558,5,shd-test:2144,18,,official,58
shd,test,5201,4,shd-test:2145,6,,official,74
shd,test,8549,4,shd-test:2146,16,,official,79
shd,test,6823,5,shd-test:2147,12,,official,61
shd,test,7920,4,shd-test:2148,16,,official,78
shd,test,5277,5,shd-test:2149,18,,official,59
shd,test,7588,5,shd-test:2150,13,,official,64
shd,test,8810,5,shd-test:2151,9,,official,66
shd,test,8391,5,shd-test:2152,0,,official,79
shd,test,10754,4,shd-test:2153,14,,official,85
shd,test,6944,5,shd-test:2154,10,,official,55
shd,test,7463,5,shd-test:2155,10,,official,58
shd,test,5164,5,shd-test:2156,18,,official,55
shd,test,10469,4,shd-test:2157,13,,official,81
shd,test,7754,5,shd-test:2158,1,,official,68
shd,test,7919,5,shd-test:2159,4,,official,71
shd,test,12873,4,shd-test:2160,17,,official,88
shd,test,11864,4,shd-test:2161,12,,official,88
shd,test,10854,4,shd-test:2162,10,,official,77
shd,test,8853,4,shd-test:2163,16,,official,81
shd,test,7290,5,shd-test:2164,12,,official,69
shd,test,6038,5,shd-test:2165,16,,official,68
shd,test,10613,4,shd-test:2166,13,,official,80
shd,test,10997,4,shd-test:2167,12,,official,86
shd,test,10980,4,shd-test:2168,12,,official,84
shd,test,7002,4,shd-test:2169,8,,official,51
shd,test,5099,4,shd-test:2170,18,,official,72
shd,test,5859,5,shd-test:2171,2,,official,57
shd,test,7211,5,shd-test:2172,12,,official,70
shd,test,9900,9,shd-test:2173,4,,official,70
shd,test,8471,4,shd-test:2174,16,,official,79
shd,test,5866,5,shd-test:2175,15,,official,62
shd,test,8384,3,shd-test:2176,9,,official,57
shd,test,5767,5,shd-test:2177,16,,official,66
shd,test,12660,4,shd-test:2178,12,,official,98
shd,test,5730,4,shd-test:2179,5,,official,62
shd,test,9474,4,shd-test:2180,14,,official,80
shd,test,13268,4,shd-test:2181,13,,official,92
shd,test,8466,4,shd-test:2182,8,,official,65
shd,test,4498,2,shd-test:2183,12,,official,62
shd,test,6003,3,shd-test:2184,10,,official,76
shd,test,5125,4,shd-test:2185,18,,official,70
shd,test,8025,5,shd-test:2186,1,,official,65
shd,test,8679,1,shd-test:2187,12,,official,88
shd,test,5338,5,shd-test:2188,18,,official,61
shd,test,7234,0,shd-test:2189,7,,official,75
shd,test,8987,9,shd-test:2190,18,,official,70
shd,test,5545,5,shd-test:2191,16,,official,68
shd,test,14141,4,shd-test:2192,17,,official,91
shd,test,7550,4,shd-test:2193,4,,official,72
shd,test,7890,5,shd-test:2194,12,,official,73
shd,test,10949,4,shd-test:2195,7,,official,83
shd,test,7553,5,shd-test:2196,13,,official,62
shd,test,11079,5,shd-test:2197,17,,official,69
shd,test,6874,5,shd-test:2198,8,,official,66
shd,test,7210,5,shd-test:2199,8,,official,69
shd,test,7991,5,shd-test:2200,11,,official,71
shd,test,6651,4,shd-test:2201,15,,official,62
shd,test,4104,2,shd-test:2202,2,,official,50
shd,test,7336,5,shd-test:2203,2,,official,63
shd,test,8742,5,shd-test:2204,13,,official,65
shd,test,13543,4,shd-test:2205,17,,official,88
shd,test,9451,4,shd-test:2206,1,,official,73
shd,test,11145,4,shd-test:2207,0,,official,94
shd,test,10600,5,shd-test:2208,17,,official,69
shd,test,7124,4,shd-test:2209,15,,official,74
shd,test,12842,4,shd-test:2210,19,,official,80
shd,test,6713,5,shd-test:2211,16,,official,68
shd,test,10481,4,shd-test:2212,14,,official,81
shd,test,6745,4,shd-test:2213,15,,official,58
shd,test,9126,9,shd-test:2214,18,,official,73
shd,test,7797,5,shd-test:2215,11,,official,69
shd,test,6659,5,shd-test:2216,5,,official,88
shd,test,6525,10,shd-test:2217,10,,official,58
shd,test,9548,4,shd-test:2218,14,,official,82
shd,test,6610,5,shd-test:2219,15,,official,67
shd,test,5221,4,shd-test:2220,18,,official,67
shd,test,6542,3,shd-test:2221,7,,official,66
shd,test,6578,5,shd-test:2222,8,,official,64
shd,test,7384,5,shd-test:2223,3,,official,59
shd,test,6619,5,shd-test:2224,2,,official,63
shd,test,4945,0,shd-test:2225,15,,official,48
shd,test,8008,1,shd-test:2226,15,,official,69
shd,test,5125,6,shd-test:2227,1,,official,50
shd,test,9991,5,shd-test:2228,17,,official,66
shd,test,4768,2,shd-test:2229,12,,official,66
shd,test,9420,5,shd-test:2230,9,,official,65
shd,test,11300,4,shd-test:2231,1,,official,77
shd,test,5795,5,shd-test:2232,3,,official,51
shd,test,12404,4,shd-test:2233,13,,official,81
shd,test,5018,11,shd-test:2234,6,,official,101
shd,test,7244,5,shd-test:2235,4,,official,65
shd,test,5441,5,shd-test:2236,16,,official,66
shd,test,6949,5,shd-test:2237,14,,official,59
shd,test,6375,2,shd-test:2238,17,,official,68
shd,test,5736,5,shd-test:2239,15,,official,46
shd,test,5419,0,shd-test:2240,18,,official,71
shd,test,7020,11,shd-test:2241,8,,official,56
shd,test,6647,5,shd-test:2242,4,,official,75
shd,test,7762,5,shd-test:2243,1,,official,62
shd,test,7368,5,shd-test:2244,8,,official,69
shd,test,4841,4,shd-test:2245,6,,official,74
shd,test,10158,4,shd-test:2246,19,,official,70
shd,test,5403,5,shd-test:2247,18,,official,58
shd,test,5612,4,shd-test:2248,6,,official,78
shd,test,11278,4,shd-test:2249,7,,official,85
shd,test,8668,5,shd-test:2250,11,,official,73
shd,test,8856,4,shd-test:2251,1,,official,71
shd,test,9431,4,shd-test:2252,11,,official,81
shd,test,11400,4,shd-test:2253,19,,official,74
shd,test,5005,1,shd-test:2254,6,,official,77
shd,test,13776,4,shd-test:2255,17,,official,90
shd,test,9191,4,shd-test:2256,1,,official,72
shd,test,7077,4,shd-test:2257,8,,official,52
shd,test,10294,5,shd-test:2258,9,,official,65
shd,test,9210,9,shd-test:2259,4,,official,64
shd,test,4666,4,shd-test:2260,6,,official,65
shd,test,7741,5,shd-test:2261,1,,official,62
shd,test,6693,4,shd-test:2262,15,,official,64
shd,test,6750,10,shd-test:2263,11,,official,71
shd,train,4278,2,shd-train:0,11,,development,71
shd,train,12118,11,shd-train:1,13,,development,89
shd,train,4896,0,shd-train:2,5,,confirmation,74
shd,train,10088,11,shd-train:3,10,,development,79
shd,train,10561,9,shd-train:4,1,,development,61
shd,train,4494,3,shd-train:5,13,,development,78
shd,train,7934,8,shd-train:6,4,,development,59
shd,train,7071,6,shd-train:7,14,,development,63
shd,train,6144,11,shd-train:8,6,,development,106
shd,train,5676,3,shd-train:9,0,,development,89
shd,train,5431,3,shd-train:10,11,,development,89
shd,train,8816,10,shd-train:11,17,,development,78
shd,train,4899,3,shd-train:12,5,,development,56
shd,train,12889,9,shd-train:13,9,,development,66
shd,train,7000,10,shd-train:14,12,,development,70
shd,train,7549,11,shd-train:15,12,,development,80
shd,train,5174,3,shd-train:16,5,,development,60
shd,train,12133,7,shd-train:17,0,,development,88
shd,train,6103,3,shd-train:18,14,,development,68
shd,train,3476,2,shd-train:19,5,,development,71
shd,train,11299,11,shd-train:20,9,,development,76
shd,train,3986,3,shd-train:21,5,,development,59
shd,train,5078,3,shd-train:22,15,,development,59
shd,train,4207,2,shd-train:23,15,,development,57
shd,train,6401,2,shd-train:24,19,,development,57
shd,train,11529,9,shd-train:25,12,,development,82
shd,train,11731,7,shd-train:26,0,,development,81
shd,train,6167,3,shd-train:27,14,,development,70
shd,train,10335,1,shd-train:28,19,,confirmation,79
shd,train,8744,8,shd-train:29,9,,development,55
shd,train,9961,11,shd-train:30,1,,development,73
shd,train,9152,8,shd-train:31,11,,development,76
shd,train,10136,11,shd-train:32,12,,development,86
shd,train,5568,3,shd-train:33,16,,development,81
shd,train,6309,6,shd-train:34,0,,development,86
shd,train,8034,7,shd-train:35,16,,development,116
shd,train,9515,11,shd-train:36,11,,development,91
shd,train,6898,10,shd-train:37,15,,development,63
shd,train,7639,0,shd-train:38,13,,confirmation,68
shd,train,7106,0,shd-train:39,12,,confirmation,68
shd,train,6604,0,shd-train:40,2,,confirmation,59
shd,train,6870,11,shd-train:41,14,,development,66
shd,train,4703,0,shd-train:42,6,,confirmation,79
shd,train,9541,0,shd-train:43,17,,confirmation,75
shd,train,11422,9,shd-train:44,9,,development,60
shd,train,4274,2,shd-train:45,3,,development,59
shd,train,12002,11,shd-train:46,4,,development,99
shd,train,3547,2,shd-train:47,4,,development,61
shd,train,12523,11,shd-train:48,3,,development,99
shd,train,10628,1,shd-train:49,11,,confirmation,88
shd,train,6333,0,shd-train:50,15,,confirmation,62
shd,train,10075,11,shd-train:51,1,,development,73
shd,train,7828,8,shd-train:52,3,,development,59
shd,train,10361,1,shd-train:53,12,,confirmation,91
shd,train,7275,10,shd-train:54,1,,development,63
shd,train,9962,9,shd-train:55,5,,development,55
shd,train,8218,10,shd-train:56,9,,development,58
shd,train,11219,7,shd-train:57,1,,development,69
shd,train,4457,8,shd-train:58,6,,development,61
shd,train,9255,11,shd-train:59,11,,development,90
shd,train,13882,9,shd-train:60,19,,development,78
shd,train,7199,10,shd-train:61,1,,development,62
shd,train,12023,9,shd-train:62,7,,development,80
shd,train,4548,6,shd-train:63,6,,development,59
shd,train,7868,8,shd-train:64,14,,development,65
shd,train,10420,7,shd-train:65,1,,development,63
shd,train,11408,1,shd-train:66,0,,confirmation,88
shd,train,6463,9,shd-train:67,6,,development,72
shd,train,10563,11,shd-train:68,10,,development,85
shd,train,13327,1,shd-train:69,17,,confirmation,92
shd,train,5063,3,shd-train:70,11,,development,92
shd,train,7151,10,shd-train:71,1,,development,63
shd,train,9511,11,shd-train:72,13,,development,74
shd,train,8927,11,shd-train:73,8,,development,93
shd,train,4885,3,shd-train:74,13,,development,79
shd,train,7200,10,shd-train:75,2,,development,62
shd,train,8037,0,shd-train:76,19,,confirmation,61
shd,train,4945,10,shd-train:77,6,,development,71
shd,train,8112,3,shd-train:78,19,,development,69
shd,train,8141,0,shd-train:79,9,,confirmation,73
shd,train,9172,9,shd-train:80,8,,development,63
shd,train,9063,9,shd-train:81,2,,development,60
shd,train,9162,9,shd-train:82,18,,development,74
shd,train,10160,8,shd-train:83,7,,development,73
shd,train,8869,7,shd-train:84,4,,development,65
shd,train,7097,0,shd-train:85,7,,confirmation,73
shd,train,8735,7,shd-train:86,2,,development,71
shd,train,8594,7,shd-train:87,3,,development,68
shd,train,5358,3,shd-train:88,13,,development,83
shd,train,10542,8,shd-train:89,9,,development,57
shd,train,8108,6,shd-train:90,14,,development,73
shd,train,8774,11,shd-train:91,18,,development,107
shd,train,5643,0,shd-train:92,2,,confirmation,54
shd,train,7106,10,shd-train:93,1,,development,61
shd,train,8487,11,shd-train:94,14,,development,84
shd,train,11419,9,shd-train:95,0,,development,74
shd,train,13787,7,shd-train:96,19,,development,91
shd,train,8801,10,shd-train:97,9,,development,62
shd,train,5870,8,shd-train:98,15,,development,50
shd,train,4142,0,shd-train:99,6,,confirmation,73
shd,train,11009,8,shd-train:100,13,,development,74
shd,train,8296,10,shd-train:101,19,,development,59
shd,train,6110,6,shd-train:102,12,,development,64
shd,train,6473,6,shd-train:103,0,,development,82
shd,train,11404,9,shd-train:104,19,,development,66
shd,train,4112,6,shd-train:105,5,,development,58
shd,train,10827,11,shd-train:106,11,,development,97
shd,train,6404,3,shd-train:107,14,,development,75
shd,train,4546,2,shd-train:108,3,,development,55
shd,train,5620,6,shd-train:109,16,,development,82
shd,train,6594,11,shd-train:110,18,,development,86
shd,train,9383,0,shd-train:111,17,,confirmation,73
shd,train,7743,11,shd-train:112,14,,development,69
shd,train,5404,2,shd-train:113,14,,development,54
shd,train,8189,11,shd-train:114,19,,development,65
shd,train,10414,11,shd-train:115,3,,development,90
shd,train,9114,1,shd-train:116,11,,confirmation,86
shd,train,8612,10,shd-train:117,9,,development,60
shd,train,7137,2,shd-train:118,17,,development,74
shd,train,7958,10,shd-train:119,0,,development,80
shd,train,10533,11,shd-train:120,1,,development,73
shd,train,6162,10,shd-train:121,8,,development,60
shd,train,6550,3,shd-train:122,0,,development,92
shd,train,7443,0,shd-train:123,7,,confirmation,78
shd,train,12052,9,shd-train:124,10,,development,73
shd,train,7092,8,shd-train:125,2,,development,59
shd,train,9592,7,shd-train:126,7,,development,72
shd,train,10550,1,shd-train:127,13,,confirmation,80
shd,train,11283,8,shd-train:128,0,,development,73
shd,train,4778,2,shd-train:129,14,,development,48
shd,train,8793,10,shd-train:130,17,,development,79
shd,train,5888,11,shd-train:131,19,,development,54
shd,train,10385,11,shd-train:132,11,,development,102
shd,train,10728,9,shd-train:133,1,,development,60
shd,train,12228,7,shd-train:134,17,,development,103
shd,train,10984,8,shd-train:135,12,,development,84
shd,train,5243,3,shd-train:136,16,,development,85
shd,train,6617,10,shd-train:137,2,,development,58
shd,train,8186,0,shd-train:138,0,,confirmation,88
shd,train,13238,7,shd-train:139,11,,development,117
shd,train,3612,2,shd-train:140,18,,development,65
shd,train,9109,8,shd-train:141,9,,development,55
shd,train,8790,11,shd-train:142,14,,development,89
shd,train,9369,1,shd-train:143,14,,confirmation,79
shd,train,7438,11,shd-train:144,19,,development,61
shd,train,10148,1,shd-train:145,10,,confirmation,77
shd,train,6503,1,shd-train:146,15,,confirmation,60
shd,train,6263,6,shd-train:147,16,,development,71
shd,train,8421,11,shd-train:148,15,,development,93
shd,train,5016,3,shd-train:149,5,,development,63
shd,train,7005,10,shd-train:150,12,,development,69
shd,train,8995,11,shd-train:151,7,,development,88
shd,train,4939,2,shd-train:152,10,,development,57
shd,train,11585,7,shd-train:153,5,,development,97
shd,train,6229,3,shd-train:154,4,,development,62
shd,train,6613,10,shd-train:155,15,,development,56
shd,train,9852,8,shd-train:156,0,,development,67
shd,train,8798,1,shd-train:157,16,,confirmation,89
shd,train,10001,11,shd-train:158,17,,development,97
shd,train,11845,9,shd-train:159,0,,development,74
shd,train,7406,1,shd-train:160,2,,confirmation,76
shd,train,9182,7,shd-train:161,4,,development,71
shd,train,6204,8,shd-train:162,15,,development,57
shd,train,9050,11,shd-train:163,9,,development,63
shd,train,9274,9,shd-train:164,2,,development,62
shd,train,5988,3,shd-train:165,4,,development,59
shd,train,8193,8,shd-train:166,10,,development,64
shd,train,9014,11,shd-train:167,14,,development,80
shd,train,4459,2,shd-train:168,3,,development,54
shd,train,7819,11,shd-train:169,18,,development,87
shd,train,10395,11,shd-train:170,11,,development,97
shd,train,12168,11,shd-train:171,10,,development,91
shd,train,7503,0,shd-train:172,13,,confirmation,69
shd,train,7501,8,shd-train:173,3,,development,62
shd,train,10145,11,shd-train:174,5,,development,96
shd,train,10130,1,shd-train:175,9,,confirmation,69
shd,train,6336,6,shd-train:176,7,,development,61
shd,train,5717,10,shd-train:177,18,,development,66
shd,train,4099,0,shd-train:178,6,,confirmation,79
shd,train,10655,11,shd-train:179,11,,development,102
shd,train,6262,3,shd-train:180,11,,development,91
shd,train,8870,7,shd-train:181,4,,development,69
shd,train,7821,0,shd-train:182,1,,confirmation,69
shd,train,6975,6,shd-train:183,7,,development,67
shd,train,9167,1,shd-train:184,10,,confirmation,70
shd,train,12713,9,shd-train:185,7,,development,78
shd,train,9650,9,shd-train:186,2,,development,65
shd,train,13389,7,shd-train:187,17,,development,110
shd,train,11483,7,shd-train:188,10,,development,91
shd,train,9097,6,shd-train:189,17,,development,75
shd,train,13969,9,shd-train:190,17,,development,82
shd,train,7897,1,shd-train:191,4,,confirmation,75
shd,train,4968,2,shd-train:192,13,,development,59
shd,train,8151,2,shd-train:193,19,,development,72
shd,train,7234,10,shd-train:194,12,,development,79
shd,train,10695,7,shd-train:195,4,,development,76
shd,train,4321,0,shd-train:196,6,,confirmation,78
shd,train,5200,6,shd-train:197,4,,development,60
shd,train,5206,10,shd-train:198,6,,development,73
shd,train,9946,11,shd-train:199,13,,development,78
shd,train,9364,11,shd-train:200,0,,development,93
shd,train,9120,1,shd-train:201,7,,confirmation,81
shd,train,12238,7,shd-train:202,1,,development,74
shd,train,6636,10,shd-train:203,15,,development,60
shd,train,9293,9,shd-train:204,2,,development,60
shd,train,8673,0,shd-train:205,1,,confirmation,72
shd,train,7147,2,shd-train:206,9,,development,72
shd,train,6711,10,shd-train:207,15,,development,68
shd,train,6305,10,shd-train:208,8,,development,61
shd,train,6093,0,shd-train:209,4,,confirmation,66
shd,train,9972,11,shd-train:210,14,,development,93
shd,train,4841,3,shd-train:211,5,,development,64
shd,train,4720,2,shd-train:212,15,,development,52
shd,train,5969,0,shd-train:213,15,,confirmation,66
shd,train,9313,8,shd-train:214,1,,development,60
shd,train,4108,3,shd-train:215,18,,development,82
shd,train,6089,10,shd-train:216,10,,development,56
shd,train,7317,8,shd-train:217,14,,development,64
shd,train,3108,2,shd-train:218,4,,development,58
shd,train,10690,9,shd-train:219,14,,development,78
shd,train,8749,8,shd-train:220,1,,development,59
shd,train,5761,0,shd-train:221,4,,confirmation,74
shd,train,8526,11,shd-train:222,4,,development,78
shd,train,6006,10,shd-train:223,16,,development,78
shd,train,9338,11,shd-train:224,17,,development,85
shd,train,7427,0,shd-train:225,13,,confirmation,67
shd,train,8818,3,shd-train:226,7,,development,83
shd,train,6460,8,shd-train:227,8,,development,56
shd,train,2902,2,shd-train:228,6,,development,57
shd,train,9490,10,shd-train:229,17,,development,83
shd,train,9619,0,shd-train:230,17,,confirmation,77
shd,train,6384,10,shd-train:231,15,,development,55
shd,train,10418,1,shd-train:232,12,,confirmation,88
shd,train,6668,10,shd-train:233,1,,development,58
shd,train,6977,8,shd-train:234,5,,development,47
shd,train,8193,9,shd-train:235,18,,development,70
shd,train,7852,6,shd-train:236,10,,development,77
shd,train,6192,3,shd-train:237,14,,development,75
shd,train,5550,6,shd-train:238,15,,development,54
shd,train,11381,9,shd-train:239,14,,development,82
shd,train,11920,7,shd-train:240,5,,development,85
shd,train,4229,2,shd-train:241,1,,development,62
shd,train,9397,7,shd-train:242,4,,development,76
shd,train,10946,9,shd-train:243,10,,development,69
shd,train,9658,11,shd-train:244,7,,development,90
shd,train,7591,11,shd-train:245,15,,development,69
shd,train,5054,3,shd-train:246,16,,development,80
shd,train,4645,2,shd-train:247,13,,development,57
shd,train,9378,9,shd-train:248,15,,development,71
shd,train,8281,1,shd-train:249,4,,confirmation,64
shd,train,5124,10,shd-train:250,6,,development,74
shd,train,4048,2,shd-train:251,2,,development,56
shd,train,7299,9,shd-train:252,6,,development,80
shd,train,9153,9,shd-train:253,8,,development,63
shd,train,9887,7,shd-train:254,8,,development,72
shd,train,7570,8,shd-train:255,8,,development,60
shd,train,9744,11,shd-train:256,3,,development,76
shd,train,8054,11,shd-train:257,15,,development,78
shd,train,8856,10,shd-train:258,9,,development,61
shd,train,8218,8,shd-train:259,19,,development,55
shd,train,7824,1,shd-train:260,3,,confirmation,65
shd,train,4398,3,shd-train:261,13,,development,80
shd,train,4646,2,shd-train:262,16,,development,72
shd,train,8195,9,shd-train:263,16,,development,79
shd,train,6156,10,shd-train:264,4,,development,53
shd,train,13392,9,shd-train:265,17,,development,79
shd,train,5773,0,shd-train:266,8,,confirmation,67
shd,train,4126,2,shd-train:267,6,,development,68
shd,train,12863,1,shd-train:268,17,,confirmation,91
shd,train,9698,7,shd-train:269,15,,development,94
shd,train,6103,2,shd-train:270,0,,development,80
shd,train,6811,10,shd-train:271,2,,development,60
shd,train,6498,1,shd-train:272,8,,confirmation,62
shd,train,8743,0,shd-train:273,13,,confirmation,68
shd,train,5802,10,shd-train:274,18,,development,66
shd,train,9744,3,shd-train:275,17,,development,92
shd,train,11361,9,shd-train:276,0,,development,75
shd,train,11516,9,shd-train:277,0,,development,72
shd,train,10048,8,shd-train:278,19,,development,68
shd,train,8455,11,shd-train:279,12,,development,82
shd,train,13153,7,shd-train:280,19,,development,91
shd,train,3828,2,shd-train:281,1,,development,57
shd,train,7139,11,shd-train:282,14,,development,62
shd,train,3284,6,shd-train:283,2,,development,24
shd,train,5681,10,shd-train:284,5,,development,53
shd,train,4489,0,shd-train:285,6,,confirmation,77
shd,train,7859,11,shd-train:286,19,,development,78
shd,train,9980,11,shd-train:287,1,,development,76
shd,train,3365,2,shd-train:288,8,,development,55
shd,train,4358,3,shd-train:289,12,,development,80
shd,train,10086,9,shd-train:290,14,,development,67
shd,train,11006,11,shd-train:291,1,,development,76
shd,train,8144,9,shd-train:292,16,,development,78
shd,train,9479,1,shd-train:293,11,,confirmation,92
shd,train,11347,7,shd-train:294,1,,development,69
shd,train,6644,8,shd-train:295,18,,development,67
shd,train,12834,11,shd-train:296,13,,development,90
shd,train,7127,0,shd-train:297,12,,confirmation,71
shd,train,8077,1,shd-train:298,16,,confirmation,86
shd,train,5017,8,shd-train:299,6,,development,64
shd,train,4724,2,shd-train:300,7,,development,70
shd,train,12053,11,shd-train:301,1,,development,87
shd,train,3868,2,shd-train:302,2,,development,53
shd,train,7808,6,shd-train:303,9,,development,52
shd,train,9650,8,shd-train:304,12,,development,80
shd,train,8740,11,shd-train:305,18,,development,92
shd,train,10802,11,shd-train:306,11,,development,101
shd,train,9124,11,shd-train:307,19,,development,70
shd,train,10013,9,shd-train:308,4,,development,59
shd,train,6491,8,shd-train:309,15,,development,61
shd,train,3737,2,shd-train:310,4,,development,70
shd,train,10826,1,shd-train:311,19,,confirmation,79
shd,train,8436,8,shd-train:312,4,,development,57
shd,train,11181,9,shd-train:313,0,,development,74
shd,train,7753,11,shd-train:314,2,,development,76
shd,train,11662,1,shd-train:315,19,,confirmation,77
shd,train,4886,0,shd-train:316,18,,confirmation,66
shd,train,5246,3,shd-train:317,16,,development,88
shd,train,8841,1,shd-train:318,14,,confirmation,83
shd,train,6141,3,shd-train:319,4,,development,64
shd,train,3739,0,shd-train:320,18,,confirmation,64
shd,train,6936,1,shd-train:321,5,,confirmation,70
shd,train,6324,11,shd-train:322,16,,development,90
shd,train,6859,11,shd-train:323,16,,development,102
shd,train,11854,9,shd-train:324,12,,development,84
shd,train,9779,9,shd-train:325,8,,development,66
shd,train,6118,0,shd-train:326,4,,confirmation,74
shd,train,4405,6,shd-train:327,18,,development,58
shd,train,4682,2,shd-train:328,12,,development,62
shd,train,11232,11,shd-train:329,7,,development,106
shd,train,6953,10,shd-train:330,15,,development,61
shd,train,4098,2,shd-train:331,11,,development,68
shd,train,6900,1,shd-train:332,8,,confirmation,61
shd,train,9996,8,shd-train:333,7,,development,68
shd,train,7090,1,shd-train:334,3,,confirmation,57
shd,train,7310,0,shd-train:335,7,,confirmation,74
shd,train,10897,7,shd-train:336,14,,development,92
shd,train,4644,3,shd-train:337,6,,development,80
shd,train,9515,1,shd-train:338,10,,confirmation,74
shd,train,4884,8,shd-train:339,6,,development,60
shd,train,4225,2,shd-train:340,7,,development,62
shd,train,10849,1,shd-train:341,13,,confirmation,84
shd,train,4494,3,shd-train:342,12,,development,84
shd,train,7705,11,shd-train:343,19,,development,44
shd,train,4502,2,shd-train:344,16,,development,66
shd,train,8953,9,shd-train:345,4,,development,58
shd,train,9876,1,shd-train:346,1,,confirmation,69
shd,train,7616,8,shd-train:347,5,,development,55
shd,train,8505,2,shd-train:348,9,,development,84
shd,train,7659,9,shd-train:349,16,,development,71
shd,train,8184,11,shd-train:350,14,,development,84
shd,train,6429,8,shd-train:351,18,,development,68
shd,train,9772,7,shd-train:352,3,,development,77
shd,train,7179,10,shd-train:353,12,,development,71
shd,train,5157,3,shd-train:354,11,,development,88
shd,train,14578,7,shd-train:355,17,,development,119
shd,train,8309,8,shd-train:356,4,,development,56
shd,train,11046,7,shd-train:357,0,,development,82
shd,train,9714,10,shd-train:358,17,,development,84
shd,train,5510,0,shd-train:359,15,,confirmation,51
shd,train,8195,6,shd-train:360,19,,development,57
shd,train,6870,10,shd-train:361,2,,development,62
shd,train,9967,0,shd-train:362,9,,confirmation,81
shd,train,9442,9,shd-train:363,3,,development,64
shd,train,9658,1,shd-train:364,7,,confirmation,82
shd,train,7603,6,shd-train:365,9,,development,51
shd,train,7323,2,shd-train:366,19,,development,75
shd,train,6750,1,shd-train:367,15,,confirmation,65
shd,train,10770,7,shd-train:368,14,,development,92
shd,train,7760,11,shd-train:369,18,,development,93
shd,train,9581,1,shd-train:370,13,,confirmation,78
shd,train,7692,1,shd-train:371,4,,confirmation,59
shd,train,6657,10,shd-train:372,4,,development,58
shd,train,8007,1,shd-train:373,1,,confirmation,63
shd,train,6155,10,shd-train:374,11,,development,73
shd,train,9699,7,shd-train:375,1,,development,58
shd,train,9289,9,shd-train:376,18,,development,72
shd,train,7433,10,shd-train:377,14,,development,67
shd,train,6236,10,shd-train:378,8,,development,57
shd,train,3494,3,shd-train:379,6,,development,42
shd,train,9747,11,shd-train:380,10,,development,78
shd,train,7729,3,shd-train:381,19,,development,71
shd,train,9135,3,shd-train:382,17,,development,86
shd,train,11725,1,shd-train:383,11,,confirmation,96
shd,train,3064,2,shd-train:384,5,,development,55
shd,train,7834,8,shd-train:385,5,,development,53
shd,train,5453,10,shd-train:386,16,,development,72
shd,train,7729,11,shd-train:387,15,,development,76
shd,train,8264,1,shd-train:388,14,,confirmation,74
shd,train,5562,6,shd-train:389,2,,development,47
shd,train,6814,8,shd-train:390,2,,development,56
shd,train,8355,6,shd-train:391,19,,development,53
shd,train,10164,7,shd-train:392,3,,development,76
shd,train,9867,6,shd-train:393,17,,development,79
shd,train,5880,1,shd-train:394,5,,confirmation,62
shd,train,10417,7,shd-train:395,1,,development,66
shd,train,13313,7,shd-train:396,17,,development,111
shd,train,4531,3,shd-train:397,6,,development,77
shd,train,5663,10,shd-train:398,16,,development,76
shd,train,5212,2,shd-train:399,10,,development,54
shd,train,8068,1,shd-train:400,4,,confirmation,65
shd,train,6891,0,shd-train:401,0,,confirmation,83
shd,train,7820,10,shd-train:402,14,,development,69
shd,train,7721,0,shd-train:403,1,,confirmation,70
shd,train,12927,9,shd-train:404,0,,development,82
shd,train,8456,9,shd-train:405,2,,development,55
shd,train,4020,2,shd-train:406,2,,development,51
shd,train,9727,10,shd-train:407,17,,development,83
shd,train,11967,9,shd-train:408,19,,development,68
shd,train,11424,11,shd-train:409,7,,development,99
shd,train,8961,7,shd-train:410,15,,development,74
shd,train,11170,9,shd-train:411,7,,development,77
shd,train,6403,0,shd-train:412,12,,confirmation,68
shd,train,4420,2,shd-train:413,1,,development,56
shd,train,10735,9,shd-train:414,5,,development,60
shd,train,9025,11,shd-train:415,14,,development,99
shd,train,4775,3,shd-train:416,15,,development,63
shd,train,6638,0,shd-train:417,4,,confirmation,75
shd,train,5536,1,shd-train:418,6,,confirmation,98
shd,train,7327,6,shd-train:419,10,,development,73
shd,train,7742,1,shd-train:420,3,,confirmation,68
shd,train,7230,1,shd-train:421,16,,confirmation,86
shd,train,5280,0,shd-train:422,5,,confirmation,61
shd,train,8016,8,shd-train:423,4,,development,58
shd,train,6571,8,shd-train:424,15,,development,61
shd,train,4740,0,shd-train:425,18,,confirmation,69
shd,train,8435,7,shd-train:426,5,,development,61
shd,train,9930,1,shd-train:427,19,,confirmation,76
shd,train,13012,7,shd-train:428,10,,development,99
shd,train,12134,7,shd-train:429,11,,development,116
shd,train,9893,1,shd-train:430,16,,confirmation,91
shd,train,5951,0,shd-train:431,15,,confirmation,62
shd,train,8605,8,shd-train:432,4,,development,56
shd,train,6800,10,shd-train:433,8,,development,59
shd,train,6799,10,shd-train:434,12,,development,73
shd,train,4723,3,shd-train:435,15,,development,62
shd,train,9083,9,shd-train:436,8,,development,60
shd,train,8641,8,shd-train:437,11,,development,77
shd,train,11234,8,shd-train:438,0,,development,74
shd,train,9569,11,shd-train:439,19,,development,74
shd,train,6906,8,shd-train:440,18,,development,67
shd,train,9268,1,shd-train:441,10,,confirmation,79
shd,train,3495,2,shd-train:442,4,,development,57
shd,train,7871,8,shd-train:443,3,,development,59
shd,train,11260,11,shd-train:444,11,,development,102
shd,train,11412,11,shd-train:445,17,,development,97
shd,train,11507,1,shd-train:446,12,,confirmation,93
shd,train,8377,9,shd-train:447,18,,development,69
shd,train,8885,8,shd-train:448,1,,development,55
shd,train,5883,6,shd-train:449,1,,development,52
shd,train,4644,3,shd-train:450,6,,development,64
shd,train,7133,10,shd-train:451,10,,development,65
shd,train,5924,8,shd-train:452,15,,development,69
shd,train,7864,8,shd-train:453,5,,development,56
shd,train,7726,10,shd-train:454,14,,development,68
shd,train,5214,0,shd-train:455,5,,confirmation,61
shd,train,10677,1,shd-train:456,19,,confirmation,77
shd,train,7115,0,shd-train:457,0,,confirmation,84
shd,train,10621,7,shd-train:458,0,,development,82
shd,train,8288,10,shd-train:459,9,,development,62
shd,train,9179,8,shd-train:460,11,,development,80
shd,train,8354,11,shd-train:461,19,,development,62
shd,train,11877,9,shd-train:462,10,,development,76
shd,train,8026,11,shd-train:463,19,,development,64
shd,train,3007,2,shd-train:464,6,,development,60
shd,train,7998,8,shd-train:465,14,,development,68
shd,train,12324,11,shd-train:466,3,,development,98
shd,train,11939,9,shd-train:467,7,,development,73
shd,train,7130,6,shd-train:468,9,,development,52
shd,train,4110,2,shd-train:469,1,,development,56
shd,train,8772,0,shd-train:470,19,,confirmation,64
shd,train,5133,8,shd-train:471,6,,development,67
shd,train,6604,0,shd-train:472,11,,confirmation,74
shd,train,7223,1,shd-train:473,8,,confirmation,62
shd,train,9817,1,shd-train:474,12,,confirmation,93
shd,train,6391,9,shd-train:475,6,,development,82
shd,train,4738,6,shd-train:476,5,,development,50
shd,train,6231,0,shd-train:477,13,,confirmation,61
shd,train,4429,0,shd-train:478,6,,confirmation,73
shd,train,4102,2,shd-train:479,3,,development,54
shd,train,9902,11,shd-train:480,4,,development,83
shd,train,5932,2,shd-train:481,11,,development,75
shd,train,10110,11,shd-train:482,1,,development,74
shd,train,5512,10,shd-train:483,5,,development,58
shd,train,4702,6,shd-train:484,4,,development,59
shd,train,9707,8,shd-train:485,1,,development,59
shd,train,6280,2,shd-train:486,17,,development,68
shd,train,9145,0,shd-train:487,10,,confirmation,66
shd,train,7288,0,shd-train:488,3,,confirmation,62
shd,train,9681,1,shd-train:489,19,,confirmation,73
shd,train,10520,7,shd-train:490,0,,development,77
shd,train,4044,3,shd-train:491,18,,development,83
shd,train,4065,6,shd-train:492,6,,development,61
shd,train,5279,2,shd-train:493,0,,development,76
shd,train,5832,2,shd-train:494,0,,development,80
shd,train,6206,0,shd-train:495,4,,confirmation,73
shd,train,7152,1,shd-train:496,5,,confirmation,63
shd,train,7662,1,shd-train:497,3,,confirmation,66
shd,train,8909,1,shd-train:498,12,,confirmation,82
shd,train,8256,1,shd-train:499,2,,confirmation,66
shd,train,4380,2,shd-train:500,2,,development,55
shd,train,5354,1,shd-train:501,6,,confirmation,71
shd,train,5577,7,shd-train:502,6,,development,78
shd,train,6658,0,shd-train:503,12,,confirmation,65
shd,train,7174,8,shd-train:504,14,,development,64
shd,train,11943,7,shd-train:505,0,,development,93
shd,train,7453,0,shd-train:506,14,,confirmation,67
shd,train,6409,10,shd-train:507,4,,development,61
shd,train,7562,0,shd-train:508,1,,confirmation,69
shd,train,6974,0,shd-train:509,16,,confirmation,83
shd,train,3409,2,shd-train:510,5,,development,63
shd,train,7010,11,shd-train:511,19,,development,59
shd,train,6785,2,shd-train:512,17,,development,67
shd,train,14575,7,shd-train:513,9,,development,87
shd,train,7477,10,shd-train:514,0,,development,79
shd,train,6836,10,shd-train:515,12,,development,73
shd,train,10440,11,shd-train:516,10,,development,95
shd,train,8702,0,shd-train:517,9,,confirmation,69
shd,train,9046,8,shd-train:518,17,,development,75
shd,train,5641,6,shd-train:519,2,,development,50
shd,train,3423,2,shd-train:520,18,,development,58
shd,train,5103,10,shd-train:521,6,,development,70
shd,train,9312,7,shd-train:522,3,,development,75
shd,train,5226,1,shd-train:523,6,,confirmation,70
shd,train,12691,7,shd-train:524,1,,development,76
shd,train,5765,10,shd-train:525,16,,development,78
shd,train,6434,3,shd-train:526,14,,development,76
shd,train,8878,6,shd-train:527,13,,development,97
shd,train,6691,10,shd-train:528,3,,development,58
shd,train,9906,7,shd-train:529,5,,development,84
shd,train,11298,11,shd-train:530,0,,development,106
shd,train,7229,1,shd-train:531,8,,confirmation,63
shd,train,4772,3,shd-train:532,6,,development,76
shd,train,2410,2,shd-train:533,5,,development,51
shd,train,10974,1,shd-train:534,12,,confirmation,90
shd,train,4589,2,shd-train:535,12,,development,68
shd,train,10692,7,shd-train:536,1,,development,67
shd,train,6410,10,shd-train:537,4,,development,58
shd,train,4254,2,shd-train:538,8,,development,57
shd,train,5051,2,shd-train:539,11,,development,68
shd,train,6194,1,shd-train:540,2,,confirmation,54
shd,train,4294,0,shd-train:541,6,,confirmation,81
shd,train,8900,1,shd-train:542,1,,confirmation,65
shd,train,6565,8,shd-train:543,14,,development,62
shd,train,10326,11,shd-train:544,7,,development,106
shd,train,8918,0,shd-train:545,9,,confirmation,72
shd,train,7968,1,shd-train:546,16,,confirmation,87
shd,train,7525,0,shd-train:547,0,,confirmation,87
shd,train,5484,3,shd-train:548,15,,development,67
shd,train,5916,6,shd-train:549,15,,development,52
shd,train,5372,0,shd-train:550,15,,confirmation,51
shd,train,5763,8,shd-train:551,18,,development,64
shd,train,11133,9,shd-train:552,7,,development,74
shd,train,4298,2,shd-train:553,11,,development,68
shd,train,12247,9,shd-train:554,17,,development,76
shd,train,7422,10,shd-train:555,0,,development,84
shd,train,4802,2,shd-train:556,3,,development,57
shd,train,5442,3,shd-train:557,13,,development,85
shd,train,3853,3,shd-train:558,18,,development,82
shd,train,7895,2,shd-train:559,19,,development,63
shd,train,11960,11,shd-train:560,10,,development,90
shd,train,9590,8,shd-train:561,12,,development,89
shd,train,5647,2,shd-train:562,10,,development,58
shd,train,8849,10,shd-train:563,19,,development,65
shd,train,7927,2,shd-train:564,19,,development,72
shd,train,5687,3,shd-train:565,10,,development,73
shd,train,6926,11,shd-train:566,16,,development,91
shd,train,8240,1,shd-train:567,14,,confirmation,78
shd,train,12794,1,shd-train:568,17,,confirmation,90
shd,train,7888,11,shd-train:569,14,,development,79
shd,train,8983,9,shd-train:570,15,,development,67
shd,train,10002,1,shd-train:571,0,,confirmation,84
shd,train,8668,11,shd-train:572,14,,development,76
shd,train,7045,1,shd-train:573,15,,confirmation,59
shd,train,6633,6,shd-train:574,9,,development,55
shd,train,10879,7,shd-train:575,14,,development,91
shd,train,9096,11,shd-train:576,9,,development,67
shd,train,8577,7,shd-train:577,8,,development,65
shd,train,5001,0,shd-train:578,15,,confirmation,43
shd,train,7872,0,shd-train:579,9,,confirmation,68
shd,train,9412,7,shd-train:580,8,,development,73
shd,train,8454,9,shd-train:581,2,,development,56
shd,train,10123,8,shd-train:582,7,,development,72
shd,train,5575,0,shd-train:583,18,,confirmation,74
shd,train,8078,10,shd-train:584,19,,development,60
shd,train,7635,11,shd-train:585,19,,development,63
shd,train,6505,10,shd-train:586,15,,development,53
shd,train,10107,8,shd-train:587,17,,development,83
shd,train,6774,2,shd-train:588,0,,development,84
shd,train,7289,1,shd-train:589,15,,confirmation,75
shd,train,9433,8,shd-train:590,19,,development,64
shd,train,6073,0,shd-train:591,0,,confirmation,79
shd,train,12546,9,shd-train:592,11,,development,86
shd,train,8313,9,shd-train:593,8,,development,48
shd,train,7163,10,shd-train:594,1,,development,61
shd,train,7097,3,shd-train:595,3,,development,62
shd,train,8154,2,shd-train:596,19,,development,76
shd,train,6657,11,shd-train:597,18,,development,79
shd,train,5263,2,shd-train:598,13,,development,58
shd,train,3832,0,shd-train:599,6,,confirmation,72
shd,train,7363,6,shd-train:600,14,,development,69
shd,train,7002,8,shd-train:601,8,,development,53
shd,train,5651,1,shd-train:602,18,,confirmation,77
shd,train,6235,8,shd-train:603,15,,development,68
shd,train,3813,2,shd-train:604,2,,development,50
shd,train,6372,10,shd-train:605,2,,development,58
shd,train,10478,7,shd-train:606,3,,development,75
shd,train,13454,7,shd-train:607,11,,development,114
shd,train,10549,8,shd-train:608,19,,development,68
shd,train,6594,10,shd-train:609,8,,development,56
shd,train,11618,9,shd-train:610,0,,development,73
shd,train,7103,2,shd-train:611,17,,development,72
shd,train,8012,0,shd-train:612,10,,confirmation,61
shd,train,6522,0,shd-train:613,14,,confirmation,61
shd,train,4660,2,shd-train:614,3,,development,64
shd,train,5163,2,shd-train:615,13,,development,61
shd,train,9010,3,shd-train:616,7,,development,85
shd,train,9387,9,shd-train:617,15,,development,69
shd,train,4434,0,shd-train:618,6,,confirmation,87
shd,train,4145,3,shd-train:619,12,,development,83
shd,train,4455,2,shd-train:620,8,,development,57
shd,train,6264,11,shd-train:621,15,,development,66
shd,train,7238,0,shd-train:622,14,,confirmation,56
shd,train,6435,8,shd-train:623,8,,development,53
shd,train,5226,2,shd-train:624,14,,development,53
shd,train,7172,1,shd-train:625,2,,confirmation,61
shd,train,7944,0,shd-train:626,9,,confirmation,75
shd,train,6774,6,shd-train:627,12,,development,78
shd,train,8049,11,shd-train:628,10,,development,65
shd,train,5973,9,shd-train:629,6,,development,65
shd,train,8408,0,shd-train:630,3,,confirmation,64
shd,train,5970,2,shd-train:631,17,,development,65
shd,train,6082,2,shd-train:632,17,,development,68
shd,train,3989,2,shd-train:633,16,,development,58
shd,train,9083,1,shd-train:634,10,,confirmation,70
shd,train,8125,10,shd-train:635,0,,development,82
shd,train,6421,0,shd-train:636,13,,confirmation,62
shd,train,4409,2,shd-train:637,15,,development,49
shd,train,9756,1,shd-train:638,14,,confirmation,79
shd,train,6640,0,shd-train:639,0,,confirmation,83
shd,train,6892,0,shd-train:640,12,,confirmation,68
shd,train,7762,2,shd-train:641,19,,development,74
shd,train,9837,1,shd-train:642,13,,confirmation,78
shd,train,3092,2,shd-train:643,5,,development,53
shd,train,5108,2,shd-train:644,1,,development,63
shd,train,4854,8,shd-train:645,6,,development,66
shd,train,5226,2,shd-train:646,13,,development,58
shd,train,4089,2,shd-train:647,8,,development,55
shd,train,6797,8,shd-train:648,3,,development,56
shd,train,6292,2,shd-train:649,9,,development,77
shd,train,11914,11,shd-train:650,0,,development,98
shd,train,3964,2,shd-train:651,15,,development,45
shd,train,6971,6,shd-train:652,3,,development,54
shd,train,7355,0,shd-train:653,14,,confirmation,65
shd,train,9121,9,shd-train:654,18,,development,68
shd,train,10344,9,shd-train:655,4,,development,75
shd,train,10558,9,shd-train:656,10,,development,65
shd,train,5856,2,shd-train:657,0,,development,77
shd,train,6571,3,shd-train:658,9,,development,49
shd,train,7286,0,shd-train:659,0,,confirmation,85
shd,train,8791,8,shd-train:660,10,,development,67
shd,train,11445,11,shd-train:661,1,,development,80
shd,train,4587,3,shd-train:662,13,,development,81
shd,train,6516,0,shd-train:663,15,,confirmation,63
shd,train,7373,0,shd-train:664,1,,confirmation,67
shd,train,10848,11,shd-train:665,17,,development,93
shd,train,10886,11,shd-train:666,10,,development,83
shd,train,7221,10,shd-train:667,1,,development,61
shd,train,6688,9,shd-train:668,6,,development,76
shd,train,6722,2,shd-train:669,9,,development,79
shd,train,10670,1,shd-train:670,9,,confirmation,72
shd,train,6690,10,shd-train:671,14,,development,62
shd,train,8167,0,shd-train:672,7,,confirmation,79
shd,train,7622,6,shd-train:673,9,,development,53
shd,train,5953,0,shd-train:674,8,,confirmation,64
shd,train,6501,2,shd-train:675,19,,development,64
shd,train,5275,0,shd-train:676,15,,confirmation,54
shd,train,9514,9,shd-train:677,15,,development,77
shd,train,7787,0,shd-train:678,3,,confirmation,69
shd,train,9124,1,shd-train:679,7,,confirmation,82
shd,train,7655,2,shd-train:680,9,,development,83
shd,train,8016,11,shd-train:681,8,,development,85
shd,train,7167,0,shd-train:682,13,,confirmation,68
shd,train,13219,7,shd-train:683,9,,development,80
shd,train,14378,7,shd-train:684,19,,development,101
shd,train,13304,7,shd-train:685,19,,development,84
shd,train,4461,3,shd-train:686,12,,development,86
shd,train,8667,1,shd-train:687,12,,confirmation,109
shd,train,10246,8,shd-train:688,13,,development,75
shd,train,5984,6,shd-train:689,13,,development,67
shd,train,12200,9,shd-train:690,17,,development,77
shd,train,4383,3,shd-train:691,12,,development,81
shd,train,5472,6,shd-train:692,5,,development,60
shd,train,8427,7,shd-train:693,3,,development,71
shd,train,12415,9,shd-train:694,10,,development,77
shd,train,4876,2,shd-train:695,12,,development,67
shd,train,11605,11,shd-train:696,4,,development,94
shd,train,6899,0,shd-train:697,9,,confirmation,66
shd,train,4303,0,shd-train:698,18,,confirmation,62
shd,train,5296,10,shd-train:699,6,,development,76
shd,train,5722,10,shd-train:700,16,,development,74
shd,train,10177,8,shd-train:701,19,,development,60
shd,train,10787,9,shd-train:702,4,,development,66
shd,train,4395,0,shd-train:703,18,,confirmation,66
shd,train,10291,8,shd-train:704,17,,development,80
shd,train,10969,1,shd-train:705,13,,confirmation,78
shd,train,10346,7,shd-train:706,5,,development,76
shd,train,8822,3,shd-train:707,17,,development,85
shd,train,10934,9,shd-train:708,1,,development,62
shd,train,10184,11,shd-train:709,17,,development,100
shd,train,11711,11,shd-train:710,4,,development,94
shd,train,10934,1,shd-train:711,0,,confirmation,80
shd,train,6745,6,shd-train:712,13,,development,83
shd,train,7223,10,shd-train:713,3,,development,56
shd,train,5736,8,shd-train:714,15,,development,44
shd,train,9258,11,shd-train:715,19,,development,71
shd,train,7019,9,shd-train:716,6,,development,82
shd,train,8010,0,shd-train:717,1,,confirmation,66
shd,train,6134,0,shd-train:718,4,,confirmation,74
shd,train,10843,11,shd-train:719,4,,development,87
shd,train,11260,7,shd-train:720,0,,development,81
shd,train,3160,2,shd-train:721,18,,development,60
shd,train,9202,10,shd-train:722,17,,development,80
shd,train,8704,9,shd-train:723,8,,development,57
shd,train,10446,11,shd-train:724,1,,development,76
shd,train,6792,1,shd-train:725,5,,confirmation,73
shd,train,3993,3,shd-train:726,18,,development,81
shd,train,11938,9,shd-train:727,10,,development,74
shd,train,8092,8,shd-train:728,14,,development,65
shd,train,12607,9,shd-train:729,7,,development,83
shd,train,9126,7,shd-train:730,15,,development,78
shd,train,4206,2,shd-train:731,15,,development,46
shd,train,9412,8,shd-train:732,10,,development,71
shd,train,11990,1,shd-train:733,0,,confirmation,104
shd,train,7661,8,shd-train:734,5,,development,55
shd,train,10010,7,shd-train:735,15,,development,106
shd,train,9448,11,shd-train:736,3,,development,90
shd,train,10253,8,shd-train:737,12,,development,79
shd,train,9223,11,shd-train:738,5,,development,63
shd,train,9692,11,shd-train:739,13,,development,80
shd,train,10490,0,shd-train:740,17,,confirmation,78
shd,train,7984,11,shd-train:741,15,,development,76
shd,train,5443,2,shd-train:742,0,,development,75
shd,train,5204,2,shd-train:743,11,,development,67
shd,train,7075,8,shd-train:744,3,,development,57
shd,train,10858,1,shd-train:745,19,,confirmation,72
shd,train,4926,3,shd-train:746,12,,development,87
shd,train,11528,9,shd-train:747,9,,development,59
shd,train,7171,11,shd-train:748,18,,development,87
shd,train,6637,6,shd-train:749,12,,development,78
shd,train,9591,8,shd-train:750,17,,development,74
shd,train,7495,7,shd-train:751,2,,development,56
shd,train,12031,7,shd-train:752,17,,development,101
shd,train,3001,2,shd-train:753,6,,development,62
shd,train,9638,1,shd-train:754,11,,confirmation,88
shd,train,5608,3,shd-train:755,10,,development,71
shd,train,9162,11,shd-train:756,2,,development,83
shd,train,10846,11,shd-train:757,17,,development,100
shd,train,7898,0,shd-train:758,3,,confirmation,67
shd,train,9163,1,shd-train:759,14,,confirmation,77
shd,train,4778,10,shd-train:760,6,,development,68
shd,train,8121,1,shd-train:761,3,,confirmation,72
shd,train,4033,2,shd-train:762,8,,development,58
shd,train,3380,2,shd-train:763,4,,development,58
shd,train,8939,10,shd-train:764,19,,development,65
shd,train,5021,2,shd-train:765,12,,development,64
shd,train,7519,6,shd-train:766,9,,development,56
shd,train,7092,10,shd-train:767,11,,development,74
shd,train,5015,0,shd-train:768,5,,confirmation,61
shd,train,12957,7,shd-train:769,11,,development,119
shd,train,9474,1,shd-train:770,10,,confirmation,70
shd,train,5801,6,shd-train:771,0,,development,84
shd,train,6080,3,shd-train:772,2,,development,62
shd,train,10790,1,shd-train:773,10,,confirmation,85
shd,train,6615,0,shd-train:774,14,,confirmation,58
shd,train,3695,3,shd-train:775,18,,development,84
shd,train,12622,7,shd-train:776,12,,development,108
shd,train,8403,3,shd-train:777,9,,development,56
shd,train,4219,2,shd-train:778,7,,development,64
shd,train,5812,0,shd-train:779,2,,confirmation,54
shd,train,10161,1,shd-train:780,9,,confirmation,70
shd,train,7136,9,shd-train:781,16,,development,70
shd,train,9179,10,shd-train:782,17,,development,80
shd,train,12466,9,shd-train:783,13,,development,78
shd,train,5940,0,shd-train:784,8,,confirmation,67
shd,train,5151,3,shd-train:785,16,,development,81
shd,train,5668,10,shd-train:786,5,,development,50
shd,train,8531,1,shd-train:787,4,,confirmation,81
shd,train,3602,2,shd-train:788,4,,development,61
shd,train,9618,9,shd-train:789,3,,development,60
shd,train,6116,3,shd-train:790,14,,development,70
shd,train,7131,11,shd-train:791,15,,development,67
shd,train,13458,9,shd-train:792,9,,development,69
shd,train,12092,9,shd-train:793,9,,development,62
shd,train,8834,0,shd-train:794,10,,confirmation,61
shd,train,6347,0,shd-train:795,12,,confirmation,67
shd,train,12472,9,shd-train:796,9,,development,63
shd,train,9923,11,shd-train:797,10,,development,79
shd,train,4742,3,shd-train:798,5,,development,61
shd,train,9385,9,shd-train:799,2,,development,63
shd,train,8559,0,shd-train:800,0,,confirmation,87
shd,train,5290,6,shd-train:801,1,,development,57
shd,train,7029,10,shd-train:802,1,,development,60
shd,train,10640,1,shd-train:803,11,,confirmation,94
shd,train,4184,3,shd-train:804,5,,development,58
shd,train,7597,3,shd-train:805,3,,development,63
shd,train,7042,10,shd-train:806,1,,development,62
shd,train,8774,7,shd-train:807,3,,development,72
shd,train,4399,0,shd-train:808,6,,confirmation,77
shd,train,7092,10,shd-train:809,3,,development,57
shd,train,10834,9,shd-train:810,19,,development,62
shd,train,9592,1,shd-train:811,7,,confirmation,80
shd,train,9991,9,shd-train:812,19,,development,58
shd,train,9734,8,shd-train:813,17,,development,87
shd,train,6984,11,shd-train:814,15,,development,82
shd,train,8211,0,shd-train:815,10,,confirmation,62
shd,train,12779,7,shd-train:816,17,,development,111
shd,train,4933,3,shd-train:817,15,,development,61
shd,train,9216,9,shd-train:818,18,,development,73
shd,train,10988,11,shd-train:819,0,,development,108
shd,train,4624,2,shd-train:820,1,,development,61
shd,train,8138,3,shd-train:821,7,,development,80
shd,train,9997,11,shd-train:822,19,,development,75
shd,train,3590,2,shd-train:823,18,,development,60
shd,train,10248,11,shd-train:824,10,,development,84
shd,train,4743,3,shd-train:825,11,,development,90
shd,train,9975,11,shd-train:826,11,,development,94
shd,train,5899,11,shd-train:827,6,,development,106
shd,train,6870,2,shd-train:828,17,,development,73
shd,train,8761,8,shd-train:829,1,,development,55
shd,train,3627,6,shd-train:830,18,,development,41
shd,train,6291,1,shd-train:831,5,,confirmation,64
shd,train,6678,0,shd-train:832,11,,confirmation,77
shd,train,7117,8,shd-train:833,3,,development,55
shd,train,4201,0,shd-train:834,6,,confirmation,78
shd,train,7511,0,shd-train:835,19,,confirmation,57
shd,train,6869,3,shd-train:836,3,,development,65
shd,train,5032,10,shd-train:837,6,,development,72
shd,train,8502,10,shd-train:838,19,,development,64
shd,train,6932,2,shd-train:839,9,,development,69
shd,train,7825,8,shd-train:840,4,,development,48
shd,train,7763,8,shd-train:841,5,,development,53
shd,train,9779,0,shd-train:842,19,,confirmation,69
shd,train,6034,3,shd-train:843,7,,development,69
shd,train,6714,11,shd-train:844,16,,development,99
shd,train,7046,11,shd-train:845,16,,development,97
shd,train,14111,7,shd-train:846,19,,development,96
shd,train,2968,2,shd-train:847,5,,development,58
shd,train,11076,1,shd-train:848,10,,confirmation,80
shd,train,7625,0,shd-train:849,0,,confirmation,84
shd,train,6487,3,shd-train:850,14,,development,75
shd,train,10923,11,shd-train:851,17,,development,106
shd,train,6143,3,shd-train:852,4,,development,65
shd,train,9160,9,shd-train:853,18,,development,73
shd,train,8888,11,shd-train:854,2,,development,83
shd,train,13062,9,shd-train:855,0,,development,78
shd,train,6301,0,shd-train:856,11,,confirmation,68
shd,train,7970,0,shd-train:857,3,,confirmation,73
shd,train,12138,11,shd-train:858,7,,development,101
shd,train,12396,9,shd-train:859,17,,development,76
shd,train,13458,7,shd-train:860,12,,development,107
shd,train,6017,3,shd-train:861,8,,development,65
shd,train,6835,3,shd-train:862,8,,development,68
shd,train,8029,1,shd-train:863,4,,confirmation,72
shd,train,8163,0,shd-train:864,9,,confirmation,73
shd,train,6516,1,shd-train:865,8,,confirmation,55
shd,train,6746,10,shd-train:866,3,,development,59
shd,train,5517,3,shd-train:867,15,,development,60
shd,train,5407,11,shd-train:868,6,,development,90
shd,train,5567,3,shd-train:869,16,,development,88
shd,train,4767,3,shd-train:870,1,,development,57
shd,train,5223,2,shd-train:871,10,,development,55
shd,train,5299,3,shd-train:872,16,,development,83
shd,train,8007,11,shd-train:873,16,,development,101
shd,train,7048,11,shd-train:874,16,,development,101
shd,train,10434,11,shd-train:875,3,,development,88
shd,train,8248,10,shd-train:876,0,,development,98
shd,train,7560,0,shd-train:877,3,,confirmation,62
shd,train,7681,6,shd-train:878,19,,development,67
shd,train,10151,7,shd-train:879,3,,development,81
shd,train,8810,11,shd-train:880,5,,development,80
shd,train,8891,7,shd-train:881,2,,development,70
shd,train,6929,11,shd-train:882,16,,development,107
shd,train,8660,9,shd-train:883,8,,development,58
shd,train,7539,8,shd-train:884,2,,development,61
shd,train,8924,1,shd-train:885,3,,confirmation,73
shd,train,8363,1,shd-train:886,1,,confirmation,65
shd,train,10434,1,shd-train:887,10,,confirmation,80
shd,train,8171,11,shd-train:888,18,,development,95
shd,train,8760,6,shd-train:889,19,,development,69
shd,train,8910,11,shd-train:890,17,,development,86
shd,train,8629,3,shd-train:891,9,,development,62
shd,train,9547,9,shd-train:892,18,,development,74
shd,train,6614,10,shd-train:893,8,,development,58
shd,train,4798,2,shd-train:894,11,,development,69
shd,train,4382,0,shd-train:895,6,,confirmation,74
shd,train,10404,11,shd-train:896,11,,development,96
shd,train,6547,6,shd-train:897,7,,development,62
shd,train,8953,1,shd-train:898,7,,confirmation,78
shd,train,12574,7,shd-train:899,17,,development,111
shd,train,11021,7,shd-train:900,14,,development,80
shd,train,10758,1,shd-train:901,1,,confirmation,71
shd,train,8035,6,shd-train:902,14,,development,72
shd,train,9803,11,shd-train:903,5,,development,70
shd,train,8966,11,shd-train:904,19,,development,69
shd,train,12959,1,shd-train:905,19,,confirmation,88
shd,train,7073,8,shd-train:906,2,,development,56
shd,train,5303,2,shd-train:907,13,,development,61
shd,train,9610,3,shd-train:908,17,,development,89
shd,train,13825,9,shd-train:909,17,,development,81
shd,train,8192,8,shd-train:910,14,,development,62
shd,train,7262,10,shd-train:911,14,,development,68
shd,train,7757,1,shd-train:912,18,,confirmation,78
shd,train,6866,10,shd-train:913,13,,development,65
shd,train,10735,6,shd-train:914,17,,development,85
shd,train,2977,2,shd-train:915,6,,development,56
shd,train,9052,10,shd-train:916,17,,development,79
shd,train,8602,8,shd-train:917,9,,development,51
shd,train,7268,11,shd-train:918,19,,development,61
shd,train,11297,9,shd-train:919,19,,development,65
shd,train,3645,2,shd-train:920,1,,development,55
shd,train,4972,2,shd-train:921,3,,development,58
shd,train,7624,1,shd-train:922,2,,confirmation,64
shd,train,6050,3,shd-train:923,1,,development,68
shd,train,8738,8,shd-train:924,17,,development,55
shd,train,9218,1,shd-train:925,16,,confirmation,92
shd,train,4698,8,shd-train:926,6,,development,61
shd,train,5132,2,shd-train:927,1,,development,56
shd,train,6232,9,shd-train:928,6,,development,78
shd,train,9745,11,shd-train:929,12,,development,92
shd,train,9395,0,shd-train:930,10,,confirmation,66
shd,train,2891,2,shd-train:931,5,,development,57
shd,train,6822,6,shd-train:932,12,,development,80
shd,train,10368,9,shd-train:933,3,,development,67
shd,train,5412,0,shd-train:934,2,,confirmation,52
shd,train,12806,7,shd-train:935,12,,development,104
shd,train,6007,2,shd-train:936,9,,development,79
shd,train,6329,8,shd-train:937,15,,development,52
shd,train,7491,0,shd-train:938,3,,confirmation,63
shd,train,4621,8,shd-train:939,6,,development,63
shd,train,2768,2,shd-train:940,5,,development,51
shd,train,8346,8,shd-train:941,10,,development,63
shd,train,8374,11,shd-train:942,12,,development,79
shd,train,4105,0,shd-train:943,6,,confirmation,75
shd,train,13121,9,shd-train:944,7,,development,78
shd,train,4432,0,shd-train:945,18,,confirmation,64
shd,train,3030,2,shd-train:946,6,,development,59
shd,train,4197,2,shd-train:947,15,,development,46
shd,train,8266,11,shd-train:948,19,,development,62
shd,train,5451,7,shd-train:949,6,,development,83
shd,train,8820,11,shd-train:950,8,,development,88
shd,train,8606,8,shd-train:951,17,,development,69
shd,train,7597,2,shd-train:952,19,,development,69
shd,train,10645,8,shd-train:953,7,,development,73
shd,train,4877,10,shd-train:954,6,,development,72
shd,train,11999,9,shd-train:955,10,,development,76
shd,train,5322,0,shd-train:956,15,,confirmation,48
shd,train,7122,1,shd-train:957,8,,confirmation,63
shd,train,7685,10,shd-train:958,19,,development,60
shd,train,6927,11,shd-train:959,16,,development,101
shd,train,9310,11,shd-train:960,14,,development,87
shd,train,6596,7,shd-train:961,18,,development,61
shd,train,10232,1,shd-train:962,7,,confirmation,83
shd,train,7231,6,shd-train:963,14,,development,69
shd,train,9954,11,shd-train:964,13,,development,80
shd,train,6788,3,shd-train:965,0,,development,93
shd,train,6187,1,shd-train:966,8,,confirmation,49
shd,train,7930,10,shd-train:967,7,,development,74
shd,train,3804,2,shd-train:968,15,,development,46
shd,train,5155,8,shd-train:969,6,,development,63
shd,train,5164,3,shd-train:970,8,,development,64
shd,train,8077,10,shd-train:971,7,,development,75
shd,train,12490,7,shd-train:972,11,,development,113
shd,train,7445,10,shd-train:973,0,,development,80
shd,train,5289,6,shd-train:974,4,,development,62
shd,train,6153,3,shd-train:975,2,,development,62
shd,train,11071,11,shd-train:976,7,,development,102
shd,train,3960,2,shd-train:977,15,,development,46
shd,train,4976,2,shd-train:978,7,,development,68
shd,train,4476,3,shd-train:979,12,,development,84
shd,train,7496,8,shd-train:980,5,,development,45
shd,train,8526,0,shd-train:981,10,,confirmation,67
shd,train,7119,2,shd-train:982,19,,development,68
shd,train,5882,1,shd-train:983,8,,confirmation,45
shd,train,4964,0,shd-train:984,5,,confirmation,63
shd,train,6738,0,shd-train:985,0,,confirmation,82
shd,train,6941,11,shd-train:986,16,,development,97
shd,train,8093,11,shd-train:987,14,,development,70
shd,train,6955,3,shd-train:988,3,,development,56
shd,train,12041,11,shd-train:989,7,,development,100
shd,train,8375,1,shd-train:990,3,,confirmation,72
shd,train,8415,11,shd-train:991,19,,development,66
shd,train,10050,9,shd-train:992,14,,development,69
shd,train,7308,7,shd-train:993,18,,development,71
shd,train,6685,10,shd-train:994,12,,development,70
shd,train,9357,9,shd-train:995,2,,development,63
shd,train,8981,7,shd-train:996,14,,development,79
shd,train,5400,0,shd-train:997,2,,confirmation,48
shd,train,5685,0,shd-train:998,15,,confirmation,57
shd,train,8843,9,shd-train:999,15,,development,61
shd,train,8689,8,shd-train:1000,4,,development,62
shd,train,3952,2,shd-train:1001,2,,development,49
shd,train,7569,0,shd-train:1002,7,,confirmation,75
shd,train,8870,11,shd-train:1003,11,,development,95
shd,train,11153,9,shd-train:1004,9,,development,57
shd,train,6228,0,shd-train:1005,8,,confirmation,65
shd,train,4898,2,shd-train:1006,16,,development,70
shd,train,10103,0,shd-train:1007,10,,confirmation,69
shd,train,10527,8,shd-train:1008,19,,development,81
shd,train,7802,0,shd-train:1009,13,,confirmation,68
shd,train,7780,7,shd-train:1010,18,,development,107
shd,train,5181,3,shd-train:1011,16,,development,84
shd,train,8370,3,shd-train:1012,9,,development,62
shd,train,12386,9,shd-train:1013,7,,development,78
shd,train,9444,10,shd-train:1014,17,,development,80
shd,train,9120,0,shd-train:1015,10,,confirmation,66
shd,train,6414,0,shd-train:1016,12,,confirmation,65
shd,train,5156,0,shd-train:1017,5,,confirmation,60
shd,train,6824,1,shd-train:1018,8,,confirmation,63
shd,train,8362,3,shd-train:1019,19,,development,68
shd,train,5220,2,shd-train:1020,12,,development,64
shd,train,5962,3,shd-train:1021,1,,development,66
shd,train,9947,0,shd-train:1022,17,,confirmation,85
shd,train,4589,2,shd-train:1023,3,,development,63
shd,train,7861,1,shd-train:1024,4,,confirmation,68
shd,train,6933,10,shd-train:1025,3,,development,56
shd,train,10137,7,shd-train:1026,3,,development,86
shd,train,11878,1,shd-train:1027,0,,confirmation,83
shd,train,6792,0,shd-train:1028,0,,confirmation,80
shd,train,7225,0,shd-train:1029,13,,confirmation,63
shd,train,8930,7,shd-train:1030,4,,development,66
shd,train,8014,0,shd-train:1031,9,,confirmation,72
shd,train,4132,2,shd-train:1032,16,,development,57
shd,train,7156,8,shd-train:1033,8,,development,54
shd,train,6371,0,shd-train:1034,2,,confirmation,59
shd,train,5594,6,shd-train:1035,0,,development,86
shd,train,6883,0,shd-train:1036,13,,confirmation,63
shd,train,4933,3,shd-train:1037,15,,development,61
shd,train,14304,9,shd-train:1038,7,,development,88
shd,train,5736,10,shd-train:1039,18,,development,67
shd,train,5204,6,shd-train:1040,5,,development,60
shd,train,4195,2,shd-train:1041,1,,development,58
shd,train,6783,1,shd-train:1042,4,,confirmation,55
shd,train,2631,2,shd-train:1043,5,,development,55
shd,train,5872,8,shd-train:1044,16,,development,73
shd,train,4527,2,shd-train:1045,7,,development,67
shd,train,9257,7,shd-train:1046,15,,development,82
shd,train,10275,11,shd-train:1047,1,,development,76
shd,train,5264,3,shd-train:1048,12,,development,85
shd,train,4996,3,shd-train:1049,16,,development,80
shd,train,13802,9,shd-train:1050,17,,development,87
shd,train,6545,0,shd-train:1051,16,,confirmation,74
shd,train,12740,1,shd-train:1052,19,,confirmation,85
shd,train,6657,3,shd-train:1053,14,,development,72
shd,train,5684,2,shd-train:1054,10,,development,59
shd,train,10569,11,shd-train:1055,7,,development,95
shd,train,5052,3,shd-train:1056,12,,development,83
shd,train,6175,8,shd-train:1057,8,,development,53
shd,train,7318,0,shd-train:1058,7,,confirmation,74
shd,train,7429,8,shd-train:1059,5,,development,54
shd,train,7000,10,shd-train:1060,11,,development,76
shd,train,5900,0,shd-train:1061,8,,confirmation,67
shd,train,4842,10,shd-train:1062,6,,development,70
shd,train,5900,0,shd-train:1063,16,,confirmation,86
shd,train,11374,8,shd-train:1064,0,,development,73
shd,train,6067,3,shd-train:1065,14,,development,74
shd,train,11369,11,shd-train:1066,10,,development,87
shd,train,6481,1,shd-train:1067,18,,confirmation,78
shd,train,5485,3,shd-train:1068,16,,development,89
shd,train,7893,10,shd-train:1069,14,,development,62
shd,train,10539,7,shd-train:1070,2,,development,73
shd,train,8408,9,shd-train:1071,18,,development,71
shd,train,9469,11,shd-train:1072,13,,development,80
shd,train,8281,0,shd-train:1073,3,,confirmation,68
shd,train,7527,0,shd-train:1074,12,,confirmation,72
shd,train,7035,8,shd-train:1075,2,,development,61
shd,train,5501,2,shd-train:1076,3,,development,58
shd,train,5209,2,shd-train:1077,16,,development,72
shd,train,3401,2,shd-train:1078,4,,development,57
shd,train,9915,9,shd-train:1079,3,,development,64
shd,train,9725,7,shd-train:1080,15,,development,86
shd,train,6955,0,shd-train:1081,14,,confirmation,65
shd,train,6627,8,shd-train:1082,2,,development,54
shd,train,9525,1,shd-train:1083,19,,confirmation,70
shd,train,6681,10,shd-train:1084,12,,development,70
shd,train,9242,8,shd-train:1085,10,,development,69
shd,train,3811,2,shd-train:1086,2,,development,52
shd,train,7468,8,shd-train:1087,14,,development,65
shd,train,3917,2,shd-train:1088,8,,development,52
shd,train,4422,0,shd-train:1089,18,,confirmation,63
shd,train,3521,2,shd-train:1090,8,,development,54
shd,train,4916,10,shd-train:1091,6,,development,71
shd,train,3279,2,shd-train:1092,4,,development,59
shd,train,9493,11,shd-train:1093,17,,development,88
shd,train,14068,9,shd-train:1094,17,,development,86
shd,train,7481,7,shd-train:1095,18,,development,96
shd,train,3225,2,shd-train:1096,4,,development,63
shd,train,12798,9,shd-train:1097,0,,development,79
shd,train,9053,11,shd-train:1098,13,,development,74
shd,train,8983,0,shd-train:1099,17,,confirmation,73
shd,train,5528,0,shd-train:1100,2,,confirmation,51
shd,train,9357,7,shd-train:1101,8,,development,80
shd,train,9128,8,shd-train:1102,10,,development,68
shd,train,10406,11,shd-train:1103,4,,development,82
shd,train,6538,1,shd-train:1104,5,,confirmation,57
shd,train,6212,8,shd-train:1105,16,,development,74
shd,train,6717,10,shd-train:1106,3,,development,56
shd,train,5441,11,shd-train:1107,6,,development,95
shd,train,3398,2,shd-train:1108,5,,development,58
shd,train,8765,3,shd-train:1109,7,,development,85
shd,train,10174,7,shd-train:1110,8,,development,75
shd,train,5358,2,shd-train:1111,7,,development,69
shd,train,8446,3,shd-train:1112,17,,development,86
shd,train,8128,11,shd-train:1113,8,,development,85
shd,train,9632,9,shd-train:1114,3,,development,62
shd,train,7474,7,shd-train:1115,9,,development,51
shd,train,10152,7,shd-train:1116,3,,development,75
shd,train,9886,7,shd-train:1117,8,,development,78
shd,train,6295,6,shd-train:1118,7,,development,56
shd,train,10972,0,shd-train:1119,17,,confirmation,81
shd,train,7315,10,shd-train:1120,2,,development,62
shd,train,10096,9,shd-train:1121,14,,development,68
shd,train,7135,3,shd-train:1122,19,,development,65
shd,train,12578,9,shd-train:1123,0,,development,78
shd,train,6490,0,shd-train:1124,4,,confirmation,81
shd,train,10833,11,shd-train:1125,1,,development,78
shd,train,11200,9,shd-train:1126,12,,development,89
shd,train,7859,8,shd-train:1127,3,,development,55
shd,train,7090,11,shd-train:1128,8,,development,57
shd,train,12254,11,shd-train:1129,0,,development,103
shd,train,7622,1,shd-train:1130,15,,confirmation,61
shd,train,4177,2,shd-train:1131,11,,development,69
shd,train,6758,10,shd-train:1132,2,,development,60
shd,train,11300,7,shd-train:1133,5,,development,91
shd,train,10719,11,shd-train:1134,9,,development,72
shd,train,9729,1,shd-train:1135,9,,confirmation,66
shd,train,8375,10,shd-train:1136,9,,development,60
shd,train,4643,3,shd-train:1137,11,,development,92
shd,train,8429,3,shd-train:1138,7,,development,86
shd,train,7868,2,shd-train:1139,19,,development,73
shd,train,8594,11,shd-train:1140,19,,development,64
shd,train,5039,6,shd-train:1141,5,,development,60
shd,train,7412,0,shd-train:1142,13,,confirmation,65
shd,train,6311,3,shd-train:1143,14,,development,71
shd,train,4248,6,shd-train:1144,6,,development,48
shd,train,10179,9,shd-train:1145,8,,development,69
shd,train,7928,0,shd-train:1146,19,,confirmation,63
shd,train,5164,3,shd-train:1147,11,,development,86
shd,train,8054,8,shd-train:1148,4,,development,53
shd,train,8674,3,shd-train:1149,7,,development,83
shd,train,8868,3,shd-train:1150,19,,development,69
shd,train,10860,11,shd-train:1151,1,,development,76
shd,train,7131,1,shd-train:1152,2,,confirmation,60
shd,train,7421,1,shd-train:1153,3,,confirmation,58
shd,train,9712,11,shd-train:1154,14,,development,86
shd,train,6950,10,shd-train:1155,3,,development,57
shd,train,10707,8,shd-train:1156,7,,development,73
shd,train,7996,11,shd-train:1157,15,,development,68
shd,train,5923,0,shd-train:1158,8,,confirmation,63
shd,train,9604,8,shd-train:1159,10,,development,75
shd,train,6530,8,shd-train:1160,15,,development,53
shd,train,6390,10,shd-train:1161,4,,development,52
shd,train,6486,7,shd-train:1162,6,,development,82
shd,train,11591,11,shd-train:1163,13,,development,84
shd,train,7811,11,shd-train:1164,19,,development,64
shd,train,3094,2,shd-train:1165,6,,development,59
shd,train,7379,7,shd-train:1166,16,,development,101
shd,train,6384,0,shd-train:1167,12,,confirmation,68
shd,train,8631,7,shd-train:1168,4,,development,68
shd,train,9892,11,shd-train:1169,7,,development,95
shd,train,9803,1,shd-train:1170,0,,confirmation,80
shd,train,12373,1,shd-train:1171,0,,confirmation,87
shd,train,7338,1,shd-train:1172,8,,confirmation,67
shd,train,8963,1,shd-train:1173,16,,confirmation,90
shd,train,10278,11,shd-train:1174,10,,development,84
shd,train,7377,0,shd-train:1175,13,,confirmation,68
shd,train,12181,9,shd-train:1176,7,,development,77
shd,train,4859,2,shd-train:1177,7,,development,66
shd,train,6970,0,shd-train:1178,11,,confirmation,76
shd,train,9664,1,shd-train:1179,11,,confirmation,87
shd,train,5764,0,shd-train:1180,8,,confirmation,60
shd,train,6315,7,shd-train:1181,6,,development,85
shd,train,5157,3,shd-train:1182,13,,development,78
shd,train,8397,9,shd-train:1183,8,,development,55
shd,train,6489,10,shd-train:1184,8,,development,60
shd,train,6627,3,shd-train:1185,8,,development,67
shd,train,4381,2,shd-train:1186,2,,development,52
shd,train,8545,9,shd-train:1187,18,,development,69
shd,train,8257,0,shd-train:1188,19,,confirmation,62
shd,train,4324,2,shd-train:1189,3,,development,54
shd,train,5258,2,shd-train:1190,7,,development,67
shd,train,5101,2,shd-train:1191,12,,development,67
shd,train,10178,8,shd-train:1192,7,,development,75
shd,train,10126,9,shd-train:1193,3,,development,67
shd,train,5222,3,shd-train:1194,15,,development,58
shd,train,11849,9,shd-train:1195,7,,development,74
shd,train,6789,10,shd-train:1196,8,,development,61
shd,train,4930,3,shd-train:1197,11,,development,91
shd,train,9349,9,shd-train:1198,8,,development,63
shd,train,6339,10,shd-train:1199,12,,development,72
shd,train,6248,6,shd-train:1200,13,,development,75
shd,train,9104,1,shd-train:1201,19,,confirmation,71
shd,train,6158,6,shd-train:1202,3,,development,49
shd,train,5073,2,shd-train:1203,3,,development,61
shd,train,5282,11,shd-train:1204,6,,development,100
shd,train,6266,6,shd-train:1205,14,,development,51
shd,train,6747,10,shd-train:1206,13,,development,73
shd,train,6368,0,shd-train:1207,16,,confirmation,72
shd,train,4653,10,shd-train:1208,6,,development,69
shd,train,7431,1,shd-train:1209,2,,confirmation,63
shd,train,11333,7,shd-train:1210,1,,development,70
shd,train,6678,3,shd-train:1211,1,,development,65
shd,train,9407,11,shd-train:1212,12,,development,82
shd,train,7763,10,shd-train:1213,1,,development,69
shd,train,7343,1,shd-train:1214,3,,confirmation,55
shd,train,6122,3,shd-train:1215,10,,development,75
shd,train,8394,8,shd-train:1216,4,,development,54
shd,train,5089,2,shd-train:1217,3,,development,61
shd,train,6718,2,shd-train:1218,10,,development,93
shd,train,6667,10,shd-train:1219,2,,development,58
shd,train,4163,2,shd-train:1220,2,,development,53
shd,train,6331,6,shd-train:1221,0,,development,86
shd,train,5923,3,shd-train:1222,16,,development,90
shd,train,5501,3,shd-train:1223,15,,development,65
shd,train,8939,3,shd-train:1224,17,,development,92
shd,train,11636,9,shd-train:1225,13,,development,75
shd,train,5378,0,shd-train:1226,18,,confirmation,78
shd,train,10622,9,shd-train:1227,19,,development,62
shd,train,10682,11,shd-train:1228,7,,development,93
shd,train,9497,9,shd-train:1229,4,,development,68
shd,train,6993,10,shd-train:1230,2,,development,61
shd,train,7964,1,shd-train:1231,3,,confirmation,68
shd,train,11161,11,shd-train:1232,7,,development,98
shd,train,10404,9,shd-train:1233,14,,development,73
shd,train,9907,8,shd-train:1234,1,,development,61
shd,train,3301,2,shd-train:1235,6,,development,65
shd,train,6873,10,shd-train:1236,10,,development,61
shd,train,6124,3,shd-train:1237,8,,development,64
shd,train,11048,7,shd-train:1238,14,,development,95
shd,train,7729,8,shd-train:1239,14,,development,70
shd,train,7083,3,shd-train:1240,9,,development,59
shd,train,7098,11,shd-train:1241,9,,development,55
shd,train,4130,6,shd-train:1242,3,,development,25
shd,train,6394,10,shd-train:1243,15,,development,54
shd,train,3607,2,shd-train:1244,8,,development,52
shd,train,7334,10,shd-train:1245,11,,development,73
shd,train,4975,0,shd-train:1246,5,,confirmation,67
shd,train,5823,1,shd-train:1247,18,,confirmation,78
shd,train,9273,0,shd-train:1248,17,,confirmation,75
shd,train,12609,1,shd-train:1249,17,,confirmation,90
shd,train,7388,2,shd-train:1250,19,,development,64
shd,train,9584,7,shd-train:1251,7,,development,84
shd,train,12509,11,shd-train:1252,13,,development,86
shd,train,8609,7,shd-train:1253,4,,development,61
shd,train,6878,2,shd-train:1254,9,,development,77
shd,train,6582,10,shd-train:1255,2,,development,56
shd,train,10529,9,shd-train:1256,12,,development,82
shd,train,7131,10,shd-train:1257,14,,development,60
shd,train,7468,8,shd-train:1258,14,,development,59
shd,train,10439,11,shd-train:1259,11,,development,95
shd,train,7308,0,shd-train:1260,0,,confirmation,79
shd,train,13758,7,shd-train:1261,17,,development,119
shd,train,4612,3,shd-train:1262,12,,development,86
shd,train,5637,2,shd-train:1263,10,,development,61
shd,train,8469,10,shd-train:1264,19,,development,61
shd,train,8122,10,shd-train:1265,7,,development,75
shd,train,9196,9,shd-train:1266,2,,development,62
shd,train,5806,6,shd-train:1267,4,,development,57
shd,train,7232,10,shd-train:1268,1,,development,62
shd,train,7762,8,shd-train:1269,4,,development,54
shd,train,3973,3,shd-train:1270,12,,development,83
shd,train,7236,2,shd-train:1271,19,,development,67
shd,train,4767,8,shd-train:1272,6,,development,65
shd,train,7435,8,shd-train:1273,4,,development,48
shd,train,11039,11,shd-train:1274,10,,development,85
shd,train,12708,9,shd-train:1275,12,,development,86
shd,train,7178,2,shd-train:1276,17,,development,73
shd,train,6854,1,shd-train:1277,18,,confirmation,81
shd,train,12811,9,shd-train:1278,13,,development,78
shd,train,6254,1,shd-train:1279,18,,confirmation,80
shd,train,7639,0,shd-train:1280,7,,confirmation,77
shd,train,6007,0,shd-train:1281,11,,confirmation,74
shd,train,7758,9,shd-train:1282,18,,development,53
shd,train,10030,9,shd-train:1283,4,,development,61
shd,train,8121,7,shd-train:1284,16,,development,115
shd,train,8696,8,shd-train:1285,11,,development,75
shd,train,7741,10,shd-train:1286,14,,development,66
shd,train,4979,3,shd-train:1287,6,,development,78
shd,train,9527,7,shd-train:1288,4,,development,77
shd,train,8644,1,shd-train:1289,14,,confirmation,79
shd,train,6427,10,shd-train:1290,4,,development,60
shd,train,11012,9,shd-train:1291,5,,development,58
shd,train,4330,0,shd-train:1292,18,,confirmation,59
shd,train,9091,11,shd-train:1293,19,,development,73
shd,train,6169,0,shd-train:1294,2,,confirmation,53
shd,train,6115,8,shd-train:1295,16,,development,69
shd,train,7406,11,shd-train:1296,15,,development,70
shd,train,10327,6,shd-train:1297,17,,development,79
shd,train,4767,6,shd-train:1298,2,,development,37
shd,train,9240,8,shd-train:1299,7,,development,74
shd,train,5295,11,shd-train:1300,19,,development,50
shd,train,5129,6,shd-train:1301,4,,development,61
shd,train,10970,11,shd-train:1302,3,,development,91
shd,train,7404,1,shd-train:1303,4,,confirmation,64
shd,train,6766,0,shd-train:1304,11,,confirmation,74
shd,train,9271,7,shd-train:1305,1,,development,57
shd,train,4847,0,shd-train:1306,6,,confirmation,77
shd,train,10979,11,shd-train:1307,10,,development,85
shd,train,7408,11,shd-train:1308,16,,development,100
shd,train,6671,10,shd-train:1309,11,,development,73
shd,train,6275,2,shd-train:1310,0,,development,83
shd,train,10941,11,shd-train:1311,3,,development,90
shd,train,9492,10,shd-train:1312,17,,development,82
shd,train,8570,7,shd-train:1313,18,,development,113
shd,train,5669,10,shd-train:1314,5,,development,54
shd,train,12958,11,shd-train:1315,13,,development,92
shd,train,3341,2,shd-train:1316,18,,development,59
shd,train,7767,10,shd-train:1317,14,,development,68
shd,train,6830,6,shd-train:1318,9,,development,52
shd,train,7663,3,shd-train:1319,9,,development,60
shd,train,9588,8,shd-train:1320,11,,development,79
shd,train,13165,7,shd-train:1321,13,,development,98
shd,train,6853,10,shd-train:1322,3,,development,55
shd,train,7907,11,shd-train:1323,15,,development,82
shd,train,7177,8,shd-train:1324,2,,development,57
shd,train,8382,0,shd-train:1325,3,,confirmation,71
shd,train,5288,10,shd-train:1326,16,,development,73
shd,train,11394,9,shd-train:1327,1,,development,61
shd,train,7458,10,shd-train:1328,1,,development,65
shd,train,7234,0,shd-train:1329,13,,confirmation,70
shd,train,4302,2,shd-train:1330,2,,development,53
shd,train,8431,0,shd-train:1331,13,,confirmation,69
shd,train,9014,3,shd-train:1332,19,,development,77
shd,train,9480,1,shd-train:1333,13,,confirmation,81
shd,train,6934,6,shd-train:1334,11,,development,84
shd,train,5416,0,shd-train:1335,5,,confirmation,77
shd,train,9418,7,shd-train:1336,2,,development,77
shd,train,5745,9,shd-train:1337,6,,development,70
shd,train,3935,2,shd-train:1338,8,,development,54
shd,train,11525,7,shd-train:1339,14,,development,98
shd,train,6686,11,shd-train:1340,16,,development,99
shd,train,6744,0,shd-train:1341,7,,confirmation,78
shd,train,5320,2,shd-train:1342,7,,development,66
shd,train,11950,7,shd-train:1343,5,,development,93
shd,train,7951,1,shd-train:1344,12,,confirmation,84
shd,train,4963,2,shd-train:1345,1,,development,62
shd,train,12850,11,shd-train:1346,10,,development,111
shd,train,8999,8,shd-train:1347,12,,development,75
shd,train,4291,3,shd-train:1348,5,,development,58
shd,train,4430,2,shd-train:1349,8,,development,53
shd,train,5041,8,shd-train:1350,6,,development,67
shd,train,11763,7,shd-train:1351,5,,development,81
shd,train,7535,0,shd-train:1352,14,,confirmation,66
shd,train,9417,11,shd-train:1353,12,,development,90
shd,train,8709,1,shd-train:1354,3,,confirmation,72
shd,train,3255,2,shd-train:1355,18,,development,61
shd,train,5245,3,shd-train:1356,15,,development,61
shd,train,9320,0,shd-train:1357,13,,confirmation,71
shd,train,6757,10,shd-train:1358,10,,development,62
shd,train,6693,0,shd-train:1359,14,,confirmation,63
shd,train,6070,10,shd-train:1360,16,,development,75
shd,train,12362,1,shd-train:1361,13,,confirmation,87
shd,train,4513,2,shd-train:1362,3,,development,54
shd,train,8165,10,shd-train:1363,0,,development,88
shd,train,5061,2,shd-train:1364,1,,development,75
shd,train,5947,2,shd-train:1365,9,,development,77
shd,train,3779,2,shd-train:1366,2,,development,49
shd,train,9519,8,shd-train:1367,0,,development,72
shd,train,4701,2,shd-train:1368,7,,development,70
shd,train,4272,3,shd-train:1369,5,,development,59
shd,train,4541,2,shd-train:1370,1,,development,61
shd,train,10357,11,shd-train:1371,7,,development,93
shd,train,10890,7,shd-train:1372,10,,development,85
shd,train,7450,6,shd-train:1373,14,,development,63
shd,train,5734,10,shd-train:1374,18,,development,69
shd,train,8201,1,shd-train:1375,3,,confirmation,67
shd,train,10626,9,shd-train:1376,14,,development,74
shd,train,12771,9,shd-train:1377,17,,development,79
shd,train,4997,2,shd-train:1378,11,,development,74
shd,train,2578,2,shd-train:1379,5,,development,51
shd,train,6682,3,shd-train:1380,2,,development,72
shd,train,11439,9,shd-train:1381,5,,development,67
shd,train,7767,0,shd-train:1382,10,,confirmation,59
shd,train,9359,1,shd-train:1383,14,,confirmation,87
shd,train,9386,11,shd-train:1384,11,,development,86
shd,train,10523,11,shd-train:1385,0,,development,93
shd,train,10001,1,shd-train:1386,10,,confirmation,73
shd,train,9460,1,shd-train:1387,19,,confirmation,66
shd,train,10069,11,shd-train:1388,3,,development,82
shd,train,3104,2,shd-train:1389,5,,development,54
shd,train,4070,2,shd-train:1390,2,,development,50
shd,train,7007,0,shd-train:1391,14,,confirmation,54
shd,train,12782,9,shd-train:1392,0,,development,80
shd,train,7954,11,shd-train:1393,17,,development,93
shd,train,6903,10,shd-train:1394,11,,development,78
shd,train,4274,2,shd-train:1395,2,,development,51
shd,train,7496,11,shd-train:1396,8,,development,86
shd,train,12008,9,shd-train:1397,0,,development,76
shd,train,5863,3,shd-train:1398,14,,development,76
shd,train,6615,10,shd-train:1399,12,,development,76
shd,train,10948,7,shd-train:1400,14,,development,83
shd,train,7384,8,shd-train:1401,2,,development,58
shd,train,9750,11,shd-train:1402,5,,development,75
shd,train,7669,11,shd-train:1403,12,,development,78
shd,train,8470,0,shd-train:1404,19,,confirmation,67
shd,train,3474,2,shd-train:1405,4,,development,62
shd,train,7602,10,shd-train:1406,1,,development,61
shd,train,6888,10,shd-train:1407,10,,development,62
shd,train,10828,7,shd-train:1408,0,,development,84
shd,train,9701,11,shd-train:1409,4,,development,73
shd,train,5674,0,shd-train:1410,8,,confirmation,61
shd,train,7616,8,shd-train:1411,3,,development,71
shd,train,5024,11,shd-train:1412,6,,development,100
shd,train,6916,6,shd-train:1413,9,,development,47
shd,train,4934,2,shd-train:1414,13,,development,60
shd,train,6149,10,shd-train:1415,8,,development,56
shd,train,9241,8,shd-train:1416,4,,development,62
shd,train,13172,7,shd-train:1417,19,,development,81
shd,train,7788,11,shd-train:1418,15,,development,70
shd,train,10400,9,shd-train:1419,5,,development,64
shd,train,7827,11,shd-train:1420,18,,development,87
shd,train,4759,2,shd-train:1421,16,,development,65
shd,train,7621,10,shd-train:1422,13,,development,72
shd,train,6835,6,shd-train:1423,11,,development,84
shd,train,8685,10,shd-train:1424,17,,development,79
shd,train,8829,11,shd-train:1425,2,,development,78
shd,train,10677,1,shd-train:1426,0,,confirmation,84
shd,train,10305,0,shd-train:1427,17,,confirmation,73
shd,train,13208,9,shd-train:1428,17,,development,82
shd,train,9228,8,shd-train:1429,12,,development,80
shd,train,8761,8,shd-train:1430,11,,development,69
shd,train,5751,8,shd-train:1431,16,,development,74
shd,train,8198,3,shd-train:1432,7,,development,78
shd,train,5477,0,shd-train:1433,8,,confirmation,64
shd,train,9072,6,shd-train:1434,19,,development,70
shd,train,3987,3,shd-train:1435,18,,development,83
shd,train,7837,0,shd-train:1436,10,,confirmation,61
shd,train,11890,7,shd-train:1437,0,,development,91
shd,train,5333,11,shd-train:1438,6,,development,96
shd,train,4806,6,shd-train:1439,1,,development,46
shd,train,6354,2,shd-train:1440,10,,development,62
shd,train,4508,2,shd-train:1441,13,,development,61
shd,train,6202,1,shd-train:1442,18,,confirmation,75
shd,train,6361,6,shd-train:1443,11,,development,82
shd,train,4967,2,shd-train:1444,14,,development,56
shd,train,8620,10,shd-train:1445,9,,development,62
shd,train,6194,8,shd-train:1446,15,,development,61
shd,train,4673,2,shd-train:1447,12,,development,64
shd,train,8159,11,shd-train:1448,19,,development,64
shd,train,5948,3,shd-train:1449,4,,development,59
shd,train,11007,1,shd-train:1450,9,,confirmation,72
shd,train,6824,10,shd-train:1451,1,,development,58
shd,train,5043,2,shd-train:1452,7,,development,63
shd,train,6900,8,shd-train:1453,2,,development,57
shd,train,3422,2,shd-train:1454,5,,development,52
shd,train,7567,3,shd-train:1455,19,,development,64
shd,train,6927,10,shd-train:1456,2,,development,63
shd,train,10005,8,shd-train:1457,1,,development,58
shd,train,8216,11,shd-train:1458,12,,development,74
shd,train,8946,8,shd-train:1459,9,,development,61
shd,train,7977,6,shd-train:1460,10,,development,75
shd,train,4735,2,shd-train:1461,13,,development,57
shd,train,7814,3,shd-train:1462,17,,development,86
shd,train,5218,2,shd-train:1463,13,,development,59
shd,train,3311,2,shd-train:1464,5,,development,56
shd,train,7808,10,shd-train:1465,19,,development,60
shd,train,6375,0,shd-train:1466,14,,confirmation,52
shd,train,5956,0,shd-train:1467,2,,confirmation,56
shd,train,9025,7,shd-train:1468,15,,development,91
shd,train,8410,10,shd-train:1469,7,,development,77
shd,train,12614,1,shd-train:1470,17,,confirmation,92
shd,train,8820,6,shd-train:1471,19,,development,53
shd,train,6414,0,shd-train:1472,4,,confirmation,82
shd,train,6703,11,shd-train:1473,16,,development,96
shd,train,6337,0,shd-train:1474,2,,confirmation,58
shd,train,6119,2,shd-train:1475,9,,development,67
shd,train,9737,9,shd-train:1476,3,,development,60
shd,train,6526,3,shd-train:1477,3,,development,60
shd,train,7662,11,shd-train:1478,15,,development,76
shd,train,8597,8,shd-train:1479,10,,development,66
shd,train,11794,1,shd-train:1480,13,,confirmation,85
shd,train,9980,1,shd-train:1481,16,,confirmation,98
shd,train,6212,8,shd-train:1482,15,,development,62
shd,train,4599,0,shd-train:1483,5,,confirmation,69
shd,train,12040,11,shd-train:1484,13,,development,83
shd,train,7793,0,shd-train:1485,11,,confirmation,82
shd,train,6709,1,shd-train:1486,8,,confirmation,61
shd,train,3021,6,shd-train:1487,6,,development,30
shd,train,11403,9,shd-train:1488,3,,development,83
shd,train,10647,9,shd-train:1489,10,,development,68
shd,train,12473,1,shd-train:1490,19,,confirmation,80
shd,train,7408,1,shd-train:1491,3,,confirmation,65
shd,train,9247,8,shd-train:1492,0,,development,70
shd,train,9149,8,shd-train:1493,17,,development,93
shd,train,6230,7,shd-train:1494,6,,development,86
shd,train,4156,2,shd-train:1495,1,,development,59
shd,train,6127,9,shd-train:1496,6,,development,74
shd,train,9031,1,shd-train:1497,10,,confirmation,73
shd,train,3408,2,shd-train:1498,2,,development,50
shd,train,9566,1,shd-train:1499,12,,confirmation,88
shd,train,7200,2,shd-train:1500,19,,development,69
shd,train,3826,2,shd-train:1501,8,,development,56
shd,train,4265,0,shd-train:1502,18,,confirmation,65
shd,train,9712,7,shd-train:1503,15,,development,107
shd,train,12284,9,shd-train:1504,17,,development,80
shd,train,7536,11,shd-train:1505,18,,development,86
shd,train,5032,3,shd-train:1506,13,,development,79
shd,train,12187,7,shd-train:1507,12,,development,104
shd,train,10383,11,shd-train:1508,11,,development,102
shd,train,8612,7,shd-train:1509,3,,development,72
shd,train,5899,2,shd-train:1510,10,,development,60
shd,train,9511,6,shd-train:1511,17,,development,75
shd,train,10317,7,shd-train:1512,5,,development,70
shd,train,5001,2,shd-train:1513,3,,development,57
shd,train,9806,11,shd-train:1514,1,,development,72
shd,train,6565,8,shd-train:1515,18,,development,68
shd,train,9005,7,shd-train:1516,15,,development,80
shd,train,10760,1,shd-train:1517,0,,confirmation,94
shd,train,10012,8,shd-train:1518,1,,development,61
shd,train,5981,3,shd-train:1519,10,,development,75
shd,train,7766,11,shd-train:1520,15,,development,76
shd,train,7854,2,shd-train:1521,19,,development,74
shd,train,6152,2,shd-train:1522,10,,development,60
shd,train,6327,6,shd-train:1523,0,,development,86
shd,train,12182,7,shd-train:1524,12,,development,105
shd,train,10067,1,shd-train:1525,11,,confirmation,85
shd,train,7413,8,shd-train:1526,3,,development,61
shd,train,9036,1,shd-train:1527,11,,confirmation,89
shd,train,4812,2,shd-train:1528,14,,development,53
shd,train,4644,3,shd-train:1529,6,,development,75
shd,train,4843,3,shd-train:1530,12,,development,82
shd,train,4505,3,shd-train:1531,5,,development,59
shd,train,4916,2,shd-train:1532,3,,development,57
shd,train,2852,2,shd-train:1533,5,,development,52
shd,train,9190,10,shd-train:1534,17,,development,83
shd,train,4542,2,shd-train:1535,8,,development,58
shd,train,10287,8,shd-train:1536,19,,development,66
shd,train,6048,10,shd-train:1537,4,,development,60
shd,train,7710,8,shd-train:1538,3,,development,62
shd,train,4840,2,shd-train:1539,14,,development,52
shd,train,12894,7,shd-train:1540,17,,development,107
shd,train,5132,6,shd-train:1541,5,,development,59
shd,train,10071,9,shd-train:1542,2,,development,64
shd,train,6711,8,shd-train:1543,18,,development,69
shd,train,8063,10,shd-train:1544,9,,development,58
shd,train,8237,1,shd-train:1545,4,,confirmation,84
shd,train,9057,10,shd-train:1546,9,,development,63
shd,train,5540,6,shd-train:1547,15,,development,49
shd,train,10300,11,shd-train:1548,9,,development,75
shd,train,10103,7,shd-train:1549,7,,development,73
shd,train,7468,1,shd-train:1550,4,,confirmation,77
shd,train,7113,7,shd-train:1551,16,,development,102
shd,train,10134,9,shd-train:1552,14,,development,67
shd,train,9573,8,shd-train:1553,19,,development,58
shd,train,9838,11,shd-train:1554,17,,development,91
shd,train,4493,3,shd-train:1555,12,,development,88
shd,train,8045,3,shd-train:1556,19,,development,68
shd,train,9396,7,shd-train:1557,8,,development,71
shd,train,6121,10,shd-train:1558,15,,development,57
shd,train,10627,11,shd-train:1559,7,,development,97
shd,train,11810,7,shd-train:1560,14,,development,107
shd,train,7645,1,shd-train:1561,4,,confirmation,59
shd,train,12252,7,shd-train:1562,0,,development,90
shd,train,6002,0,shd-train:1563,4,,confirmation,67
shd,train,12338,7,shd-train:1564,13,,development,91
shd,train,6251,2,shd-train:1565,17,,development,67
shd,train,6567,6,shd-train:1566,9,,development,54
shd,train,13399,9,shd-train:1567,17,,development,82
shd,train,6701,6,shd-train:1568,0,,development,90
shd,train,7742,8,shd-train:1569,5,,development,47
shd,train,9562,11,shd-train:1570,3,,development,81
shd,train,5783,2,shd-train:1571,17,,development,63
shd,train,4261,2,shd-train:1572,11,,development,69
shd,train,12691,11,shd-train:1573,3,,development,96
shd,train,4586,3,shd-train:1574,12,,development,87
shd,train,7762,0,shd-train:1575,3,,confirmation,69
shd,train,5600,0,shd-train:1576,16,,confirmation,80
shd,train,9674,7,shd-train:1577,1,,development,60
shd,train,9307,9,shd-train:1578,8,,development,61
shd,train,7764,3,shd-train:1579,9,,development,61
shd,train,6660,0,shd-train:1580,14,,confirmation,54
shd,train,4685,6,shd-train:1581,5,,development,60
shd,train,6516,10,shd-train:1582,8,,development,58
shd,train,10001,7,shd-train:1583,5,,development,71
shd,train,6585,3,shd-train:1584,19,,development,62
shd,train,8449,11,shd-train:1585,14,,development,78
shd,train,10314,7,shd-train:1586,1,,development,63
shd,train,6394,0,shd-train:1587,12,,confirmation,67
shd,train,3137,2,shd-train:1588,6,,development,61
shd,train,6142,10,shd-train:1589,4,,development,61
shd,train,7229,8,shd-train:1590,2,,development,59
shd,train,5421,0,shd-train:1591,15,,confirmation,54
shd,train,6789,2,shd-train:1592,17,,development,72
shd,train,9800,9,shd-train:1593,13,,development,62
shd,train,10259,11,shd-train:1594,5,,development,78
shd,train,8482,9,shd-train:1595,18,,development,69
shd,train,9158,7,shd-train:1596,15,,development,82
shd,train,6939,11,shd-train:1597,15,,development,68
shd,train,4809,2,shd-train:1598,13,,development,58
shd,train,7601,11,shd-train:1599,15,,development,71
shd,train,5745,6,shd-train:1600,16,,development,72
shd,train,5536,3,shd-train:1601,8,,development,56
shd,train,10779,11,shd-train:1602,5,,development,85
shd,train,8757,9,shd-train:1603,3,,development,60
shd,train,12450,9,shd-train:1604,17,,development,73
shd,train,3360,2,shd-train:1605,18,,development,61
shd,train,9636,8,shd-train:1606,19,,development,62
shd,train,7227,3,shd-train:1607,9,,development,54
shd,train,6519,8,shd-train:1608,16,,development,79
shd,train,9011,8,shd-train:1609,9,,development,57
shd,train,5786,10,shd-train:1610,5,,development,53
shd,train,6553,10,shd-train:1611,2,,development,58
shd,train,9158,7,shd-train:1612,15,,development,101
shd,train,5833,11,shd-train:1613,6,,development,106
shd,train,9888,11,shd-train:1614,11,,development,100
shd,train,5230,10,shd-train:1615,18,,development,68
shd,train,5270,1,shd-train:1616,18,,confirmation,76
shd,train,11235,1,shd-train:1617,12,,confirmation,92
shd,train,10376,11,shd-train:1618,11,,development,96
shd,train,9056,9,shd-train:1619,8,,development,59
shd,train,10888,7,shd-train:1620,1,,development,68
shd,train,11241,7,shd-train:1621,7,,development,81
shd,train,9770,11,shd-train:1622,2,,development,88
shd,train,7385,7,shd-train:1623,18,,development,91
shd,train,8173,0,shd-train:1624,3,,confirmation,73
shd,train,5905,0,shd-train:1625,8,,confirmation,64
shd,train,8722,10,shd-train:1626,19,,development,59
shd,train,12585,9,shd-train:1627,17,,development,76
shd,train,6593,0,shd-train:1628,11,,confirmation,74
shd,train,12085,7,shd-train:1629,12,,development,115
shd,train,3790,3,shd-train:1630,12,,development,85
shd,train,8622,8,shd-train:1631,19,,development,59
shd,train,6794,2,shd-train:1632,19,,development,67
shd,train,6583,11,shd-train:1633,14,,development,67
shd,train,4934,6,shd-train:1634,18,,development,50
shd,train,8693,3,shd-train:1635,9,,development,58
shd,train,4937,3,shd-train:1636,13,,development,78
shd,train,8090,10,shd-train:1637,7,,development,74
shd,train,4758,3,shd-train:1638,12,,development,83
shd,train,7603,11,shd-train:1639,15,,development,65
shd,train,9309,7,shd-train:1640,3,,development,69
shd,train,9742,7,shd-train:1641,9,,development,67
shd,train,7288,8,shd-train:1642,2,,development,59
shd,train,8350,0,shd-train:1643,1,,confirmation,67
shd,train,8118,11,shd-train:1644,9,,development,56
shd,train,4621,2,shd-train:1645,15,,development,51
shd,train,6472,0,shd-train:1646,4,,confirmation,79
shd,train,8691,10,shd-train:1647,9,,development,60
shd,train,8678,8,shd-train:1648,12,,development,77
shd,train,4797,6,shd-train:1649,8,,development,54
shd,train,11027,1,shd-train:1650,9,,confirmation,69
shd,train,4863,3,shd-train:1651,16,,development,87
shd,train,8293,1,shd-train:1652,3,,confirmation,66
shd,train,12847,9,shd-train:1653,11,,development,89
shd,train,9847,8,shd-train:1654,17,,development,84
shd,train,9745,1,shd-train:1655,9,,confirmation,69
shd,train,3526,2,shd-train:1656,18,,development,62
shd,train,4993,2,shd-train:1657,0,,development,69
shd,train,13522,9,shd-train:1658,7,,development,85
shd,train,6455,8,shd-train:1659,15,,development,56
shd,train,8275,8,shd-train:1660,9,,development,56
shd,train,9203,8,shd-train:1661,19,,development,61
shd,train,5283,6,shd-train:1662,0,,development,80
shd,train,5640,6,shd-train:1663,15,,development,51
shd,train,5656,10,shd-train:1664,5,,development,50
shd,train,10445,7,shd-train:1665,14,,development,89
shd,train,8236,10,shd-train:1666,7,,development,73
shd,train,4848,3,shd-train:1667,11,,development,90
shd,train,7549,6,shd-train:1668,19,,development,61
shd,train,4782,2,shd-train:1669,3,,development,55
shd,train,5196,3,shd-train:1670,15,,development,59
shd,train,8929,3,shd-train:1671,17,,development,89
shd,train,5435,2,shd-train:1672,0,,development,74
shd,train,6337,1,shd-train:1673,5,,confirmation,64
shd,train,12132,7,shd-train:1674,12,,development,104
shd,train,7167,10,shd-train:1675,3,,development,60
shd,train,11252,11,shd-train:1676,4,,development,80
shd,train,7485,6,shd-train:1677,7,,development,77
shd,train,13412,9,shd-train:1678,17,,development,84
shd,train,9084,9,shd-train:1679,2,,development,61
shd,train,11879,9,shd-train:1680,11,,development,83
shd,train,10933,11,shd-train:1681,3,,development,88
shd,train,8510,1,shd-train:1682,12,,confirmation,90
shd,train,5488,10,shd-train:1683,18,,development,64
shd,train,7102,8,shd-train:1684,8,,development,56
shd,train,6516,2,shd-train:1685,17,,development,67
shd,train,6516,0,shd-train:1686,0,,confirmation,79
shd,train,5900,10,shd-train:1687,8,,development,57
shd,train,8637,10,shd-train:1688,9,,development,61
shd,train,4847,3,shd-train:1689,12,,development,87
shd,train,8257,0,shd-train:1690,13,,confirmation,66
shd,train,7699,1,shd-train:1691,2,,confirmation,65
shd,train,4929,6,shd-train:1692,4,,development,57
shd,train,6280,0,shd-train:1693,16,,confirmation,78
shd,train,8468,1,shd-train:1694,16,,confirmation,94
shd,train,11323,7,shd-train:1695,7,,development,84
shd,train,9979,11,shd-train:1696,2,,development,96
shd,train,12520,11,shd-train:1697,13,,development,87
shd,train,10616,7,shd-train:1698,10,,development,82
shd,train,3700,2,shd-train:1699,2,,development,46
shd,train,6842,11,shd-train:1700,16,,development,96
shd,train,4868,2,shd-train:1701,10,,development,55
shd,train,3208,2,shd-train:1702,6,,development,63
shd,train,5674,7,shd-train:1703,6,,development,86
shd,train,8992,9,shd-train:1704,15,,development,59
shd,train,5658,2,shd-train:1705,16,,development,74
shd,train,7601,3,shd-train:1706,0,,development,94
shd,train,7521,11,shd-train:1707,19,,development,59
shd,train,6341,6,shd-train:1708,0,,development,86
shd,train,4665,6,shd-train:1709,2,,development,37
shd,train,5316,3,shd-train:1710,11,,development,88
shd,train,8351,0,shd-train:1711,1,,confirmation,72
shd,train,11729,9,shd-train:1712,12,,development,83
shd,train,7691,0,shd-train:1713,3,,confirmation,67
shd,train,13223,7,shd-train:1714,13,,development,98
shd,train,9981,11,shd-train:1715,7,,development,91
shd,train,7572,7,shd-train:1716,18,,development,93
shd,train,7572,10,shd-train:1717,0,,development,78
shd,train,7903,7,shd-train:1718,16,,development,110
shd,train,8752,3,shd-train:1719,17,,development,87
shd,train,12161,9,shd-train:1720,9,,development,64
shd,train,7164,3,shd-train:1721,2,,development,72
shd,train,8142,1,shd-train:1722,15,,confirmation,73
shd,train,4421,2,shd-train:1723,7,,development,68
shd,train,6904,0,shd-train:1724,14,,confirmation,54
shd,train,9354,9,shd-train:1725,4,,development,60
shd,train,6522,0,shd-train:1726,16,,confirmation,75
shd,train,4460,2,shd-train:1727,16,,development,64
shd,train,5884,6,shd-train:1728,2,,development,47
shd,train,4524,0,shd-train:1729,18,,confirmation,64
shd,train,6225,10,shd-train:1730,8,,development,57
shd,train,7254,1,shd-train:1731,8,,confirmation,68
shd,train,7375,10,shd-train:1732,14,,development,70
shd,train,11497,7,shd-train:1733,14,,development,91
shd,train,4924,2,shd-train:1734,13,,development,58
shd,train,8160,11,shd-train:1735,8,,development,85
shd,train,11138,1,shd-train:1736,13,,confirmation,87
shd,train,7959,10,shd-train:1737,14,,development,68
shd,train,7011,9,shd-train:1738,6,,development,82
shd,train,5275,3,shd-train:1739,13,,development,75
shd,train,8079,11,shd-train:1740,15,,development,80
shd,train,4940,2,shd-train:1741,14,,development,53
shd,train,5768,3,shd-train:1742,15,,development,66
shd,train,9501,8,shd-train:1743,12,,development,84
shd,train,4857,3,shd-train:1744,1,,development,62
shd,train,6940,11,shd-train:1745,15,,development,64
shd,train,11235,9,shd-train:1746,19,,development,66
shd,train,4127,3,shd-train:1747,5,,development,57
shd,train,8257,1,shd-train:1748,14,,confirmation,77
shd,train,11960,9,shd-train:1749,9,,development,61
shd,train,8814,7,shd-train:1750,8,,development,72
shd,train,9191,9,shd-train:1751,4,,development,62
shd,train,11830,11,shd-train:1752,3,,development,92
shd,train,9592,0,shd-train:1753,1,,confirmation,81
shd,train,6151,11,shd-train:1754,18,,development,82
shd,train,9388,8,shd-train:1755,11,,development,78
shd,train,10716,9,shd-train:1756,0,,development,71
shd,train,7098,8,shd-train:1757,8,,development,59
shd,train,6663,0,shd-train:1758,0,,confirmation,82
shd,train,3638,2,shd-train:1759,5,,development,56
shd,train,8023,1,shd-train:1760,11,,confirmation,67
shd,train,9191,8,shd-train:1761,1,,development,59
shd,train,8727,1,shd-train:1762,1,,confirmation,68
shd,train,12017,7,shd-train:1763,7,,development,85
shd,train,6333,0,shd-train:1764,12,,confirmation,68
shd,train,8065,10,shd-train:1765,9,,development,59
shd,train,7555,1,shd-train:1766,4,,confirmation,73
shd,train,4695,8,shd-train:1767,6,,development,58
shd,train,9936,9,shd-train:1768,3,,development,67
shd,train,10592,8,shd-train:1769,19,,development,70
shd,train,7866,2,shd-train:1770,9,,development,78
shd,train,4216,3,shd-train:1771,5,,development,61
shd,train,5908,7,shd-train:1772,6,,development,80
shd,train,9644,9,shd-train:1773,3,,development,63
shd,train,5789,1,shd-train:1774,18,,confirmation,82
shd,train,11538,11,shd-train:1775,10,,development,87
shd,train,10203,11,shd-train:1776,10,,development,80
shd,train,12698,9,shd-train:1777,9,,development,65
shd,train,8653,11,shd-train:1778,19,,development,66
shd,train,8270,0,shd-train:1779,3,,confirmation,68
shd,train,8017,9,shd-train:1780,16,,development,68
shd,train,7833,0,shd-train:1781,19,,confirmation,64
shd,train,10334,11,shd-train:1782,4,,development,79
shd,train,4717,2,shd-train:1783,15,,development,53
shd,train,7344,8,shd-train:1784,3,,development,58
shd,train,5908,11,shd-train:1785,16,,development,89
shd,train,5771,2,shd-train:1786,0,,development,86
shd,train,4581,0,shd-train:1787,5,,confirmation,64
shd,train,11935,9,shd-train:1788,9,,development,61
shd,train,7890,0,shd-train:1789,10,,confirmation,56
shd,train,7682,7,shd-train:1790,16,,development,112
shd,train,11812,9,shd-train:1791,3,,development,82
shd,train,7318,0,shd-train:1792,7,,confirmation,75
shd,train,6606,3,shd-train:1793,3,,development,59
shd,train,6279,2,shd-train:1794,17,,development,65
shd,train,8961,11,shd-train:1795,14,,development,87
shd,train,12750,1,shd-train:1796,13,,confirmation,80
shd,train,5185,2,shd-train:1797,13,,development,62
shd,train,9954,9,shd-train:1798,8,,development,68
shd,train,12698,9,shd-train:1799,7,,development,84
shd,train,9327,8,shd-train:1800,10,,development,67
shd,train,8227,1,shd-train:1801,14,,confirmation,79
shd,train,8733,3,shd-train:1802,17,,development,92
shd,train,7003,11,shd-train:1803,18,,development,87
shd,train,12899,7,shd-train:1804,11,,development,116
shd,train,6998,10,shd-train:1805,3,,development,57
shd,train,8550,8,shd-train:1806,4,,development,57
shd,train,7677,0,shd-train:1807,13,,confirmation,67
shd,train,12182,9,shd-train:1808,11,,development,84
shd,train,11251,11,shd-train:1809,17,,development,105
shd,train,9221,8,shd-train:1810,10,,development,68
shd,train,10561,8,shd-train:1811,0,,development,71
shd,train,11281,11,shd-train:1812,0,,development,109
shd,train,5325,2,shd-train:1813,10,,development,60
shd,train,6563,10,shd-train:1814,15,,development,55
shd,train,7328,1,shd-train:1815,5,,confirmation,70
shd,train,5442,3,shd-train:1816,16,,development,85
shd,train,5857,10,shd-train:1817,16,,development,76
shd,train,7462,0,shd-train:1818,0,,confirmation,81
shd,train,9215,1,shd-train:1819,11,,confirmation,81
shd,train,7736,6,shd-train:1820,14,,development,72
shd,train,6729,10,shd-train:1821,4,,development,57
shd,train,8431,11,shd-train:1822,8,,development,83
shd,train,6955,10,shd-train:1823,13,,development,68
shd,train,8260,11,shd-train:1824,5,,development,65
shd,train,10589,7,shd-train:1825,5,,development,82
shd,train,11099,9,shd-train:1826,19,,development,65
shd,train,5116,3,shd-train:1827,4,,development,61
shd,train,6318,3,shd-train:1828,14,,development,73
shd,train,7097,7,shd-train:1829,18,,development,65
shd,train,7072,8,shd-train:1830,14,,development,56
shd,train,5932,6,shd-train:1831,15,,development,57
shd,train,6784,10,shd-train:1832,14,,development,59
shd,train,9789,8,shd-train:1833,17,,development,73
shd,train,6419,10,shd-train:1834,1,,development,57
shd,train,5020,6,shd-train:1835,4,,development,58
shd,train,6493,6,shd-train:1836,3,,development,47
shd,train,3436,2,shd-train:1837,4,,development,68
shd,train,7350,3,shd-train:1838,7,,development,79
shd,train,6207,10,shd-train:1839,4,,development,55
shd,train,8888,8,shd-train:1840,9,,development,56
shd,train,8589,6,shd-train:1841,14,,development,86
shd,train,4661,3,shd-train:1842,1,,development,58
shd,train,6264,9,shd-train:1843,6,,development,78
shd,train,8268,8,shd-train:1844,9,,development,50
shd,train,3911,2,shd-train:1845,1,,development,57
shd,train,5339,6,shd-train:1846,1,,development,55
shd,train,9262,11,shd-train:1847,12,,development,88
shd,train,9470,9,shd-train:1848,3,,development,67
shd,train,5857,2,shd-train:1849,0,,development,76
shd,train,10195,9,shd-train:1850,10,,development,67
shd,train,12807,7,shd-train:1851,17,,development,115
shd,train,6994,11,shd-train:1852,18,,development,86
shd,train,10711,11,shd-train:1853,12,,development,88
shd,train,8629,3,shd-train:1854,7,,development,80
shd,train,5650,9,shd-train:1855,6,,development,73
shd,train,7880,10,shd-train:1856,10,,development,91
shd,train,10102,10,shd-train:1857,17,,development,85
shd,train,7465,10,shd-train:1858,13,,development,70
shd,train,8060,1,shd-train:1859,2,,confirmation,91
shd,train,9964,11,shd-train:1860,5,,development,67
shd,train,6341,6,shd-train:1861,15,,development,66
shd,train,8448,1,shd-train:1862,3,,confirmation,77
shd,train,8407,11,shd-train:1863,5,,development,66
shd,train,8527,9,shd-train:1864,8,,development,58
shd,train,7588,8,shd-train:1865,15,,development,79
shd,train,6552,0,shd-train:1866,16,,confirmation,73
shd,train,4957,2,shd-train:1867,1,,development,61
shd,train,4437,3,shd-train:1868,13,,development,80
shd,train,4012,6,shd-train:1869,6,,development,66
shd,train,6042,3,shd-train:1870,16,,development,87
shd,train,10391,11,shd-train:1871,10,,development,84
shd,train,5923,6,shd-train:1872,15,,development,54
shd,train,11080,11,shd-train:1873,3,,development,91
shd,train,8845,1,shd-train:1874,7,,confirmation,74
shd,train,9316,1,shd-train:1875,12,,confirmation,87
shd,train,4953,0,shd-train:1876,18,,confirmation,69
shd,train,10615,9,shd-train:1877,14,,development,71
shd,train,8301,11,shd-train:1878,8,,development,78
shd,train,4892,3,shd-train:1879,13,,development,80
shd,train,9266,11,shd-train:1880,9,,development,67
shd,train,5048,3,shd-train:1881,16,,development,90
shd,train,9994,8,shd-train:1882,13,,development,70
shd,train,5812,2,shd-train:1883,17,,development,65
shd,train,9380,7,shd-train:1884,5,,development,61
shd,train,12092,9,shd-train:1885,12,,development,81
shd,train,8401,0,shd-train:1886,19,,confirmation,65
shd,train,4532,2,shd-train:1887,12,,development,59
shd,train,4736,2,shd-train:1888,13,,development,56
shd,train,5591,6,shd-train:1889,1,,development,50
shd,train,7734,10,shd-train:1890,14,,development,69
shd,train,9293,1,shd-train:1891,11,,confirmation,76
shd,train,10986,8,shd-train:1892,13,,development,77
shd,train,9354,0,shd-train:1893,19,,confirmation,70
shd,train,6225,0,shd-train:1894,15,,confirmation,70
shd,train,8753,9,shd-train:1895,8,,development,60
shd,train,9429,3,shd-train:1896,17,,development,97
shd,train,7858,0,shd-train:1897,9,,confirmation,71
shd,train,8777,10,shd-train:1898,19,,development,65
shd,train,6376,2,shd-train:1899,17,,development,66
shd,train,9783,11,shd-train:1900,13,,development,80
shd,train,7322,10,shd-train:1901,13,,development,69
shd,train,10224,1,shd-train:1902,10,,confirmation,75
shd,train,9806,7,shd-train:1903,8,,development,78
shd,train,6942,10,shd-train:1904,3,,development,59
shd,train,8529,0,shd-train:1905,1,,confirmation,70
shd,train,11354,9,shd-train:1906,5,,development,80
shd,train,9819,8,shd-train:1907,19,,development,61
shd,train,5754,2,shd-train:1908,0,,development,75
shd,train,7554,11,shd-train:1909,8,,development,82
shd,train,6749,10,shd-train:1910,11,,development,82
shd,train,7515,10,shd-train:1911,7,,development,75
shd,train,8566,11,shd-train:1912,14,,development,80
shd,train,6039,8,shd-train:1913,16,,development,77
shd,train,6331,3,shd-train:1914,10,,development,79
shd,train,4909,6,shd-train:1915,5,,development,58
shd,train,10619,9,shd-train:1916,7,,development,70
shd,train,10046,9,shd-train:1917,5,,development,66
shd,train,4700,8,shd-train:1918,6,,development,58
shd,train,6236,1,shd-train:1919,18,,confirmation,79
shd,train,7771,1,shd-train:1920,3,,confirmation,65
shd,train,4114,0,shd-train:1921,6,,confirmation,75
shd,train,11646,9,shd-train:1922,13,,development,71
shd,train,5871,2,shd-train:1923,0,,development,76
shd,train,9740,1,shd-train:1924,0,,confirmation,71
shd,train,5665,0,shd-train:1925,8,,confirmation,60
shd,train,7336,2,shd-train:1926,19,,development,61
shd,train,12261,9,shd-train:1927,9,,development,63
shd,train,4882,1,shd-train:1928,6,,confirmation,59
shd,train,5642,3,shd-train:1929,10,,development,72
shd,train,8690,11,shd-train:1930,10,,development,71
shd,train,5880,11,shd-train:1931,18,,development,76
shd,train,5669,7,shd-train:1932,6,,development,79
shd,train,8620,7,shd-train:1933,2,,development,66
shd,train,8425,10,shd-train:1934,9,,development,58
shd,train,12920,7,shd-train:1935,13,,development,94
shd,train,10716,11,shd-train:1936,11,,development,98
shd,train,7908,0,shd-train:1937,7,,confirmation,82
shd,train,9049,0,shd-train:1938,10,,confirmation,65
shd,train,3761,6,shd-train:1939,6,,development,52
shd,train,6921,1,shd-train:1940,8,,confirmation,66
shd,train,8934,7,shd-train:1941,8,,development,66
shd,train,10481,8,shd-train:1942,7,,development,74
shd,train,4310,3,shd-train:1943,8,,development,54
shd,train,5795,0,shd-train:1944,16,,confirmation,81
shd,train,8812,0,shd-train:1945,9,,confirmation,79
shd,train,4683,2,shd-train:1946,11,,development,69
shd,train,9302,9,shd-train:1947,2,,development,60
shd,train,13344,9,shd-train:1948,17,,development,80
shd,train,11889,9,shd-train:1949,10,,development,72
shd,train,11504,9,shd-train:1950,11,,development,79
shd,train,13720,9,shd-train:1951,7,,development,89
shd,train,4837,2,shd-train:1952,1,,development,58
shd,train,9798,11,shd-train:1953,10,,development,78
shd,train,4038,2,shd-train:1954,3,,development,56
shd,train,4920,3,shd-train:1955,1,,development,56
shd,train,8805,11,shd-train:1956,19,,development,72
shd,train,10620,8,shd-train:1957,0,,development,72
shd,train,6774,3,shd-train:1958,3,,development,64
shd,train,4292,2,shd-train:1959,16,,development,67
shd,train,4132,2,shd-train:1960,15,,development,45
shd,train,7195,10,shd-train:1961,11,,development,76
shd,train,9095,9,shd-train:1962,8,,development,60
shd,train,5965,6,shd-train:1963,3,,development,45
shd,train,9111,8,shd-train:1964,19,,development,58
shd,train,5908,7,shd-train:1965,6,,development,82
shd,train,9679,8,shd-train:1966,0,,development,67
shd,train,7892,0,shd-train:1967,9,,confirmation,67
shd,train,9649,1,shd-train:1968,10,,confirmation,92
shd,train,9981,11,shd-train:1969,3,,development,85
shd,train,5057,1,shd-train:1970,6,,confirmation,78
shd,train,7324,3,shd-train:1971,1,,development,69
shd,train,8912,9,shd-train:1972,16,,development,76
shd,train,6878,0,shd-train:1973,7,,confirmation,78
shd,train,10191,1,shd-train:1974,1,,confirmation,71
shd,train,5189,3,shd-train:1975,13,,development,76
shd,train,12354,7,shd-train:1976,17,,development,108
shd,train,6289,0,shd-train:1977,4,,confirmation,71
shd,train,10906,1,shd-train:1978,13,,confirmation,78
shd,train,4593,2,shd-train:1979,3,,development,57
shd,train,7075,7,shd-train:1980,16,,development,104
shd,train,6873,10,shd-train:1981,3,,development,56
shd,train,11221,11,shd-train:1982,17,,development,105
shd,train,8280,10,shd-train:1983,7,,development,75
shd,train,5895,0,shd-train:1984,2,,confirmation,52
shd,train,3148,2,shd-train:1985,5,,development,49
shd,train,4430,2,shd-train:1986,15,,development,52
shd,train,4078,6,shd-train:1987,5,,development,56
shd,train,5832,10,shd-train:1988,5,,development,56
shd,train,11270,7,shd-train:1989,0,,development,95
shd,train,9961,9,shd-train:1990,8,,development,63
shd,train,4419,0,shd-train:1991,6,,confirmation,78
shd,train,9356,8,shd-train:1992,9,,development,57
shd,train,4636,3,shd-train:1993,12,,development,82
shd,train,12093,11,shd-train:1994,0,,development,104
shd,train,7184,1,shd-train:1995,2,,confirmation,62
shd,train,4902,3,shd-train:1996,8,,development,55
shd,train,6134,10,shd-train:1997,5,,development,54
shd,train,9319,11,shd-train:1998,14,,development,87
shd,train,4268,6,shd-train:1999,6,,development,70
shd,train,7829,10,shd-train:2000,0,,development,84
shd,train,9659,8,shd-train:2001,12,,development,82
shd,train,9572,1,shd-train:2002,14,,confirmation,78
shd,train,10572,8,shd-train:2003,9,,development,60
shd,train,6601,0,shd-train:2004,3,,confirmation,56
shd,train,9552,9,shd-train:2005,8,,development,65
shd,train,8606,8,shd-train:2006,11,,development,81
shd,train,7283,1,shd-train:2007,2,,confirmation,61
shd,train,11305,11,shd-train:2008,4,,development,90
shd,train,6184,11,shd-train:2009,16,,development,96
shd,train,9667,9,shd-train:2010,3,,development,62
shd,train,10010,9,shd-train:2011,3,,development,66
shd,train,10322,0,shd-train:2012,17,,confirmation,75
shd,train,6880,10,shd-train:2013,1,,development,60
shd,train,4911,3,shd-train:2014,11,,development,87
shd,train,8642,6,shd-train:2015,14,,development,77
shd,train,6231,8,shd-train:2016,15,,development,60
shd,train,4749,2,shd-train:2017,10,,development,54
shd,train,8600,10,shd-train:2018,9,,development,61
shd,train,2641,2,shd-train:2019,5,,development,54
shd,train,10110,6,shd-train:2020,17,,development,83
shd,train,11219,8,shd-train:2021,13,,development,74
shd,train,9177,11,shd-train:2022,4,,development,77
shd,train,6361,3,shd-train:2023,14,,development,71
shd,train,5206,2,shd-train:2024,13,,development,59
shd,train,5998,0,shd-train:2025,4,,confirmation,66
shd,train,9670,7,shd-train:2026,4,,development,73
shd,train,9509,7,shd-train:2027,3,,development,69
shd,train,11133,7,shd-train:2028,0,,development,85
shd,train,3373,2,shd-train:2029,18,,development,65
shd,train,7055,10,shd-train:2030,11,,development,77
shd,train,8025,0,shd-train:2031,14,,confirmation,59
shd,train,4850,8,shd-train:2032,6,,development,62
shd,train,6462,1,shd-train:2033,18,,confirmation,84
shd,train,6677,10,shd-train:2034,2,,development,58
shd,train,9076,8,shd-train:2035,9,,development,58
shd,train,4481,3,shd-train:2036,12,,development,85
shd,train,7358,10,shd-train:2037,12,,development,72
shd,train,9603,7,shd-train:2038,4,,development,68
shd,train,7285,8,shd-train:2039,2,,development,59
shd,train,11068,9,shd-train:2040,1,,development,61
shd,train,11746,7,shd-train:2041,5,,development,88
shd,train,7994,3,shd-train:2042,9,,development,57
shd,train,9994,7,shd-train:2043,8,,development,81
shd,train,9646,7,shd-train:2044,3,,development,84
shd,train,7342,0,shd-train:2045,13,,confirmation,65
shd,train,4800,3,shd-train:2046,13,,development,80
shd,train,10655,8,shd-train:2047,13,,development,75
shd,train,8744,8,shd-train:2048,1,,development,57
shd,train,10265,11,shd-train:2049,4,,development,76
shd,train,6830,10,shd-train:2050,11,,development,74
shd,train,10440,8,shd-train:2051,7,,development,74
shd,train,7488,6,shd-train:2052,12,,development,91
shd,train,11779,9,shd-train:2053,1,,development,65
shd,train,4740,2,shd-train:2054,16,,development,66
shd,train,4291,2,shd-train:2055,14,,development,48
shd,train,5010,3,shd-train:2056,12,,development,83
shd,train,10811,11,shd-train:2057,12,,development,89
shd,train,9948,0,shd-train:2058,17,,confirmation,74
shd,train,5616,0,shd-train:2059,5,,confirmation,83
shd,train,6862,6,shd-train:2060,10,,development,68
shd,train,12884,9,shd-train:2061,7,,development,83
shd,train,11794,9,shd-train:2062,19,,development,68
shd,train,7256,11,shd-train:2063,16,,development,106
shd,train,6348,3,shd-train:2064,1,,development,64
shd,train,9909,1,shd-train:2065,14,,confirmation,84
shd,train,12111,9,shd-train:2066,9,,development,63
shd,train,7726,0,shd-train:2067,14,,confirmation,76
shd,train,5089,3,shd-train:2068,4,,development,69
shd,train,13456,7,shd-train:2069,19,,development,85
shd,train,10291,11,shd-train:2070,11,,development,96
shd,train,10375,9,shd-train:2071,14,,development,72
shd,train,10848,7,shd-train:2072,4,,development,77
shd,train,8432,10,shd-train:2073,19,,development,54
shd,train,4839,0,shd-train:2074,18,,confirmation,68
shd,train,7628,7,shd-train:2075,16,,development,112
shd,train,5793,3,shd-train:2076,8,,development,67
shd,train,2980,2,shd-train:2077,5,,development,56
shd,train,7276,10,shd-train:2078,1,,development,65
shd,train,12788,7,shd-train:2079,19,,development,93
shd,train,8447,8,shd-train:2080,9,,development,53
shd,train,5884,2,shd-train:2081,17,,development,69
shd,train,5630,10,shd-train:2082,16,,development,78
shd,train,9251,8,shd-train:2083,11,,development,78
shd,train,6281,2,shd-train:2084,9,,development,78
shd,train,10469,7,shd-train:2085,10,,development,86
shd,train,11928,7,shd-train:2086,12,,development,112
shd,train,8677,11,shd-train:2087,14,,development,95
shd,train,6085,11,shd-train:2088,15,,development,63
shd,train,10443,7,shd-train:2089,3,,development,76
shd,train,11182,7,shd-train:2090,2,,development,84
shd,train,7100,1,shd-train:2091,5,,confirmation,69
shd,train,6058,6,shd-train:2092,8,,development,59
shd,train,13253,9,shd-train:2093,11,,development,84
shd,train,11183,1,shd-train:2094,12,,confirmation,100
shd,train,9225,3,shd-train:2095,17,,development,88
shd,train,9891,1,shd-train:2096,12,,confirmation,87
shd,train,5711,6,shd-train:2097,13,,development,61
shd,train,4846,2,shd-train:2098,12,,development,68
shd,train,4954,2,shd-train:2099,12,,development,64
shd,train,11542,11,shd-train:2100,11,,development,125
shd,train,3079,6,shd-train:2101,18,,development,42
shd,train,9117,1,shd-train:2102,9,,confirmation,64
shd,train,9065,1,shd-train:2103,11,,confirmation,87
shd,train,10373,11,shd-train:2104,12,,development,88
shd,train,6139,10,shd-train:2105,15,,development,54
shd,train,4891,6,shd-train:2106,2,,development,36
shd,train,8545,8,shd-train:2107,11,,development,75
shd,train,6121,0,shd-train:2108,12,,confirmation,62
shd,train,6730,6,shd-train:2109,11,,development,84
shd,train,6712,8,shd-train:2110,8,,development,55
shd,train,6569,0,shd-train:2111,14,,confirmation,62
shd,train,10415,1,shd-train:2112,0,,confirmation,82
shd,train,5726,3,shd-train:2113,10,,development,74
shd,train,7592,2,shd-train:2114,19,,development,73
shd,train,6042,0,shd-train:2115,16,,confirmation,71
shd,train,5324,2,shd-train:2116,12,,development,68
shd,train,5373,0,shd-train:2117,15,,confirmation,48
shd,train,6720,1,shd-train:2118,2,,confirmation,55
shd,train,8344,9,shd-train:2119,8,,development,54
shd,train,4027,3,shd-train:2120,18,,development,87
shd,train,5447,10,shd-train:2121,16,,development,77
shd,train,6033,10,shd-train:2122,16,,development,81
shd,train,4484,3,shd-train:2123,12,,development,83
shd,train,6771,10,shd-train:2124,2,,development,61
shd,train,8654,10,shd-train:2125,19,,development,62
shd,train,8998,11,shd-train:2126,2,,development,82
shd,train,5837,11,shd-train:2127,16,,development,94
shd,train,7229,9,shd-train:2128,6,,development,78
shd,train,4431,2,shd-train:2129,16,,development,68
shd,train,4742,2,shd-train:2130,3,,development,61
shd,train,9373,9,shd-train:2131,2,,development,62
shd,train,9668,8,shd-train:2132,9,,development,58
shd,train,5162,3,shd-train:2133,13,,development,83
shd,train,9293,11,shd-train:2134,14,,development,83
shd,train,8989,9,shd-train:2135,3,,development,57
shd,train,5383,2,shd-train:2136,3,,development,64
shd,train,5114,3,shd-train:2137,10,,development,73
shd,train,7498,0,shd-train:2138,16,,confirmation,80
shd,train,5614,2,shd-train:2139,7,,development,71
shd,train,9290,1,shd-train:2140,7,,confirmation,82
shd,train,12757,9,shd-train:2141,0,,development,79
shd,train,5012,10,shd-train:2142,6,,development,69
shd,train,4030,2,shd-train:2143,3,,development,58
shd,train,5899,0,shd-train:2144,8,,confirmation,64
shd,train,11734,7,shd-train:2145,9,,development,74
shd,train,2979,2,shd-train:2146,5,,development,57
shd,train,5795,3,shd-train:2147,14,,development,70
shd,train,10738,9,shd-train:2148,5,,development,56
shd,train,6615,3,shd-train:2149,2,,development,63
shd,train,5432,10,shd-train:2150,16,,development,72
shd,train,8339,11,shd-train:2151,18,,development,92
shd,train,6235,0,shd-train:2152,12,,confirmation,66
shd,train,9533,9,shd-train:2153,2,,development,63
shd,train,5807,0,shd-train:2154,2,,confirmation,53
shd,train,8377,3,shd-train:2155,17,,development,86
shd,train,9589,7,shd-train:2156,14,,development,80
shd,train,7360,8,shd-train:2157,14,,development,62
shd,train,13550,7,shd-train:2158,17,,development,105
shd,train,4623,2,shd-train:2159,11,,development,70
shd,train,6115,0,shd-train:2160,8,,confirmation,71
shd,train,7317,0,shd-train:2161,0,,confirmation,82
shd,train,3898,6,shd-train:2162,18,,development,45
shd,train,5345,0,shd-train:2163,8,,confirmation,63
shd,train,11015,1,shd-train:2164,13,,confirmation,88
shd,train,8404,10,shd-train:2165,9,,development,59
shd,train,6923,0,shd-train:2166,15,,confirmation,79
shd,train,9832,9,shd-train:2167,3,,development,64
shd,train,6043,0,shd-train:2168,2,,confirmation,53
shd,train,10842,9,shd-train:2169,17,,development,67
shd,train,8748,1,shd-train:2170,4,,confirmation,92
shd,train,6369,8,shd-train:2171,8,,development,56
shd,train,5422,10,shd-train:2172,18,,development,66
shd,train,3967,2,shd-train:2173,18,,development,64
shd,train,8691,7,shd-train:2174,3,,development,69
shd,train,9714,8,shd-train:2175,17,,development,79
shd,train,4791,6,shd-train:2176,16,,development,75
shd,train,5537,11,shd-train:2177,6,,development,97
shd,train,6440,10,shd-train:2178,5,,development,56
shd,train,5141,11,shd-train:2179,6,,development,96
shd,train,5338,2,shd-train:2180,0,,development,81
shd,train,9221,8,shd-train:2181,10,,development,66
shd,train,5382,0,shd-train:2182,5,,confirmation,75
shd,train,7939,8,shd-train:2183,4,,development,54
shd,train,6842,7,shd-train:2184,18,,development,63
shd,train,7701,8,shd-train:2185,14,,development,58
shd,train,8808,11,shd-train:2186,13,,development,73
shd,train,6093,8,shd-train:2187,15,,development,62
shd,train,6545,1,shd-train:2188,2,,confirmation,60
shd,train,10975,11,shd-train:2189,0,,development,104
shd,train,9127,11,shd-train:2190,19,,development,63
shd,train,5189,2,shd-train:2191,11,,development,72
shd,train,11140,7,shd-train:2192,1,,development,69
shd,train,7656,10,shd-train:2193,0,,development,85
shd,train,4521,3,shd-train:2194,12,,development,84
shd,train,4962,6,shd-train:2195,1,,development,49
shd,train,11629,7,shd-train:2196,10,,development,91
shd,train,5108,2,shd-train:2197,1,,development,61
shd,train,2672,2,shd-train:2198,4,,development,55
shd,train,6565,7,shd-train:2199,6,,development,89
shd,train,8157,8,shd-train:2200,4,,development,54
shd,train,10655,8,shd-train:2201,19,,development,66
shd,train,9717,9,shd-train:2202,14,,development,65
shd,train,3217,2,shd-train:2203,4,,development,59
shd,train,7960,8,shd-train:2204,10,,development,61
shd,train,12143,11,shd-train:2205,13,,development,87
shd,train,6275,10,shd-train:2206,4,,development,58
shd,train,7554,10,shd-train:2207,13,,development,72
shd,train,9353,0,shd-train:2208,9,,confirmation,75
shd,train,8063,9,shd-train:2209,3,,development,56
shd,train,9897,7,shd-train:2210,8,,development,79
shd,train,3573,2,shd-train:2211,4,,development,59
shd,train,4929,3,shd-train:2212,15,,development,62
shd,train,10323,11,shd-train:2213,5,,development,79
shd,train,5707,0,shd-train:2214,8,,confirmation,62
shd,train,8405,11,shd-train:2215,18,,development,91
shd,train,7192,10,shd-train:2216,1,,development,60
shd,train,12884,7,shd-train:2217,11,,development,110
shd,train,8523,0,shd-train:2218,1,,confirmation,70
shd,train,10162,1,shd-train:2219,12,,confirmation,90
shd,train,8787,11,shd-train:2220,14,,development,93
shd,train,3114,2,shd-train:2221,18,,development,61
shd,train,10032,11,shd-train:2222,17,,development,96
shd,train,5802,3,shd-train:2223,0,,development,88
shd,train,12750,1,shd-train:2224,17,,confirmation,92
shd,train,10804,1,shd-train:2225,9,,confirmation,75
shd,train,9904,7,shd-train:2226,2,,development,70
shd,train,5288,3,shd-train:2227,11,,development,89
shd,train,12728,1,shd-train:2228,17,,confirmation,96
shd,train,6365,1,shd-train:2229,18,,confirmation,76
shd,train,7581,11,shd-train:2230,19,,development,57
shd,train,6040,0,shd-train:2231,5,,confirmation,74
shd,train,4714,0,shd-train:2232,6,,confirmation,74
shd,train,10726,9,shd-train:2233,1,,development,62
shd,train,5532,3,shd-train:2234,14,,development,68
shd,train,6446,1,shd-train:2235,5,,confirmation,75
shd,train,9986,11,shd-train:2236,11,,development,91
shd,train,8395,7,shd-train:2237,18,,development,109
shd,train,10021,11,shd-train:2238,11,,development,94
shd,train,6057,6,shd-train:2239,13,,development,70
shd,train,8917,8,shd-train:2240,4,,development,57
shd,train,11854,7,shd-train:2241,8,,development,97
shd,train,7714,1,shd-train:2242,15,,confirmation,84
shd,train,10339,9,shd-train:2243,5,,development,71
shd,train,9169,0,shd-train:2244,9,,confirmation,74
shd,train,7091,0,shd-train:2245,13,,confirmation,65
shd,train,6507,8,shd-train:2246,14,,development,56
shd,train,10642,8,shd-train:2247,13,,development,71
shd,train,11836,7,shd-train:2248,10,,development,86
shd,train,5136,2,shd-train:2249,7,,development,68
shd,train,6621,3,shd-train:2250,0,,development,94
shd,train,9788,7,shd-train:2251,2,,development,71
shd,train,5727,7,shd-train:2252,6,,development,79
shd,train,5899,6,shd-train:2253,15,,development,59
shd,train,8017,1,shd-train:2254,14,,confirmation,72
shd,train,5199,2,shd-train:2255,16,,development,71
shd,train,9360,7,shd-train:2256,2,,development,72
shd,train,6977,3,shd-train:2257,0,,development,90
shd,train,10769,7,shd-train:2258,8,,development,79
shd,train,7852,8,shd-train:2259,3,,development,63
shd,train,10479,11,shd-train:2260,17,,development,101
shd,train,5182,10,shd-train:2261,18,,development,69
shd,train,8096,2,shd-train:2262,19,,development,72
shd,train,8021,10,shd-train:2263,7,,development,74
shd,train,8774,10,shd-train:2264,19,,development,64
shd,train,6687,11,shd-train:2265,16,,development,101
shd,train,6189,2,shd-train:2266,10,,development,60
shd,train,6323,11,shd-train:2267,18,,development,77
shd,train,10365,7,shd-train:2268,1,,development,64
shd,train,9758,7,shd-train:2269,3,,development,91
shd,train,8698,9,shd-train:2270,3,,development,58
shd,train,8257,1,shd-train:2271,11,,confirmation,86
shd,train,8150,1,shd-train:2272,4,,confirmation,75
shd,train,10543,9,shd-train:2273,12,,development,80
shd,train,9660,1,shd-train:2274,12,,confirmation,85
shd,train,7792,10,shd-train:2275,12,,development,73
shd,train,9091,0,shd-train:2276,10,,confirmation,63
shd,train,5465,0,shd-train:2277,8,,confirmation,59
shd,train,4090,2,shd-train:2278,2,,development,48
shd,train,8274,11,shd-train:2279,19,,development,66
shd,train,5143,3,shd-train:2280,8,,development,51
shd,train,6877,0,shd-train:2281,13,,confirmation,66
shd,train,9037,0,shd-train:2282,17,,confirmation,76
shd,train,8776,6,shd-train:2283,19,,development,53
shd,train,11115,1,shd-train:2284,12,,confirmation,88
shd,train,8339,10,shd-train:2285,9,,development,60
shd,train,3626,3,shd-train:2286,18,,development,82
shd,train,4809,8,shd-train:2287,6,,development,60
shd,train,6576,1,shd-train:2288,18,,confirmation,77
shd,train,7199,3,shd-train:2289,19,,development,68
shd,train,9612,7,shd-train:2290,7,,development,74
shd,train,7271,10,shd-train:2291,0,,development,82
shd,train,5733,10,shd-train:2292,5,,development,55
shd,train,8940,11,shd-train:2293,19,,development,62
shd,train,8043,0,shd-train:2294,19,,confirmation,62
shd,train,7086,8,shd-train:2295,2,,development,57
shd,train,4590,3,shd-train:2296,6,,development,64
shd,train,8414,7,shd-train:2297,2,,development,62
shd,train,11545,1,shd-train:2298,0,,confirmation,81
shd,train,6284,8,shd-train:2299,15,,development,55
shd,train,8516,8,shd-train:2300,17,,development,86
shd,train,3155,2,shd-train:2301,6,,development,64
shd,train,7106,0,shd-train:2302,11,,confirmation,75
shd,train,5265,6,shd-train:2303,8,,development,57
shd,train,7006,11,shd-train:2304,16,,development,102
shd,train,8795,3,shd-train:2305,19,,development,75
shd,train,5997,3,shd-train:2306,10,,development,75
shd,train,9962,1,shd-train:2307,12,,confirmation,94
shd,train,10776,9,shd-train:2308,10,,development,67
shd,train,7543,0,shd-train:2309,7,,confirmation,78
shd,train,12140,11,shd-train:2310,0,,development,102
shd,train,5655,2,shd-train:2311,13,,development,59
shd,train,3928,2,shd-train:2312,15,,development,44
shd,train,13433,9,shd-train:2313,17,,development,81
shd,train,7721,1,shd-train:2314,2,,confirmation,64
shd,train,10064,8,shd-train:2315,10,,development,71
shd,train,5072,10,shd-train:2316,6,,development,75
shd,train,14230,9,shd-train:2317,17,,development,86
shd,train,10678,1,shd-train:2318,13,,confirmation,79
shd,train,8738,0,shd-train:2319,9,,confirmation,74
shd,train,11612,11,shd-train:2320,4,,development,96
shd,train,10814,11,shd-train:2321,17,,development,100
shd,train,8557,1,shd-train:2322,11,,confirmation,88
shd,train,6578,10,shd-train:2323,15,,development,57
shd,train,8501,8,shd-train:2324,10,,development,65
shd,train,6125,10,shd-train:2325,2,,development,56
shd,train,4438,2,shd-train:2326,11,,development,67
shd,train,7540,9,shd-train:2327,16,,development,76
shd,train,7044,3,shd-train:2328,19,,development,63
shd,train,6541,6,shd-train:2329,0,,development,94
shd,train,5106,2,shd-train:2330,8,,development,59
shd,train,7430,6,shd-train:2331,14,,development,63
shd,train,8336,8,shd-train:2332,5,,development,57
shd,train,6942,8,shd-train:2333,15,,development,70
shd,train,8830,11,shd-train:2334,11,,development,92
shd,train,12254,7,shd-train:2335,9,,development,76
shd,train,4974,2,shd-train:2336,14,,development,57
shd,train,5799,0,shd-train:2337,8,,confirmation,68
shd,train,10241,11,shd-train:2338,10,,development,79
shd,train,5233,10,shd-train:2339,18,,development,70
shd,train,5519,0,shd-train:2340,2,,confirmation,52
shd,train,7109,8,shd-train:2341,4,,development,46
shd,train,9369,9,shd-train:2342,2,,development,63
shd,train,5523,3,shd-train:2343,16,,development,87
shd,train,5696,10,shd-train:2344,5,,development,55
shd,train,3876,2,shd-train:2345,15,,development,46
shd,train,6726,6,shd-train:2346,9,,development,52
shd,train,10241,11,shd-train:2347,12,,development,90
shd,train,5833,10,shd-train:2348,16,,development,75
shd,train,8246,9,shd-train:2349,16,,development,78
shd,train,7687,1,shd-train:2350,1,,confirmation,63
shd,train,5118,3,shd-train:2351,13,,development,81
shd,train,4710,2,shd-train:2352,11,,development,67
shd,train,4895,6,shd-train:2353,4,,development,53
shd,train,7102,1,shd-train:2354,3,,confirmation,53
shd,train,6305,2,shd-train:2355,17,,development,62
shd,train,6241,2,shd-train:2356,10,,development,65
shd,train,9122,7,shd-train:2357,8,,development,77
shd,train,10267,8,shd-train:2358,7,,development,70
shd,train,13075,7,shd-train:2359,19,,development,79
shd,train,9148,7,shd-train:2360,3,,development,66
shd,train,3256,2,shd-train:2361,1,,development,57
shd,train,7224,10,shd-train:2362,1,,development,60
shd,train,8707,9,shd-train:2363,8,,development,60
shd,train,7465,3,shd-train:2364,19,,development,66
shd,train,9708,11,shd-train:2365,10,,development,76
shd,train,6330,8,shd-train:2366,18,,development,66
shd,train,9353,7,shd-train:2367,8,,development,75
shd,train,9657,7,shd-train:2368,5,,development,71
shd,train,10586,11,shd-train:2369,9,,development,70
shd,train,9531,9,shd-train:2370,4,,development,65
shd,train,9452,9,shd-train:2371,2,,development,65
shd,train,7511,3,shd-train:2372,3,,development,68
shd,train,8969,7,shd-train:2373,3,,development,69
shd,train,8421,9,shd-train:2374,16,,development,72
shd,train,9228,1,shd-train:2375,10,,confirmation,72
shd,train,8689,10,shd-train:2376,9,,development,60
shd,train,4546,2,shd-train:2377,14,,development,58
shd,train,13755,1,shd-train:2378,17,,confirmation,96
shd,train,11039,7,shd-train:2379,0,,development,81
shd,train,10611,9,shd-train:2380,3,,development,68
shd,train,9944,11,shd-train:2381,5,,development,79
shd,train,3841,2,shd-train:2382,1,,development,61
shd,train,6317,0,shd-train:2383,14,,confirmation,53
shd,train,7747,8,shd-train:2384,2,,development,60
shd,train,9199,1,shd-train:2385,3,,confirmation,83
shd,train,11642,1,shd-train:2386,17,,confirmation,93
shd,train,5173,1,shd-train:2387,18,,confirmation,78
shd,train,9067,0,shd-train:2388,17,,confirmation,71
shd,train,6922,10,shd-train:2389,0,,development,76
shd,train,5994,0,shd-train:2390,4,,confirmation,80
shd,train,4743,3,shd-train:2391,11,,development,92
shd,train,9157,7,shd-train:2392,2,,development,64
shd,train,6199,11,shd-train:2393,15,,development,55
shd,train,9983,1,shd-train:2394,1,,confirmation,71
shd,train,7281,0,shd-train:2395,11,,confirmation,73
shd,train,9027,1,shd-train:2396,16,,confirmation,89
shd,train,6626,3,shd-train:2397,14,,development,69
shd,train,8589,1,shd-train:2398,12,,confirmation,86
shd,train,7628,10,shd-train:2399,0,,development,83
shd,train,5800,3,shd-train:2400,11,,development,88
shd,train,4076,2,shd-train:2401,1,,development,60
shd,train,7916,11,shd-train:2402,19,,development,63
shd,train,9248,0,shd-train:2403,10,,confirmation,64
shd,train,5867,2,shd-train:2404,16,,development,78
shd,train,5753,3,shd-train:2405,8,,development,65
shd,train,7053,10,shd-train:2406,1,,development,59
shd,train,6615,2,shd-train:2407,0,,development,83
shd,train,7704,11,shd-train:2408,15,,development,70
shd,train,8459,0,shd-train:2409,10,,confirmation,62
shd,train,5371,11,shd-train:2410,16,,development,71
shd,train,9475,1,shd-train:2411,10,,confirmation,72
shd,train,6404,3,shd-train:2412,3,,development,64
shd,train,2928,2,shd-train:2413,4,,development,56
shd,train,6408,3,shd-train:2414,8,,development,68
shd,train,10618,9,shd-train:2415,1,,development,59
shd,train,3610,2,shd-train:2416,1,,development,56
shd,train,12092,7,shd-train:2417,9,,development,74
shd,train,12919,11,shd-train:2418,7,,development,102
shd,train,11525,7,shd-train:2419,3,,development,88
shd,train,6160,9,shd-train:2420,6,,development,71
shd,train,10596,9,shd-train:2421,1,,development,61
shd,train,5877,8,shd-train:2422,16,,development,78
shd,train,6661,10,shd-train:2423,2,,development,62
shd,train,10049,11,shd-train:2424,3,,development,85
shd,train,4467,2,shd-train:2425,14,,development,50
shd,train,12878,9,shd-train:2426,1,,development,71
shd,train,7408,0,shd-train:2427,11,,confirmation,75
shd,train,6023,2,shd-train:2428,9,,development,75
shd,train,7974,8,shd-train:2429,11,,development,73
shd,train,12463,7,shd-train:2430,5,,development,97
shd,train,9522,8,shd-train:2431,10,,development,68
shd,train,6731,0,shd-train:2432,16,,confirmation,77
shd,train,3619,6,shd-train:2433,6,,development,52
shd,train,8626,10,shd-train:2434,7,,development,76
shd,train,8775,7,shd-train:2435,4,,development,66
shd,train,10486,11,shd-train:2436,9,,development,73
shd,train,11196,9,shd-train:2437,19,,development,64
shd,train,4868,2,shd-train:2438,7,,development,68
shd,train,8933,0,shd-train:2439,10,,confirmation,63
shd,train,6114,1,shd-train:2440,5,,confirmation,68
shd,train,3191,2,shd-train:2441,18,,development,57
shd,train,11646,9,shd-train:2442,19,,development,67
shd,train,9628,11,shd-train:2443,12,,development,84
shd,train,4283,2,shd-train:2444,16,,development,67
shd,train,9517,1,shd-train:2445,1,,confirmation,72
shd,train,6654,8,shd-train:2446,8,,development,58
shd,train,5387,10,shd-train:2447,5,,development,51
shd,train,4364,3,shd-train:2448,12,,development,84
shd,train,4088,3,shd-train:2449,18,,development,81
shd,train,4967,2,shd-train:2450,12,,development,64
shd,train,12932,9,shd-train:2451,0,,development,80
shd,train,9048,7,shd-train:2452,8,,development,73
shd,train,5375,3,shd-train:2453,15,,development,61
shd,train,12827,7,shd-train:2454,11,,development,113
shd,train,11022,11,shd-train:2455,13,,development,100
shd,train,12146,7,shd-train:2456,17,,development,101
shd,train,4849,3,shd-train:2457,16,,development,86
shd,train,5857,0,shd-train:2458,5,,confirmation,74
shd,train,6753,11,shd-train:2459,8,,development,55
shd,train,4704,3,shd-train:2460,1,,development,59
shd,train,10427,7,shd-train:2461,7,,development,77
shd,train,6501,9,shd-train:2462,6,,development,78
shd,train,2978,2,shd-train:2463,5,,development,56
shd,train,5776,2,shd-train:2464,17,,development,67
shd,train,5684,3,shd-train:2465,8,,development,68
shd,train,11254,11,shd-train:2466,9,,development,76
shd,train,5263,7,shd-train:2467,6,,development,77
shd,train,5037,10,shd-train:2468,6,,development,76
shd,train,10862,8,shd-train:2469,0,,development,76
shd,train,9141,8,shd-train:2470,10,,development,66
shd,train,7005,0,shd-train:2471,12,,confirmation,75
shd,train,11402,11,shd-train:2472,10,,development,87
shd,train,12158,7,shd-train:2473,0,,development,86
shd,train,5114,3,shd-train:2474,4,,development,64
shd,train,9088,11,shd-train:2475,11,,development,91
shd,train,7337,8,shd-train:2476,3,,development,57
shd,train,9336,10,shd-train:2477,17,,development,80
shd,train,8849,1,shd-train:2478,14,,confirmation,80
shd,train,7714,2,shd-train:2479,19,,development,70
shd,train,7694,1,shd-train:2480,16,,confirmation,86
shd,train,5788,6,shd-train:2481,0,,development,79
shd,train,8534,8,shd-train:2482,5,,development,57
shd,train,5689,0,shd-train:2483,5,,confirmation,64
shd,train,9386,9,shd-train:2484,2,,development,62
shd,train,3853,2,shd-train:2485,15,,development,48
shd,train,10140,7,shd-train:2486,7,,development,77
shd,train,8641,1,shd-train:2487,12,,confirmation,84
shd,train,6670,6,shd-train:2488,13,,development,74
shd,train,9990,9,shd-train:2489,8,,development,67
shd,train,3573,3,shd-train:2490,18,,development,81
shd,train,7389,6,shd-train:2491,9,,development,48
shd,train,7247,10,shd-train:2492,14,,development,59
shd,train,9939,8,shd-train:2493,9,,development,55
shd,train,8212,1,shd-train:2494,15,,confirmation,100
shd,train,7503,0,shd-train:2495,7,,confirmation,75
shd,train,7262,11,shd-train:2496,8,,development,55
shd,train,8743,11,shd-train:2497,19,,development,70
shd,train,5930,3,shd-train:2498,11,,development,89
shd,train,3693,2,shd-train:2499,18,,development,62
shd,train,12160,9,shd-train:2500,9,,development,62
shd,train,8379,8,shd-train:2501,9,,development,50
shd,train,6146,3,shd-train:2502,14,,development,71
shd,train,12502,7,shd-train:2503,13,,development,91
shd,train,6742,1,shd-train:2504,3,,confirmation,50
shd,train,9158,11,shd-train:2505,11,,development,94
shd,train,8476,9,shd-train:2506,15,,development,60
shd,train,10948,8,shd-train:2507,17,,development,83
shd,train,4779,2,shd-train:2508,14,,development,50
shd,train,6397,8,shd-train:2509,8,,development,53
shd,train,9063,7,shd-train:2510,4,,development,75
shd,train,3927,2,shd-train:2511,8,,development,54
shd,train,9197,8,shd-train:2512,1,,development,60
shd,train,6605,6,shd-train:2513,0,,development,86
shd,train,9627,9,shd-train:2514,2,,development,64
shd,train,2941,2,shd-train:2515,5,,development,52
shd,train,11558,7,shd-train:2516,0,,development,83
shd,train,9855,9,shd-train:2517,5,,development,62
shd,train,9046,10,shd-train:2518,7,,development,78
shd,train,5796,0,shd-train:2519,2,,confirmation,53
shd,train,4665,2,shd-train:2520,15,,development,54
shd,train,4842,10,shd-train:2521,6,,development,75
shd,train,6582,0,shd-train:2522,4,,confirmation,73
shd,train,12978,1,shd-train:2523,17,,confirmation,91
shd,train,6202,8,shd-train:2524,18,,development,64
shd,train,8679,6,shd-train:2525,12,,development,97
shd,train,9967,11,shd-train:2526,3,,development,76
shd,train,8056,9,shd-train:2527,18,,development,69
shd,train,10632,11,shd-train:2528,3,,development,84
shd,train,6191,10,shd-train:2529,8,,development,59
shd,train,7410,3,shd-train:2530,10,,development,78
shd,train,9083,1,shd-train:2531,19,,confirmation,70
shd,train,5931,0,shd-train:2532,2,,confirmation,55
shd,train,5344,10,shd-train:2533,5,,development,52
shd,train,11798,7,shd-train:2534,11,,development,104
shd,train,7257,8,shd-train:2535,14,,development,62
shd,train,7482,8,shd-train:2536,14,,development,65
shd,train,6416,6,shd-train:2537,9,,development,53
shd,train,6657,3,shd-train:2538,2,,development,70
shd,train,4166,2,shd-train:2539,8,,development,50
shd,train,3176,3,shd-train:2540,18,,development,58
shd,train,11485,1,shd-train:2541,10,,confirmation,84
shd,train,6785,10,shd-train:2542,2,,development,60
shd,train,12610,7,shd-train:2543,13,,development,93
shd,train,6535,8,shd-train:2544,18,,development,66
shd,train,11401,7,shd-train:2545,9,,development,75
shd,train,7945,9,shd-train:2546,16,,development,79
shd,train,4790,3,shd-train:2547,4,,development,61
shd,train,5491,7,shd-train:2548,6,,development,80
shd,train,11271,11,shd-train:2549,3,,development,88
shd,train,11321,7,shd-train:2550,1,,development,69
shd,train,3402,2,shd-train:2551,18,,development,61
shd,train,12977,9,shd-train:2552,7,,development,84
shd,train,3709,2,shd-train:2553,2,,development,49
shd,train,4023,2,shd-train:2554,15,,development,50
shd,train,11349,9,shd-train:2555,1,,development,62
shd,train,5174,2,shd-train:2556,14,,development,55
shd,train,7409,3,shd-train:2557,3,,development,59
shd,train,7500,1,shd-train:2558,15,,confirmation,88
shd,train,9502,11,shd-train:2559,11,,development,96
shd,train,9106,9,shd-train:2560,8,,development,59
shd,train,10687,1,shd-train:2561,13,,confirmation,81
shd,train,6611,8,shd-train:2562,18,,development,65
shd,train,6035,0,shd-train:2563,16,,confirmation,72
shd,train,11354,1,shd-train:2564,10,,confirmation,84
shd,train,9141,1,shd-train:2565,11,,confirmation,91
shd,train,4500,6,shd-train:2566,5,,development,53
shd,train,9930,1,shd-train:2567,9,,confirmation,64
shd,train,8923,3,shd-train:2568,17,,development,94
shd,train,10292,8,shd-train:2569,0,,development,71
shd,train,10024,9,shd-train:2570,3,,development,65
shd,train,6260,8,shd-train:2571,16,,development,60
shd,train,7306,6,shd-train:2572,7,,development,77
shd,train,4975,0,shd-train:2573,5,,confirmation,72
shd,train,13144,7,shd-train:2574,13,,development,105
shd,train,11504,9,shd-train:2575,11,,development,76
shd,train,11395,11,shd-train:2576,10,,development,87
shd,train,5820,0,shd-train:2577,8,,confirmation,60
shd,train,9297,11,shd-train:2578,8,,development,88
shd,train,9610,10,shd-train:2579,17,,development,81
shd,train,6270,11,shd-train:2580,16,,development,91
shd,train,7542,8,shd-train:2581,4,,development,56
shd,train,10525,9,shd-train:2582,5,,development,56
shd,train,6815,3,shd-train:2583,1,,development,68
shd,train,6399,10,shd-train:2584,8,,development,61
shd,train,11882,11,shd-train:2585,0,,development,105
shd,train,8311,8,shd-train:2586,5,,development,56
shd,train,9376,0,shd-train:2587,17,,confirmation,75
shd,train,5487,10,shd-train:2588,16,,development,71
shd,train,4819,6,shd-train:2589,4,,development,57
shd,train,12838,9,shd-train:2590,11,,development,85
shd,train,6471,8,shd-train:2591,15,,development,62
shd,train,7869,7,shd-train:2592,18,,development,91
shd,train,5563,10,shd-train:2593,16,,development,74
shd,train,7422,11,shd-train:2594,9,,development,55
shd,train,5394,2,shd-train:2595,16,,development,73
shd,train,11438,7,shd-train:2596,5,,development,88
shd,train,11977,9,shd-train:2597,7,,development,75
shd,train,12425,9,shd-train:2598,9,,development,62
shd,train,4642,2,shd-train:2599,15,,development,53
shd,train,6775,10,shd-train:2600,11,,development,78
shd,train,5523,3,shd-train:2601,10,,development,72
shd,train,4099,3,shd-train:2602,1,,development,53
shd,train,4666,2,shd-train:2603,16,,development,66
shd,train,9098,8,shd-train:2604,17,,development,96
shd,train,7001,0,shd-train:2605,0,,confirmation,83
shd,train,5254,6,shd-train:2606,4,,development,59
shd,train,12864,7,shd-train:2607,17,,development,117
shd,train,8900,11,shd-train:2608,11,,development,93
shd,train,5188,0,shd-train:2609,5,,confirmation,68
shd,train,3440,2,shd-train:2610,4,,development,61
shd,train,6334,1,shd-train:2611,18,,confirmation,78
shd,train,7589,6,shd-train:2612,10,,development,75
shd,train,9824,11,shd-train:2613,0,,development,94
shd,train,10442,8,shd-train:2614,12,,development,92
shd,train,10586,7,shd-train:2615,4,,development,77
shd,train,7172,3,shd-train:2616,14,,development,81
shd,train,5701,0,shd-train:2617,15,,confirmation,46
shd,train,11088,9,shd-train:2618,5,,development,60
shd,train,7191,9,shd-train:2619,18,,development,64
shd,train,6904,10,shd-train:2620,3,,development,55
shd,train,8233,8,shd-train:2621,1,,development,52
shd,train,7535,11,shd-train:2622,12,,development,82
shd,train,3117,2,shd-train:2623,6,,development,58
shd,train,5970,2,shd-train:2624,0,,development,82
shd,train,5328,2,shd-train:2625,12,,development,65
shd,train,11902,9,shd-train:2626,12,,development,87
shd,train,7791,1,shd-train:2627,3,,confirmation,68
shd,train,12249,9,shd-train:2628,10,,development,76
shd,train,6691,10,shd-train:2629,13,,development,72
shd,train,6090,6,shd-train:2630,3,,development,52
shd,train,8135,9,shd-train:2631,4,,development,55
shd,train,5326,11,shd-train:2632,6,,development,96
shd,train,9255,10,shd-train:2633,17,,development,81
shd,train,4794,8,shd-train:2634,6,,development,66
shd,train,6989,1,shd-train:2635,16,,confirmation,91
shd,train,9093,8,shd-train:2636,11,,development,77
shd,train,2917,3,shd-train:2637,18,,development,60
shd,train,9255,1,shd-train:2638,1,,confirmation,68
shd,train,13768,7,shd-train:2639,12,,development,108
shd,train,7148,7,shd-train:2640,16,,development,101
shd,train,5929,10,shd-train:2641,16,,development,77
shd,train,5713,0,shd-train:2642,8,,confirmation,63
shd,train,7683,8,shd-train:2643,5,,development,49
shd,train,10073,11,shd-train:2644,14,,development,80
shd,train,7803,1,shd-train:2645,15,,confirmation,94
shd,train,9748,11,shd-train:2646,10,,development,76
shd,train,10257,8,shd-train:2647,17,,development,77
shd,train,8345,11,shd-train:2648,8,,development,92
shd,train,9022,1,shd-train:2649,1,,confirmation,66
shd,train,4815,3,shd-train:2650,6,,development,74
shd,train,7241,11,shd-train:2651,16,,development,107
shd,train,10728,11,shd-train:2652,0,,development,101
shd,train,10133,11,shd-train:2653,3,,development,86
shd,train,5498,2,shd-train:2654,13,,development,59
shd,train,2959,2,shd-train:2655,5,,development,54
shd,train,4865,0,shd-train:2656,5,,confirmation,64
shd,train,11355,7,shd-train:2657,4,,development,87
shd,train,6129,8,shd-train:2658,18,,development,65
shd,train,6026,2,shd-train:2659,16,,development,75
shd,train,6528,2,shd-train:2660,17,,development,70
shd,train,8778,11,shd-train:2661,2,,development,84
shd,train,10382,9,shd-train:2662,5,,development,63
shd,train,5857,10,shd-train:2663,16,,development,74
shd,train,6900,2,shd-train:2664,0,,development,83
shd,train,9919,8,shd-train:2665,1,,development,62
shd,train,10848,11,shd-train:2666,17,,development,107
shd,train,9052,8,shd-train:2667,19,,development,56
shd,train,6310,10,shd-train:2668,8,,development,57
shd,train,5750,6,shd-train:2669,11,,development,77
shd,train,5114,2,shd-train:2670,16,,development,68
shd,train,3543,2,shd-train:2671,18,,development,63
shd,train,4562,2,shd-train:2672,16,,development,65
shd,train,9829,7,shd-train:2673,7,,development,71
shd,train,5671,10,shd-train:2674,16,,development,75
shd,train,5410,3,shd-train:2675,15,,development,63
shd,train,10065,8,shd-train:2676,17,,development,88
shd,train,8484,3,shd-train:2677,9,,development,51
shd,train,6879,6,shd-train:2678,14,,development,60
shd,train,9086,9,shd-train:2679,18,,development,74
shd,train,3368,6,shd-train:2680,2,,development,27
shd,train,7568,1,shd-train:2681,4,,confirmation,72
shd,train,6366,10,shd-train:2682,13,,development,71
shd,train,8856,8,shd-train:2683,12,,development,76
shd,train,12867,7,shd-train:2684,9,,development,78
shd,train,12490,9,shd-train:2685,10,,development,75
shd,train,11817,9,shd-train:2686,11,,development,85
shd,train,11864,9,shd-train:2687,11,,development,82
shd,train,10318,11,shd-train:2688,11,,development,96
shd,train,9000,1,shd-train:2689,19,,confirmation,71
shd,train,9947,1,shd-train:2690,13,,confirmation,77
shd,train,12279,9,shd-train:2691,10,,development,75
shd,train,7188,3,shd-train:2692,7,,development,77
shd,train,5556,10,shd-train:2693,16,,development,76
shd,train,7584,10,shd-train:2694,1,,development,67
shd,train,6606,8,shd-train:2695,2,,development,58
shd,train,9576,7,shd-train:2696,7,,development,72
shd,train,6243,3,shd-train:2697,0,,development,83
shd,train,4453,2,shd-train:2698,2,,development,55
shd,train,10624,11,shd-train:2699,10,,development,83
shd,train,6155,2,shd-train:2700,17,,development,65
shd,train,9845,7,shd-train:2701,0,,development,73
shd,train,7791,2,shd-train:2702,19,,development,73
shd,train,9480,11,shd-train:2703,4,,development,76
shd,train,3492,2,shd-train:2704,8,,development,54
shd,train,10302,1,shd-train:2705,7,,confirmation,80
shd,train,5486,0,shd-train:2706,2,,confirmation,50
shd,train,12987,9,shd-train:2707,13,,development,78
shd,train,5841,0,shd-train:2708,4,,confirmation,68
shd,train,7687,3,shd-train:2709,19,,development,66
shd,train,7173,1,shd-train:2710,2,,confirmation,58
shd,train,5995,10,shd-train:2711,15,,development,52
shd,train,5632,10,shd-train:2712,16,,development,74
shd,train,6137,0,shd-train:2713,15,,confirmation,59
shd,train,5527,10,shd-train:2714,5,,development,54
shd,train,8203,0,shd-train:2715,19,,confirmation,65
shd,train,8695,1,shd-train:2716,7,,confirmation,73
shd,train,8859,10,shd-train:2717,17,,development,79
shd,train,5804,2,shd-train:2718,7,,development,67
shd,train,7932,10,shd-train:2719,13,,development,76
shd,train,12029,9,shd-train:2720,13,,development,74
shd,train,5856,2,shd-train:2721,0,,development,78
shd,train,8248,1,shd-train:2722,16,,confirmation,90
shd,train,7974,0,shd-train:2723,19,,confirmation,63
shd,train,8098,8,shd-train:2724,5,,development,57
shd,train,9624,9,shd-train:2725,8,,development,64
shd,train,9572,7,shd-train:2726,15,,development,79
shd,train,3024,2,shd-train:2727,18,,development,62
shd,train,9011,11,shd-train:2728,2,,development,82
shd,train,6481,8,shd-train:2729,16,,development,71
shd,train,4551,2,shd-train:2730,13,,development,61
shd,train,5393,2,shd-train:2731,11,,development,73
shd,train,6229,0,shd-train:2732,12,,confirmation,67
shd,train,6559,1,shd-train:2733,18,,confirmation,83
shd,train,6251,11,shd-train:2734,15,,development,60
shd,train,7660,7,shd-train:2735,16,,development,109
shd,train,3476,2,shd-train:2736,5,,development,58
shd,train,8591,10,shd-train:2737,9,,development,58
shd,train,6638,0,shd-train:2738,16,,confirmation,76
shd,train,11621,9,shd-train:2739,12,,development,83
shd,train,7699,3,shd-train:2740,7,,development,72
shd,train,8717,11,shd-train:2741,2,,development,80
shd,train,7285,0,shd-train:2742,13,,confirmation,64
shd,train,6097,0,shd-train:2743,16,,confirmation,76
shd,train,5163,6,shd-train:2744,2,,development,39
shd,train,9439,8,shd-train:2745,17,,development,75
shd,train,5182,6,shd-train:2746,8,,development,51
shd,train,5691,3,shd-train:2747,15,,development,71
shd,train,8172,8,shd-train:2748,3,,development,63
shd,train,9107,1,shd-train:2749,16,,confirmation,88
shd,train,8218,11,shd-train:2750,12,,development,81
shd,train,4825,3,shd-train:2751,11,,development,86
shd,train,4485,3,shd-train:2752,12,,development,84
shd,train,8445,1,shd-train:2753,11,,confirmation,75
shd,train,9824,8,shd-train:2754,7,,development,75
shd,train,6805,0,shd-train:2755,11,,confirmation,76
shd,train,4816,0,shd-train:2756,18,,confirmation,72
shd,train,10361,7,shd-train:2757,1,,development,63
shd,train,8214,10,shd-train:2758,19,,development,57
shd,train,5100,2,shd-train:2759,10,,development,59
shd,train,7564,11,shd-train:2760,14,,development,73
shd,train,6421,6,shd-train:2761,11,,development,83
shd,train,6544,0,shd-train:2762,11,,confirmation,69
shd,train,6960,2,shd-train:2763,17,,development,67
shd,train,7032,0,shd-train:2764,7,,confirmation,75
shd,train,5001,3,shd-train:2765,11,,development,88
shd,train,7912,11,shd-train:2766,19,,development,65
shd,train,8174,11,shd-train:2767,12,,development,79
shd,train,9176,9,shd-train:2768,8,,development,61
shd,train,7807,8,shd-train:2769,5,,development,53
shd,train,6039,2,shd-train:2770,17,,development,65
shd,train,6073,10,shd-train:2771,5,,development,56
shd,train,9891,11,shd-train:2772,2,,development,82
shd,train,6093,0,shd-train:2773,8,,confirmation,61
shd,train,6872,6,shd-train:2774,3,,development,49
shd,train,6544,6,shd-train:2775,9,,development,45
shd,train,8515,1,shd-train:2776,16,,confirmation,86
shd,train,12478,1,shd-train:2777,17,,confirmation,86
shd,train,6122,6,shd-train:2778,13,,development,64
shd,train,6624,2,shd-train:2779,17,,development,69
shd,train,7064,10,shd-train:2780,11,,development,76
shd,train,7677,11,shd-train:2781,8,,development,83
shd,train,8839,10,shd-train:2782,7,,development,77
shd,train,6827,0,shd-train:2783,11,,confirmation,72
shd,train,9240,8,shd-train:2784,10,,development,70
shd,train,6766,9,shd-train:2785,6,,development,71
shd,train,9325,8,shd-train:2786,1,,development,58
shd,train,6815,10,shd-train:2787,12,,development,68
shd,train,6516,8,shd-train:2788,8,,development,56
shd,train,9834,11,shd-train:2789,14,,development,87
shd,train,10885,11,shd-train:2790,17,,development,107
shd,train,5201,3,shd-train:2791,16,,development,87
shd,train,5900,3,shd-train:2792,0,,development,91
shd,train,10568,8,shd-train:2793,17,,development,80
shd,train,6587,10,shd-train:2794,2,,development,60
shd,train,10682,11,shd-train:2795,17,,development,95
shd,train,5977,6,shd-train:2796,1,,development,58
shd,train,6546,3,shd-train:2797,0,,development,91
shd,train,3095,2,shd-train:2798,18,,development,63
shd,train,9136,10,shd-train:2799,9,,development,65
shd,train,6514,8,shd-train:2800,8,,development,55
shd,train,8322,9,shd-train:2801,8,,development,58
shd,train,4763,2,shd-train:2802,16,,development,65
shd,train,9070,1,shd-train:2803,16,,confirmation,96
shd,train,4392,0,shd-train:2804,6,,confirmation,79
shd,train,6880,0,shd-train:2805,11,,confirmation,73
shd,train,9793,7,shd-train:2806,7,,development,72
shd,train,10163,1,shd-train:2807,12,,confirmation,92
shd,train,9312,1,shd-train:2808,7,,confirmation,74
shd,train,4758,1,shd-train:2809,6,,confirmation,72
shd,train,8105,10,shd-train:2810,9,,development,56
shd,train,7510,6,shd-train:2811,7,,development,73
shd,train,13534,7,shd-train:2812,9,,development,78
shd,train,10981,9,shd-train:2813,11,,development,76
shd,train,6390,1,shd-train:2814,5,,confirmation,54
shd,train,9408,9,shd-train:2815,11,,development,72
shd,train,11310,9,shd-train:2816,1,,development,64
shd,train,4367,2,shd-train:2817,8,,development,55
shd,train,9440,8,shd-train:2818,19,,development,64
shd,train,9191,7,shd-train:2819,8,,development,69
shd,train,8295,8,shd-train:2820,4,,development,54
shd,train,12741,7,shd-train:2821,13,,development,93
shd,train,11212,1,shd-train:2822,13,,confirmation,86
shd,train,9655,3,shd-train:2823,17,,development,90
shd,train,5239,3,shd-train:2824,16,,development,88
shd,train,9661,11,shd-train:2825,10,,development,74
shd,train,7331,11,shd-train:2826,19,,development,62
shd,train,4674,2,shd-train:2827,3,,development,59
shd,train,5753,0,shd-train:2828,2,,confirmation,53
shd,train,7074,2,shd-train:2829,9,,development,81
shd,train,13199,1,shd-train:2830,17,,confirmation,88
shd,train,9919,7,shd-train:2831,3,,development,80
shd,train,4491,2,shd-train:2832,3,,development,53
shd,train,12154,11,shd-train:2833,3,,development,92
shd,train,11960,9,shd-train:2834,11,,development,84
shd,train,6926,1,shd-train:2835,18,,confirmation,78
shd,train,5942,10,shd-train:2836,18,,development,65
shd,train,5466,3,shd-train:2837,11,,development,91
shd,train,6665,1,shd-train:2838,8,,confirmation,61
shd,train,5759,2,shd-train:2839,0,,development,81
shd,train,8552,11,shd-train:2840,15,,development,76
shd,train,8612,8,shd-train:2841,4,,development,60
shd,train,5763,10,shd-train:2842,18,,development,73
shd,train,2986,3,shd-train:2843,18,,development,57
shd,train,5259,3,shd-train:2844,12,,development,91
shd,train,4003,2,shd-train:2845,4,,development,67
shd,train,8403,0,shd-train:2846,19,,confirmation,67
shd,train,5311,3,shd-train:2847,16,,development,87
shd,train,5754,6,shd-train:2848,0,,development,83
shd,train,7106,8,shd-train:2849,14,,development,62
shd,train,12784,9,shd-train:2850,7,,development,78
shd,train,7360,3,shd-train:2851,3,,development,67
shd,train,4031,2,shd-train:2852,13,,development,57
shd,train,6406,11,shd-train:2853,16,,development,98
shd,train,6501,1,shd-train:2854,16,,confirmation,69
shd,train,7965,11,shd-train:2855,2,,development,78
shd,train,3326,2,shd-train:2856,4,,development,67
shd,train,7483,0,shd-train:2857,0,,confirmation,86
shd,train,6934,11,shd-train:2858,16,,development,101
shd,train,9851,9,shd-train:2859,14,,development,65
shd,train,12889,7,shd-train:2860,11,,development,121
shd,train,4776,6,shd-train:2861,5,,development,63
shd,train,12465,9,shd-train:2862,12,,development,84
shd,train,10096,11,shd-train:2863,4,,development,85
shd,train,12180,9,shd-train:2864,7,,development,75
shd,train,12850,9,shd-train:2865,17,,development,80
shd,train,6821,8,shd-train:2866,18,,development,67
shd,train,9409,1,shd-train:2867,9,,confirmation,66
shd,train,9642,11,shd-train:2868,17,,development,94
shd,train,4001,2,shd-train:2869,15,,development,44
shd,train,13221,7,shd-train:2870,19,,development,81
shd,train,5843,2,shd-train:2871,10,,development,59
shd,train,4562,2,shd-train:2872,12,,development,65
shd,train,8382,8,shd-train:2873,16,,development,80
shd,train,8485,11,shd-train:2874,11,,development,96
shd,train,6763,0,shd-train:2875,12,,confirmation,67
shd,train,7381,6,shd-train:2876,10,,development,70
shd,train,5835,0,shd-train:2877,8,,confirmation,65
shd,train,8408,11,shd-train:2878,2,,development,79
shd,train,7046,7,shd-train:2879,16,,development,102
shd,train,3400,2,shd-train:2880,5,,development,54
shd,train,10445,1,shd-train:2881,1,,confirmation,76
shd,train,6870,9,shd-train:2882,16,,development,71
shd,train,10459,9,shd-train:2883,4,,development,72
shd,train,8274,0,shd-train:2884,14,,confirmation,68
shd,train,6009,10,shd-train:2885,18,,development,68
shd,train,12014,11,shd-train:2886,4,,development,94
shd,train,10907,8,shd-train:2887,0,,development,81
shd,train,6475,0,shd-train:2888,16,,confirmation,74
shd,train,7138,10,shd-train:2889,13,,development,74
shd,train,5079,2,shd-train:2890,0,,development,73
shd,train,7419,1,shd-train:2891,16,,confirmation,90
shd,train,7999,11,shd-train:2892,10,,development,72
shd,train,4352,2,shd-train:2893,8,,development,55
shd,train,6614,11,shd-train:2894,18,,development,83
shd,train,10766,8,shd-train:2895,0,,development,74
shd,train,5360,6,shd-train:2896,1,,development,54
shd,train,7615,1,shd-train:2897,4,,confirmation,57
shd,train,9536,8,shd-train:2898,1,,development,58
shd,train,10976,8,shd-train:2899,17,,development,80
shd,train,10541,7,shd-train:2900,14,,development,91
shd,train,9421,9,shd-train:2901,8,,development,60
shd,train,7625,1,shd-train:2902,15,,confirmation,70
shd,train,7514,10,shd-train:2903,12,,development,81
shd,train,7133,1,shd-train:2904,2,,confirmation,61
shd,train,13033,1,shd-train:2905,13,,confirmation,92
shd,train,7144,8,shd-train:2906,2,,development,58
shd,train,4438,3,shd-train:2907,12,,development,79
shd,train,4374,0,shd-train:2908,6,,confirmation,78
shd,train,9922,8,shd-train:2909,13,,development,76
shd,train,7457,7,shd-train:2910,16,,development,88
shd,train,7607,2,shd-train:2911,9,,development,67
shd,train,3761,3,shd-train:2912,12,,development,86
shd,train,4402,0,shd-train:2913,6,,confirmation,73
shd,train,10582,11,shd-train:2914,17,,development,102
shd,train,5505,3,shd-train:2915,15,,development,63
shd,train,8633,1,shd-train:2916,12,,confirmation,82
shd,train,8101,9,shd-train:2917,18,,development,70
shd,train,10461,9,shd-train:2918,3,,development,68
shd,train,11803,7,shd-train:2919,11,,development,120
shd,train,8854,3,shd-train:2920,17,,development,91
shd,train,9573,7,shd-train:2921,3,,development,83
shd,train,5341,3,shd-train:2922,4,,development,64
shd,train,7772,1,shd-train:2923,2,,confirmation,60
shd,train,6780,1,shd-train:2924,8,,confirmation,65
shd,train,7428,8,shd-train:2925,5,,development,47
shd,train,8396,7,shd-train:2926,18,,development,110
shd,train,12534,9,shd-train:2927,13,,development,77
shd,train,6615,8,shd-train:2928,8,,development,56
shd,train,5468,1,shd-train:2929,6,,confirmation,82
shd,train,10171,11,shd-train:2930,7,,development,91
shd,train,7442,10,shd-train:2931,0,,development,81
shd,train,6319,8,shd-train:2932,8,,development,57
shd,train,11716,1,shd-train:2933,19,,confirmation,81
shd,train,4404,2,shd-train:2934,11,,development,65
shd,train,8973,10,shd-train:2935,17,,development,75
shd,train,10791,11,shd-train:2936,5,,development,77
shd,train,9484,8,shd-train:2937,11,,development,78
shd,train,9286,8,shd-train:2938,9,,development,57
shd,train,9045,8,shd-train:2939,4,,development,65
shd,train,10190,1,shd-train:2940,0,,confirmation,77
shd,train,6891,10,shd-train:2941,10,,development,70
shd,train,4416,2,shd-train:2942,7,,development,61
shd,train,11396,9,shd-train:2943,7,,development,71
shd,train,6814,6,shd-train:2944,13,,development,69
shd,train,6266,3,shd-train:2945,10,,development,77
shd,train,10124,8,shd-train:2946,19,,development,68
shd,train,9966,9,shd-train:2947,10,,development,65
shd,train,7387,0,shd-train:2948,3,,confirmation,64
shd,train,8505,1,shd-train:2949,4,,confirmation,70
shd,train,6144,8,shd-train:2950,16,,development,70
shd,train,7525,3,shd-train:2951,19,,development,68
shd,train,4299,3,shd-train:2952,18,,development,82
shd,train,4563,2,shd-train:2953,3,,development,58
shd,train,8090,10,shd-train:2954,19,,development,60
shd,train,10175,11,shd-train:2955,9,,development,76
shd,train,9905,11,shd-train:2956,17,,development,100
shd,train,6146,8,shd-train:2957,16,,development,65
shd,train,12200,9,shd-train:2958,13,,development,76
shd,train,6764,10,shd-train:2959,13,,development,65
shd,train,10948,9,shd-train:2960,10,,development,71
shd,train,4903,0,shd-train:2961,5,,confirmation,67
shd,train,10399,9,shd-train:2962,14,,development,78
shd,train,3415,2,shd-train:2963,8,,development,51
shd,train,5346,1,shd-train:2964,6,,confirmation,64
shd,train,5792,11,shd-train:2965,6,,development,108
shd,train,5584,3,shd-train:2966,15,,development,63
shd,train,7229,1,shd-train:2967,2,,confirmation,60
shd,train,5039,1,shd-train:2968,6,,confirmation,77
shd,train,7223,10,shd-train:2969,11,,development,75
shd,train,5646,2,shd-train:2970,0,,development,78
shd,train,6934,2,shd-train:2971,17,,development,71
shd,train,6882,1,shd-train:2972,5,,confirmation,65
shd,train,5004,3,shd-train:2973,15,,development,59
shd,train,8434,10,shd-train:2974,9,,development,61
shd,train,9821,7,shd-train:2975,4,,development,79
shd,train,9368,11,shd-train:2976,2,,development,86
shd,train,9960,8,shd-train:2977,10,,development,71
shd,train,7556,11,shd-train:2978,15,,development,69
shd,train,4942,6,shd-train:2979,4,,development,56
shd,train,4553,3,shd-train:2980,5,,development,54
shd,train,4797,2,shd-train:2981,15,,development,52
shd,train,4470,0,shd-train:2982,6,,confirmation,77
shd,train,5089,2,shd-train:2983,13,,development,57
shd,train,7933,1,shd-train:2984,3,,confirmation,73
shd,train,7556,1,shd-train:2985,3,,confirmation,61
shd,train,7739,2,shd-train:2986,19,,development,77
shd,train,6644,2,shd-train:2987,9,,development,74
shd,train,7675,6,shd-train:2988,10,,development,76
shd,train,8592,1,shd-train:2989,3,,confirmation,78
shd,train,7775,0,shd-train:2990,7,,confirmation,76
shd,train,9078,8,shd-train:2991,17,,development,76
shd,train,4619,2,shd-train:2992,13,,development,56
shd,train,4205,2,shd-train:2993,15,,development,54
shd,train,5418,2,shd-train:2994,13,,development,63
shd,train,8770,1,shd-train:2995,15,,confirmation,79
shd,train,9087,1,shd-train:2996,7,,confirmation,79
shd,train,4099,2,shd-train:2997,14,,development,49
shd,train,9198,9,shd-train:2998,2,,development,64
shd,train,7311,11,shd-train:2999,16,,development,103
shd,train,9653,9,shd-train:3000,4,,development,62
shd,train,9945,3,shd-train:3001,17,,development,94
shd,train,7587,10,shd-train:3002,14,,development,67
shd,train,6059,8,shd-train:3003,15,,development,60
shd,train,3521,3,shd-train:3004,18,,development,57
shd,train,7322,8,shd-train:3005,2,,development,58
shd,train,5183,3,shd-train:3006,13,,development,80
shd,train,7510,7,shd-train:3007,18,,development,92
shd,train,5431,10,shd-train:3008,18,,development,67
shd,train,3975,2,shd-train:3009,8,,development,55
shd,train,6536,11,shd-train:3010,16,,development,97
shd,train,6933,8,shd-train:3011,3,,development,62
shd,train,6354,7,shd-train:3012,6,,development,92
shd,train,11772,7,shd-train:3013,7,,development,84
shd,train,8976,8,shd-train:3014,11,,development,81
shd,train,5769,6,shd-train:3015,2,,development,50
shd,train,12401,7,shd-train:3016,10,,development,96
shd,train,10483,8,shd-train:3017,0,,development,80
shd,train,8315,1,shd-train:3018,7,,confirmation,77
shd,train,7268,0,shd-train:3019,7,,confirmation,75
shd,train,11071,7,shd-train:3020,7,,development,87
shd,train,9617,8,shd-train:3021,12,,development,77
shd,train,5665,1,shd-train:3022,18,,confirmation,77
shd,train,5485,6,shd-train:3023,1,,development,54
shd,train,6865,3,shd-train:3024,8,,development,64
shd,train,7979,3,shd-train:3025,17,,development,80
shd,train,8113,0,shd-train:3026,3,,confirmation,71
shd,train,8427,11,shd-train:3027,2,,development,79
shd,train,9435,8,shd-train:3028,13,,development,67
shd,train,14103,9,shd-train:3029,17,,development,84
shd,train,7235,11,shd-train:3030,16,,development,104
shd,train,8658,8,shd-train:3031,9,,development,53
shd,train,2839,2,shd-train:3032,5,,development,53
shd,train,6913,11,shd-train:3033,15,,development,60
shd,train,5709,8,shd-train:3034,18,,development,46
shd,train,6341,11,shd-train:3035,18,,development,80
shd,train,9794,9,shd-train:3036,1,,development,54
shd,train,6468,6,shd-train:3037,12,,development,75
shd,train,4796,3,shd-train:3038,16,,development,83
shd,train,6742,10,shd-train:3039,3,,development,57
shd,train,5221,2,shd-train:3040,10,,development,55
shd,train,5553,2,shd-train:3041,12,,development,69
shd,train,8758,7,shd-train:3042,2,,development,73
shd,train,10857,0,shd-train:3043,17,,confirmation,82
shd,train,8081,0,shd-train:3044,1,,confirmation,67
shd,train,2867,2,shd-train:3045,18,,development,62
shd,train,6606,1,shd-train:3046,15,,confirmation,59
shd,train,7772,1,shd-train:3047,15,,confirmation,68
shd,train,7498,11,shd-train:3048,18,,development,87
shd,train,4743,2,shd-train:3049,12,,development,65
shd,train,8025,11,shd-train:3050,15,,development,70
shd,train,11431,1,shd-train:3051,10,,confirmation,82
shd,train,11200,11,shd-train:3052,0,,development,94
shd,train,4748,6,shd-train:3053,2,,development,39
shd,train,6186,3,shd-train:3054,2,,development,70
shd,train,8831,11,shd-train:3055,2,,development,84
shd,train,4840,6,shd-train:3056,6,,development,78
shd,train,6048,6,shd-train:3057,16,,development,66
shd,train,11428,9,shd-train:3058,12,,development,85
shd,train,10028,7,shd-train:3059,2,,development,69
shd,train,7688,10,shd-train:3060,12,,development,75
shd,train,12187,9,shd-train:3061,9,,development,63
shd,train,12652,9,shd-train:3062,13,,development,77
shd,train,7934,10,shd-train:3063,0,,development,83
shd,train,11645,9,shd-train:3064,0,,development,72
shd,train,4618,3,shd-train:3065,6,,development,75
shd,train,5381,2,shd-train:3066,11,,development,75
shd,train,8230,11,shd-train:3067,15,,development,76
shd,train,10235,11,shd-train:3068,5,,development,71
shd,train,6618,8,shd-train:3069,8,,development,55
shd,train,10016,11,shd-train:3070,7,,development,101
shd,train,4364,3,shd-train:3071,13,,development,80
shd,train,9401,9,shd-train:3072,4,,development,63
shd,train,8403,11,shd-train:3073,10,,development,69
shd,train,8980,1,shd-train:3074,1,,confirmation,60
shd,train,10811,11,shd-train:3075,4,,development,75
shd,train,8797,10,shd-train:3076,7,,development,80
shd,train,5724,11,shd-train:3077,6,,development,94
shd,train,5137,2,shd-train:3078,14,,development,52
shd,train,3157,3,shd-train:3079,18,,development,59
shd,train,10050,9,shd-train:3080,4,,development,64
shd,train,11041,11,shd-train:3081,12,,development,94
shd,train,6655,11,shd-train:3082,18,,development,90
shd,train,5855,0,shd-train:3083,2,,confirmation,52
shd,train,8201,10,shd-train:3084,9,,development,57
shd,train,9982,8,shd-train:3085,7,,development,70
shd,train,11510,1,shd-train:3086,10,,confirmation,88
shd,train,10751,11,shd-train:3087,0,,development,97
shd,train,2906,2,shd-train:3088,6,,development,63
shd,train,4953,2,shd-train:3089,15,,development,53
shd,train,7684,9,shd-train:3090,16,,development,80
shd,train,9079,8,shd-train:3091,10,,development,68
shd,train,7641,2,shd-train:3092,9,,development,71
shd,train,9271,9,shd-train:3093,15,,development,68
shd,train,11844,7,shd-train:3094,5,,development,75
shd,train,3892,2,shd-train:3095,11,,development,71
shd,train,9459,8,shd-train:3096,12,,development,85
shd,train,9710,1,shd-train:3097,10,,confirmation,73
shd,train,9909,7,shd-train:3098,4,,development,74
shd,train,7886,0,shd-train:3099,0,,confirmation,84
shd,train,6866,8,shd-train:3100,8,,development,55
shd,train,8354,3,shd-train:3101,7,,development,79
shd,train,12008,1,shd-train:3102,19,,confirmation,84
shd,train,5677,3,shd-train:3103,1,,development,64
shd,train,7012,8,shd-train:3104,2,,development,55
shd,train,3104,2,shd-train:3105,18,,development,59
shd,train,5920,0,shd-train:3106,4,,confirmation,61
shd,train,7709,11,shd-train:3107,8,,development,82
shd,train,7066,8,shd-train:3108,15,,development,60
shd,train,5081,6,shd-train:3109,16,,development,76
shd,train,6413,0,shd-train:3110,12,,confirmation,68
shd,train,9554,7,shd-train:3111,7,,development,71
shd,train,6793,11,shd-train:3112,16,,development,100
shd,train,5654,2,shd-train:3113,10,,development,57
shd,train,7708,0,shd-train:3114,3,,confirmation,68
shd,train,9795,9,shd-train:3115,5,,development,57
shd,train,9459,9,shd-train:3116,15,,development,69
shd,train,8090,0,shd-train:3117,3,,confirmation,71
shd,train,6023,10,shd-train:3118,16,,development,77
shd,train,7608,0,shd-train:3119,11,,confirmation,88
shd,train,7029,8,shd-train:3120,2,,development,56
shd,train,9048,9,shd-train:3121,18,,development,73
shd,train,7015,6,shd-train:3122,13,,development,76
shd,train,3097,2,shd-train:3123,5,,development,60
shd,train,7341,1,shd-train:3124,4,,confirmation,70
shd,train,6729,10,shd-train:3125,4,,development,60
shd,train,6362,3,shd-train:3126,3,,development,62
shd,train,5813,11,shd-train:3127,6,,development,103
shd,train,8705,11,shd-train:3128,10,,development,70
shd,train,6603,8,shd-train:3129,2,,development,56
shd,train,11599,9,shd-train:3130,12,,development,83
shd,train,5499,11,shd-train:3131,6,,development,103
shd,train,5465,0,shd-train:3132,15,,confirmation,56
shd,train,8589,11,shd-train:3133,9,,development,64
shd,train,5284,3,shd-train:3134,13,,development,80
shd,train,7542,7,shd-train:3135,16,,development,102
shd,train,8225,9,shd-train:3136,18,,development,67
shd,train,8833,3,shd-train:3137,17,,development,85
shd,train,10365,8,shd-train:3138,0,,development,74
shd,train,6373,11,shd-train:3139,15,,development,62
shd,train,6379,8,shd-train:3140,18,,development,65
shd,train,5044,2,shd-train:3141,12,,development,68
shd,train,8220,8,shd-train:3142,5,,development,60
shd,train,6646,9,shd-train:3143,6,,development,77
shd,train,6029,6,shd-train:3144,2,,development,57
shd,train,6916,7,shd-train:3145,16,,development,106
shd,train,7775,0,shd-train:3146,1,,confirmation,68
shd,train,5186,11,shd-train:3147,6,,development,98
shd,train,7069,1,shd-train:3148,4,,confirmation,52
shd,train,7178,0,shd-train:3149,2,,confirmation,57
shd,train,6147,10,shd-train:3150,12,,development,72
shd,train,4926,2,shd-train:3151,13,,development,58
shd,train,6917,8,shd-train:3152,18,,development,68
shd,train,5897,7,shd-train:3153,6,,development,83
shd,train,9220,0,shd-train:3154,19,,confirmation,67
shd,train,3985,2,shd-train:3155,8,,development,55
shd,train,9916,8,shd-train:3156,12,,development,80
shd,train,12743,9,shd-train:3157,9,,development,66
shd,train,5569,6,shd-train:3158,8,,development,56
shd,train,9795,11,shd-train:3159,9,,development,74
shd,train,9672,9,shd-train:3160,14,,development,68
shd,train,5203,10,shd-train:3161,18,,development,67
shd,train,5966,0,shd-train:3162,8,,confirmation,66
shd,train,12777,7,shd-train:3163,11,,development,110
shd,train,6349,6,shd-train:3164,16,,development,82
shd,train,9308,7,shd-train:3165,15,,development,79
shd,train,11508,11,shd-train:3166,1,,development,80
shd,train,8697,0,shd-train:3167,1,,confirmation,72
shd,train,10439,8,shd-train:3168,0,,development,72
shd,train,3873,2,shd-train:3169,4,,development,62
shd,train,6608,8,shd-train:3170,16,,development,74
shd,train,12511,1,shd-train:3171,17,,confirmation,93
shd,train,4887,6,shd-train:3172,1,,development,49
shd,train,11682,9,shd-train:3173,1,,development,65
shd,train,7870,1,shd-train:3174,5,,confirmation,90
shd,train,10591,1,shd-train:3175,13,,confirmation,80
shd,train,5446,6,shd-train:3176,8,,development,52
shd,train,5694,2,shd-train:3177,7,,development,70
shd,train,11883,1,shd-train:3178,19,,confirmation,81
shd,train,10252,11,shd-train:3179,10,,development,83
shd,train,12314,7,shd-train:3180,13,,development,93
shd,train,5860,0,shd-train:3181,8,,confirmation,62
shd,train,8579,8,shd-train:3182,1,,development,57
shd,train,6398,10,shd-train:3183,8,,development,58
shd,train,7062,8,shd-train:3184,18,,development,71
shd,train,10897,7,shd-train:3185,1,,development,67
shd,train,6069,0,shd-train:3186,4,,confirmation,75
shd,train,6465,0,shd-train:3187,16,,confirmation,72
shd,train,8365,8,shd-train:3188,4,,development,56
shd,train,11488,6,shd-train:3189,17,,development,92
shd,train,7826,1,shd-train:3190,4,,confirmation,64
shd,train,8863,8,shd-train:3191,12,,development,74
shd,train,7942,0,shd-train:3192,9,,confirmation,72
shd,train,5836,8,shd-train:3193,8,,development,49
shd,train,13484,1,shd-train:3194,17,,confirmation,98
shd,train,4085,2,shd-train:3195,7,,development,62
shd,train,5582,0,shd-train:3196,5,,confirmation,72
shd,train,5997,0,shd-train:3197,2,,confirmation,55
shd,train,9391,10,shd-train:3198,17,,development,81
shd,train,12291,9,shd-train:3199,11,,development,89
shd,train,12013,7,shd-train:3200,10,,development,91
shd,train,8454,10,shd-train:3201,7,,development,80
shd,train,5453,3,shd-train:3202,4,,development,68
shd,train,5953,6,shd-train:3203,2,,development,55
shd,train,12124,9,shd-train:3204,0,,development,74
shd,train,6090,8,shd-train:3205,15,,development,57
shd,train,7616,10,shd-train:3206,13,,development,77
shd,train,4449,3,shd-train:3207,12,,development,81
shd,train,6455,0,shd-train:3208,14,,confirmation,52
shd,train,7745,1,shd-train:3209,3,,confirmation,72
shd,train,11390,9,shd-train:3210,5,,development,65
shd,train,8479,8,shd-train:3211,10,,development,59
shd,train,7690,11,shd-train:3212,2,,development,75
shd,train,5463,6,shd-train:3213,8,,development,52
shd,train,10223,8,shd-train:3214,13,,development,73
shd,train,7322,2,shd-train:3215,9,,development,81
shd,train,8687,10,shd-train:3216,9,,development,58
shd,train,3629,2,shd-train:3217,1,,development,67
shd,train,5254,0,shd-train:3218,5,,confirmation,76
shd,train,11527,7,shd-train:3219,0,,development,84
shd,train,7136,11,shd-train:3220,15,,development,92
shd,train,13647,7,shd-train:3221,19,,development,88
shd,train,10068,11,shd-train:3222,10,,development,81
shd,train,7270,0,shd-train:3223,0,,confirmation,89
shd,train,9334,8,shd-train:3224,1,,development,60
shd,train,3691,2,shd-train:3225,4,,development,60
shd,train,11091,9,shd-train:3226,7,,development,73
shd,train,8693,8,shd-train:3227,4,,development,56
shd,train,6820,3,shd-train:3228,2,,development,66
shd,train,5156,6,shd-train:3229,0,,development,75
shd,train,7504,1,shd-train:3230,4,,confirmation,56
shd,train,6621,8,shd-train:3231,2,,development,56
shd,train,4706,2,shd-train:3232,1,,development,58
shd,train,9267,7,shd-train:3233,15,,development,103
shd,train,3124,2,shd-train:3234,6,,development,67
shd,train,9487,1,shd-train:3235,7,,confirmation,75
shd,train,9235,1,shd-train:3236,16,,confirmation,93
shd,train,5461,11,shd-train:3237,6,,development,108
shd,train,13197,9,shd-train:3238,17,,development,79
shd,train,3997,2,shd-train:3239,2,,development,47
shd,train,9570,0,shd-train:3240,19,,confirmation,72
shd,train,4711,2,shd-train:3241,1,,development,59
shd,train,8526,1,shd-train:3242,11,,confirmation,82
shd,train,10414,9,shd-train:3243,5,,development,61
shd,train,12687,1,shd-train:3244,17,,confirmation,88
shd,train,7036,1,shd-train:3245,4,,confirmation,59
shd,train,11736,9,shd-train:3246,11,,development,82
shd,train,7291,11,shd-train:3247,14,,development,76
shd,train,11191,7,shd-train:3248,0,,development,84
shd,train,8200,8,shd-train:3249,11,,development,72
shd,train,7608,8,shd-train:3250,3,,development,59
shd,train,6920,10,shd-train:3251,3,,development,55
shd,train,6980,11,shd-train:3252,18,,development,82
shd,train,6778,10,shd-train:3253,8,,development,55
shd,train,7059,6,shd-train:3254,12,,development,70
shd,train,4337,6,shd-train:3255,6,,development,72
shd,train,10288,11,shd-train:3256,12,,development,91
shd,train,11091,9,shd-train:3257,7,,development,73
shd,train,7588,10,shd-train:3258,0,,development,82
shd,train,7309,6,shd-train:3259,9,,development,58
shd,train,7382,2,shd-train:3260,19,,development,65
shd,train,6644,0,shd-train:3261,16,,confirmation,79
shd,train,13863,7,shd-train:3262,19,,development,92
shd,train,6810,10,shd-train:3263,10,,development,62
shd,train,8576,1,shd-train:3264,16,,confirmation,79
shd,train,4022,0,shd-train:3265,18,,confirmation,64
shd,train,9623,1,shd-train:3266,11,,confirmation,86
shd,train,5484,2,shd-train:3267,12,,development,68
shd,train,7254,7,shd-train:3268,16,,development,102
shd,train,4060,2,shd-train:3269,18,,development,62
shd,train,7118,10,shd-train:3270,14,,development,61
shd,train,8748,10,shd-train:3271,7,,development,79
shd,train,4812,2,shd-train:3272,1,,development,56
shd,train,11457,1,shd-train:3273,17,,confirmation,82
shd,train,7030,1,shd-train:3274,18,,confirmation,79
shd,train,6469,7,shd-train:3275,6,,development,86
shd,train,12383,7,shd-train:3276,13,,development,91
shd,train,6125,3,shd-train:3277,2,,development,61
shd,train,10351,7,shd-train:3278,14,,development,94
shd,train,5187,2,shd-train:3279,10,,development,57
shd,train,7534,1,shd-train:3280,4,,confirmation,60
shd,train,7120,1,shd-train:3281,2,,confirmation,60
shd,train,11729,11,shd-train:3282,10,,development,87
shd,train,5245,11,shd-train:3283,16,,development,75
shd,train,6178,3,shd-train:3284,2,,development,64
shd,train,5198,3,shd-train:3285,4,,development,61
shd,train,10358,1,shd-train:3286,16,,confirmation,95
shd,train,9004,9,shd-train:3287,8,,development,57
shd,train,4805,3,shd-train:3288,6,,development,80
shd,train,4830,3,shd-train:3289,4,,development,60
shd,train,10167,0,shd-train:3290,17,,confirmation,79
shd,train,11328,1,shd-train:3291,10,,confirmation,79
shd,train,6357,0,shd-train:3292,16,,confirmation,74
shd,train,12019,9,shd-train:3293,10,,development,74
shd,train,3325,6,shd-train:3294,6,,development,39
shd,train,9285,1,shd-train:3295,10,,confirmation,68
shd,train,8058,3,shd-train:3296,7,,development,75
shd,train,11555,11,shd-train:3297,12,,development,116
shd,train,3564,2,shd-train:3298,18,,development,62
shd,train,7358,10,shd-train:3299,3,,development,59
shd,train,9617,1,shd-train:3300,0,,confirmation,75
shd,train,6226,3,shd-train:3301,14,,development,70
shd,train,10494,1,shd-train:3302,9,,confirmation,72
shd,train,5100,2,shd-train:3303,16,,development,71
shd,train,7440,0,shd-train:3304,13,,confirmation,65
shd,train,4864,6,shd-train:3305,4,,development,60
shd,train,3673,2,shd-train:3306,8,,development,50
shd,train,5933,8,shd-train:3307,18,,development,67
shd,train,5106,3,shd-train:3308,16,,development,84
shd,train,7780,3,shd-train:3309,19,,development,68
shd,train,7919,3,shd-train:3310,19,,development,66
shd,train,4265,2,shd-train:3311,1,,development,59
shd,train,9879,11,shd-train:3312,9,,development,70
shd,train,9615,8,shd-train:3313,11,,development,77
shd,train,3826,6,shd-train:3314,6,,development,61
shd,train,6030,7,shd-train:3315,6,,development,85
shd,train,7391,10,shd-train:3316,3,,development,63
shd,train,10812,11,shd-train:3317,0,,development,102
shd,train,6965,1,shd-train:3318,2,,confirmation,55
shd,train,9163,9,shd-train:3319,4,,development,62
shd,train,9575,1,shd-train:3320,11,,confirmation,88
shd,train,10656,7,shd-train:3321,12,,development,101
shd,train,5682,3,shd-train:3322,0,,development,86
shd,train,9071,9,shd-train:3323,18,,development,72
shd,train,6557,1,shd-train:3324,18,,confirmation,76
shd,train,8600,3,shd-train:3325,17,,development,94
shd,train,9020,3,shd-train:3326,9,,development,63
shd,train,12488,11,shd-train:3327,13,,development,87
shd,train,7825,8,shd-train:3328,2,,development,62
shd,train,5917,2,shd-train:3329,10,,development,60
shd,train,11728,9,shd-train:3330,9,,development,60
shd,train,11695,1,shd-train:3331,13,,confirmation,87
shd,train,6537,2,shd-train:3332,9,,development,70
shd,train,9514,1,shd-train:3333,14,,confirmation,85
shd,train,5519,11,shd-train:3334,6,,development,94
shd,train,7011,0,shd-train:3335,11,,confirmation,74
shd,train,8437,0,shd-train:3336,9,,confirmation,68
shd,train,9015,10,shd-train:3337,19,,development,66
shd,train,8324,1,shd-train:3338,4,,confirmation,73
shd,train,5477,6,shd-train:3339,5,,development,61
shd,train,5254,6,shd-train:3340,8,,development,53
shd,train,10362,1,shd-train:3341,9,,confirmation,66
shd,train,12247,7,shd-train:3342,11,,development,108
shd,train,13979,7,shd-train:3343,9,,development,82
shd,train,3773,2,shd-train:3344,2,,development,48
shd,train,6581,10,shd-train:3345,4,,development,63
shd,train,11813,7,shd-train:3346,10,,development,93
shd,train,8710,9,shd-train:3347,16,,development,83
shd,train,7707,0,shd-train:3348,7,,confirmation,75
shd,train,5259,6,shd-train:3349,8,,development,52
shd,train,9827,8,shd-train:3350,0,,development,71
shd,train,4591,3,shd-train:3351,11,,development,93
shd,train,7818,11,shd-train:3352,15,,development,65
shd,train,7909,8,shd-train:3353,16,,development,73
shd,train,10329,9,shd-train:3354,1,,development,58
shd,train,10695,11,shd-train:3355,13,,development,87
shd,train,6894,8,shd-train:3356,2,,development,55
shd,train,9110,9,shd-train:3357,3,,development,59
shd,train,9416,7,shd-train:3358,2,,development,73
shd,train,8533,9,shd-train:3359,2,,development,56
shd,train,4878,6,shd-train:3360,8,,development,43
shd,train,5400,6,shd-train:3361,8,,development,53
shd,train,10074,7,shd-train:3362,4,,development,70
shd,train,12302,7,shd-train:3363,10,,development,96
shd,train,4488,2,shd-train:3364,16,,development,65
shd,train,9208,7,shd-train:3365,8,,development,79
shd,train,9998,11,shd-train:3366,10,,development,81
shd,train,8909,8,shd-train:3367,4,,development,58
shd,train,7185,10,shd-train:3368,14,,development,65
shd,train,7960,8,shd-train:3369,4,,development,50
shd,train,7807,11,shd-train:3370,19,,development,60
shd,train,9141,9,shd-train:3371,15,,development,65
shd,train,6766,3,shd-train:3372,0,,development,91
shd,train,12682,9,shd-train:3373,17,,development,77
shd,train,8038,11,shd-train:3374,8,,development,82
shd,train,11110,7,shd-train:3375,17,,development,99
shd,train,9177,7,shd-train:3376,7,,development,72
shd,train,9511,11,shd-train:3377,17,,development,86
shd,train,7022,10,shd-train:3378,2,,development,64
shd,train,5644,0,shd-train:3379,5,,confirmation,70
shd,train,8374,0,shd-train:3380,10,,confirmation,62
shd,train,5715,1,shd-train:3381,6,,confirmation,80
shd,train,7416,6,shd-train:3382,9,,development,53
shd,train,6683,8,shd-train:3383,16,,development,68
shd,train,4161,3,shd-train:3384,12,,development,77
shd,train,10260,0,shd-train:3385,17,,confirmation,78
shd,train,5073,10,shd-train:3386,6,,development,76
shd,train,7645,6,shd-train:3387,7,,development,63
shd,train,5210,2,shd-train:3388,13,,development,59
shd,train,10563,7,shd-train:3389,5,,development,69
shd,train,7748,8,shd-train:3390,3,,development,58
shd,train,5904,2,shd-train:3391,0,,development,74
shd,train,7823,1,shd-train:3392,16,,confirmation,92
shd,train,3035,2,shd-train:3393,6,,development,61
shd,train,7352,1,shd-train:3394,2,,confirmation,64
shd,train,5281,8,shd-train:3395,6,,development,66
shd,train,6933,10,shd-train:3396,12,,development,71
shd,train,5238,3,shd-train:3397,15,,development,65
shd,train,6283,10,shd-train:3398,4,,development,54
shd,train,9408,9,shd-train:3399,3,,development,64
shd,train,8253,11,shd-train:3400,11,,development,86
shd,train,6919,11,shd-train:3401,15,,development,79
shd,train,4496,2,shd-train:3402,8,,development,56
shd,train,9418,8,shd-train:3403,9,,development,57
shd,train,10637,8,shd-train:3404,13,,development,71
shd,train,4030,0,shd-train:3405,6,,confirmation,75
shd,train,5639,0,shd-train:3406,15,,confirmation,53
shd,train,3885,2,shd-train:3407,8,,development,55
shd,train,10899,11,shd-train:3408,12,,development,116
shd,train,6326,0,shd-train:3409,4,,confirmation,68
shd,train,9170,11,shd-train:3410,11,,development,95
shd,train,6409,10,shd-train:3411,15,,development,58
shd,train,10893,7,shd-train:3412,7,,development,77
shd,train,6903,1,shd-train:3413,8,,confirmation,58
shd,train,3927,0,shd-train:3414,6,,confirmation,73
shd,train,13315,11,shd-train:3415,13,,development,92
shd,train,4373,3,shd-train:3416,12,,development,83
shd,train,6957,3,shd-train:3417,9,,development,55
shd,train,4927,1,shd-train:3418,6,,confirmation,65
shd,train,3866,3,shd-train:3419,12,,development,82
shd,train,10297,11,shd-train:3420,7,,development,96
shd,train,7931,8,shd-train:3421,11,,development,54
shd,train,8031,8,shd-train:3422,5,,development,50
shd,train,8386,1,shd-train:3423,16,,confirmation,105
shd,train,12021,9,shd-train:3424,1,,development,67
shd,train,12146,1,shd-train:3425,0,,confirmation,93
shd,train,6254,9,shd-train:3426,16,,development,64
shd,train,6313,2,shd-train:3427,17,,development,65
shd,train,10945,11,shd-train:3428,3,,development,88
shd,train,9557,11,shd-train:3429,14,,development,91
shd,train,8573,8,shd-train:3430,4,,development,59
shd,train,5836,6,shd-train:3431,1,,development,52
shd,train,6319,6,shd-train:3432,3,,development,56
shd,train,10888,7,shd-train:3433,5,,development,90
shd,train,7148,10,shd-train:3434,13,,development,71
shd,train,8343,0,shd-train:3435,1,,confirmation,72
shd,train,8142,10,shd-train:3436,7,,development,76
shd,train,5975,2,shd-train:3437,9,,development,76
shd,train,5176,3,shd-train:3438,8,,development,52
shd,train,5836,10,shd-train:3439,16,,development,77
shd,train,11123,1,shd-train:3440,9,,confirmation,77
shd,train,5374,2,shd-train:3441,0,,development,75
shd,train,9751,0,shd-train:3442,19,,confirmation,71
shd,train,5692,10,shd-train:3443,16,,development,75
shd,train,8473,1,shd-train:3444,1,,confirmation,64
shd,train,6877,10,shd-train:3445,3,,development,55
shd,train,6700,10,shd-train:3446,11,,development,77
shd,train,6866,10,shd-train:3447,3,,development,56
shd,train,8991,9,shd-train:3448,15,,development,60
shd,train,7267,3,shd-train:3449,19,,development,67
shd,train,11995,9,shd-train:3450,13,,development,75
shd,train,10037,7,shd-train:3451,15,,development,87
shd,train,9706,1,shd-train:3452,14,,confirmation,82
shd,train,4296,0,shd-train:3453,6,,confirmation,82
shd,train,3439,2,shd-train:3454,4,,development,58
shd,train,2760,2,shd-train:3455,4,,development,56
shd,train,8095,3,shd-train:3456,9,,development,57
shd,train,11891,9,shd-train:3457,1,,development,67
shd,train,6238,0,shd-train:3458,16,,confirmation,76
shd,train,8025,11,shd-train:3459,18,,development,119
shd,train,7100,0,shd-train:3460,2,,confirmation,81
shd,train,8241,1,shd-train:3461,12,,confirmation,85
shd,train,6154,7,shd-train:3462,6,,development,83
shd,train,6286,3,shd-train:3463,10,,development,79
shd,train,10018,7,shd-train:3464,2,,development,70
shd,train,6945,11,shd-train:3465,16,,development,102
shd,train,10057,9,shd-train:3466,3,,development,64
shd,train,6933,10,shd-train:3467,12,,development,74
shd,train,5014,2,shd-train:3468,14,,development,53
shd,train,8183,1,shd-train:3469,3,,confirmation,70
shd,train,5638,0,shd-train:3470,5,,confirmation,74
shd,train,7860,11,shd-train:3471,14,,development,67
shd,train,13177,9,shd-train:3472,13,,development,78
shd,train,5934,6,shd-train:3473,16,,development,73
shd,train,6535,3,shd-train:3474,14,,development,73
shd,train,8126,0,shd-train:3475,0,,confirmation,82
shd,train,8421,10,shd-train:3476,0,,development,92
shd,train,8431,11,shd-train:3477,2,,development,81
shd,train,4898,6,shd-train:3478,4,,development,55
shd,train,4538,2,shd-train:3479,13,,development,57
shd,train,6464,0,shd-train:3480,15,,confirmation,63
shd,train,5972,10,shd-train:3481,4,,development,56
shd,train,9925,6,shd-train:3482,17,,development,79
shd,train,6340,1,shd-train:3483,18,,confirmation,87
shd,train,8090,10,shd-train:3484,7,,development,75
shd,train,8817,0,shd-train:3485,9,,confirmation,71
shd,train,8883,1,shd-train:3486,7,,confirmation,81
shd,train,12694,9,shd-train:3487,11,,development,84
shd,train,11342,9,shd-train:3488,7,,development,72
shd,train,11447,9,shd-train:3489,11,,development,81
shd,train,8227,0,shd-train:3490,3,,confirmation,64
shd,train,11285,9,shd-train:3491,19,,development,66
shd,train,12424,7,shd-train:3492,12,,development,104
shd,train,14346,7,shd-train:3493,13,,development,112
shd,train,9675,1,shd-train:3494,19,,confirmation,75
shd,train,7741,11,shd-train:3495,19,,development,61
shd,train,5952,3,shd-train:3496,16,,development,87
shd,train,5055,2,shd-train:3497,13,,development,56
shd,train,8964,7,shd-train:3498,8,,development,73
shd,train,10504,8,shd-train:3499,7,,development,74
shd,train,8028,11,shd-train:3500,18,,development,92
shd,train,7580,6,shd-train:3501,9,,development,47
shd,train,8815,10,shd-train:3502,17,,development,76
shd,train,8518,8,shd-train:3503,4,,development,55
shd,train,4235,0,shd-train:3504,18,,confirmation,61
shd,train,10262,1,shd-train:3505,0,,confirmation,75
shd,train,9488,8,shd-train:3506,1,,development,58
shd,train,9152,11,shd-train:3507,2,,development,80
shd,train,6393,10,shd-train:3508,13,,development,69
shd,train,7357,6,shd-train:3509,7,,development,75
shd,train,7123,10,shd-train:3510,3,,development,56
shd,train,7551,0,shd-train:3511,2,,confirmation,79
shd,train,8379,9,shd-train:3512,8,,development,58
shd,train,5207,2,shd-train:3513,7,,development,63
shd,train,6763,0,shd-train:3514,2,,confirmation,55
shd,train,4200,2,shd-train:3515,1,,development,53
shd,train,10680,8,shd-train:3516,13,,development,72
shd,train,11969,9,shd-train:3517,12,,development,83
shd,train,4840,11,shd-train:3518,6,,development,96
shd,train,8800,8,shd-train:3519,12,,development,80
shd,train,11895,7,shd-train:3520,9,,development,67
shd,train,6347,9,shd-train:3521,6,,development,81
shd,train,7638,9,shd-train:3522,16,,development,75
shd,train,5913,3,shd-train:3523,0,,development,87
shd,train,5152,2,shd-train:3524,16,,development,70
shd,train,4049,2,shd-train:3525,15,,development,50
shd,train,5528,6,shd-train:3526,8,,development,55
shd,train,7713,3,shd-train:3527,19,,development,69
shd,train,6509,11,shd-train:3528,18,,development,84
shd,train,7895,0,shd-train:3529,10,,confirmation,59
shd,train,6326,10,shd-train:3530,3,,development,54
shd,train,5628,10,shd-train:3531,16,,development,77
shd,train,12440,9,shd-train:3532,12,,development,84
shd,train,4885,3,shd-train:3533,4,,development,58
shd,train,5543,6,shd-train:3534,1,,development,58
shd,train,6852,6,shd-train:3535,12,,development,74
shd,train,11476,7,shd-train:3536,10,,development,87
shd,train,6248,2,shd-train:3537,0,,development,78
shd,train,13658,7,shd-train:3538,19,,development,97
shd,train,9096,8,shd-train:3539,12,,development,83
shd,train,5138,6,shd-train:3540,4,,development,56
shd,train,6508,2,shd-train:3541,17,,development,65
shd,train,6329,11,shd-train:3542,18,,development,87
shd,train,14285,7,shd-train:3543,19,,development,98
shd,train,11373,9,shd-train:3544,0,,development,72
shd,train,9624,7,shd-train:3545,3,,development,72
shd,train,3776,2,shd-train:3546,2,,development,48
shd,train,8709,11,shd-train:3547,2,,development,81
shd,train,5752,10,shd-train:3548,5,,development,53
shd,train,5901,10,shd-train:3549,5,,development,55
shd,train,6751,0,shd-train:3550,13,,confirmation,65
shd,train,11756,9,shd-train:3551,7,,development,72
shd,train,3045,2,shd-train:3552,5,,development,56
shd,train,6676,10,shd-train:3553,3,,development,53
shd,train,5775,9,shd-train:3554,6,,development,69
shd,train,14371,9,shd-train:3555,9,,development,71
shd,train,4361,2,shd-train:3556,8,,development,55
shd,train,12773,7,shd-train:3557,0,,development,89
shd,train,12206,9,shd-train:3558,1,,development,69
shd,train,7299,10,shd-train:3559,14,,development,64
shd,train,9164,1,shd-train:3560,10,,confirmation,70
shd,train,9062,6,shd-train:3561,17,,development,72
shd,train,8079,8,shd-train:3562,17,,development,70
shd,train,7186,2,shd-train:3563,17,,development,78
shd,train,11852,7,shd-train:3564,17,,development,97
shd,train,7677,8,shd-train:3565,5,,development,54
shd,train,9421,7,shd-train:3566,7,,development,74
shd,train,2918,3,shd-train:3567,18,,development,57
shd,train,12005,7,shd-train:3568,10,,development,98
shd,train,5146,3,shd-train:3569,15,,development,57
shd,train,3480,3,shd-train:3570,18,,development,81
shd,train,9997,11,shd-train:3571,1,,development,77
shd,train,8314,11,shd-train:3572,18,,development,114
shd,train,5350,0,shd-train:3573,16,,confirmation,76
shd,train,8593,2,shd-train:3574,9,,development,85
shd,train,8658,1,shd-train:3575,11,,confirmation,84
shd,train,5062,0,shd-train:3576,5,,confirmation,71
shd,train,6140,0,shd-train:3577,2,,confirmation,55
shd,train,10294,9,shd-train:3578,14,,development,68
shd,train,4219,8,shd-train:3579,6,,development,64
shd,train,6865,0,shd-train:3580,1,,confirmation,67
shd,train,4910,1,shd-train:3581,18,,confirmation,73
shd,train,9146,7,shd-train:3582,5,,development,63
shd,train,8580,0,shd-train:3583,19,,confirmation,63
shd,train,5944,1,shd-train:3584,18,,confirmation,77
shd,train,11256,1,shd-train:3585,11,,confirmation,104
shd,train,5517,2,shd-train:3586,7,,development,69
shd,train,14470,1,shd-train:3587,17,,confirmation,96
shd,train,7824,10,shd-train:3588,7,,development,73
shd,train,5706,10,shd-train:3589,18,,development,73
shd,train,6778,10,shd-train:3590,2,,development,60
shd,train,6754,0,shd-train:3591,11,,confirmation,66
shd,train,9627,1,shd-train:3592,9,,confirmation,63
shd,train,7667,1,shd-train:3593,15,,confirmation,69
shd,train,5793,3,shd-train:3594,4,,development,68
shd,train,6489,6,shd-train:3595,12,,development,74
shd,train,5819,3,shd-train:3596,0,,development,85
shd,train,8069,11,shd-train:3597,18,,development,93
shd,train,7112,10,shd-train:3598,3,,development,60
shd,train,11630,9,shd-train:3599,19,,development,67
shd,train,8590,1,shd-train:3600,12,,confirmation,86
shd,train,9929,7,shd-train:3601,7,,development,74
shd,train,9151,11,shd-train:3602,14,,development,81
shd,train,4844,3,shd-train:3603,16,,development,82
shd,train,6585,8,shd-train:3604,16,,development,78
shd,train,5731,10,shd-train:3605,5,,development,53
shd,train,11962,11,shd-train:3606,13,,development,88
shd,train,6872,8,shd-train:3607,2,,development,56
shd,train,8626,11,shd-train:3608,9,,development,64
shd,train,12676,7,shd-train:3609,17,,development,106
shd,train,6205,3,shd-train:3610,14,,development,69
shd,train,9808,1,shd-train:3611,1,,confirmation,67
shd,train,8199,0,shd-train:3612,3,,confirmation,67
shd,train,9273,8,shd-train:3613,7,,development,64
shd,train,5219,2,shd-train:3614,13,,development,60
shd,train,4783,2,shd-train:3615,11,,development,70
shd,train,5544,0,shd-train:3616,15,,confirmation,52
shd,train,8981,11,shd-train:3617,17,,development,96
shd,train,8978,7,shd-train:3618,3,,development,74
shd,train,2970,2,shd-train:3619,4,,development,57
shd,train,13295,7,shd-train:3620,13,,development,98
shd,train,6327,3,shd-train:3621,2,,development,67
shd,train,6201,0,shd-train:3622,11,,confirmation,70
shd,train,8686,9,shd-train:3623,8,,development,59
shd,train,4859,2,shd-train:3624,3,,development,57
shd,train,12933,7,shd-train:3625,9,,development,76
shd,train,13708,11,shd-train:3626,13,,development,92
shd,train,12566,9,shd-train:3627,11,,development,84
shd,train,9091,1,shd-train:3628,11,,confirmation,88
shd,train,9349,11,shd-train:3629,14,,development,87
shd,train,7705,0,shd-train:3630,14,,confirmation,73
shd,train,9920,8,shd-train:3631,7,,development,70
shd,train,6265,9,shd-train:3632,6,,development,73
shd,train,6737,0,shd-train:3633,11,,confirmation,72
shd,train,8461,11,shd-train:3634,14,,development,85
shd,train,8233,8,shd-train:3635,4,,development,49
shd,train,6613,2,shd-train:3636,0,,development,84
shd,train,11779,9,shd-train:3637,1,,development,65
shd,train,8002,0,shd-train:3638,7,,confirmation,78
shd,train,9626,7,shd-train:3639,8,,development,82
shd,train,6961,10,shd-train:3640,11,,development,74
shd,train,4515,3,shd-train:3641,11,,development,93
shd,train,4222,2,shd-train:3642,15,,development,50
shd,train,4989,3,shd-train:3643,8,,development,52
shd,train,9861,9,shd-train:3644,5,,development,61
shd,train,6106,10,shd-train:3645,4,,development,54
shd,train,5895,7,shd-train:3646,6,,development,80
shd,train,10299,1,shd-train:3647,11,,confirmation,91
shd,train,6358,2,shd-train:3648,0,,development,77
shd,train,11319,7,shd-train:3649,1,,development,71
shd,train,13844,9,shd-train:3650,17,,development,84
shd,train,6346,9,shd-train:3651,6,,development,68
shd,train,9329,8,shd-train:3652,10,,development,68
shd,train,7645,1,shd-train:3653,5,,confirmation,73
shd,train,8940,8,shd-train:3654,12,,development,77
shd,train,10918,11,shd-train:3655,12,,development,97
shd,train,7067,10,shd-train:3656,0,,development,76
shd,train,6783,9,shd-train:3657,6,,development,72
shd,train,3392,2,shd-train:3658,18,,development,61
shd,train,9729,1,shd-train:3659,14,,confirmation,81
shd,train,6694,0,shd-train:3660,12,,confirmation,71
shd,train,8874,11,shd-train:3661,14,,development,87
shd,train,9053,1,shd-train:3662,7,,confirmation,78
shd,train,4898,2,shd-train:3663,10,,development,54
shd,train,7688,2,shd-train:3664,19,,development,70
shd,train,6385,10,shd-train:3665,15,,development,60
shd,train,10408,11,shd-train:3666,9,,development,72
shd,train,5800,10,shd-train:3667,5,,development,51
shd,train,3740,2,shd-train:3668,4,,development,62
shd,train,3468,2,shd-train:3669,6,,development,59
shd,train,10877,7,shd-train:3670,0,,development,79
shd,train,4919,6,shd-train:3671,8,,development,36
shd,train,7024,11,shd-train:3672,18,,development,83
shd,train,10287,1,shd-train:3673,10,,confirmation,78
shd,train,9816,1,shd-train:3674,0,,confirmation,74
shd,train,7111,3,shd-train:3675,19,,development,66
shd,train,7687,8,shd-train:3676,14,,development,60
shd,train,7361,11,shd-train:3677,18,,development,80
shd,train,10908,7,shd-train:3678,9,,development,65
shd,train,8296,10,shd-train:3679,19,,development,56
shd,train,7931,3,shd-train:3680,19,,development,68
shd,train,5547,2,shd-train:3681,7,,development,71
shd,train,4752,2,shd-train:3682,11,,development,65
shd,train,8489,9,shd-train:3683,2,,development,57
shd,train,6774,1,shd-train:3684,18,,confirmation,77
shd,train,6394,0,shd-train:3685,4,,confirmation,78
shd,train,10415,9,shd-train:3686,3,,development,66
shd,train,7063,10,shd-train:3687,14,,development,62
shd,train,11558,9,shd-train:3688,11,,development,84
shd,train,3829,6,shd-train:3689,6,,development,48
shd,train,7524,8,shd-train:3690,3,,development,54
shd,train,4434,2,shd-train:3691,12,,development,64
shd,train,13092,7,shd-train:3692,17,,development,109
shd,train,8005,6,shd-train:3693,7,,development,82
shd,train,6389,0,shd-train:3694,12,,confirmation,67
shd,train,10874,7,shd-train:3695,5,,development,78
shd,train,10007,11,shd-train:3696,10,,development,80
shd,train,5582,0,shd-train:3697,16,,confirmation,76
shd,train,8695,1,shd-train:3698,12,,confirmation,87
shd,train,14156,7,shd-train:3699,17,,development,117
shd,train,9104,0,shd-train:3700,10,,confirmation,66
shd,train,8289,0,shd-train:3701,19,,confirmation,61
shd,train,5016,2,shd-train:3702,16,,development,72
shd,train,9665,9,shd-train:3703,15,,development,77
shd,train,5887,10,shd-train:3704,18,,development,66
shd,train,12377,9,shd-train:3705,0,,development,78
shd,train,9128,11,shd-train:3706,2,,development,87
shd,train,10781,0,shd-train:3707,19,,confirmation,75
shd,train,6358,11,shd-train:3708,18,,development,82
shd,train,9404,8,shd-train:3709,10,,development,69
shd,train,13408,1,shd-train:3710,17,,confirmation,94
shd,train,12498,9,shd-train:3711,12,,development,86
shd,train,7426,11,shd-train:3712,2,,development,74
shd,train,6866,1,shd-train:3713,4,,confirmation,59
shd,train,11142,11,shd-train:3714,7,,development,99
shd,train,6533,0,shd-train:3715,0,,confirmation,83
shd,train,4299,0,shd-train:3716,6,,confirmation,76
shd,train,4004,6,shd-train:3717,18,,development,45
shd,train,5459,3,shd-train:3718,11,,development,89
shd,train,11048,11,shd-train:3719,7,,development,100
shd,train,7356,6,shd-train:3720,10,,development,71
shd,train,6449,0,shd-train:3721,11,,confirmation,71
shd,train,7613,1,shd-train:3722,16,,confirmation,92
shd,train,6069,10,shd-train:3723,5,,development,58
shd,train,8669,8,shd-train:3724,4,,development,57
shd,train,6113,8,shd-train:3725,16,,development,75
shd,train,9340,11,shd-train:3726,12,,development,88
shd,train,11518,7,shd-train:3727,13,,development,90
shd,train,9798,9,shd-train:3728,8,,development,63
shd,train,6397,2,shd-train:3729,17,,development,66
shd,train,12387,9,shd-train:3730,0,,development,76
shd,train,6771,3,shd-train:3731,3,,development,69
shd,train,13299,7,shd-train:3732,17,,development,111
shd,train,6955,10,shd-train:3733,3,,development,56
shd,train,5448,6,shd-train:3734,16,,development,86
shd,train,7782,6,shd-train:3735,19,,development,58
shd,train,11696,9,shd-train:3736,11,,development,76
shd,train,4929,6,shd-train:3737,4,,development,63
shd,train,5113,3,shd-train:3738,6,,development,79
shd,train,5552,0,shd-train:3739,5,,confirmation,73
shd,train,6221,8,shd-train:3740,15,,development,55
shd,train,3894,6,shd-train:3741,6,,development,63
shd,train,4162,3,shd-train:3742,6,,development,67
shd,train,4543,0,shd-train:3743,18,,confirmation,63
shd,train,4352,3,shd-train:3744,13,,development,79
shd,train,8870,6,shd-train:3745,17,,development,75
shd,train,7348,8,shd-train:3746,2,,development,61
shd,train,10940,11,shd-train:3747,3,,development,89
shd,train,11560,11,shd-train:3748,0,,development,95
shd,train,7150,1,shd-train:3749,18,,confirmation,82
shd,train,10234,7,shd-train:3750,5,,development,72
shd,train,2664,2,shd-train:3751,5,,development,55
shd,train,7887,0,shd-train:3752,7,,confirmation,76
shd,train,5918,3,shd-train:3753,8,,development,62
shd,train,4235,2,shd-train:3754,13,,development,55
shd,train,10119,1,shd-train:3755,9,,confirmation,72
shd,train,6093,2,shd-train:3756,10,,development,60
shd,train,6187,2,shd-train:3757,9,,development,65
shd,train,9822,7,shd-train:3758,2,,development,78
shd,train,6307,10,shd-train:3759,13,,development,69
shd,train,9045,7,shd-train:3760,15,,development,82
shd,train,5917,10,shd-train:3761,5,,development,51
shd,train,11991,9,shd-train:3762,9,,development,60
shd,train,6860,3,shd-train:3763,9,,development,56
shd,train,9843,7,shd-train:3764,2,,development,73
shd,train,5603,10,shd-train:3765,5,,development,53
shd,train,4458,2,shd-train:3766,11,,development,69
shd,train,9298,8,shd-train:3767,1,,development,60
shd,train,4860,2,shd-train:3768,12,,development,67
shd,train,8010,1,shd-train:3769,3,,confirmation,66
shd,train,7896,11,shd-train:3770,15,,development,65
shd,train,8808,0,shd-train:3771,19,,confirmation,67
shd,train,9405,7,shd-train:3772,15,,development,92
shd,train,10131,8,shd-train:3773,12,,development,86
shd,train,8264,1,shd-train:3774,16,,confirmation,91
shd,train,4365,8,shd-train:3775,6,,development,61
shd,train,8241,8,shd-train:3776,4,,development,63
shd,train,4218,0,shd-train:3777,6,,confirmation,75
shd,train,6500,11,shd-train:3778,16,,development,93
shd,train,8292,10,shd-train:3779,0,,development,91
shd,train,6118,10,shd-train:3780,15,,development,53
shd,train,4493,2,shd-train:3781,15,,development,52
shd,train,4029,2,shd-train:3782,15,,development,47
shd,train,7061,10,shd-train:3783,14,,development,62
shd,train,7888,8,shd-train:3784,9,,development,49
shd,train,4043,2,shd-train:3785,15,,development,46
shd,train,6747,8,shd-train:3786,15,,development,67
shd,train,5775,2,shd-train:3787,9,,development,75
shd,train,5734,11,shd-train:3788,6,,development,108
shd,train,7181,7,shd-train:3789,16,,development,108
shd,train,6834,8,shd-train:3790,18,,development,67
shd,train,8147,0,shd-train:3791,1,,confirmation,67
shd,train,11404,11,shd-train:3792,13,,development,84
shd,train,6616,3,shd-train:3793,3,,development,64
shd,train,5775,10,shd-train:3794,4,,development,52
shd,train,10126,11,shd-train:3795,4,,development,80
shd,train,4633,2,shd-train:3796,10,,development,54
shd,train,11804,1,shd-train:3797,19,,confirmation,81
shd,train,5716,3,shd-train:3798,10,,development,72
shd,train,10802,11,shd-train:3799,19,,development,79
shd,train,8842,8,shd-train:3800,4,,development,56
shd,train,8023,11,shd-train:3801,19,,development,56
shd,train,6337,9,shd-train:3802,6,,development,75
shd,train,8853,7,shd-train:3803,2,,development,62
shd,train,3315,2,shd-train:3804,5,,development,57
shd,train,9614,8,shd-train:3805,7,,development,66
shd,train,5366,2,shd-train:3806,13,,development,58
shd,train,4279,3,shd-train:3807,6,,development,70
shd,train,4859,2,shd-train:3808,3,,development,55
shd,train,11434,7,shd-train:3809,1,,development,87
shd,train,10834,11,shd-train:3810,13,,development,87
shd,train,6277,1,shd-train:3811,18,,confirmation,79
shd,train,9505,0,shd-train:3812,9,,confirmation,71
shd,train,9833,8,shd-train:3813,17,,development,83
shd,train,7281,0,shd-train:3814,14,,confirmation,65
shd,train,7529,7,shd-train:3815,16,,development,113
shd,train,7004,10,shd-train:3816,14,,development,64
shd,train,7326,6,shd-train:3817,11,,development,86
shd,train,7212,10,shd-train:3818,1,,development,63
shd,train,8032,11,shd-train:3819,14,,development,89
shd,train,8419,10,shd-train:3820,9,,development,59
shd,train,3620,2,shd-train:3821,8,,development,51
shd,train,3022,3,shd-train:3822,18,,development,57
shd,train,7017,2,shd-train:3823,9,,development,72
shd,train,9098,11,shd-train:3824,12,,development,89
shd,train,8767,6,shd-train:3825,19,,development,72
shd,train,8716,10,shd-train:3826,7,,development,78
shd,train,12637,1,shd-train:3827,13,,confirmation,86
shd,train,6157,0,shd-train:3828,16,,confirmation,71
shd,train,6006,9,shd-train:3829,6,,development,75
shd,train,9124,0,shd-train:3830,1,,confirmation,80
shd,train,6720,8,shd-train:3831,2,,development,56
shd,train,7907,11,shd-train:3832,8,,development,87
shd,train,8942,11,shd-train:3833,9,,development,67
shd,train,4560,0,shd-train:3834,6,,confirmation,77
shd,train,7144,10,shd-train:3835,11,,development,81
shd,train,9443,11,shd-train:3836,10,,development,72
shd,train,12647,9,shd-train:3837,13,,development,79
shd,train,8646,10,shd-train:3838,9,,development,62
shd,train,11646,11,shd-train:3839,4,,development,95
shd,train,4337,2,shd-train:3840,1,,development,59
shd,train,9359,1,shd-train:3841,13,,confirmation,84
shd,train,14331,7,shd-train:3842,12,,development,137
shd,train,12926,9,shd-train:3843,9,,development,66
shd,train,7887,9,shd-train:3844,16,,development,74
shd,train,11099,1,shd-train:3845,19,,confirmation,76
shd,train,7214,0,shd-train:3846,14,,confirmation,60
shd,train,6830,9,shd-train:3847,6,,development,75
shd,train,7857,8,shd-train:3848,3,,development,66
shd,train,6389,8,shd-train:3849,16,,development,72
shd,train,10473,11,shd-train:3850,17,,development,97
shd,train,8467,11,shd-train:3851,2,,development,77
shd,train,10356,8,shd-train:3852,0,,development,73
shd,train,9454,0,shd-train:3853,10,,confirmation,65
shd,train,6426,11,shd-train:3854,15,,development,62
shd,train,11557,9,shd-train:3855,0,,development,74
shd,train,10023,11,shd-train:3856,1,,development,75
shd,train,12282,9,shd-train:3857,9,,development,63
shd,train,9263,3,shd-train:3858,17,,development,91
shd,train,7896,1,shd-train:3859,14,,confirmation,77
shd,train,6911,0,shd-train:3860,14,,confirmation,66
shd,train,8614,1,shd-train:3861,4,,confirmation,69
shd,train,11065,1,shd-train:3862,0,,confirmation,85
shd,train,8597,0,shd-train:3863,9,,confirmation,76
shd,train,8399,1,shd-train:3864,12,,confirmation,86
shd,train,9255,7,shd-train:3865,5,,development,65
shd,train,10246,8,shd-train:3866,13,,development,72
shd,train,7920,0,shd-train:3867,3,,confirmation,65
shd,train,7613,0,shd-train:3868,14,,confirmation,70
shd,train,3812,2,shd-train:3869,18,,development,68
shd,train,6066,7,shd-train:3870,6,,development,86
shd,train,6326,10,shd-train:3871,4,,development,63
shd,train,5972,10,shd-train:3872,8,,development,56
shd,train,5539,0,shd-train:3873,8,,confirmation,61
shd,train,6820,8,shd-train:3874,5,,development,46
shd,train,11183,9,shd-train:3875,10,,development,71
shd,train,8830,0,shd-train:3876,10,,confirmation,64
shd,train,6792,10,shd-train:3877,14,,development,58
shd,train,7755,6,shd-train:3878,13,,development,84
shd,train,11504,7,shd-train:3879,0,,development,82
shd,train,6718,10,shd-train:3880,2,,development,59
shd,train,11294,11,shd-train:3881,3,,development,86
shd,train,4840,10,shd-train:3882,6,,development,68
shd,train,4337,2,shd-train:3883,15,,development,53
shd,train,11183,9,shd-train:3884,5,,development,67
shd,train,5390,3,shd-train:3885,11,,development,91
shd,train,8477,11,shd-train:3886,12,,development,76
shd,train,5875,3,shd-train:3887,10,,development,74
shd,train,8228,10,shd-train:3888,19,,development,50
shd,train,6502,2,shd-train:3889,17,,development,69
shd,train,6588,3,shd-train:3890,2,,development,69
shd,train,5228,6,shd-train:3891,15,,development,51
shd,train,8047,0,shd-train:3892,3,,confirmation,69
shd,train,9902,1,shd-train:3893,10,,confirmation,74
shd,train,7625,10,shd-train:3894,1,,development,66
shd,train,6230,1,shd-train:3895,18,,confirmation,85
shd,train,8612,11,shd-train:3896,1,,development,68
shd,train,10713,1,shd-train:3897,0,,confirmation,78
shd,train,5266,3,shd-train:3898,10,,development,71
shd,train,11368,11,shd-train:3899,5,,development,91
shd,train,7319,1,shd-train:3900,3,,confirmation,54
shd,train,5758,3,shd-train:3901,1,,development,66
shd,train,12315,7,shd-train:3902,12,,development,102
shd,train,5378,6,shd-train:3903,1,,development,55
shd,train,11651,7,shd-train:3904,0,,development,93
shd,train,7520,1,shd-train:3905,12,,confirmation,83
shd,train,6199,0,shd-train:3906,4,,confirmation,75
shd,train,5414,2,shd-train:3907,10,,development,58
shd,train,5639,8,shd-train:3908,16,,development,67
shd,train,12214,9,shd-train:3909,9,,development,63
shd,train,8520,8,shd-train:3910,9,,development,57
shd,train,9303,8,shd-train:3911,19,,development,60
shd,train,6872,6,shd-train:3912,0,,development,89
shd,train,3293,2,shd-train:3913,5,,development,53
shd,train,9008,1,shd-train:3914,10,,confirmation,67
shd,train,8023,0,shd-train:3915,7,,confirmation,74
shd,train,9692,8,shd-train:3916,1,,development,58
shd,train,7265,0,shd-train:3917,13,,confirmation,66
shd,train,5369,11,shd-train:3918,6,,development,99
shd,train,12164,9,shd-train:3919,11,,development,88
shd,train,8239,10,shd-train:3920,9,,development,59
shd,train,12872,1,shd-train:3921,19,,confirmation,91
shd,train,6089,11,shd-train:3922,16,,development,90
shd,train,7178,2,shd-train:3923,19,,development,71
shd,train,7831,2,shd-train:3924,9,,development,84
shd,train,11704,11,shd-train:3925,1,,development,82
shd,train,8731,1,shd-train:3926,14,,confirmation,70
shd,train,4289,2,shd-train:3927,3,,development,55
shd,train,6653,1,shd-train:3928,16,,confirmation,77
shd,train,6470,2,shd-train:3929,0,,development,83
shd,train,7213,10,shd-train:3930,12,,development,71
shd,train,4202,2,shd-train:3931,16,,development,65
shd,train,7825,1,shd-train:3932,11,,confirmation,78
shd,train,6724,6,shd-train:3933,12,,development,83
shd,train,13802,7,shd-train:3934,13,,development,106
shd,train,8060,0,shd-train:3935,7,,confirmation,71
shd,train,7353,10,shd-train:3936,12,,development,74
shd,train,3780,2,shd-train:3937,6,,development,68
shd,train,7605,3,shd-train:3938,7,,development,83
shd,train,7204,10,shd-train:3939,0,,development,76
shd,train,5190,7,shd-train:3940,6,,development,78
shd,train,9038,9,shd-train:3941,15,,development,69
shd,train,6707,10,shd-train:3942,12,,development,74
shd,train,8642,8,shd-train:3943,9,,development,51
shd,train,5590,10,shd-train:3944,5,,development,51
shd,train,7086,3,shd-train:3945,3,,development,60
shd,train,7039,11,shd-train:3946,16,,development,99
shd,train,11649,9,shd-train:3947,10,,development,75
shd,train,7655,8,shd-train:3948,2,,development,61
shd,train,5522,0,shd-train:3949,8,,confirmation,63
shd,train,8689,8,shd-train:3950,13,,development,68
shd,train,11515,7,shd-train:3951,14,,development,97
shd,train,10698,11,shd-train:3952,17,,development,95
shd,train,6250,8,shd-train:3953,15,,development,48
shd,train,11901,7,shd-train:3954,19,,development,87
shd,train,3911,2,shd-train:3955,15,,development,49
shd,train,7930,6,shd-train:3956,7,,development,75
shd,train,6829,1,shd-train:3957,8,,confirmation,58
shd,train,11416,11,shd-train:3958,1,,development,85
shd,train,6317,3,shd-train:3959,15,,development,73
shd,train,5742,3,shd-train:3960,14,,development,74
shd,train,6109,2,shd-train:3961,10,,development,66
shd,train,8012,1,shd-train:3962,15,,confirmation,64
shd,train,6172,3,shd-train:3963,14,,development,71
shd,train,8456,8,shd-train:3964,17,,development,66
shd,train,5925,3,shd-train:3965,8,,development,51
shd,train,9145,1,shd-train:3966,11,,confirmation,81
shd,train,8851,1,shd-train:3967,7,,confirmation,72
shd,train,12811,9,shd-train:3968,7,,development,80
shd,train,5589,3,shd-train:3969,0,,development,80
shd,train,5862,9,shd-train:3970,6,,development,74
shd,train,9769,10,shd-train:3971,17,,development,80
shd,train,7062,10,shd-train:3972,12,,development,76
shd,train,8302,1,shd-train:3973,3,,confirmation,72
shd,train,6299,0,shd-train:3974,4,,confirmation,68
shd,train,11203,11,shd-train:3975,17,,development,100
shd,train,8348,10,shd-train:3976,7,,development,77
shd,train,5726,11,shd-train:3977,6,,development,105
shd,train,8424,0,shd-train:3978,12,,confirmation,78
shd,train,9080,1,shd-train:3979,11,,confirmation,79
shd,train,11344,7,shd-train:3980,13,,development,90
shd,train,6899,0,shd-train:3981,12,,confirmation,72
shd,train,7280,1,shd-train:3982,4,,confirmation,59
shd,train,5723,0,shd-train:3983,16,,confirmation,66
shd,train,6851,11,shd-train:3984,8,,development,78
shd,train,9050,7,shd-train:3985,2,,development,73
shd,train,12111,7,shd-train:3986,17,,development,103
shd,train,7085,10,shd-train:3987,14,,development,63
shd,train,8541,8,shd-train:3988,10,,development,65
shd,train,6003,9,shd-train:3989,6,,development,66
shd,train,7572,11,shd-train:3990,15,,development,76
shd,train,3857,3,shd-train:3991,18,,development,84
shd,train,5480,10,shd-train:3992,5,,development,49
shd,train,10922,11,shd-train:3993,12,,development,92
shd,train,11050,7,shd-train:3994,10,,development,88
shd,train,5274,3,shd-train:3995,0,,development,82
shd,train,9950,11,shd-train:3996,17,,development,91
shd,train,9851,7,shd-train:3997,7,,development,79
shd,train,10994,11,shd-train:3998,12,,development,93
shd,train,6302,3,shd-train:3999,10,,development,76
shd,train,9215,1,shd-train:4000,13,,confirmation,77
shd,train,3523,2,shd-train:4001,4,,development,60
shd,train,6200,0,shd-train:4002,2,,confirmation,55
shd,train,2897,3,shd-train:4003,18,,development,56
shd,train,5520,3,shd-train:4004,1,,development,62
shd,train,13096,9,shd-train:4005,17,,development,80
shd,train,6579,11,shd-train:4006,18,,development,77
shd,train,9211,8,shd-train:4007,10,,development,69
shd,train,12265,9,shd-train:4008,11,,development,83
shd,train,9899,9,shd-train:4009,15,,development,72
shd,train,7678,10,shd-train:4010,0,,development,82
shd,train,7767,2,shd-train:4011,19,,development,68
shd,train,9708,8,shd-train:4012,7,,development,68
shd,train,11076,7,shd-train:4013,13,,development,88
shd,train,7996,11,shd-train:4014,2,,development,76
shd,train,9926,11,shd-train:4015,3,,development,87
shd,train,11433,11,shd-train:4016,13,,development,81
shd,train,6927,1,shd-train:4017,2,,confirmation,61
shd,train,6402,10,shd-train:4018,15,,development,52
shd,train,8548,1,shd-train:4019,12,,confirmation,88
shd,train,9037,9,shd-train:4020,8,,development,59
shd,train,5484,10,shd-train:4021,16,,development,73
shd,train,11853,11,shd-train:4022,13,,development,88
shd,train,9222,11,shd-train:4023,7,,development,94
shd,train,13510,9,shd-train:4024,7,,development,84
shd,train,8064,0,shd-train:4025,3,,confirmation,71
shd,train,5329,2,shd-train:4026,1,,development,63
shd,train,8012,0,shd-train:4027,10,,confirmation,63
shd,train,10682,1,shd-train:4028,0,,confirmation,74
shd,train,8359,10,shd-train:4029,0,,development,100
shd,train,10856,11,shd-train:4030,0,,development,96
shd,train,8810,9,shd-train:4031,2,,development,59
shd,train,7387,2,shd-train:4032,19,,development,61
shd,train,6001,3,shd-train:4033,10,,development,76
shd,train,7814,11,shd-train:4034,2,,development,75
shd,train,5183,0,shd-train:4035,5,,confirmation,80
shd,train,6662,0,shd-train:4036,11,,confirmation,72
shd,train,3655,2,shd-train:4037,1,,development,56
shd,train,9227,11,shd-train:4038,17,,development,103
shd,train,12019,11,shd-train:4039,13,,development,85
shd,train,10163,7,shd-train:4040,1,,development,65
shd,train,10796,7,shd-train:4041,4,,development,80
shd,train,9241,7,shd-train:4042,8,,development,71
shd,train,6967,6,shd-train:4043,11,,development,86
shd,train,5145,3,shd-train:4044,15,,development,59
shd,train,9314,8,shd-train:4045,19,,development,59
shd,train,7305,0,shd-train:4046,13,,confirmation,70
shd,train,5556,11,shd-train:4047,19,,development,51
shd,train,8398,11,shd-train:4048,8,,development,88
shd,train,9816,11,shd-train:4049,11,,development,100
shd,train,11220,7,shd-train:4050,10,,development,89
shd,train,4708,8,shd-train:4051,6,,development,68
shd,train,6781,6,shd-train:4052,3,,development,57
shd,train,6236,0,shd-train:4053,4,,confirmation,71
shd,train,10978,8,shd-train:4054,13,,development,76
shd,train,3152,2,shd-train:4055,5,,development,52
shd,train,7447,2,shd-train:4056,19,,development,68
shd,train,8368,1,shd-train:4057,16,,confirmation,92
shd,train,5824,2,shd-train:4058,17,,development,65
shd,train,4742,2,shd-train:4059,3,,development,59
shd,train,10304,9,shd-train:4060,5,,development,58
shd,train,7537,11,shd-train:4061,9,,development,54
shd,train,6374,10,shd-train:4062,8,,development,58
shd,train,7291,3,shd-train:4063,3,,development,64
shd,train,5192,3,shd-train:4064,15,,development,55
shd,train,5058,2,shd-train:4065,3,,development,61
shd,train,5188,10,shd-train:4066,18,,development,65
shd,train,7566,10,shd-train:4067,0,,development,82
shd,train,5863,10,shd-train:4068,16,,development,77
shd,train,6357,11,shd-train:4069,18,,development,83
shd,train,8902,0,shd-train:4070,10,,confirmation,64
shd,train,11736,9,shd-train:4071,9,,development,61
shd,train,6606,0,shd-train:4072,12,,confirmation,73
shd,train,7159,0,shd-train:4073,0,,confirmation,81
shd,train,9334,11,shd-train:4074,11,,development,97
shd,train,6631,10,shd-train:4075,2,,development,58
shd,train,11028,9,shd-train:4076,13,,development,69
shd,train,8185,0,shd-train:4077,3,,confirmation,63
shd,train,12036,9,shd-train:4078,12,,development,85
shd,train,10988,9,shd-train:4079,19,,development,63
shd,train,7062,0,shd-train:4080,12,,confirmation,73
shd,train,7301,11,shd-train:4081,15,,development,66
shd,train,6310,10,shd-train:4082,5,,development,56
shd,train,8153,10,shd-train:4083,7,,development,75
shd,train,12359,9,shd-train:4084,13,,development,76
shd,train,7168,0,shd-train:4085,12,,confirmation,70
shd,train,7639,11,shd-train:4086,18,,development,89
shd,train,10498,7,shd-train:4087,5,,development,78
shd,train,8079,11,shd-train:4088,14,,development,73
shd,train,11157,11,shd-train:4089,13,,development,84
shd,train,6644,3,shd-train:4090,2,,development,62
shd,train,10184,11,shd-train:4091,9,,development,73
shd,train,8625,9,shd-train:4092,4,,development,51
shd,train,9312,7,shd-train:4093,15,,development,81
shd,train,8065,9,shd-train:4094,18,,development,67
shd,train,4089,6,shd-train:4095,6,,development,67
shd,train,10294,8,shd-train:4096,0,,development,69
shd,train,10139,7,shd-train:4097,15,,development,94
shd,train,10749,11,shd-train:4098,17,,development,93
shd,train,9440,7,shd-train:4099,2,,development,68
shd,train,12490,7,shd-train:4100,13,,development,97
shd,train,9380,8,shd-train:4101,19,,development,61
shd,train,9857,11,shd-train:4102,9,,development,73
shd,train,6007,2,shd-train:4103,17,,development,63
shd,train,6066,10,shd-train:4104,4,,development,56
shd,train,6499,2,shd-train:4105,9,,development,71
shd,train,6485,6,shd-train:4106,0,,development,94
shd,train,5613,10,shd-train:4107,18,,development,65
shd,train,6241,8,shd-train:4108,16,,development,71
shd,train,10822,8,shd-train:4109,0,,development,74
shd,train,8450,10,shd-train:4110,7,,development,75
shd,train,7358,7,shd-train:4111,16,,development,101
shd,train,13846,7,shd-train:4112,19,,development,94
shd,train,6847,10,shd-train:4113,1,,development,59
shd,train,8207,11,shd-train:4114,19,,development,65
shd,train,10301,9,shd-train:4115,14,,development,70
shd,train,9985,8,shd-train:4116,13,,development,69
shd,train,4999,3,shd-train:4117,11,,development,92
shd,train,6833,0,shd-train:4118,0,,confirmation,78
shd,train,7015,3,shd-train:4119,9,,development,58
shd,train,8805,7,shd-train:4120,15,,development,79
shd,train,2972,3,shd-train:4121,18,,development,58
shd,train,13994,7,shd-train:4122,17,,development,109
shd,train,11535,11,shd-train:4123,17,,development,106
shd,train,10998,11,shd-train:4124,7,,development,103
shd,train,13766,7,shd-train:4125,13,,development,100
shd,train,7302,1,shd-train:4126,15,,confirmation,86
shd,train,9100,7,shd-train:4127,8,,development,70
shd,train,7085,3,shd-train:4128,2,,development,68
shd,train,10720,1,shd-train:4129,0,,confirmation,83
shd,train,5255,2,shd-train:4130,13,,development,58
shd,train,9657,8,shd-train:4131,7,,development,72
shd,train,5888,9,shd-train:4132,6,,development,73
shd,train,6534,10,shd-train:4133,11,,development,74
shd,train,8826,3,shd-train:4134,17,,development,87
shd,train,4982,2,shd-train:4135,3,,development,58
shd,train,3480,3,shd-train:4136,18,,development,67
shd,train,6034,3,shd-train:4137,10,,development,78
shd,train,4082,2,shd-train:4138,8,,development,56
shd,train,6322,0,shd-train:4139,4,,confirmation,72
shd,train,7986,1,shd-train:4140,3,,confirmation,63
shd,train,9220,1,shd-train:4141,13,,confirmation,77
shd,train,7584,8,shd-train:4142,14,,development,67
shd,train,3420,6,shd-train:4143,6,,development,45
shd,train,10808,11,shd-train:4144,10,,development,85
shd,train,11520,9,shd-train:4145,0,,development,73
shd,train,7985,7,shd-train:4146,2,,development,59
shd,train,5648,3,shd-train:4147,13,,development,86
shd,train,4655,2,shd-train:4148,7,,development,64
shd,train,9498,1,shd-train:4149,10,,confirmation,70
shd,train,10555,8,shd-train:4150,0,,development,75
shd,train,6450,2,shd-train:4151,9,,development,67
shd,train,6095,1,shd-train:4152,8,,confirmation,47
shd,train,9547,11,shd-train:4153,2,,development,84
shd,train,8989,1,shd-train:4154,10,,confirmation,72
shd,train,6685,8,shd-train:4155,16,,development,74
shd,train,11529,11,shd-train:4156,1,,development,79
shd,train,6946,6,shd-train:4157,14,,development,65
shd,train,6213,9,shd-train:4158,6,,development,73
shd,train,10654,7,shd-train:4159,4,,development,79
shd,train,14010,7,shd-train:4160,17,,development,105
shd,train,4730,3,shd-train:4161,8,,development,57
shd,train,10081,7,shd-train:4162,8,,development,75
shd,train,12566,9,shd-train:4163,9,,development,63
shd,train,11609,9,shd-train:4164,1,,development,64
shd,train,10313,11,shd-train:4165,7,,development,93
shd,train,11416,9,shd-train:4166,13,,development,72
shd,train,6226,10,shd-train:4167,4,,development,55
shd,train,9137,11,shd-train:4168,14,,development,91
shd,train,4534,2,shd-train:4169,14,,development,51
shd,train,8223,1,shd-train:4170,15,,confirmation,95
shd,train,9445,7,shd-train:4171,3,,development,75
shd,train,7064,10,shd-train:4172,13,,development,72
shd,train,6127,10,shd-train:4173,4,,development,57
shd,train,6361,10,shd-train:4174,4,,development,54
shd,train,4046,6,shd-train:4175,18,,development,43
shd,train,9156,1,shd-train:4176,12,,confirmation,91
shd,train,7674,1,shd-train:4177,2,,confirmation,60
shd,train,5949,8,shd-train:4178,15,,development,54
shd,train,4652,2,shd-train:4179,7,,development,62
shd,train,5878,0,shd-train:4180,15,,confirmation,66
shd,train,13012,9,shd-train:4181,11,,development,85
shd,train,10600,11,shd-train:4182,9,,development,73
shd,train,3340,2,shd-train:4183,18,,development,63
shd,train,6524,10,shd-train:4184,10,,development,61
shd,train,3671,2,shd-train:4185,6,,development,65
shd,train,10356,8,shd-train:4186,0,,development,75
shd,train,4548,10,shd-train:4187,6,,development,70
shd,train,6788,10,shd-train:4188,4,,development,65
shd,train,9740,8,shd-train:4189,17,,development,78
shd,train,7586,8,shd-train:4190,2,,development,61
shd,train,8737,7,shd-train:4191,3,,development,68
shd,train,9935,1,shd-train:4192,14,,confirmation,84
shd,train,12669,1,shd-train:4193,17,,confirmation,89
shd,train,9657,6,shd-train:4194,17,,development,79
shd,train,9224,8,shd-train:4195,7,,development,69
shd,train,9269,1,shd-train:4196,1,,confirmation,67
shd,train,6516,0,shd-train:4197,12,,confirmation,65
shd,train,6034,10,shd-train:4198,5,,development,56
shd,train,10329,8,shd-train:4199,7,,development,73
shd,train,8781,10,shd-train:4200,9,,development,59
shd,train,5206,10,shd-train:4201,6,,development,77
shd,train,7492,10,shd-train:4202,13,,development,70
shd,train,4241,6,shd-train:4203,6,,development,68
shd,train,4258,2,shd-train:4204,18,,development,63
shd,train,12735,11,shd-train:4205,1,,development,85
shd,train,9443,9,shd-train:4206,3,,development,60
shd,train,4553,2,shd-train:4207,11,,development,69
shd,train,10918,11,shd-train:4208,12,,development,94
shd,train,12563,9,shd-train:4209,12,,development,89
shd,train,5866,3,shd-train:4210,10,,development,77
shd,train,6229,0,shd-train:4211,16,,confirmation,69
shd,train,8618,11,shd-train:4212,19,,development,66
shd,train,6198,8,shd-train:4213,16,,development,76
shd,train,9291,0,shd-train:4214,10,,confirmation,64
shd,train,7605,6,shd-train:4215,10,,development,73
shd,train,7283,11,shd-train:4216,9,,development,61
shd,train,7699,1,shd-train:4217,3,,confirmation,67
shd,train,9507,9,shd-train:4218,15,,development,76
shd,train,7830,8,shd-train:4219,14,,development,62
shd,train,6886,7,shd-train:4220,18,,development,69
shd,train,8052,1,shd-train:4221,15,,confirmation,67
shd,train,10868,11,shd-train:4222,5,,development,85
shd,train,3822,2,shd-train:4223,2,,development,46
shd,train,5448,3,shd-train:4224,16,,development,88
shd,train,7256,1,shd-train:4225,8,,confirmation,61
shd,train,6629,2,shd-train:4226,9,,development,71
shd,train,7175,3,shd-train:4227,9,,development,54
shd,train,8568,8,shd-train:4228,19,,development,60
shd,train,10221,7,shd-train:4229,3,,development,84
shd,train,5817,0,shd-train:4230,8,,confirmation,64
shd,train,10310,1,shd-train:4231,19,,confirmation,74
shd,train,7041,0,shd-train:4232,0,,confirmation,83
shd,train,7117,1,shd-train:4233,8,,confirmation,63
shd,train,10356,9,shd-train:4234,3,,development,64
shd,train,4171,2,shd-train:4235,1,,development,58
shd,train,10801,9,shd-train:4236,1,,development,58
shd,train,11748,11,shd-train:4237,1,,development,81
shd,train,11549,7,shd-train:4238,10,,development,99
shd,train,7026,10,shd-train:4239,14,,development,60
shd,train,3319,2,shd-train:4240,4,,development,67
shd,train,2719,2,shd-train:4241,18,,development,63
shd,train,7771,0,shd-train:4242,7,,confirmation,79
shd,train,11734,9,shd-train:4243,5,,development,65
shd,train,6672,8,shd-train:4244,16,,development,74
shd,train,9860,7,shd-train:4245,7,,development,73
shd,train,7497,7,shd-train:4246,16,,development,107
shd,train,7272,0,shd-train:4247,0,,confirmation,81
shd,train,7654,6,shd-train:4248,9,,development,53
shd,train,6236,6,shd-train:4249,11,,development,82
shd,train,7918,8,shd-train:4250,5,,development,53
shd,train,6937,10,shd-train:4251,11,,development,78
shd,train,5315,2,shd-train:4252,3,,development,57
shd,train,9291,0,shd-train:4253,17,,confirmation,72
shd,train,5667,10,shd-train:4254,16,,development,77
shd,train,6948,8,shd-train:4255,14,,development,54
shd,train,9436,11,shd-train:4256,1,,development,72
shd,train,9468,1,shd-train:4257,7,,confirmation,75
shd,train,4282,0,shd-train:4258,18,,confirmation,65
shd,train,6852,10,shd-train:4259,3,,development,53
shd,train,11890,1,shd-train:4260,19,,confirmation,81
shd,train,11120,9,shd-train:4261,7,,development,68
shd,train,5132,3,shd-train:4262,1,,development,63
shd,train,11058,9,shd-train:4263,9,,development,57
shd,train,3543,2,shd-train:4264,18,,development,60
shd,train,5270,2,shd-train:4265,14,,development,59
shd,train,9431,1,shd-train:4266,13,,confirmation,78
shd,train,5903,3,shd-train:4267,10,,development,76
shd,train,5726,10,shd-train:4268,5,,development,56
shd,train,10591,11,shd-train:4269,12,,development,113
shd,train,7606,0,shd-train:4270,7,,confirmation,76
shd,train,10821,9,shd-train:4271,19,,development,54
shd,train,7251,1,shd-train:4272,15,,confirmation,68
shd,train,11133,11,shd-train:4273,0,,development,111
shd,train,6339,8,shd-train:4274,18,,development,67
shd,train,7344,0,shd-train:4275,0,,confirmation,82
shd,train,3654,2,shd-train:4276,6,,development,62
shd,train,11134,11,shd-train:4277,10,,development,85
shd,train,6488,8,shd-train:4278,15,,development,60
shd,train,5304,7,shd-train:4279,6,,development,80
shd,train,12957,7,shd-train:4280,19,,development,76
shd,train,6863,8,shd-train:4281,3,,development,56
shd,train,5634,3,shd-train:4282,16,,development,90
shd,train,4790,0,shd-train:4283,5,,confirmation,66
shd,train,8227,2,shd-train:4284,19,,development,67
shd,train,5979,7,shd-train:4285,6,,development,80
shd,train,4039,2,shd-train:4286,3,,development,48
shd,train,7774,1,shd-train:4287,4,,confirmation,69
shd,train,9633,9,shd-train:4288,4,,development,68
shd,train,12284,7,shd-train:4289,12,,development,110
shd,train,7453,11,shd-train:4290,18,,development,86
shd,train,6449,8,shd-train:4291,18,,development,62
shd,train,8893,9,shd-train:4292,15,,development,60
shd,train,5295,1,shd-train:4293,6,,confirmation,84
shd,train,4192,2,shd-train:4294,13,,development,57
shd,train,6497,8,shd-train:4295,18,,development,65
shd,train,6419,3,shd-train:4296,2,,development,67
shd,train,6634,10,shd-train:4297,8,,development,62
shd,train,7300,11,shd-train:4298,16,,development,106
shd,train,7693,1,shd-train:4299,15,,confirmation,65
shd,train,6191,6,shd-train:4300,16,,development,79
shd,train,8549,11,shd-train:4301,14,,development,82
shd,train,7126,3,shd-train:4302,3,,development,67
shd,train,6640,10,shd-train:4303,3,,development,55
shd,train,9171,7,shd-train:4304,2,,development,84
shd,train,10661,11,shd-train:4305,17,,development,99
shd,train,5284,2,shd-train:4306,13,,development,58
shd,train,6929,8,shd-train:4307,2,,development,56
shd,train,8127,2,shd-train:4308,19,,development,69
shd,train,5982,0,shd-train:4309,2,,confirmation,55
shd,train,4208,0,shd-train:4310,18,,confirmation,64
shd,train,6862,10,shd-train:4311,13,,development,75
shd,train,6245,6,shd-train:4312,7,,development,59
shd,train,6341,2,shd-train:4313,9,,development,71
shd,train,10667,11,shd-train:4314,3,,development,80
shd,train,7833,3,shd-train:4315,19,,development,69
shd,train,6876,3,shd-train:4316,9,,development,54
shd,train,8311,1,shd-train:4317,11,,confirmation,82
shd,train,6504,6,shd-train:4318,0,,development,92
shd,train,9785,1,shd-train:4319,19,,confirmation,75
shd,train,4402,2,shd-train:4320,13,,development,53
shd,train,5678,10,shd-train:4321,16,,development,77
shd,train,11501,9,shd-train:4322,9,,development,61
shd,train,8369,0,shd-train:4323,19,,confirmation,64
shd,train,7933,11,shd-train:4324,2,,development,77
shd,train,7676,1,shd-train:4325,5,,confirmation,61
shd,train,9596,8,shd-train:4326,1,,development,59
shd,train,9822,11,shd-train:4327,5,,development,82
shd,train,9271,8,shd-train:4328,7,,development,67
shd,train,4744,8,shd-train:4329,6,,development,58
shd,train,13448,7,shd-train:4330,17,,development,117
shd,train,6751,8,shd-train:4331,18,,development,68
shd,train,9089,0,shd-train:4332,10,,confirmation,65
shd,train,12363,9,shd-train:4333,17,,development,74
shd,train,7677,0,shd-train:4334,1,,confirmation,65
shd,train,11532,7,shd-train:4335,0,,development,93
shd,train,12791,7,shd-train:4336,10,,development,99
shd,train,8187,8,shd-train:4337,11,,development,76
shd,train,8694,0,shd-train:4338,9,,confirmation,78
shd,train,6310,0,shd-train:4339,2,,confirmation,57
shd,train,9854,8,shd-train:4340,17,,development,84
shd,train,9894,11,shd-train:4341,5,,development,83
shd,train,4642,8,shd-train:4342,6,,development,60
shd,train,8360,11,shd-train:4343,8,,development,90
shd,train,8544,8,shd-train:4344,11,,development,75
shd,train,6241,1,shd-train:4345,5,,confirmation,64
shd,train,11604,9,shd-train:4346,7,,development,77
shd,train,4951,2,shd-train:4347,7,,development,68
shd,train,7436,3,shd-train:4348,19,,development,71
shd,train,4575,8,shd-train:4349,6,,development,65
shd,train,11175,9,shd-train:4350,5,,development,59
shd,train,10142,1,shd-train:4351,1,,confirmation,72
shd,train,9766,7,shd-train:4352,8,,development,75
shd,train,6939,9,shd-train:4353,6,,development,76
shd,train,9739,8,shd-train:4354,7,,development,72
shd,train,7886,10,shd-train:4355,0,,development,87
shd,train,5091,0,shd-train:4356,15,,confirmation,57
shd,train,10158,7,shd-train:4357,2,,development,75
shd,train,4441,2,shd-train:4358,7,,development,63
shd,train,5823,0,shd-train:4359,5,,confirmation,76
shd,train,11180,7,shd-train:4360,10,,development,87
shd,train,8565,1,shd-train:4361,7,,confirmation,70
shd,train,9225,9,shd-train:4362,2,,development,64
shd,train,8339,10,shd-train:4363,7,,development,76
shd,train,5132,10,shd-train:4364,6,,development,71
shd,train,12009,9,shd-train:4365,0,,development,74
shd,train,8225,9,shd-train:4366,15,,development,60
shd,train,4838,0,shd-train:4367,5,,confirmation,56
shd,train,5433,0,shd-train:4368,5,,confirmation,64
shd,train,7525,0,shd-train:4369,9,,confirmation,66
shd,train,9002,8,shd-train:4370,17,,development,93
shd,train,7591,10,shd-train:4371,14,,development,65
shd,train,9764,7,shd-train:4372,1,,development,61
shd,train,13039,9,shd-train:4373,11,,development,88
shd,train,9879,8,shd-train:4374,7,,development,69
shd,train,5433,10,shd-train:4375,18,,development,63
shd,train,4349,6,shd-train:4376,6,,development,72
shd,train,13341,9,shd-train:4377,7,,development,82
shd,train,10595,1,shd-train:4378,10,,confirmation,76
shd,train,8130,1,shd-train:4379,7,,confirmation,70
shd,train,3754,3,shd-train:4380,18,,development,77
shd,train,4549,2,shd-train:4381,12,,development,65
shd,train,10410,7,shd-train:4382,8,,development,78
shd,train,5067,2,shd-train:4383,12,,development,64
shd,train,5824,2,shd-train:4384,0,,development,81
shd,train,10298,1,shd-train:4385,9,,confirmation,69
shd,train,7782,8,shd-train:4386,3,,development,59
shd,train,7619,6,shd-train:4387,7,,development,72
shd,train,12588,7,shd-train:4388,12,,development,103
shd,train,6990,0,shd-train:4389,11,,confirmation,73
shd,train,8914,9,shd-train:4390,12,,development,66
shd,train,6815,1,shd-train:4391,8,,confirmation,63
shd,train,7091,6,shd-train:4392,15,,development,62
shd,train,6595,0,shd-train:4393,11,,confirmation,75
shd,train,7097,9,shd-train:4394,16,,development,72
shd,train,8780,11,shd-train:4395,11,,development,91
shd,train,9216,11,shd-train:4396,17,,development,84
shd,train,8935,3,shd-train:4397,17,,development,85
shd,train,6433,6,shd-train:4398,9,,development,55
shd,train,5324,1,shd-train:4399,18,,confirmation,77
shd,train,5093,2,shd-train:4400,14,,development,55
shd,train,11973,9,shd-train:4401,9,,development,61
shd,train,8977,8,shd-train:4402,19,,development,62
shd,train,10480,9,shd-train:4403,5,,development,64
shd,train,5421,3,shd-train:4404,13,,development,84
shd,train,11028,9,shd-train:4405,1,,development,66
shd,train,4426,3,shd-train:4406,5,,development,59
shd,train,10317,6,shd-train:4407,17,,development,85
shd,train,10119,8,shd-train:4408,7,,development,72
shd,train,12000,7,shd-train:4409,11,,development,109
shd,train,4051,2,shd-train:4410,2,,development,51
shd,train,10855,1,shd-train:4411,11,,confirmation,94
shd,train,8328,10,shd-train:4412,19,,development,62
shd,train,3971,2,shd-train:4413,18,,development,59
shd,train,4879,2,shd-train:4414,1,,development,62
shd,train,8868,1,shd-train:4415,12,,confirmation,85
shd,train,8192,11,shd-train:4416,12,,development,85
shd,train,6756,0,shd-train:4417,13,,confirmation,65
shd,train,5974,0,shd-train:4418,8,,confirmation,68
shd,train,7043,8,shd-train:4419,16,,development,71
shd,train,5322,2,shd-train:4420,14,,development,54
shd,train,4490,1,shd-train:4421,6,,confirmation,49
shd,train,7381,8,shd-train:4422,3,,development,60
shd,train,8909,10,shd-train:4423,9,,development,61
shd,train,10383,11,shd-train:4424,17,,development,98
shd,train,7506,10,shd-train:4425,0,,development,82
shd,train,4117,2,shd-train:4426,16,,development,63
shd,train,8725,0,shd-train:4427,10,,confirmation,62
shd,train,9337,1,shd-train:4428,1,,confirmation,68
shd,train,6990,8,shd-train:4429,18,,development,65
shd,train,9295,0,shd-train:4430,17,,confirmation,70
shd,train,4992,8,shd-train:4431,6,,development,64
shd,train,9929,1,shd-train:4432,7,,confirmation,83
shd,train,12307,11,shd-train:4433,13,,development,92
shd,train,10379,7,shd-train:4434,5,,development,71
shd,train,11814,9,shd-train:4435,1,,development,65
shd,train,6389,10,shd-train:4436,4,,development,60
shd,train,5353,2,shd-train:4437,7,,development,66
shd,train,5688,10,shd-train:4438,5,,development,53
shd,train,13702,9,shd-train:4439,17,,development,82
shd,train,9495,8,shd-train:4440,9,,development,53
shd,train,12066,9,shd-train:4441,7,,development,74
shd,train,9251,9,shd-train:4442,4,,development,62
shd,train,11885,9,shd-train:4443,1,,development,66
shd,train,8168,1,shd-train:4444,16,,confirmation,90
shd,train,8146,9,shd-train:4445,18,,development,66
shd,train,9307,11,shd-train:4446,13,,development,71
shd,train,8676,10,shd-train:4447,19,,development,64
shd,train,7286,10,shd-train:4448,10,,development,66
shd,train,4709,6,shd-train:4449,4,,development,54
shd,train,10531,11,shd-train:4450,4,,development,80
shd,train,10636,7,shd-train:4451,3,,development,75
shd,train,11283,7,shd-train:4452,14,,development,98
shd,train,7309,1,shd-train:4453,8,,confirmation,65
shd,train,9142,10,shd-train:4454,17,,development,83
shd,train,9919,1,shd-train:4455,19,,confirmation,76
shd,train,11056,7,shd-train:4456,0,,development,85
shd,train,10465,8,shd-train:4457,7,,development,74
shd,train,6847,1,shd-train:4458,8,,confirmation,63
shd,train,10038,8,shd-train:4459,17,,development,78
shd,train,3958,2,shd-train:4460,4,,development,76
shd,train,4805,2,shd-train:4461,16,,development,65
shd,train,12057,9,shd-train:4462,12,,development,83
shd,train,5245,3,shd-train:4463,16,,development,86
shd,train,12163,9,shd-train:4464,12,,development,85
shd,train,6031,6,shd-train:4465,8,,development,61
shd,train,8667,0,shd-train:4466,1,,confirmation,68
shd,train,9003,1,shd-train:4467,14,,confirmation,81
shd,train,11283,11,shd-train:4468,4,,development,81
shd,train,11068,11,shd-train:4469,0,,development,95
shd,train,4854,2,shd-train:4470,16,,development,70
shd,train,5377,2,shd-train:4471,10,,development,57
shd,train,6665,3,shd-train:4472,14,,development,74
shd,train,5222,11,shd-train:4473,6,,development,97
shd,train,10452,8,shd-train:4474,11,,development,85
shd,train,8171,11,shd-train:4475,12,,development,79
shd,train,5526,3,shd-train:4476,13,,development,86
shd,train,6389,6,shd-train:4477,3,,development,50
shd,train,10228,9,shd-train:4478,15,,development,89
shd,train,13432,7,shd-train:4479,9,,development,81
shd,train,13186,9,shd-train:4480,7,,development,81
shd,train,7827,0,shd-train:4481,13,,confirmation,68
shd,train,4182,6,shd-train:4482,5,,development,55
shd,train,5078,8,shd-train:4483,6,,development,65
shd,train,9235,1,shd-train:4484,7,,confirmation,81
shd,train,6448,0,shd-train:4485,12,,confirmation,67
shd,train,6120,10,shd-train:4486,8,,development,59
shd,train,8433,1,shd-train:4487,14,,confirmation,82
shd,train,4825,2,shd-train:4488,14,,development,51
shd,train,8502,7,shd-train:4489,4,,development,63
shd,train,5113,2,shd-train:4490,13,,development,60
shd,train,9788,11,shd-train:4491,4,,development,78
shd,train,9705,11,shd-train:4492,11,,development,103
shd,train,8154,6,shd-train:4493,10,,development,76
shd,train,4767,2,shd-train:4494,16,,development,68
shd,train,3664,2,shd-train:4495,1,,development,56
shd,train,6242,7,shd-train:4496,6,,development,84
shd,train,10968,11,shd-train:4497,11,,development,101
shd,train,8877,9,shd-train:4498,15,,development,64
shd,train,4213,2,shd-train:4499,8,,development,53
shd,train,5596,0,shd-train:4500,15,,confirmation,48
shd,train,7122,1,shd-train:4501,8,,confirmation,62
shd,train,8913,8,shd-train:4502,1,,development,53
shd,train,4101,2,shd-train:4503,11,,development,66
shd,train,9899,9,shd-train:4504,2,,development,65
shd,train,6933,3,shd-train:4505,3,,development,61
shd,train,8528,0,shd-train:4506,1,,confirmation,70
shd,train,4620,3,shd-train:4507,4,,development,59
shd,train,9609,1,shd-train:4508,1,,confirmation,62
shd,train,8205,0,shd-train:4509,19,,confirmation,64
shd,train,6216,7,shd-train:4510,6,,development,88
shd,train,8255,11,shd-train:4511,19,,development,66
shd,train,6487,6,shd-train:4512,0,,development,81
shd,train,8311,1,shd-train:4513,1,,confirmation,64
shd,train,6900,8,shd-train:4514,14,,development,65
shd,train,10041,1,shd-train:4515,9,,confirmation,68
shd,train,8788,7,shd-train:4516,8,,development,67
shd,train,6547,11,shd-train:4517,16,,development,95
shd,train,6849,10,shd-train:4518,2,,development,60
shd,train,5502,9,shd-train:4519,6,,development,66
shd,train,12672,7,shd-train:4520,11,,development,114
shd,train,10107,7,shd-train:4521,7,,development,73
shd,train,12094,9,shd-train:4522,11,,development,88
shd,train,8442,1,shd-train:4523,11,,confirmation,87
shd,train,13154,7,shd-train:4524,12,,development,109
shd,train,5280,3,shd-train:4525,15,,development,64
shd,train,7606,0,shd-train:4526,0,,confirmation,83
shd,train,8277,3,shd-train:4527,19,,development,67
shd,train,10806,11,shd-train:4528,17,,development,106
shd,train,9924,11,shd-train:4529,14,,development,91
shd,train,6964,10,shd-train:4530,10,,development,65
shd,train,6752,10,shd-train:4531,15,,development,58
shd,train,11587,11,shd-train:4532,12,,development,108
shd,train,9567,11,shd-train:4533,19,,development,70
shd,train,7709,9,shd-train:4534,16,,development,73
shd,train,5657,10,shd-train:4535,18,,development,66
shd,train,5255,11,shd-train:4536,6,,development,106
shd,train,5498,0,shd-train:4537,8,,confirmation,61
shd,train,7269,7,shd-train:4538,16,,development,93
shd,train,4891,6,shd-train:4539,5,,development,58
shd,train,7201,0,shd-train:4540,0,,confirmation,80
shd,train,8335,0,shd-train:4541,10,,confirmation,61
shd,train,9359,10,shd-train:4542,17,,development,83
shd,train,5126,11,shd-train:4543,6,,development,102
shd,train,5745,11,shd-train:4544,6,,development,104
shd,train,2642,2,shd-train:4545,4,,development,58
shd,train,8497,3,shd-train:4546,7,,development,81
shd,train,9318,11,shd-train:4547,14,,development,91
shd,train,10172,11,shd-train:4548,4,,development,83
shd,train,9557,6,shd-train:4549,17,,development,81
shd,train,6243,11,shd-train:4550,16,,development,94
shd,train,8610,9,shd-train:4551,8,,development,59
shd,train,7050,0,shd-train:4552,14,,confirmation,63
shd,train,9262,9,shd-train:4553,14,,development,61
shd,train,8792,11,shd-train:4554,5,,development,73
shd,train,6143,3,shd-train:4555,14,,development,70
shd,train,9025,1,shd-train:4556,7,,confirmation,79
shd,train,6844,10,shd-train:4557,10,,development,63
shd,train,5093,3,shd-train:4558,11,,development,90
shd,train,10512,8,shd-train:4559,13,,development,76
shd,train,9535,1,shd-train:4560,1,,confirmation,67
shd,train,6182,1,shd-train:4561,5,,confirmation,65
shd,train,11252,9,shd-train:4562,10,,development,72
shd,train,6326,3,shd-train:4563,14,,development,75
shd,train,9377,3,shd-train:4564,17,,development,93
shd,train,11039,9,shd-train:4565,5,,development,69
shd,train,11283,1,shd-train:4566,0,,confirmation,95
shd,train,8830,0,shd-train:4567,9,,confirmation,67
shd,train,9781,7,shd-train:4568,5,,development,67
shd,train,5153,3,shd-train:4569,11,,development,89
shd,train,8064,1,shd-train:4570,14,,confirmation,78
shd,train,4985,3,shd-train:4571,13,,development,79
shd,train,10711,11,shd-train:4572,10,,development,82
shd,train,5728,3,shd-train:4573,10,,development,74
shd,train,6468,0,shd-train:4574,11,,confirmation,74
shd,train,5832,10,shd-train:4575,16,,development,82
shd,train,7926,0,shd-train:4576,3,,confirmation,65
shd,train,9604,1,shd-train:4577,11,,confirmation,88
shd,train,6177,0,shd-train:4578,16,,confirmation,75
shd,train,6572,9,shd-train:4579,6,,development,80
shd,train,9687,10,shd-train:4580,17,,development,83
shd,train,5573,0,shd-train:4581,16,,confirmation,64
shd,train,6660,2,shd-train:4582,9,,development,74
shd,train,10158,1,shd-train:4583,9,,confirmation,68
shd,train,12390,7,shd-train:4584,9,,development,76
shd,train,9989,0,shd-train:4585,19,,confirmation,71
shd,train,11444,7,shd-train:4586,14,,development,93
shd,train,7066,1,shd-train:4587,2,,confirmation,64
shd,train,13394,7,shd-train:4588,19,,development,92
shd,train,12026,7,shd-train:4589,13,,development,95
shd,train,13003,7,shd-train:4590,12,,development,106
shd,train,5643,0,shd-train:4591,2,,confirmation,51
shd,train,2948,2,shd-train:4592,5,,development,55
shd,train,6351,10,shd-train:4593,12,,development,70
shd,train,9801,11,shd-train:4594,1,,development,74
shd,train,8492,8,shd-train:4595,11,,development,75
shd,train,4180,2,shd-train:4596,11,,development,68
shd,train,6732,1,shd-train:4597,8,,confirmation,61
shd,train,4951,2,shd-train:4598,8,,development,63
shd,train,13190,1,shd-train:4599,17,,confirmation,91
shd,train,8486,2,shd-train:4600,19,,development,75
shd,train,8586,7,shd-train:4601,18,,development,105
shd,train,6565,10,shd-train:4602,10,,development,61
shd,train,10641,11,shd-train:4603,1,,development,73
shd,train,6443,3,shd-train:4604,14,,development,77
shd,train,6601,10,shd-train:4605,4,,development,62
shd,train,7006,10,shd-train:4606,11,,development,82
shd,train,13934,1,shd-train:4607,17,,confirmation,101
shd,train,10607,7,shd-train:4608,1,,development,66
shd,train,6506,11,shd-train:4609,8,,development,55
shd,train,11035,9,shd-train:4610,10,,development,71
shd,train,4350,2,shd-train:4611,15,,development,49
shd,train,13524,7,shd-train:4612,13,,development,113
shd,train,5344,0,shd-train:4613,15,,confirmation,48
shd,train,4183,2,shd-train:4614,15,,development,50
shd,train,10424,11,shd-train:4615,3,,development,87
shd,train,3729,2,shd-train:4616,4,,development,67
shd,train,12832,7,shd-train:4617,13,,development,88
shd,train,4650,2,shd-train:4618,2,,development,54
shd,train,5968,3,shd-train:4619,1,,development,64
shd,train,7550,11,shd-train:4620,8,,development,81
shd,train,6943,10,shd-train:4621,12,,development,73
shd,train,7606,1,shd-train:4622,4,,confirmation,70
shd,train,9834,7,shd-train:4623,7,,development,70
shd,train,12952,7,shd-train:4624,12,,development,113
shd,train,6728,8,shd-train:4625,16,,development,77
shd,train,4391,2,shd-train:4626,13,,development,57
shd,train,8324,8,shd-train:4627,10,,development,64
shd,train,9980,11,shd-train:4628,14,,development,87
shd,train,5152,2,shd-train:4629,10,,development,56
shd,train,11255,11,shd-train:4630,7,,development,99
shd,train,13849,7,shd-train:4631,19,,development,96
shd,train,8165,10,shd-train:4632,19,,development,64
shd,train,6532,2,shd-train:4633,19,,development,55
shd,train,7630,8,shd-train:4634,3,,development,60
shd,train,3960,6,shd-train:4635,6,,development,62
shd,train,5998,3,shd-train:4636,10,,development,73
shd,train,10105,7,shd-train:4637,4,,development,76
shd,train,7714,9,shd-train:4638,8,,development,43
shd,train,5392,2,shd-train:4639,10,,development,57
shd,train,5735,6,shd-train:4640,15,,development,54
shd,train,9992,1,shd-train:4641,12,,confirmation,87
shd,train,7761,11,shd-train:4642,18,,development,92
shd,train,11835,7,shd-train:4643,9,,development,72
shd,train,7506,11,shd-train:4644,14,,development,68
shd,train,9976,8,shd-train:4645,7,,development,71
shd,train,11893,8,shd-train:4646,0,,development,77
shd,train,7778,10,shd-train:4647,7,,development,73
shd,train,14700,1,shd-train:4648,17,,confirmation,133
shd,train,9523,7,shd-train:4649,1,,development,60
shd,train,9302,9,shd-train:4650,15,,development,66
shd,train,5500,0,shd-train:4651,16,,confirmation,85
shd,train,5983,0,shd-train:4652,2,,confirmation,54
shd,train,7163,6,shd-train:4653,7,,development,74
shd,train,6570,0,shd-train:4654,12,,confirmation,67
shd,train,7470,10,shd-train:4655,12,,development,77
shd,train,8490,1,shd-train:4656,16,,confirmation,83
shd,train,9904,8,shd-train:4657,7,,development,73
shd,train,4812,3,shd-train:4658,12,,development,79
shd,train,7322,0,shd-train:4659,14,,confirmation,71
shd,train,11029,11,shd-train:4660,13,,development,82
shd,train,10180,11,shd-train:4661,11,,development,97
shd,train,8484,8,shd-train:4662,11,,development,75
shd,train,8805,10,shd-train:4663,7,,development,77
shd,train,10301,8,shd-train:4664,9,,development,58
shd,train,7286,1,shd-train:4665,3,,confirmation,54
shd,train,3071,3,shd-train:4666,18,,development,59
shd,train,12155,11,shd-train:4667,13,,development,84
shd,train,7344,8,shd-train:4668,14,,development,63
shd,train,8926,8,shd-train:4669,12,,development,75
shd,train,13261,7,shd-train:4670,9,,development,77
shd,train,4571,0,shd-train:4671,18,,confirmation,71
shd,train,9475,7,shd-train:4672,4,,development,81
shd,train,6972,10,shd-train:4673,11,,development,76
shd,train,8195,1,shd-train:4674,4,,confirmation,77
shd,train,5588,0,shd-train:4675,8,,confirmation,59
shd,train,8073,11,shd-train:4676,8,,development,84
shd,train,3998,2,shd-train:4677,8,,development,58
shd,train,5476,2,shd-train:4678,10,,development,58
shd,train,7416,8,shd-train:4679,3,,development,59
shd,train,4410,2,shd-train:4680,11,,development,67
shd,train,4678,10,shd-train:4681,6,,development,67
shd,train,9780,9,shd-train:4682,15,,development,76
shd,train,6532,9,shd-train:4683,6,,development,72
shd,train,12333,11,shd-train:4684,13,,development,86
shd,train,7991,0,shd-train:4685,3,,confirmation,68
shd,train,6085,0,shd-train:4686,5,,confirmation,83
shd,train,4585,2,shd-train:4687,14,,development,53
shd,train,12804,9,shd-train:4688,17,,development,79
shd,train,5522,3,shd-train:4689,10,,development,72
shd,train,7659,0,shd-train:4690,10,,confirmation,59
shd,train,5749,7,shd-train:4691,6,,development,97
shd,train,8638,11,shd-train:4692,8,,development,89
shd,train,6189,3,shd-train:4693,10,,development,75
shd,train,5175,2,shd-train:4694,7,,development,67
shd,train,6207,10,shd-train:4695,2,,development,57
shd,train,6861,3,shd-train:4696,19,,development,57
shd,train,5150,0,shd-train:4697,18,,confirmation,67
shd,train,9205,7,shd-train:4698,3,,development,71
shd,train,4814,2,shd-train:4699,11,,development,73
shd,train,11176,7,shd-train:4700,5,,development,87
shd,train,4404,3,shd-train:4701,11,,development,90
shd,train,9209,1,shd-train:4702,10,,confirmation,72
shd,train,8383,1,shd-train:4703,3,,confirmation,69
shd,train,9620,7,shd-train:4704,15,,development,103
shd,train,7838,1,shd-train:4705,5,,confirmation,66
shd,train,9280,8,shd-train:4706,19,,development,61
shd,train,7372,1,shd-train:4707,3,,confirmation,63
shd,train,10297,1,shd-train:4708,14,,confirmation,101
shd,train,3123,2,shd-train:4709,5,,development,53
shd,train,6020,7,shd-train:4710,6,,development,88
shd,train,8362,8,shd-train:4711,4,,development,58
shd,train,12568,11,shd-train:4712,1,,development,87
shd,train,6747,10,shd-train:4713,13,,development,70
shd,train,7607,8,shd-train:4714,5,,development,47
shd,train,5105,3,shd-train:4715,16,,development,87
shd,train,9810,0,shd-train:4716,17,,confirmation,78
shd,train,4351,2,shd-train:4717,8,,development,55
shd,train,6268,3,shd-train:4718,14,,development,70
shd,train,5511,0,shd-train:4719,5,,confirmation,71
shd,train,9615,8,shd-train:4720,19,,development,61
shd,train,3809,2,shd-train:4721,5,,development,51
shd,train,8540,6,shd-train:4722,19,,development,75
shd,train,10076,9,shd-train:4723,3,,development,62
shd,train,8790,7,shd-train:4724,8,,development,67
shd,train,5143,3,shd-train:4725,5,,development,60
shd,train,5359,3,shd-train:4726,16,,development,84
shd,train,6942,6,shd-train:4727,12,,development,82
shd,train,8022,8,shd-train:4728,3,,development,62
shd,train,8708,11,shd-train:4729,15,,development,80
shd,train,7145,11,shd-train:4730,16,,development,101
shd,train,8075,0,shd-train:4731,3,,confirmation,65
shd,train,5417,6,shd-train:4732,15,,development,49
shd,train,9476,8,shd-train:4733,10,,development,69
shd,train,10148,1,shd-train:4734,11,,confirmation,95
shd,train,7299,8,shd-train:4735,18,,development,70
shd,train,5711,3,shd-train:4736,10,,development,74
shd,train,12935,1,shd-train:4737,13,,confirmation,84
shd,train,6377,8,shd-train:4738,16,,development,71
shd,train,8390,10,shd-train:4739,7,,development,75
shd,train,9088,0,shd-train:4740,17,,confirmation,80
shd,train,5768,0,shd-train:4741,4,,confirmation,58
shd,train,5177,3,shd-train:4742,13,,development,78
shd,train,5681,10,shd-train:4743,5,,development,58
shd,train,4654,3,shd-train:4744,12,,development,84
shd,train,5020,1,shd-train:4745,6,,confirmation,70
shd,train,11012,7,shd-train:4746,0,,development,83
shd,train,4153,2,shd-train:4747,12,,development,63
shd,train,6537,3,shd-train:4748,2,,development,66
shd,train,7482,11,shd-train:4749,19,,development,62
shd,train,7479,3,shd-train:4750,19,,development,72
shd,train,10408,7,shd-train:4751,1,,development,69
shd,train,5955,1,shd-train:4752,5,,confirmation,58
shd,train,9755,11,shd-train:4753,14,,development,74
shd,train,11213,7,shd-train:4754,1,,development,68
shd,train,9033,9,shd-train:4755,3,,development,63
shd,train,4706,3,shd-train:4756,6,,development,75
shd,train,8247,9,shd-train:4757,18,,development,68
shd,train,7909,0,shd-train:4758,1,,confirmation,70
shd,train,5467,2,shd-train:4759,16,,development,72
shd,train,7049,10,shd-train:4760,12,,development,73
shd,train,5612,0,shd-train:4761,5,,confirmation,76
shd,train,6595,0,shd-train:4762,16,,confirmation,73
shd,train,11249,7,shd-train:4763,0,,development,96
shd,train,9393,8,shd-train:4764,1,,development,58
shd,train,10906,9,shd-train:4765,3,,development,73
shd,train,5246,2,shd-train:4766,13,,development,60
shd,train,10118,9,shd-train:4767,4,,development,66
shd,train,10300,11,shd-train:4768,4,,development,86
shd,train,12128,11,shd-train:4769,13,,development,90
shd,train,11697,1,shd-train:4770,13,,confirmation,87
shd,train,4739,0,shd-train:4771,18,,confirmation,63
shd,train,3693,2,shd-train:4772,6,,development,63
shd,train,6426,10,shd-train:4773,8,,development,60
shd,train,7702,10,shd-train:4774,13,,development,76
shd,train,9119,1,shd-train:4775,14,,confirmation,79
shd,train,3691,2,shd-train:4776,5,,development,60
shd,train,5465,6,shd-train:4777,8,,development,53
shd,train,8429,8,shd-train:4778,11,,development,80
shd,train,4427,2,shd-train:4779,15,,development,53
shd,train,5561,1,shd-train:4780,6,,confirmation,72
shd,train,9762,9,shd-train:4781,4,,development,64
shd,train,8107,6,shd-train:4782,10,,development,81
shd,train,6560,3,shd-train:4783,0,,development,88
shd,train,12676,9,shd-train:4784,9,,development,66
shd,train,11473,7,shd-train:4785,12,,development,98
shd,train,7128,10,shd-train:4786,10,,development,62
shd,train,12218,9,shd-train:4787,12,,development,88
shd,train,9946,7,shd-train:4788,2,,development,70
shd,train,4082,3,shd-train:4789,6,,development,71
shd,train,5221,2,shd-train:4790,16,,development,68
shd,train,9529,11,shd-train:4791,19,,development,73
shd,train,6252,10,shd-train:4792,8,,development,55
shd,train,7276,1,shd-train:4793,5,,confirmation,71
shd,train,9569,9,shd-train:4794,3,,development,62
shd,train,6707,8,shd-train:4795,8,,development,51
shd,train,12360,7,shd-train:4796,7,,development,96
shd,train,9384,8,shd-train:4797,12,,development,77
shd,train,10123,9,shd-train:4798,5,,development,57
shd,train,11558,11,shd-train:4799,1,,development,83
shd,train,2956,3,shd-train:4800,18,,development,61
shd,train,11237,9,shd-train:4801,10,,development,71
shd,train,10799,11,shd-train:4802,10,,development,87
shd,train,8192,3,shd-train:4803,17,,development,87
shd,train,11446,9,shd-train:4804,5,,development,64
shd,train,7782,10,shd-train:4805,0,,development,78
shd,train,10953,9,shd-train:4806,0,,development,71
shd,train,10204,9,shd-train:4807,14,,development,67
shd,train,8319,1,shd-train:4808,15,,confirmation,71
shd,train,3873,2,shd-train:4809,2,,development,51
shd,train,4249,0,shd-train:4810,18,,confirmation,66
shd,train,9655,1,shd-train:4811,19,,confirmation,75
shd,train,5009,0,shd-train:4812,18,,confirmation,66
shd,train,10061,11,shd-train:4813,9,,development,82
shd,train,6237,2,shd-train:4814,17,,development,66
shd,train,3123,2,shd-train:4815,18,,development,62
shd,train,8848,0,shd-train:4816,10,,confirmation,65
shd,train,9381,7,shd-train:4817,3,,development,63
shd,train,8803,11,shd-train:4818,11,,development,93
shd,train,6709,10,shd-train:4819,13,,development,71
shd,train,7229,10,shd-train:4820,3,,development,59
shd,train,6462,1,shd-train:4821,5,,confirmation,65
shd,train,11732,1,shd-train:4822,17,,confirmation,89
shd,train,6388,10,shd-train:4823,1,,development,56
shd,train,5625,10,shd-train:4824,16,,development,76
shd,train,5100,3,shd-train:4825,15,,development,65
shd,train,6972,11,shd-train:4826,16,,development,94
shd,train,4954,3,shd-train:4827,1,,development,57
shd,train,9972,1,shd-train:4828,11,,confirmation,87
shd,train,6639,10,shd-train:4829,15,,development,57
shd,train,9590,11,shd-train:4830,13,,development,80
shd,train,10829,11,shd-train:4831,4,,development,87
shd,train,5769,6,shd-train:4832,3,,development,47
shd,train,6943,3,shd-train:4833,19,,development,59
shd,train,4645,3,shd-train:4834,11,,development,88
shd,train,6277,11,shd-train:4835,8,,development,55
shd,train,5711,6,shd-train:4836,15,,development,55
shd,train,6238,6,shd-train:4837,3,,development,51
shd,train,9718,1,shd-train:4838,9,,confirmation,68
shd,train,6722,0,shd-train:4839,4,,confirmation,82
shd,train,5423,2,shd-train:4840,0,,development,80
shd,train,5157,3,shd-train:4841,8,,development,61
shd,train,6450,6,shd-train:4842,11,,development,84
shd,train,3902,3,shd-train:4843,13,,development,80
shd,train,8138,1,shd-train:4844,13,,confirmation,79
shd,train,4946,6,shd-train:4845,16,,development,77
shd,train,10661,1,shd-train:4846,10,,confirmation,77
shd,train,9151,7,shd-train:4847,3,,development,77
shd,train,4864,2,shd-train:4848,16,,development,68
shd,train,11331,9,shd-train:4849,12,,development,84
shd,train,6159,2,shd-train:4850,0,,development,78
shd,train,11031,1,shd-train:4851,10,,confirmation,79
shd,train,8846,9,shd-train:4852,15,,development,73
shd,train,9342,9,shd-train:4853,3,,development,59
shd,train,7234,9,shd-train:4854,16,,development,73
shd,train,12266,11,shd-train:4855,7,,development,97
shd,train,8823,9,shd-train:4856,15,,development,56
shd,train,11747,7,shd-train:4857,10,,development,91
shd,train,4783,3,shd-train:4858,12,,development,86
shd,train,6994,0,shd-train:4859,14,,confirmation,62
shd,train,8666,1,shd-train:4860,12,,confirmation,86
shd,train,5324,6,shd-train:4861,4,,development,59
shd,train,5906,0,shd-train:4862,2,,confirmation,52
shd,train,6865,0,shd-train:4863,14,,confirmation,53
shd,train,4534,2,shd-train:4864,7,,development,65
shd,train,11555,11,shd-train:4865,9,,development,78
shd,train,11414,7,shd-train:4866,4,,development,81
shd,train,6835,0,shd-train:4867,11,,confirmation,75
shd,train,5663,6,shd-train:4868,16,,development,94
shd,train,7080,0,shd-train:4869,11,,confirmation,73
shd,train,5957,10,shd-train:4870,5,,development,56
shd,train,10750,9,shd-train:4871,5,,development,70
shd,train,8080,11,shd-train:4872,15,,development,74
shd,train,5748,0,shd-train:4873,5,,confirmation,83
shd,train,7370,1,shd-train:4874,2,,confirmation,66
shd,train,11623,9,shd-train:4875,11,,development,78
shd,train,9134,7,shd-train:4876,3,,development,64
shd,train,6669,10,shd-train:4877,1,,development,61
shd,train,9909,8,shd-train:4878,13,,development,70
shd,train,2833,2,shd-train:4879,18,,development,59
shd,train,7071,2,shd-train:4880,19,,development,70
shd,train,9680,1,shd-train:4881,14,,confirmation,78
shd,train,6661,8,shd-train:4882,2,,development,57
shd,train,8785,6,shd-train:4883,10,,development,87
shd,train,8166,10,shd-train:4884,7,,development,76
shd,train,9293,9,shd-train:4885,2,,development,63
shd,train,3029,2,shd-train:4886,6,,development,56
shd,train,5229,0,shd-train:4887,15,,confirmation,49
shd,train,6838,0,shd-train:4888,12,,confirmation,70
shd,train,5399,1,shd-train:4889,5,,confirmation,57
shd,train,6972,1,shd-train:4890,4,,confirmation,65
shd,train,5958,0,shd-train:4891,12,,confirmation,67
shd,train,6169,0,shd-train:4892,12,,confirmation,61
shd,train,10271,8,shd-train:4893,13,,development,71
shd,train,6597,3,shd-train:4894,3,,development,62
shd,train,9458,7,shd-train:4895,5,,development,75
shd,train,6291,2,shd-train:4896,10,,development,65
shd,train,8120,1,shd-train:4897,3,,confirmation,70
shd,train,7090,8,shd-train:4898,3,,development,49
shd,train,3050,2,shd-train:4899,5,,development,56
shd,train,7373,6,shd-train:4900,10,,development,64
shd,train,4794,8,shd-train:4901,6,,development,63
shd,train,11002,7,shd-train:4902,0,,development,80
shd,train,14423,7,shd-train:4903,17,,development,115
shd,train,7244,3,shd-train:4904,7,,development,78
shd,train,3800,3,shd-train:4905,5,,development,59
shd,train,3580,2,shd-train:4906,18,,development,65
shd,train,6433,10,shd-train:4907,11,,development,72
shd,train,10126,7,shd-train:4908,14,,development,92
shd,train,4639,2,shd-train:4909,1,,development,57
shd,train,9989,9,shd-train:4910,5,,development,56
shd,train,12260,9,shd-train:4911,0,,development,82
shd,train,8323,3,shd-train:4912,17,,development,86
shd,train,7013,0,shd-train:4913,12,,confirmation,69
shd,train,12969,1,shd-train:4914,17,,confirmation,90
shd,train,5780,11,shd-train:4915,6,,development,111
shd,train,13558,9,shd-train:4916,9,,development,69
shd,train,7622,1,shd-train:4917,15,,confirmation,89
shd,train,12978,7,shd-train:4918,17,,development,101
shd,train,9182,8,shd-train:4919,9,,development,58
shd,train,5532,10,shd-train:4920,5,,development,50
shd,train,6721,0,shd-train:4921,11,,confirmation,75
shd,train,6731,6,shd-train:4922,9,,development,47
shd,train,6164,8,shd-train:4923,16,,development,76
shd,train,4695,0,shd-train:4924,6,,confirmation,76
shd,train,12542,9,shd-train:4925,17,,development,74
shd,train,8749,8,shd-train:4926,1,,development,54
shd,train,7813,6,shd-train:4927,10,,development,80
shd,train,11447,9,shd-train:4928,12,,development,81
shd,train,9642,8,shd-train:4929,7,,development,72
shd,train,7453,0,shd-train:4930,13,,confirmation,64
shd,train,6283,3,shd-train:4931,10,,development,75
shd,train,6379,10,shd-train:4932,2,,development,58
shd,train,11077,11,shd-train:4933,10,,development,86
shd,train,6225,6,shd-train:4934,3,,development,47
shd,train,8915,7,shd-train:4935,2,,development,65
shd,train,4896,10,shd-train:4936,6,,development,72
shd,train,11138,11,shd-train:4937,0,,development,109
shd,train,6517,8,shd-train:4938,16,,development,67
shd,train,5042,0,shd-train:4939,18,,confirmation,70
shd,train,6730,8,shd-train:4940,2,,development,56
shd,train,13056,7,shd-train:4941,11,,development,113
shd,train,10807,1,shd-train:4942,19,,confirmation,78
shd,train,14163,1,shd-train:4943,17,,confirmation,96
shd,train,6438,10,shd-train:4944,8,,development,55
shd,train,10625,7,shd-train:4945,3,,development,80
shd,train,7948,1,shd-train:4946,15,,confirmation,93
shd,train,10873,11,shd-train:4947,0,,development,89
shd,train,11031,7,shd-train:4948,14,,development,86
shd,train,7131,3,shd-train:4949,3,,development,54
shd,train,8420,9,shd-train:4950,18,,development,71
shd,train,9630,7,shd-train:4951,15,,development,88
shd,train,5909,7,shd-train:4952,6,,development,80
shd,train,10250,11,shd-train:4953,4,,development,79
shd,train,6978,6,shd-train:4954,7,,development,63
shd,train,11505,9,shd-train:4955,12,,development,77
shd,train,7411,1,shd-train:4956,15,,confirmation,70
shd,train,8555,9,shd-train:4957,16,,development,79
shd,train,3542,6,shd-train:4958,6,,development,44
shd,train,8089,11,shd-train:4959,13,,development,72
shd,train,5501,3,shd-train:4960,13,,development,87
shd,train,10968,9,shd-train:4961,0,,development,67
shd,train,5221,2,shd-train:4962,3,,development,59
shd,train,11121,9,shd-train:4963,10,,development,69
shd,train,10601,11,shd-train:4964,7,,development,105
shd,train,4403,2,shd-train:4965,12,,development,63
shd,train,10300,11,shd-train:4966,0,,development,94
shd,train,7483,7,shd-train:4967,16,,development,112
shd,train,9379,7,shd-train:4968,14,,development,74
shd,train,7318,10,shd-train:4969,3,,development,60
shd,train,9137,11,shd-train:4970,14,,development,97
shd,train,5096,2,shd-train:4971,14,,development,54
shd,train,11784,9,shd-train:4972,13,,development,73
shd,train,5040,3,shd-train:4973,11,,development,85
shd,train,4524,2,shd-train:4974,3,,development,57
shd,train,8723,0,shd-train:4975,19,,confirmation,66
shd,train,4163,2,shd-train:4976,16,,development,62
shd,train,10819,11,shd-train:4977,10,,development,83
shd,train,6658,10,shd-train:4978,1,,development,58
shd,train,9837,11,shd-train:4979,14,,development,92
shd,train,9363,1,shd-train:4980,1,,confirmation,70
shd,train,6230,3,shd-train:4981,0,,development,92
shd,train,9766,11,shd-train:4982,9,,development,67
shd,train,6216,3,shd-train:4983,10,,development,78
shd,train,6125,11,shd-train:4984,16,,development,86
shd,train,2864,3,shd-train:4985,18,,development,57
shd,train,6687,11,shd-train:4986,18,,development,86
shd,train,7483,9,shd-train:4987,16,,development,67
shd,train,5418,0,shd-train:4988,4,,confirmation,61
shd,train,8310,8,shd-train:4989,12,,development,75
shd,train,8137,1,shd-train:4990,16,,confirmation,86
shd,train,13378,7,shd-train:4991,19,,development,89
shd,train,7219,10,shd-train:4992,10,,development,73
shd,train,8401,0,shd-train:4993,19,,confirmation,68
shd,train,4455,2,shd-train:4994,2,,development,50
shd,train,7042,1,shd-train:4995,8,,confirmation,58
shd,train,11069,11,shd-train:4996,0,,development,91
shd,train,6718,0,shd-train:4997,12,,confirmation,65
shd,train,7923,11,shd-train:4998,15,,development,87
shd,train,5128,2,shd-train:4999,7,,development,71
shd,train,5957,0,shd-train:5000,15,,confirmation,63
shd,train,6208,10,shd-train:5001,11,,development,73
shd,train,4185,6,shd-train:5002,1,,development,51
shd,train,6130,10,shd-train:5003,4,,development,60
shd,train,9920,8,shd-train:5004,7,,development,68
shd,train,6719,10,shd-train:5005,10,,development,61
shd,train,8824,1,shd-train:5006,7,,confirmation,78
shd,train,7526,0,shd-train:5007,9,,confirmation,69
shd,train,3623,2,shd-train:5008,18,,development,62
shd,train,4886,2,shd-train:5009,12,,development,65
shd,train,9461,8,shd-train:5010,17,,development,79
shd,train,4194,2,shd-train:5011,11,,development,69
shd,train,4324,2,shd-train:5012,2,,development,54
shd,train,5195,3,shd-train:5013,1,,development,58
shd,train,9900,1,shd-train:5014,10,,confirmation,76
shd,train,4467,2,shd-train:5015,16,,development,68
shd,train,8350,10,shd-train:5016,19,,development,62
shd,train,8103,11,shd-train:5017,2,,development,76
shd,train,8967,0,shd-train:5018,9,,confirmation,74
shd,train,5931,3,shd-train:5019,5,,development,58
shd,train,7041,1,shd-train:5020,4,,confirmation,66
shd,train,4792,0,shd-train:5021,18,,confirmation,64
shd,train,6140,3,shd-train:5022,0,,development,88
shd,train,7521,0,shd-train:5023,15,,confirmation,67
shd,train,9779,3,shd-train:5024,17,,development,96
shd,train,5585,2,shd-train:5025,17,,development,65
shd,train,11011,9,shd-train:5026,14,,development,77
shd,train,10045,1,shd-train:5027,7,,confirmation,84
shd,train,12563,1,shd-train:5028,13,,confirmation,85
shd,train,8735,8,shd-train:5029,1,,development,55
shd,train,8921,9,shd-train:5030,8,,development,63
shd,train,7656,0,shd-train:5031,7,,confirmation,75
shd,train,4265,2,shd-train:5032,13,,development,56
shd,train,8726,3,shd-train:5033,19,,development,74
shd,train,4637,10,shd-train:5034,18,,development,49
shd,train,7066,8,shd-train:5035,3,,development,51
shd,train,10085,11,shd-train:5036,13,,development,74
shd,train,10619,8,shd-train:5037,13,,development,69
shd,train,11023,11,shd-train:5038,0,,development,102
shd,train,7313,6,shd-train:5039,7,,development,78
shd,train,7850,7,shd-train:5040,18,,development,92
shd,train,7671,8,shd-train:5041,15,,development,69
shd,train,3071,3,shd-train:5042,18,,development,68
shd,train,9468,7,shd-train:5043,4,,development,72
shd,train,7632,0,shd-train:5044,9,,confirmation,75
shd,train,2981,3,shd-train:5045,18,,development,59
shd,train,10410,9,shd-train:5046,5,,development,60
shd,train,9357,8,shd-train:5047,19,,development,60
shd,train,8446,0,shd-train:5048,19,,confirmation,64
shd,train,7506,1,shd-train:5049,15,,confirmation,93
shd,train,3153,2,shd-train:5050,5,,development,51
shd,train,8756,11,shd-train:5051,17,,development,88
shd,train,5895,1,shd-train:5052,5,,confirmation,52
shd,train,11840,7,shd-train:5053,12,,development,101
shd,train,6540,10,shd-train:5054,8,,development,62
shd,train,7951,10,shd-train:5055,19,,development,64
shd,train,10225,11,shd-train:5056,0,,development,87
shd,train,7592,11,shd-train:5057,14,,development,82
shd,train,4749,2,shd-train:5058,12,,development,65
shd,train,6736,10,shd-train:5059,10,,development,60
shd,train,3847,2,shd-train:5060,15,,development,43
shd,train,12333,9,shd-train:5061,19,,development,72
shd,train,11111,1,shd-train:5062,0,,confirmation,76
shd,train,11619,11,shd-train:5063,4,,development,96
shd,train,6379,0,shd-train:5064,12,,confirmation,68
shd,train,6840,1,shd-train:5065,5,,confirmation,67
shd,train,8791,7,shd-train:5066,15,,development,82
shd,train,4596,2,shd-train:5067,16,,development,62
shd,train,6071,0,shd-train:5068,2,,confirmation,55
shd,train,12905,9,shd-train:5069,11,,development,92
shd,train,10673,9,shd-train:5070,14,,development,72
shd,train,10574,7,shd-train:5071,1,,development,65
shd,train,10888,1,shd-train:5072,13,,confirmation,78
shd,train,9342,0,shd-train:5073,10,,confirmation,66
shd,train,12788,1,shd-train:5074,17,,confirmation,93
shd,train,6171,11,shd-train:5075,15,,development,61
shd,train,9476,9,shd-train:5076,15,,development,68
shd,train,4312,2,shd-train:5077,8,,development,56
shd,train,10041,0,shd-train:5078,17,,confirmation,75
shd,train,8952,8,shd-train:5079,10,,development,63
shd,train,11746,11,shd-train:5080,1,,development,84
shd,train,7439,10,shd-train:5081,14,,development,69
shd,train,6063,3,shd-train:5082,10,,development,76
shd,train,10553,1,shd-train:5083,9,,confirmation,71
shd,train,9055,1,shd-train:5084,1,,confirmation,68
shd,train,5096,2,shd-train:5085,11,,development,73
shd,train,5756,10,shd-train:5086,5,,development,52
shd,train,7817,0,shd-train:5087,13,,confirmation,67
shd,train,12467,7,shd-train:5088,13,,development,92
shd,train,4792,2,shd-train:5089,11,,development,69
shd,train,3803,2,shd-train:5090,8,,development,58
shd,train,7302,2,shd-train:5091,9,,development,81
shd,train,9357,9,shd-train:5092,8,,development,63
shd,train,6327,10,shd-train:5093,4,,development,64
shd,train,7440,0,shd-train:5094,0,,confirmation,85
shd,train,7934,0,shd-train:5095,11,,confirmation,84
shd,train,5387,2,shd-train:5096,0,,development,76
shd,train,4916,0,shd-train:5097,18,,confirmation,66
shd,train,7026,9,shd-train:5098,16,,development,69
shd,train,12543,9,shd-train:5099,11,,development,85
shd,train,6845,6,shd-train:5100,2,,development,66
shd,train,11565,11,shd-train:5101,13,,development,82
shd,train,5090,8,shd-train:5102,6,,development,66
shd,train,10179,9,shd-train:5103,3,,development,68
shd,train,6538,1,shd-train:5104,8,,confirmation,56
shd,train,4146,2,shd-train:5105,15,,development,48
shd,train,6878,1,shd-train:5106,2,,confirmation,58
shd,train,11882,9,shd-train:5107,3,,development,73
shd,train,10259,6,shd-train:5108,17,,development,81
shd,train,6446,10,shd-train:5109,2,,development,58
shd,train,10278,11,shd-train:5110,2,,development,88
shd,train,11058,9,shd-train:5111,0,,development,72
shd,train,4566,2,shd-train:5112,14,,development,50
shd,train,9601,9,shd-train:5113,3,,development,66
shd,train,10675,8,shd-train:5114,13,,development,73
shd,train,12656,7,shd-train:5115,19,,development,86
shd,train,9297,1,shd-train:5116,14,,confirmation,84
shd,train,6074,8,shd-train:5117,15,,development,53
shd,train,6514,1,shd-train:5118,2,,confirmation,59
shd,train,7500,10,shd-train:5119,19,,development,51
shd,train,9973,3,shd-train:5120,17,,development,100
shd,train,6754,2,shd-train:5121,9,,development,78
shd,train,9168,7,shd-train:5122,15,,development,78
shd,train,9110,10,shd-train:5123,17,,development,80
shd,train,8441,11,shd-train:5124,18,,development,109
shd,train,10299,1,shd-train:5125,10,,confirmation,77
shd,train,11721,7,shd-train:5126,0,,development,103
shd,train,6067,8,shd-train:5127,15,,development,59
shd,train,8266,11,shd-train:5128,11,,development,87
shd,train,8555,0,shd-train:5129,17,,confirmation,72
shd,train,5924,0,shd-train:5130,16,,confirmation,70
shd,train,7463,8,shd-train:5131,2,,development,61
shd,train,12062,9,shd-train:5132,19,,development,70
shd,train,12520,9,shd-train:5133,11,,development,84
shd,train,10940,9,shd-train:5134,19,,development,65
shd,train,7739,1,shd-train:5135,12,,confirmation,78
shd,train,10524,11,shd-train:5136,0,,development,103
shd,train,4036,2,shd-train:5137,15,,development,45
shd,train,10587,11,shd-train:5138,10,,development,82
shd,train,8689,1,shd-train:5139,16,,confirmation,90
shd,train,10310,11,shd-train:5140,12,,development,96
shd,train,7609,11,shd-train:5141,15,,development,74
shd,train,7705,11,shd-train:5142,12,,development,80
shd,train,5274,2,shd-train:5143,12,,development,68
shd,train,3493,2,shd-train:5144,4,,development,63
shd,train,4730,6,shd-train:5145,2,,development,37
shd,train,8292,0,shd-train:5146,7,,confirmation,79
shd,train,7229,11,shd-train:5147,15,,development,68
shd,train,10468,7,shd-train:5148,4,,development,71
shd,train,6258,6,shd-train:5149,0,,development,82
shd,train,5582,0,shd-train:5150,5,,confirmation,80
shd,train,11447,9,shd-train:5151,1,,development,63
shd,train,3050,2,shd-train:5152,6,,development,61
shd,train,10514,8,shd-train:5153,13,,development,73
shd,train,7212,0,shd-train:5154,0,,confirmation,84
shd,train,5374,1,shd-train:5155,6,,confirmation,70
shd,train,8220,0,shd-train:5156,3,,confirmation,72
shd,train,7856,10,shd-train:5157,0,,development,82
shd,train,11578,7,shd-train:5158,4,,development,81
shd,train,11278,8,shd-train:5159,0,,development,72
shd,train,6385,10,shd-train:5160,8,,development,57
shd,train,10524,7,shd-train:5161,3,,development,88
shd,train,5253,11,shd-train:5162,15,,development,52
shd,train,13248,7,shd-train:5163,17,,development,108
shd,train,6548,3,shd-train:5164,14,,development,73
shd,train,9905,8,shd-train:5165,12,,development,79
shd,train,10021,1,shd-train:5166,1,,confirmation,68
shd,train,8790,8,shd-train:5167,11,,development,77
shd,train,7567,1,shd-train:5168,18,,confirmation,80
shd,train,9343,9,shd-train:5169,18,,development,72
shd,train,7691,11,shd-train:5170,12,,development,76
shd,train,10762,1,shd-train:5171,9,,confirmation,71
shd,train,10348,1,shd-train:5172,1,,confirmation,76
shd,train,13990,7,shd-train:5173,17,,development,108
shd,train,9956,1,shd-train:5174,13,,confirmation,104
shd,train,9113,3,shd-train:5175,7,,development,83
shd,train,4488,3,shd-train:5176,12,,development,86
shd,train,3026,2,shd-train:5177,6,,development,60
shd,train,4872,8,shd-train:5178,6,,development,66
shd,train,7325,10,shd-train:5179,1,,development,64
shd,train,7116,8,shd-train:5180,8,,development,77
shd,train,4937,1,shd-train:5181,6,,confirmation,70
shd,train,3730,2,shd-train:5182,4,,development,69
shd,train,6614,3,shd-train:5183,1,,development,67
shd,train,7503,0,shd-train:5184,19,,confirmation,64
shd,train,6792,10,shd-train:5185,8,,development,59
shd,train,9037,1,shd-train:5186,10,,confirmation,79
shd,train,5587,11,shd-train:5187,6,,development,99
shd,train,7320,0,shd-train:5188,14,,confirmation,59
shd,train,6214,7,shd-train:5189,6,,development,88
shd,train,6747,2,shd-train:5190,17,,development,67
shd,train,5547,2,shd-train:5191,10,,development,56
shd,train,5288,3,shd-train:5192,15,,development,56
shd,train,9066,8,shd-train:5193,11,,development,74
shd,train,8576,8,shd-train:5194,4,,development,57
shd,train,7112,2,shd-train:5195,17,,development,69
shd,train,7534,0,shd-train:5196,19,,confirmation,61
shd,train,7604,7,shd-train:5197,18,,development,91
shd,train,4309,2,shd-train:5198,15,,development,47
shd,train,10016,7,shd-train:5199,7,,development,75
shd,train,6838,1,shd-train:5200,18,,confirmation,80
shd,train,11003,11,shd-train:5201,1,,development,80
shd,train,4862,10,shd-train:5202,6,,development,70
shd,train,7653,3,shd-train:5203,9,,development,55
shd,train,4315,2,shd-train:5204,11,,development,68
shd,train,5873,10,shd-train:5205,16,,development,72
shd,train,9841,0,shd-train:5206,10,,confirmation,70
shd,train,10678,8,shd-train:5207,7,,development,76
shd,train,5805,6,shd-train:5208,1,,development,56
shd,train,7190,3,shd-train:5209,7,,development,80
shd,train,7406,0,shd-train:5210,1,,confirmation,70
shd,train,3951,6,shd-train:5211,18,,development,43
shd,train,6843,10,shd-train:5212,11,,development,76
shd,train,5535,1,shd-train:5213,5,,confirmation,70
shd,train,7063,10,shd-train:5214,1,,development,65
shd,train,7349,10,shd-train:5215,14,,development,63
shd,train,8251,11,shd-train:5216,17,,development,83
shd,train,5791,3,shd-train:5217,4,,development,61
shd,train,5517,6,shd-train:5218,1,,development,52
shd,train,5712,3,shd-train:5219,8,,development,66
shd,train,11242,7,shd-train:5220,0,,development,78
shd,train,9529,0,shd-train:5221,19,,confirmation,71
shd,train,9202,9,shd-train:5222,4,,development,62
shd,train,4213,2,shd-train:5223,8,,development,55
shd,train,4640,10,shd-train:5224,6,,development,72
shd,train,8507,7,shd-train:5225,2,,development,60
shd,train,13330,7,shd-train:5226,9,,development,78
shd,train,5438,2,shd-train:5227,13,,development,61
shd,train,10015,1,shd-train:5228,16,,confirmation,89
shd,train,8905,8,shd-train:5229,10,,development,68
shd,train,10688,1,shd-train:5230,0,,confirmation,77
shd,train,8186,11,shd-train:5231,7,,development,95
shd,train,14917,7,shd-train:5232,12,,development,114
shd,train,8054,11,shd-train:5233,15,,development,70
shd,train,4012,0,shd-train:5234,6,,confirmation,78
shd,train,9287,8,shd-train:5235,12,,development,79
shd,train,3291,6,shd-train:5236,18,,development,45
shd,train,4481,6,shd-train:5237,3,,development,28
shd,train,13602,7,shd-train:5238,11,,development,121
shd,train,5712,0,shd-train:5239,2,,confirmation,54
shd,train,4221,2,shd-train:5240,8,,development,57
shd,train,12794,7,shd-train:5241,12,,development,110
shd,train,10339,9,shd-train:5242,4,,development,57
shd,train,6949,10,shd-train:5243,13,,development,66
shd,train,9344,8,shd-train:5244,11,,development,74
shd,train,6511,0,shd-train:5245,11,,confirmation,74
shd,train,11136,9,shd-train:5246,0,,development,68
shd,train,4397,2,shd-train:5247,16,,development,66
shd,train,10201,11,shd-train:5248,0,,development,93
shd,train,7062,11,shd-train:5249,16,,development,101
shd,train,5140,3,shd-train:5250,16,,development,78
shd,train,6514,11,shd-train:5251,18,,development,78
shd,train,12513,9,shd-train:5252,0,,development,80
shd,train,4781,8,shd-train:5253,6,,development,57
shd,train,4491,3,shd-train:5254,12,,development,80
shd,train,11334,11,shd-train:5255,11,,development,99
shd,train,4900,3,shd-train:5256,13,,development,85
shd,train,5843,0,shd-train:5257,16,,confirmation,72
shd,train,11191,9,shd-train:5258,1,,development,63
shd,train,7247,10,shd-train:5259,13,,development,75
shd,train,4223,2,shd-train:5260,3,,development,56
shd,train,5825,11,shd-train:5261,16,,development,91
shd,train,10947,9,shd-train:5262,5,,development,66
shd,train,7385,6,shd-train:5263,11,,development,90
shd,train,7122,0,shd-train:5264,11,,confirmation,79
shd,train,5126,6,shd-train:5265,8,,development,54
shd,train,7920,11,shd-train:5266,15,,development,86
shd,train,8347,1,shd-train:5267,1,,confirmation,62
shd,train,8860,11,shd-train:5268,19,,development,67
shd,train,10601,11,shd-train:5269,1,,development,75
shd,train,12526,9,shd-train:5270,1,,development,67
shd,train,7967,11,shd-train:5271,12,,development,80
shd,train,12303,9,shd-train:5272,10,,development,75
shd,train,5719,10,shd-train:5273,8,,development,58
shd,train,3599,3,shd-train:5274,18,,development,86
shd,train,3820,2,shd-train:5275,2,,development,49
shd,train,4647,2,shd-train:5276,12,,development,64
shd,train,7212,10,shd-train:5277,14,,development,62
shd,train,4863,2,shd-train:5278,12,,development,67
shd,train,11388,11,shd-train:5279,5,,development,89
shd,train,6304,11,shd-train:5280,16,,development,96
shd,train,4943,3,shd-train:5281,8,,development,54
shd,train,8861,11,shd-train:5282,19,,development,68
shd,train,12844,7,shd-train:5283,9,,development,75
shd,train,7111,10,shd-train:5284,14,,development,60
shd,train,9676,9,shd-train:5285,2,,development,64
shd,train,7490,10,shd-train:5286,7,,development,71
shd,train,10350,1,shd-train:5287,19,,confirmation,75
shd,train,6559,0,shd-train:5288,14,,confirmation,65
shd,train,10311,8,shd-train:5289,13,,development,72
shd,train,9397,0,shd-train:5290,17,,confirmation,93
shd,train,5559,2,shd-train:5291,7,,development,74
shd,train,9264,8,shd-train:5292,13,,development,75
shd,train,7439,6,shd-train:5293,10,,development,71
shd,train,6021,11,shd-train:5294,15,,development,59
shd,train,7414,7,shd-train:5295,16,,development,103
shd,train,9697,1,shd-train:5296,19,,confirmation,74
shd,train,11943,9,shd-train:5297,7,,development,77
shd,train,4969,2,shd-train:5298,10,,development,55
shd,train,9490,11,shd-train:5299,14,,development,94
shd,train,4257,0,shd-train:5300,6,,confirmation,77
shd,train,8285,11,shd-train:5301,18,,development,112
shd,train,5269,3,shd-train:5302,5,,development,65
shd,train,11218,9,shd-train:5303,5,,development,63
shd,train,5327,3,shd-train:5304,15,,development,71
shd,train,9890,7,shd-train:5305,3,,development,72
shd,train,4173,3,shd-train:5306,18,,development,83
shd,train,8505,7,shd-train:5307,8,,development,65
shd,train,6788,2,shd-train:5308,0,,development,82
shd,train,6227,3,shd-train:5309,8,,development,64
shd,train,9367,9,shd-train:5310,8,,development,59
shd,train,3011,2,shd-train:5311,4,,development,56
shd,train,10508,7,shd-train:5312,7,,development,90
shd,train,6713,10,shd-train:5313,4,,development,61
shd,train,8740,9,shd-train:5314,18,,development,73
shd,train,6993,8,shd-train:5315,3,,development,63
shd,train,9220,9,shd-train:5316,2,,development,60
shd,train,8475,10,shd-train:5317,7,,development,84
shd,train,5518,0,shd-train:5318,8,,confirmation,62
shd,train,6067,3,shd-train:5319,14,,development,71
shd,train,10709,7,shd-train:5320,14,,development,86
shd,train,10041,9,shd-train:5321,3,,development,68
shd,train,10912,8,shd-train:5322,13,,development,71
shd,train,6748,2,shd-train:5323,19,,development,53
shd,train,4983,1,shd-train:5324,6,,confirmation,67
shd,train,9788,8,shd-train:5325,19,,development,62
shd,train,8478,10,shd-train:5326,7,,development,79
shd,train,5094,2,shd-train:5327,7,,development,63
shd,train,8554,8,shd-train:5328,9,,development,55
shd,train,9668,1,shd-train:5329,13,,confirmation,92
shd,train,7730,0,shd-train:5330,3,,confirmation,69
shd,train,12451,7,shd-train:5331,10,,development,95
shd,train,9983,8,shd-train:5332,19,,development,68
shd,train,6239,9,shd-train:5333,6,,development,71
shd,train,8379,1,shd-train:5334,12,,confirmation,80
shd,train,13290,7,shd-train:5335,19,,development,92
shd,train,10912,8,shd-train:5336,13,,development,75
shd,train,10833,9,shd-train:5337,1,,development,59
shd,train,9132,1,shd-train:5338,14,,confirmation,72
shd,train,5541,0,shd-train:5339,2,,confirmation,51
shd,train,6583,10,shd-train:5340,2,,development,59
shd,train,4782,6,shd-train:5341,2,,development,38
shd,train,4881,2,shd-train:5342,12,,development,67
shd,train,11400,9,shd-train:5343,7,,development,71
shd,train,11422,11,shd-train:5344,4,,development,95
shd,train,9987,9,shd-train:5345,14,,development,65
shd,train,6693,8,shd-train:5346,8,,development,56
shd,train,3851,2,shd-train:5347,1,,development,60
shd,train,12193,1,shd-train:5348,19,,confirmation,86
shd,train,5700,3,shd-train:5349,10,,development,74
shd,train,8981,11,shd-train:5350,9,,development,68
shd,train,9411,11,shd-train:5351,5,,development,72
shd,train,7288,8,shd-train:5352,3,,development,51
shd,train,10216,11,shd-train:5353,12,,development,87
shd,train,9206,9,shd-train:5354,18,,development,71
shd,train,5214,2,shd-train:5355,3,,development,61
shd,train,6425,3,shd-train:5356,14,,development,73
shd,train,8120,1,shd-train:5357,12,,confirmation,83
shd,train,5079,11,shd-train:5358,6,,development,106
shd,train,13126,7,shd-train:5359,9,,development,79
shd,train,10980,9,shd-train:5360,10,,development,70
shd,train,11361,9,shd-train:5361,1,,development,68
shd,train,10812,11,shd-train:5362,5,,development,77
shd,train,10225,7,shd-train:5363,1,,development,63
shd,train,4040,2,shd-train:5364,6,,development,66
shd,train,5110,2,shd-train:5365,13,,development,60
shd,train,7198,0,shd-train:5366,13,,confirmation,68
shd,train,6448,11,shd-train:5367,16,,development,96
shd,train,7405,11,shd-train:5368,18,,development,88
shd,train,6049,3,shd-train:5369,3,,development,49
shd,train,12676,7,shd-train:5370,19,,development,87
shd,train,8806,7,shd-train:5371,4,,development,69
shd,train,7387,11,shd-train:5372,18,,development,86
shd,train,3539,2,shd-train:5373,2,,development,48
shd,train,5584,10,shd-train:5374,16,,development,74
shd,train,7834,11,shd-train:5375,19,,development,63
shd,train,8600,1,shd-train:5376,14,,confirmation,81
shd,train,12839,9,shd-train:5377,7,,development,79
shd,train,10305,11,shd-train:5378,4,,development,76
shd,train,9947,7,shd-train:5379,7,,development,73
shd,train,8944,6,shd-train:5380,12,,development,94
shd,train,9163,1,shd-train:5381,10,,confirmation,71
shd,train,8199,8,shd-train:5382,17,,development,70
shd,train,9926,0,shd-train:5383,17,,confirmation,82
shd,train,10672,7,shd-train:5384,1,,development,66
shd,train,10491,11,shd-train:5385,9,,development,76
shd,train,6787,9,shd-train:5386,6,,development,81
shd,train,5048,6,shd-train:5387,5,,development,61
shd,train,3335,3,shd-train:5388,18,,development,66
shd,train,11799,7,shd-train:5389,9,,development,70
shd,train,12262,9,shd-train:5390,7,,development,75
shd,train,11836,9,shd-train:5391,19,,development,67
shd,train,8978,11,shd-train:5392,13,,development,78
shd,train,10012,1,shd-train:5393,1,,confirmation,68
shd,train,9346,7,shd-train:5394,8,,development,71
shd,train,9568,11,shd-train:5395,1,,development,71
shd,train,10610,7,shd-train:5396,7,,development,78
shd,train,6425,0,shd-train:5397,12,,confirmation,65
shd,train,12475,7,shd-train:5398,17,,development,107
shd,train,3793,2,shd-train:5399,6,,development,66
shd,train,12856,9,shd-train:5400,10,,development,78
shd,train,8230,0,shd-train:5401,19,,confirmation,64
shd,train,8072,8,shd-train:5402,4,,development,56
shd,train,8909,0,shd-train:5403,10,,confirmation,61
shd,train,7870,1,shd-train:5404,3,,confirmation,69
shd,train,9593,7,shd-train:5405,2,,development,69
shd,train,8528,10,shd-train:5406,9,,development,60
shd,train,5252,3,shd-train:5407,16,,development,85
shd,train,5144,6,shd-train:5408,1,,development,54
shd,train,5365,0,shd-train:5409,8,,confirmation,60
shd,train,5430,10,shd-train:5410,5,,development,52
shd,train,8082,8,shd-train:5411,11,,development,76
shd,train,5049,3,shd-train:5412,15,,development,72
shd,train,4705,2,shd-train:5413,11,,development,69
shd,train,12792,7,shd-train:5414,19,,development,88
shd,train,11739,9,shd-train:5415,9,,development,58
shd,train,8822,0,shd-train:5416,10,,confirmation,63
shd,train,6794,2,shd-train:5417,19,,development,67
shd,train,10788,0,shd-train:5418,17,,confirmation,76
shd,train,4825,3,shd-train:5419,6,,development,77
shd,train,12237,9,shd-train:5420,0,,development,77
shd,train,9658,10,shd-train:5421,17,,development,81
shd,train,12917,7,shd-train:5422,13,,development,106
shd,train,9882,8,shd-train:5423,19,,development,66
shd,train,8780,9,shd-train:5424,15,,development,58
shd,train,8698,8,shd-train:5425,12,,development,77
shd,train,6389,3,shd-train:5426,14,,development,72
shd,train,9291,7,shd-train:5427,3,,development,76
shd,train,6359,6,shd-train:5428,15,,development,60
shd,train,5655,6,shd-train:5429,1,,development,53
shd,train,11272,9,shd-train:5430,19,,development,72
shd,train,8842,11,shd-train:5431,12,,development,88
shd,train,8236,0,shd-train:5432,3,,confirmation,70
shd,train,12147,9,shd-train:5433,9,,development,64
shd,train,3357,3,shd-train:5434,18,,development,59
shd,train,10918,11,shd-train:5435,12,,development,94
shd,train,7305,8,shd-train:5436,14,,development,66
shd,train,9246,9,shd-train:5437,4,,development,66
shd,train,4969,2,shd-train:5438,14,,development,50
shd,train,4888,6,shd-train:5439,1,,development,52
shd,train,8768,11,shd-train:5440,15,,development,92
shd,train,5978,10,shd-train:5441,8,,development,57
shd,train,13557,7,shd-train:5442,13,,development,110
shd,train,11852,9,shd-train:5443,7,,development,76
shd,train,11471,9,shd-train:5444,19,,development,66
shd,train,5398,1,shd-train:5445,6,,confirmation,76
shd,train,8170,11,shd-train:5446,19,,development,65
shd,train,5668,11,shd-train:5447,6,,development,105
shd,train,6526,10,shd-train:5448,2,,development,60
shd,train,8950,7,shd-train:5449,15,,development,73
shd,train,6756,10,shd-train:5450,1,,development,63
shd,train,13406,7,shd-train:5451,13,,development,98
shd,train,5707,3,shd-train:5452,0,,development,83
shd,train,6895,1,shd-train:5453,8,,confirmation,65
shd,train,9180,9,shd-train:5454,3,,development,59
shd,train,9092,8,shd-train:5455,11,,development,72
shd,train,6170,10,shd-train:5456,8,,development,58
shd,train,10399,7,shd-train:5457,5,,development,68
shd,train,10598,11,shd-train:5458,7,,development,98
shd,train,3620,2,shd-train:5459,4,,development,68
shd,train,10510,1,shd-train:5460,14,,confirmation,83
shd,train,8293,8,shd-train:5461,14,,development,64
shd,train,7383,6,shd-train:5462,7,,development,78
shd,train,8065,2,shd-train:5463,19,,development,72
shd,train,7458,11,shd-train:5464,14,,development,69
shd,train,6870,10,shd-train:5465,1,,development,61
shd,train,9498,7,shd-train:5466,1,,development,59
shd,train,6967,11,shd-train:5467,16,,development,99
shd,train,3973,2,shd-train:5468,18,,development,65
shd,train,12774,7,shd-train:5469,19,,development,71
shd,train,11794,7,shd-train:5470,12,,development,98
shd,train,7445,0,shd-train:5471,13,,confirmation,63
shd,train,5909,3,shd-train:5472,10,,development,77
shd,train,5130,0,shd-train:5473,8,,confirmation,56
shd,train,5717,3,shd-train:5474,15,,development,76
shd,train,9116,11,shd-train:5475,5,,development,69
shd,train,7366,11,shd-train:5476,2,,development,71
shd,train,9180,11,shd-train:5477,10,,development,70
shd,train,10314,11,shd-train:5478,4,,development,79
shd,train,5229,2,shd-train:5479,10,,development,56
shd,train,6359,8,shd-train:5480,18,,development,66
shd,train,10096,9,shd-train:5481,4,,development,65
shd,train,9188,7,shd-train:5482,2,,development,78
shd,train,10134,11,shd-train:5483,17,,development,95
shd,train,12632,9,shd-train:5484,13,,development,74
shd,train,9582,1,shd-train:5485,1,,confirmation,65
shd,train,10383,1,shd-train:5486,13,,confirmation,76
shd,train,6421,6,shd-train:5487,3,,development,51
shd,train,7071,10,shd-train:5488,1,,development,62
shd,train,7546,2,shd-train:5489,19,,development,70
shd,train,7775,1,shd-train:5490,15,,confirmation,62
shd,train,5651,3,shd-train:5491,13,,development,83
shd,train,10339,1,shd-train:5492,19,,confirmation,75
shd,train,4738,2,shd-train:5493,15,,development,49
shd,train,4850,6,shd-train:5494,6,,development,71
shd,train,6095,8,shd-train:5495,16,,development,76
shd,train,7810,0,shd-train:5496,3,,confirmation,70
shd,train,6457,0,shd-train:5497,14,,confirmation,58
shd,train,7161,10,shd-train:5498,10,,development,65
shd,train,7529,8,shd-train:5499,3,,development,58
shd,train,11267,11,shd-train:5500,11,,development,99
shd,train,8968,9,shd-train:5501,8,,development,61
shd,train,4829,2,shd-train:5502,13,,development,56
shd,train,10993,7,shd-train:5503,14,,development,94
shd,train,9449,9,shd-train:5504,15,,development,66
shd,train,13186,9,shd-train:5505,0,,development,82
shd,train,8238,3,shd-train:5506,19,,development,71
shd,train,7914,1,shd-train:5507,3,,confirmation,65
shd,train,7087,0,shd-train:5508,13,,confirmation,65
shd,train,6989,3,shd-train:5509,2,,development,68
shd,train,6835,3,shd-train:5510,14,,development,74
shd,train,9494,8,shd-train:5511,7,,development,69
shd,train,8383,0,shd-train:5512,1,,confirmation,74
shd,train,9675,11,shd-train:5513,9,,development,63
shd,train,9970,11,shd-train:5514,7,,development,101
shd,train,12718,9,shd-train:5515,9,,development,65
shd,train,10086,8,shd-train:5516,17,,development,74
shd,train,11057,1,shd-train:5517,9,,confirmation,78
shd,train,5831,1,shd-train:5518,18,,confirmation,77
shd,train,7845,6,shd-train:5519,19,,development,65
shd,train,8208,0,shd-train:5520,9,,confirmation,73
shd,train,4790,2,shd-train:5521,3,,development,56
shd,train,7820,8,shd-train:5522,9,,development,48
shd,train,4949,3,shd-train:5523,11,,development,91
shd,train,10803,7,shd-train:5524,0,,development,79
shd,train,13109,7,shd-train:5525,11,,development,121
shd,train,6747,10,shd-train:5526,13,,development,69
shd,train,10542,11,shd-train:5527,9,,development,78
shd,train,4275,2,shd-train:5528,7,,development,61
shd,train,5095,8,shd-train:5529,6,,development,63
shd,train,4095,0,shd-train:5530,6,,confirmation,74
shd,train,11207,9,shd-train:5531,19,,development,66
shd,train,8292,0,shd-train:5532,3,,confirmation,71
shd,train,9266,1,shd-train:5533,10,,confirmation,70
shd,train,11776,11,shd-train:5534,3,,development,90
shd,train,12225,11,shd-train:5535,4,,development,107
shd,train,4252,2,shd-train:5536,2,,development,52
shd,train,8160,10,shd-train:5537,19,,development,64
shd,train,6407,2,shd-train:5538,0,,development,81
shd,train,6924,6,shd-train:5539,0,,development,95
shd,train,5709,2,shd-train:5540,0,,development,81
shd,train,12050,8,shd-train:5541,0,,development,76
shd,train,7171,3,shd-train:5542,19,,development,64
shd,train,9781,8,shd-train:5543,19,,development,64
shd,train,9725,8,shd-train:5544,12,,development,82
shd,train,10597,1,shd-train:5545,0,,confirmation,97
shd,train,5429,10,shd-train:5546,5,,development,55
shd,train,8773,0,shd-train:5547,9,,confirmation,72
shd,train,7310,8,shd-train:5548,14,,development,56
shd,train,13385,7,shd-train:5549,12,,development,111
shd,train,5883,6,shd-train:5550,15,,development,58
shd,train,7175,8,shd-train:5551,5,,development,47
shd,train,9678,0,shd-train:5552,19,,confirmation,67
shd,train,8344,11,shd-train:5553,14,,development,78
shd,train,8064,1,shd-train:5554,14,,confirmation,76
shd,train,11697,9,shd-train:5555,10,,development,73
shd,train,7490,0,shd-train:5556,7,,confirmation,73
shd,train,4596,3,shd-train:5557,6,,development,71
shd,train,4411,0,shd-train:5558,6,,confirmation,79
shd,train,11900,9,shd-train:5559,13,,development,72
shd,train,5438,0,shd-train:5560,16,,confirmation,82
shd,train,8006,11,shd-train:5561,18,,development,85
shd,train,6555,8,shd-train:5562,8,,development,56
shd,train,8032,11,shd-train:5563,12,,development,79
shd,train,7055,8,shd-train:5564,2,,development,55
shd,train,8695,10,shd-train:5565,9,,development,60
shd,train,11741,6,shd-train:5566,17,,development,91
shd,train,9646,8,shd-train:5567,11,,development,75
shd,train,12215,1,shd-train:5568,17,,confirmation,88
shd,train,5068,3,shd-train:5569,6,,development,81
shd,train,8623,10,shd-train:5570,9,,development,60
shd,train,5507,0,shd-train:5571,4,,confirmation,60
shd,train,6052,8,shd-train:5572,16,,development,75
shd,train,4464,2,shd-train:5573,2,,development,59
shd,train,6422,11,shd-train:5574,18,,development,82
shd,train,5675,10,shd-train:5575,18,,development,68
shd,train,5848,3,shd-train:5576,2,,development,55
shd,train,7287,11,shd-train:5577,18,,development,86
shd,train,5081,0,shd-train:5578,15,,confirmation,44
shd,train,7520,10,shd-train:5579,0,,development,77
shd,train,4714,10,shd-train:5580,6,,development,74
shd,train,9034,0,shd-train:5581,9,,confirmation,65
shd,train,6827,6,shd-train:5582,9,,development,54
shd,train,7554,8,shd-train:5583,5,,development,47
shd,train,6922,3,shd-train:5584,9,,development,50
shd,train,6880,11,shd-train:5585,19,,development,55
shd,train,9193,6,shd-train:5586,19,,development,54
shd,train,6919,2,shd-train:5587,19,,development,63
shd,train,6817,8,shd-train:5588,16,,development,75
shd,train,4883,1,shd-train:5589,6,,confirmation,75
shd,train,6934,10,shd-train:5590,12,,development,80
shd,train,9354,11,shd-train:5591,12,,development,79
shd,train,8573,11,shd-train:5592,2,,development,81
shd,train,6181,0,shd-train:5593,4,,confirmation,76
shd,train,7703,2,shd-train:5594,9,,development,83
shd,train,4563,2,shd-train:5595,14,,development,47
shd,train,9873,1,shd-train:5596,9,,confirmation,68
shd,train,8847,11,shd-train:5597,11,,development,99
shd,train,8570,8,shd-train:5598,12,,development,80
shd,train,4532,3,shd-train:5599,12,,development,82
shd,train,7641,3,shd-train:5600,7,,development,76
shd,train,3492,2,shd-train:5601,1,,development,53
shd,train,5207,3,shd-train:5602,16,,development,85
shd,train,8528,1,shd-train:5603,1,,confirmation,61
shd,train,9078,8,shd-train:5604,11,,development,75
shd,train,4206,2,shd-train:5605,3,,development,62
shd,train,7224,11,shd-train:5606,14,,development,66
shd,train,5922,2,shd-train:5607,7,,development,68
shd,train,5409,1,shd-train:5608,6,,confirmation,72
shd,train,8843,9,shd-train:5609,2,,development,60
shd,train,3416,2,shd-train:5610,4,,development,58
shd,train,8272,2,shd-train:5611,19,,development,78
shd,train,5995,3,shd-train:5612,2,,development,63
shd,train,7388,1,shd-train:5613,4,,confirmation,61
shd,train,6922,8,shd-train:5614,15,,development,68
shd,train,10515,8,shd-train:5615,17,,development,78
shd,train,4063,6,shd-train:5616,5,,development,55
shd,train,8897,11,shd-train:5617,1,,development,74
shd,train,9371,3,shd-train:5618,9,,development,67
shd,train,5342,0,shd-train:5619,16,,confirmation,83
shd,train,10205,1,shd-train:5620,19,,confirmation,77
shd,train,11448,9,shd-train:5621,13,,development,75
shd,train,9056,1,shd-train:5622,12,,confirmation,88
shd,train,6988,10,shd-train:5623,12,,development,74
shd,train,5185,3,shd-train:5624,8,,development,52
shd,train,4855,3,shd-train:5625,13,,development,84
shd,train,5028,0,shd-train:5626,15,,confirmation,42
shd,train,8973,8,shd-train:5627,1,,development,60
shd,train,11183,7,shd-train:5628,5,,development,89
shd,train,8166,9,shd-train:5629,16,,development,78
shd,train,8106,1,shd-train:5630,3,,confirmation,72
shd,train,3357,2,shd-train:5631,4,,development,59
shd,train,8968,9,shd-train:5632,15,,development,65
shd,train,7769,10,shd-train:5633,0,,development,86
shd,train,9777,8,shd-train:5634,12,,development,81
shd,train,7991,10,shd-train:5635,7,,development,73
shd,train,7469,8,shd-train:5636,8,,development,56
shd,train,6401,0,shd-train:5637,4,,confirmation,77
shd,train,9075,2,shd-train:5638,19,,development,79
shd,train,12401,7,shd-train:5639,10,,development,94
shd,train,10198,11,shd-train:5640,19,,development,76
shd,train,8907,0,shd-train:5641,9,,confirmation,76
shd,train,9413,7,shd-train:5642,3,,development,74
shd,train,4889,0,shd-train:5643,5,,confirmation,59
shd,train,8560,1,shd-train:5644,16,,confirmation,91
shd,train,10042,8,shd-train:5645,17,,development,80
shd,train,8407,11,shd-train:5646,4,,development,81
shd,train,7851,11,shd-train:5647,11,,development,86
shd,train,6430,1,shd-train:5648,18,,confirmation,78
shd,train,5170,6,shd-train:5649,3,,development,34
shd,train,10786,7,shd-train:5650,8,,development,81
shd,train,10935,11,shd-train:5651,11,,development,99
shd,train,8118,6,shd-train:5652,14,,development,78
shd,train,6366,0,shd-train:5653,16,,confirmation,71
shd,train,9375,8,shd-train:5654,9,,development,51
shd,train,10459,8,shd-train:5655,0,,development,72
shd,train,7708,1,shd-train:5656,12,,confirmation,80
shd,train,5964,6,shd-train:5657,11,,development,77
shd,train,8360,0,shd-train:5658,7,,confirmation,77
shd,train,3445,3,shd-train:5659,18,,development,57
shd,train,9912,7,shd-train:5660,1,,development,61
shd,train,9670,9,shd-train:5661,14,,development,64
shd,train,7767,11,shd-train:5662,8,,development,86
shd,train,7498,0,shd-train:5663,16,,confirmation,87
shd,train,4952,8,shd-train:5664,6,,development,62
shd,train,7056,10,shd-train:5665,13,,development,74
shd,train,7422,6,shd-train:5666,14,,development,68
shd,train,7853,8,shd-train:5667,5,,development,54
shd,train,3399,2,shd-train:5668,5,,development,58
shd,train,12454,7,shd-train:5669,11,,development,110
shd,train,11968,9,shd-train:5670,13,,development,76
shd,train,7117,8,shd-train:5671,14,,development,68
shd,train,10737,11,shd-train:5672,3,,development,87
shd,train,6000,0,shd-train:5673,4,,confirmation,76
shd,train,4844,2,shd-train:5674,14,,development,52
shd,train,10538,11,shd-train:5675,17,,development,96
shd,train,8324,3,shd-train:5676,17,,development,78
shd,train,8499,3,shd-train:5677,17,,development,90
shd,train,5239,1,shd-train:5678,6,,confirmation,74
shd,train,4007,0,shd-train:5679,18,,confirmation,66
shd,train,8960,0,shd-train:5680,9,,confirmation,67
shd,train,7027,1,shd-train:5681,18,,confirmation,79
shd,train,6360,6,shd-train:5682,3,,development,51
shd,train,9228,8,shd-train:5683,19,,development,63
shd,train,4853,0,shd-train:5684,5,,confirmation,68
shd,train,5224,0,shd-train:5685,18,,confirmation,70
shd,train,10771,11,shd-train:5686,12,,development,94
shd,train,7112,6,shd-train:5687,7,,development,67
shd,train,8729,0,shd-train:5688,19,,confirmation,69
shd,train,6990,0,shd-train:5689,0,,confirmation,85
shd,train,4800,2,shd-train:5690,15,,development,57
shd,train,11668,7,shd-train:5691,9,,development,69
shd,train,7900,9,shd-train:5692,16,,development,76
shd,train,6989,6,shd-train:5693,9,,development,48
shd,train,8458,1,shd-train:5694,11,,confirmation,79
shd,train,7809,0,shd-train:5695,7,,confirmation,81
shd,train,6173,2,shd-train:5696,9,,development,74
shd,train,11182,7,shd-train:5697,1,,development,70
shd,train,7178,11,shd-train:5698,16,,development,108
shd,train,6091,0,shd-train:5699,16,,confirmation,73
shd,train,6314,7,shd-train:5700,6,,development,83
shd,train,3587,2,shd-train:5701,18,,development,66
shd,train,10884,1,shd-train:5702,9,,confirmation,72
shd,train,10084,1,shd-train:5703,19,,confirmation,70
shd,train,9765,11,shd-train:5704,12,,development,89
shd,train,8767,0,shd-train:5705,10,,confirmation,63
shd,train,5161,1,shd-train:5706,6,,confirmation,71
shd,train,10712,7,shd-train:5707,3,,development,84
shd,train,6796,3,shd-train:5708,3,,development,67
shd,train,6806,10,shd-train:5709,10,,development,63
shd,train,8758,7,shd-train:5710,2,,development,64
shd,train,7145,3,shd-train:5711,19,,development,60
shd,train,6653,0,shd-train:5712,11,,confirmation,74
shd,train,10927,7,shd-train:5713,4,,development,77
shd,train,10326,11,shd-train:5714,9,,development,78
shd,train,8388,0,shd-train:5715,9,,confirmation,73
shd,train,5238,7,shd-train:5716,6,,development,74
shd,train,10199,8,shd-train:5717,0,,development,73
shd,train,3437,2,shd-train:5718,4,,development,57
shd,train,8667,1,shd-train:5719,7,,confirmation,79
shd,train,6575,0,shd-train:5720,16,,confirmation,75
shd,train,13448,7,shd-train:5721,19,,development,94
shd,train,7198,10,shd-train:5722,13,,development,73
shd,train,6567,2,shd-train:5723,17,,development,70
shd,train,5032,3,shd-train:5724,12,,development,85
shd,train,6504,6,shd-train:5725,16,,development,81
shd,train,8689,1,shd-train:5726,14,,confirmation,71
shd,train,3817,2,shd-train:5727,4,,development,59
shd,train,4814,3,shd-train:5728,13,,development,80
shd,train,6718,1,shd-train:5729,5,,confirmation,69
shd,train,9156,3,shd-train:5730,9,,development,64
shd,train,8059,0,shd-train:5731,10,,confirmation,60
shd,train,8151,1,shd-train:5732,12,,confirmation,86
shd,train,5167,2,shd-train:5733,11,,development,73
shd,train,8663,1,shd-train:5734,16,,confirmation,89
shd,train,11380,11,shd-train:5735,17,,development,105
shd,train,7084,0,shd-train:5736,7,,confirmation,73
shd,train,6274,11,shd-train:5737,18,,development,86
shd,train,7705,0,shd-train:5738,1,,confirmation,71
shd,train,10652,9,shd-train:5739,1,,development,60
shd,train,10313,1,shd-train:5740,10,,confirmation,89
shd,train,4950,2,shd-train:5741,3,,development,56
shd,train,6487,10,shd-train:5742,2,,development,57
shd,train,8721,7,shd-train:5743,2,,development,64
shd,train,10402,9,shd-train:5744,5,,development,64
shd,train,7233,10,shd-train:5745,0,,development,80
shd,train,6784,11,shd-train:5746,16,,development,99
shd,train,8662,11,shd-train:5747,13,,development,72
shd,train,5566,3,shd-train:5748,10,,development,72
shd,train,12496,7,shd-train:5749,5,,development,97
shd,train,7727,8,shd-train:5750,5,,development,52
shd,train,7195,1,shd-train:5751,2,,confirmation,63
shd,train,10848,1,shd-train:5752,13,,confirmation,83
shd,train,11629,9,shd-train:5753,12,,development,84
shd,train,7431,11,shd-train:5754,8,,development,83
shd,train,6858,11,shd-train:5755,16,,development,92
shd,train,8543,0,shd-train:5756,1,,confirmation,70
shd,train,11185,7,shd-train:5757,14,,development,94
shd,train,7012,10,shd-train:5758,3,,development,60
shd,train,9813,11,shd-train:5759,13,,development,76
shd,train,9056,9,shd-train:5760,4,,development,57
shd,train,5584,3,shd-train:5761,6,,development,81
shd,train,4970,8,shd-train:5762,6,,development,62
shd,train,6036,3,shd-train:5763,14,,development,74
shd,train,5334,3,shd-train:5764,15,,development,59
shd,train,5853,0,shd-train:5765,4,,confirmation,65
shd,train,9391,8,shd-train:5766,9,,development,54
shd,train,8856,11,shd-train:5767,18,,development,106
shd,train,5385,0,shd-train:5768,15,,confirmation,51
shd,train,9308,1,shd-train:5769,14,,confirmation,90
shd,train,7204,10,shd-train:5770,11,,development,77
shd,train,5878,3,shd-train:5771,16,,development,85
shd,train,4318,3,shd-train:5772,6,,development,78
shd,train,5338,10,shd-train:5773,18,,development,66
shd,train,8635,0,shd-train:5774,0,,confirmation,80
shd,train,3368,2,shd-train:5775,18,,development,62
shd,train,8586,7,shd-train:5776,18,,development,105
shd,train,11965,9,shd-train:5777,12,,development,81
shd,train,9930,7,shd-train:5778,7,,development,78
shd,train,5122,1,shd-train:5779,6,,confirmation,65
shd,train,7441,8,shd-train:5780,3,,development,52
shd,train,12393,1,shd-train:5781,17,,confirmation,91
shd,train,8770,1,shd-train:5782,16,,confirmation,83
shd,train,13027,9,shd-train:5783,17,,development,80
shd,train,3735,2,shd-train:5784,5,,development,62
shd,train,5237,2,shd-train:5785,16,,development,73
shd,train,5778,2,shd-train:5786,10,,development,57
shd,train,11733,11,shd-train:5787,13,,development,84
shd,train,4016,2,shd-train:5788,12,,development,61
shd,train,6341,11,shd-train:5789,18,,development,78
shd,train,11760,1,shd-train:5790,17,,confirmation,92
shd,train,11054,9,shd-train:5791,19,,development,65
shd,train,6437,10,shd-train:5792,15,,development,57
shd,train,11081,1,shd-train:5793,17,,confirmation,92
shd,train,12111,7,shd-train:5794,11,,development,113
shd,train,3960,2,shd-train:5795,6,,development,65
shd,train,6163,10,shd-train:5796,15,,development,55
shd,train,8103,1,shd-train:5797,15,,confirmation,93
shd,train,7074,10,shd-train:5798,13,,development,71
shd,train,3292,2,shd-train:5799,5,,development,52
shd,train,6884,3,shd-train:5800,2,,development,71
shd,train,7571,3,shd-train:5801,19,,development,64
shd,train,12624,11,shd-train:5802,13,,development,89
shd,train,9779,9,shd-train:5803,2,,development,63
shd,train,5930,0,shd-train:5804,8,,confirmation,65
shd,train,6741,0,shd-train:5805,14,,confirmation,55
shd,train,4980,3,shd-train:5806,11,,development,83
shd,train,6778,11,shd-train:5807,16,,development,99
shd,train,8052,10,shd-train:5808,19,,development,61
shd,train,9438,9,shd-train:5809,3,,development,61
shd,train,6936,10,shd-train:5810,11,,development,70
shd,train,4392,2,shd-train:5811,2,,development,54
shd,train,13132,7,shd-train:5812,13,,development,99
shd,train,7319,10,shd-train:5813,0,,development,79
shd,train,10648,7,shd-train:5814,0,,development,85
shd,train,8902,11,shd-train:5815,8,,development,96
shd,train,4710,2,shd-train:5816,11,,development,68
shd,train,9494,8,shd-train:5817,11,,development,79
shd,train,3096,2,shd-train:5818,18,,development,64
shd,train,7545,10,shd-train:5819,1,,development,64
shd,train,9133,1,shd-train:5820,12,,confirmation,87
shd,train,5396,0,shd-train:5821,5,,confirmation,84
shd,train,9066,3,shd-train:5822,17,,development,87
shd,train,5609,0,shd-train:5823,15,,confirmation,60
shd,train,4851,1,shd-train:5824,6,,confirmation,72
shd,train,8053,1,shd-train:5825,4,,confirmation,78
shd,train,7666,0,shd-train:5826,11,,confirmation,78
shd,train,8834,9,shd-train:5827,2,,development,60
shd,train,9174,1,shd-train:5828,10,,confirmation,73
shd,train,11179,9,shd-train:5829,5,,development,63
shd,train,8221,10,shd-train:5830,9,,development,57
shd,train,8713,0,shd-train:5831,10,,confirmation,63
shd,train,12452,9,shd-train:5832,9,,development,64
shd,train,10383,9,shd-train:5833,14,,development,69
shd,train,5605,0,shd-train:5834,8,,confirmation,62
shd,train,9302,0,shd-train:5835,9,,confirmation,76
shd,train,6840,2,shd-train:5836,17,,development,69
shd,train,12324,7,shd-train:5837,12,,development,106
shd,train,8710,8,shd-train:5838,12,,development,74
shd,train,5900,10,shd-train:5839,5,,development,56
shd,train,10146,11,shd-train:5840,1,,development,74
shd,train,5715,10,shd-train:5841,16,,development,75
shd,train,4675,10,shd-train:5842,6,,development,73
shd,train,10380,9,shd-train:5843,19,,development,61
shd,train,6479,0,shd-train:5844,0,,confirmation,80
shd,train,4851,2,shd-train:5845,11,,development,67
shd,train,11062,7,shd-train:5846,9,,development,67
shd,train,8173,0,shd-train:5847,10,,confirmation,59
shd,train,4367,2,shd-train:5848,8,,development,56
shd,train,9127,0,shd-train:5849,9,,confirmation,76
shd,train,9601,10,shd-train:5850,17,,development,83
shd,train,10803,9,shd-train:5851,5,,development,60
shd,train,6017,0,shd-train:5852,4,,confirmation,66
shd,train,5387,1,shd-train:5853,6,,confirmation,75
shd,train,13582,7,shd-train:5854,9,,development,78
shd,train,4772,3,shd-train:5855,12,,development,84
shd,train,6906,10,shd-train:5856,11,,development,76
shd,train,7362,6,shd-train:5857,15,,development,79
shd,train,6421,8,shd-train:5858,18,,development,68
shd,train,7116,1,shd-train:5859,2,,confirmation,63
shd,train,6732,11,shd-train:5860,16,,development,98
shd,train,8888,11,shd-train:5861,2,,development,77
shd,train,11063,11,shd-train:5862,11,,development,100
shd,train,14316,1,shd-train:5863,17,,confirmation,95
shd,train,7589,0,shd-train:5864,3,,confirmation,61
shd,train,9866,8,shd-train:5865,1,,development,60
shd,train,8226,9,shd-train:5866,18,,development,69
shd,train,11523,9,shd-train:5867,19,,development,66
shd,train,6641,10,shd-train:5868,15,,development,54
shd,train,9937,8,shd-train:5869,9,,development,57
shd,train,6794,11,shd-train:5870,19,,development,59
shd,train,10484,11,shd-train:5871,17,,development,96
shd,train,6279,10,shd-train:5872,2,,development,60
shd,train,9837,0,shd-train:5873,17,,confirmation,75
shd,train,4338,2,shd-train:5874,3,,development,58
shd,train,7792,8,shd-train:5875,9,,development,49
shd,train,5186,2,shd-train:5876,11,,development,71
shd,train,7676,0,shd-train:5877,1,,confirmation,68
shd,train,12683,9,shd-train:5878,13,,development,78
shd,train,6698,0,shd-train:5879,14,,confirmation,62
shd,train,8518,8,shd-train:5880,10,,development,64
shd,train,9150,1,shd-train:5881,19,,confirmation,62
shd,train,6013,7,shd-train:5882,6,,development,83
shd,train,12205,7,shd-train:5883,10,,development,102
shd,train,8270,0,shd-train:5884,1,,confirmation,69
shd,train,11717,9,shd-train:5885,0,,development,76
shd,train,3640,3,shd-train:5886,5,,development,61
shd,train,4974,6,shd-train:5887,4,,development,58
shd,train,5113,2,shd-train:5888,10,,development,55
shd,train,4940,3,shd-train:5889,16,,development,81
shd,train,9233,9,shd-train:5890,18,,development,62
shd,train,5640,2,shd-train:5891,0,,development,80
shd,train,5956,0,shd-train:5892,8,,confirmation,66
shd,train,9553,9,shd-train:5893,4,,development,61
shd,train,10116,11,shd-train:5894,17,,development,98
shd,train,11183,7,shd-train:5895,5,,development,80
shd,train,10557,11,shd-train:5896,9,,development,69
shd,train,5496,2,shd-train:5897,0,,development,82
shd,train,5840,2,shd-train:5898,17,,development,60
shd,train,6692,10,shd-train:5899,15,,development,62
shd,train,7883,8,shd-train:5900,5,,development,62
shd,train,5192,2,shd-train:5901,7,,development,70
shd,train,12657,7,shd-train:5902,17,,development,100
shd,train,8984,1,shd-train:5903,14,,confirmation,86
shd,train,5858,2,shd-train:5904,7,,development,74
shd,train,5872,0,shd-train:5905,4,,confirmation,64
shd,train,11579,7,shd-train:5906,9,,development,70
shd,train,6391,10,shd-train:5907,8,,development,57
shd,train,8517,11,shd-train:5908,19,,development,63
shd,train,7221,10,shd-train:5909,1,,development,61
shd,train,6181,11,shd-train:5910,18,,development,79
shd,train,5660,6,shd-train:5911,2,,development,51
shd,train,6186,11,shd-train:5912,16,,development,94
shd,train,9168,9,shd-train:5913,18,,development,72
shd,train,12378,9,shd-train:5914,12,,development,86
shd,train,6879,6,shd-train:5915,3,,development,57
shd,train,5988,6,shd-train:5916,0,,development,86
shd,train,9942,7,shd-train:5917,7,,development,77
shd,train,8299,0,shd-train:5918,3,,confirmation,70
shd,train,6245,8,shd-train:5919,16,,development,74
shd,train,7494,8,shd-train:5920,3,,development,59
shd,train,5764,3,shd-train:5921,14,,development,67
shd,train,7234,10,shd-train:5922,0,,development,81
shd,train,7228,1,shd-train:5923,3,,confirmation,52
shd,train,3885,2,shd-train:5924,2,,development,48
shd,train,8217,8,shd-train:5925,5,,development,56
shd,train,4796,2,shd-train:5926,12,,development,61
shd,train,6248,6,shd-train:5927,2,,development,64
shd,train,7239,1,shd-train:5928,8,,confirmation,60
shd,train,12917,1,shd-train:5929,17,,confirmation,90
shd,train,5269,3,shd-train:5930,5,,development,59
shd,train,6444,1,shd-train:5931,18,,confirmation,83
shd,train,12716,7,shd-train:5932,9,,development,77
shd,train,6981,10,shd-train:5933,10,,development,65
shd,train,6154,10,shd-train:5934,2,,development,56
shd,train,3154,3,shd-train:5935,18,,development,65
shd,train,4096,2,shd-train:5936,8,,development,57
shd,train,4972,2,shd-train:5937,14,,development,48
shd,train,10507,11,shd-train:5938,1,,development,75
shd,train,10850,11,shd-train:5939,10,,development,84
shd,train,9001,3,shd-train:5940,17,,development,85
shd,train,11561,11,shd-train:5941,13,,development,82
shd,train,8766,0,shd-train:5942,10,,confirmation,65
shd,train,12119,9,shd-train:5943,19,,development,70
shd,train,6669,0,shd-train:5944,12,,confirmation,71
shd,train,5528,2,shd-train:5945,12,,development,69
shd,train,10125,8,shd-train:5946,0,,development,72
shd,train,10527,7,shd-train:5947,14,,development,84
shd,train,3414,2,shd-train:5948,4,,development,56
shd,train,5050,3,shd-train:5949,16,,development,86
shd,train,8007,0,shd-train:5950,19,,confirmation,61
shd,train,7162,3,shd-train:5951,14,,development,71
shd,train,7310,7,shd-train:5952,16,,development,105
shd,train,5406,3,shd-train:5953,6,,development,82
shd,train,6537,2,shd-train:5954,17,,development,69
shd,train,12027,7,shd-train:5955,1,,development,73
shd,train,5395,3,shd-train:5956,10,,development,72
shd,train,7086,0,shd-train:5957,16,,confirmation,75
shd,train,7792,1,shd-train:5958,7,,confirmation,72
shd,train,8337,0,shd-train:5959,9,,confirmation,65
shd,train,4763,2,shd-train:5960,7,,development,63
shd,train,6208,2,shd-train:5961,9,,development,73
shd,train,9959,1,shd-train:5962,19,,confirmation,70
shd,train,10885,1,shd-train:5963,9,,confirmation,73
shd,train,9177,1,shd-train:5964,7,,confirmation,78
shd,train,6510,1,shd-train:5965,5,,confirmation,64
shd,train,9762,11,shd-train:5966,5,,development,82
shd,train,8506,10,shd-train:5967,7,,development,78
shd,train,4543,0,shd-train:5968,5,,confirmation,55
shd,train,11487,1,shd-train:5969,19,,confirmation,80
shd,train,11648,1,shd-train:5970,0,,confirmation,88
shd,train,5073,1,shd-train:5971,6,,confirmation,73
shd,train,8954,8,shd-train:5972,1,,development,58
shd,train,8226,0,shd-train:5973,17,,confirmation,67
shd,train,3090,2,shd-train:5974,6,,development,61
shd,train,6263,10,shd-train:5975,4,,development,55
shd,train,8189,10,shd-train:5976,7,,development,74
shd,train,6846,10,shd-train:5977,11,,development,71
shd,train,7501,11,shd-train:5978,15,,development,72
shd,train,8723,11,shd-train:5979,17,,development,91
shd,train,10114,7,shd-train:5980,14,,development,78
shd,train,12028,11,shd-train:5981,0,,development,103
shd,train,5337,6,shd-train:5982,1,,development,54
shd,train,5423,0,shd-train:5983,5,,confirmation,81
shd,train,7473,0,shd-train:5984,19,,confirmation,59
shd,train,12655,9,shd-train:5985,0,,development,78
shd,train,4529,3,shd-train:5986,13,,development,79
shd,train,8047,7,shd-train:5987,18,,development,91
shd,train,5839,0,shd-train:5988,15,,confirmation,71
shd,train,12807,7,shd-train:5989,11,,development,113
shd,train,3211,6,shd-train:5990,18,,development,45
shd,train,6458,11,shd-train:5991,19,,development,54
shd,train,6980,8,shd-train:5992,8,,development,55
shd,train,9225,0,shd-train:5993,19,,confirmation,68
shd,train,8533,8,shd-train:5994,17,,development,70
shd,train,6002,0,shd-train:5995,12,,confirmation,66
shd,train,12154,9,shd-train:5996,9,,development,60
shd,train,12396,9,shd-train:5997,17,,development,77
shd,train,10952,8,shd-train:5998,13,,development,72
shd,train,11065,9,shd-train:5999,1,,development,62
shd,train,4288,2,shd-train:6000,8,,development,60
shd,train,13148,9,shd-train:6001,13,,development,79
shd,train,7990,11,shd-train:6002,15,,development,86
shd,train,9965,9,shd-train:6003,14,,development,65
shd,train,8803,0,shd-train:6004,9,,confirmation,75
shd,train,7427,0,shd-train:6005,7,,confirmation,72
shd,train,9318,1,shd-train:6006,1,,confirmation,65
shd,train,6664,6,shd-train:6007,7,,development,59
shd,train,10775,9,shd-train:6008,10,,development,70
shd,train,5911,1,shd-train:6009,18,,confirmation,77
shd,train,13009,1,shd-train:6010,17,,confirmation,90
shd,train,6622,6,shd-train:6011,7,,development,58
shd,train,9522,7,shd-train:6012,15,,development,77
shd,train,11373,7,shd-train:6013,5,,development,95
shd,train,3406,2,shd-train:6014,6,,development,68
shd,train,6227,2,shd-train:6015,0,,development,87
shd,train,6532,10,shd-train:6016,15,,development,55
shd,train,3682,2,shd-train:6017,4,,development,65
shd,train,9856,1,shd-train:6018,12,,confirmation,87
shd,train,10639,11,shd-train:6019,10,,development,82
shd,train,4921,10,shd-train:6020,6,,development,73
shd,train,7008,1,shd-train:6021,2,,confirmation,60
shd,train,7167,0,shd-train:6022,13,,confirmation,67
shd,train,9347,8,shd-train:6023,1,,development,57
shd,train,10188,1,shd-train:6024,9,,confirmation,71
shd,train,9537,1,shd-train:6025,0,,confirmation,85
shd,train,6509,2,shd-train:6026,10,,development,62
shd,train,4956,2,shd-train:6027,12,,development,62
shd,train,4844,8,shd-train:6028,6,,development,58
shd,train,7115,1,shd-train:6029,8,,confirmation,57
shd,train,3175,2,shd-train:6030,6,,development,62
shd,train,5571,2,shd-train:6031,13,,development,59
shd,train,5009,3,shd-train:6032,15,,development,57
shd,train,11152,7,shd-train:6033,17,,development,125
shd,train,10812,7,shd-train:6034,1,,development,67
shd,train,7673,0,shd-train:6035,1,,confirmation,69
shd,train,6822,3,shd-train:6036,19,,development,66
shd,train,4814,0,shd-train:6037,18,,confirmation,70
shd,train,9648,11,shd-train:6038,12,,development,91
shd,train,5873,9,shd-train:6039,6,,development,76
shd,train,5441,1,shd-train:6040,18,,confirmation,76
shd,train,6343,8,shd-train:6041,8,,development,57
shd,train,8672,0,shd-train:6042,10,,confirmation,62
shd,train,4787,3,shd-train:6043,6,,development,78
shd,train,7531,10,shd-train:6044,1,,development,64
shd,train,8187,1,shd-train:6045,14,,confirmation,76
shd,train,7210,1,shd-train:6046,15,,confirmation,75
shd,train,6532,9,shd-train:6047,6,,development,85
shd,train,5961,0,shd-train:6048,4,,confirmation,68
shd,train,11035,7,shd-train:6049,0,,development,83
shd,train,8591,1,shd-train:6050,7,,confirmation,73
shd,train,5023,2,shd-train:6051,16,,development,72
shd,train,9833,11,shd-train:6052,17,,development,92
shd,train,9277,8,shd-train:6053,12,,development,78
shd,train,6206,0,shd-train:6054,11,,confirmation,71
shd,train,10384,11,shd-train:6055,7,,development,94
shd,train,3648,2,shd-train:6056,18,,development,61
shd,train,4179,0,shd-train:6057,6,,confirmation,78
shd,train,4758,3,shd-train:6058,13,,development,80
shd,train,6804,0,shd-train:6059,13,,confirmation,63
shd,train,8890,1,shd-train:6060,11,,confirmation,82
shd,train,7901,1,shd-train:6061,15,,confirmation,86
shd,train,6381,6,shd-train:6062,3,,development,50
shd,train,5090,8,shd-train:6063,6,,development,67
shd,train,10504,9,shd-train:6064,4,,development,69
shd,train,4850,2,shd-train:6065,11,,development,66
shd,train,7092,0,shd-train:6066,14,,confirmation,67
shd,train,6123,1,shd-train:6067,5,,confirmation,59
shd,train,7326,1,shd-train:6068,15,,confirmation,79
shd,train,13065,1,shd-train:6069,17,,confirmation,93
shd,train,11972,7,shd-train:6070,10,,development,91
shd,train,6477,10,shd-train:6071,8,,development,59
shd,train,7438,8,shd-train:6072,8,,development,62
shd,train,9079,0,shd-train:6073,9,,confirmation,75
shd,train,3115,2,shd-train:6074,4,,development,55
shd,train,5332,10,shd-train:6075,18,,development,69
shd,train,6271,6,shd-train:6076,0,,development,85
shd,train,5670,0,shd-train:6077,2,,confirmation,51
shd,train,9621,11,shd-train:6078,14,,development,91
shd,train,4863,3,shd-train:6079,5,,development,61
shd,train,11473,7,shd-train:6080,10,,development,94
shd,train,5043,1,shd-train:6081,6,,confirmation,63
shd,train,12486,7,shd-train:6082,9,,development,78
shd,train,9474,10,shd-train:6083,17,,development,82
shd,train,6809,10,shd-train:6084,4,,development,65
shd,train,7577,8,shd-train:6085,3,,development,60
shd,train,11009,7,shd-train:6086,0,,development,74
shd,train,6810,10,shd-train:6087,13,,development,70
shd,train,9007,1,shd-train:6088,9,,confirmation,65
shd,train,6875,10,shd-train:6089,3,,development,57
shd,train,8191,11,shd-train:6090,11,,development,87
shd,train,6580,1,shd-train:6091,18,,confirmation,80
shd,train,8734,10,shd-train:6092,19,,development,63
shd,train,6675,8,shd-train:6093,18,,development,68
shd,train,5218,6,shd-train:6094,5,,development,59
shd,train,6198,6,shd-train:6095,12,,development,78
shd,train,12411,9,shd-train:6096,9,,development,63
shd,train,4796,3,shd-train:6097,13,,development,80
shd,train,8118,7,shd-train:6098,18,,development,89
shd,train,5782,3,shd-train:6099,11,,development,87
shd,train,7092,0,shd-train:6100,13,,confirmation,64
shd,train,9306,9,shd-train:6101,2,,development,62
shd,train,7056,0,shd-train:6102,0,,confirmation,83
shd,train,7233,1,shd-train:6103,2,,confirmation,64
shd,train,3892,3,shd-train:6104,18,,development,80
shd,train,8292,11,shd-train:6105,11,,development,104
shd,train,5273,2,shd-train:6106,10,,development,59
shd,train,4386,0,shd-train:6107,6,,confirmation,77
shd,train,9727,7,shd-train:6108,15,,development,82
shd,train,8975,7,shd-train:6109,7,,development,71
shd,train,9137,7,shd-train:6110,2,,development,82
shd,train,5443,2,shd-train:6111,11,,development,69
shd,train,11309,6,shd-train:6112,17,,development,83
shd,train,6328,1,shd-train:6113,5,,confirmation,59
shd,train,6526,10,shd-train:6114,8,,development,59
shd,train,9426,11,shd-train:6115,10,,development,76
shd,train,10536,9,shd-train:6116,3,,development,66
shd,train,6034,7,shd-train:6117,6,,development,87
shd,train,9795,8,shd-train:6118,0,,development,68
shd,train,4162,2,shd-train:6119,15,,development,53
shd,train,9713,11,shd-train:6120,5,,development,78
shd,train,6949,6,shd-train:6121,3,,development,52
shd,train,10427,11,shd-train:6122,3,,development,92
shd,train,7068,9,shd-train:6123,16,,development,73
shd,train,8883,1,shd-train:6124,14,,confirmation,84
shd,train,10605,9,shd-train:6125,14,,development,69
shd,train,10350,11,shd-train:6126,1,,development,76
shd,train,8386,7,shd-train:6127,2,,development,62
shd,train,11647,7,shd-train:6128,0,,development,85
shd,train,11356,1,shd-train:6129,0,,confirmation,84
shd,train,5323,2,shd-train:6130,10,,development,58
shd,train,7670,6,shd-train:6131,11,,development,89
shd,train,10060,7,shd-train:6132,4,,development,75
shd,train,12689,7,shd-train:6133,13,,development,98
shd,train,8222,9,shd-train:6134,18,,development,56
shd,train,3507,2,shd-train:6135,5,,development,55
shd,train,7433,1,shd-train:6136,5,,confirmation,71
shd,train,5960,10,shd-train:6137,4,,development,50
shd,train,5402,6,shd-train:6138,4,,development,60
shd,train,6581,7,shd-train:6139,6,,development,88
shd,train,6146,3,shd-train:6140,5,,development,60
shd,train,3220,3,shd-train:6141,18,,development,61
shd,train,5143,0,shd-train:6142,15,,confirmation,47
shd,train,9795,7,shd-train:6143,1,,development,60
shd,train,7999,3,shd-train:6144,3,,development,67
shd,train,10363,0,shd-train:6145,17,,confirmation,76
shd,train,11603,9,shd-train:6146,0,,development,76
shd,train,9517,10,shd-train:6147,17,,development,79
shd,train,7723,6,shd-train:6148,14,,development,68
shd,train,10035,8,shd-train:6149,17,,development,86
shd,train,6355,8,shd-train:6150,16,,development,76
shd,train,4056,0,shd-train:6151,6,,confirmation,79
shd,train,5684,10,shd-train:6152,5,,development,55
shd,train,5419,3,shd-train:6153,0,,development,84
shd,train,8074,7,shd-train:6154,18,,development,91
shd,train,10107,7,shd-train:6155,14,,development,83
shd,train,13533,7,shd-train:6156,11,,development,121
shd,train,11250,9,shd-train:6157,19,,development,65
shd,train,6486,8,shd-train:6158,14,,development,55
shd,train,8630,0,shd-train:6159,19,,confirmation,65
shd,train,9418,0,shd-train:6160,19,,confirmation,69
shd,train,6976,10,shd-train:6161,1,,development,61
shd,train,7355,1,shd-train:6162,15,,confirmation,67
shd,train,6951,8,shd-train:6163,15,,development,65
shd,train,4728,10,shd-train:6164,6,,development,72
shd,train,10864,11,shd-train:6165,5,,development,77
shd,train,4823,3,shd-train:6166,11,,development,95
shd,train,3128,2,shd-train:6167,6,,development,59
shd,train,8325,10,shd-train:6168,7,,development,75
shd,train,8339,7,shd-train:6169,4,,development,65
shd,train,6815,0,shd-train:6170,7,,confirmation,72
shd,train,7331,9,shd-train:6171,16,,development,73
shd,train,9430,0,shd-train:6172,9,,confirmation,75
shd,train,4515,2,shd-train:6173,1,,development,58
shd,train,10384,9,shd-train:6174,14,,development,70
shd,train,13142,7,shd-train:6175,12,,development,107
shd,train,4767,0,shd-train:6176,18,,confirmation,71
shd,train,7606,0,shd-train:6177,7,,confirmation,77
shd,train,3732,2,shd-train:6178,18,,development,66
shd,train,8904,8,shd-train:6179,9,,development,54
shd,train,7208,11,shd-train:6180,18,,development,90
shd,train,8515,8,shd-train:6181,10,,development,64
shd,train,4426,2,shd-train:6182,11,,development,65
shd,train,5088,6,shd-train:6183,8,,development,53
shd,train,11964,7,shd-train:6184,5,,development,91
shd,train,9014,0,shd-train:6185,10,,confirmation,64
shd,train,4726,6,shd-train:6186,8,,development,44
shd,train,4082,2,shd-train:6187,8,,development,56
shd,train,8403,0,shd-train:6188,19,,confirmation,63
shd,train,7653,0,shd-train:6189,1,,confirmation,65
shd,train,10813,11,shd-train:6190,12,,development,96
shd,train,6398,2,shd-train:6191,19,,development,60
shd,train,7965,10,shd-train:6192,19,,development,62
shd,train,9006,11,shd-train:6193,10,,development,72
shd,train,5620,2,shd-train:6194,10,,development,59
shd,train,11716,9,shd-train:6195,11,,development,87
shd,train,3650,2,shd-train:6196,2,,development,49
shd,train,5272,10,shd-train:6197,18,,development,66
shd,train,5371,2,shd-train:6198,10,,development,57
shd,train,10031,9,shd-train:6199,4,,development,72
shd,train,5062,3,shd-train:6200,13,,development,81
shd,train,8442,0,shd-train:6201,10,,confirmation,62
shd,train,10550,7,shd-train:6202,7,,development,77
shd,train,10662,1,shd-train:6203,9,,confirmation,80
shd,train,7301,10,shd-train:6204,10,,development,70
shd,train,9474,11,shd-train:6205,14,,development,93
shd,train,8840,7,shd-train:6206,15,,development,77
shd,train,5236,8,shd-train:6207,18,,development,49
shd,train,9693,7,shd-train:6208,14,,development,79
shd,train,11966,9,shd-train:6209,7,,development,75
shd,train,10079,1,shd-train:6210,9,,confirmation,73
shd,train,5482,10,shd-train:6211,5,,development,58
shd,train,4850,8,shd-train:6212,6,,development,65
shd,train,7230,6,shd-train:6213,9,,development,55
shd,train,7111,6,shd-train:6214,13,,development,81
shd,train,7366,8,shd-train:6215,5,,development,50
shd,train,4978,3,shd-train:6216,11,,development,90
shd,train,10134,11,shd-train:6217,17,,development,92
shd,train,10550,11,shd-train:6218,11,,development,116
shd,train,4201,2,shd-train:6219,15,,development,48
shd,train,5729,0,shd-train:6220,15,,confirmation,57
shd,train,7748,10,shd-train:6221,9,,development,48
shd,train,8167,10,shd-train:6222,9,,development,57
shd,train,6536,3,shd-train:6223,14,,development,76
shd,train,10452,11,shd-train:6224,5,,development,80
shd,train,9880,7,shd-train:6225,7,,development,79
shd,train,10702,11,shd-train:6226,5,,development,87
shd,train,6340,6,shd-train:6227,0,,development,92
shd,train,2615,2,shd-train:6228,5,,development,60
shd,train,7726,0,shd-train:6229,1,,confirmation,71
shd,train,9290,8,shd-train:6230,12,,development,74
shd,train,8748,11,shd-train:6231,8,,development,85
shd,train,7088,8,shd-train:6232,8,,development,55
shd,train,5416,3,shd-train:6233,4,,development,61
shd,train,9902,11,shd-train:6234,11,,development,99
shd,train,6825,10,shd-train:6235,15,,development,65
shd,train,6206,8,shd-train:6236,16,,development,68
shd,train,12968,1,shd-train:6237,17,,confirmation,89
shd,train,7074,10,shd-train:6238,11,,development,76
shd,train,4642,0,shd-train:6239,18,,confirmation,69
shd,train,7642,1,shd-train:6240,7,,confirmation,67
shd,train,3564,3,shd-train:6241,18,,development,67
shd,train,5956,6,shd-train:6242,2,,development,52
shd,train,7564,1,shd-train:6243,11,,confirmation,82
shd,train,8663,0,shd-train:6244,17,,confirmation,71
shd,train,5286,0,shd-train:6245,5,,confirmation,81
shd,train,6421,0,shd-train:6246,6,,confirmation,74
shd,train,7151,0,shd-train:6247,15,,confirmation,64
shd,train,7345,0,shd-train:6248,0,,confirmation,84
shd,train,7585,11,shd-train:6249,18,,development,90
shd,train,3633,6,shd-train:6250,18,,development,40
shd,train,7228,6,shd-train:6251,12,,development,79
shd,train,8578,11,shd-train:6252,19,,development,67
shd,train,3983,2,shd-train:6253,7,,development,60
shd,train,6803,8,shd-train:6254,2,,development,55
shd,train,7990,10,shd-train:6255,13,,development,75
shd,train,13602,9,shd-train:6256,11,,development,93
shd,train,8040,3,shd-train:6257,19,,development,72
shd,train,9339,1,shd-train:6258,4,,confirmation,78
shd,train,9674,9,shd-train:6259,2,,development,63
shd,train,10139,11,shd-train:6260,3,,development,78
shd,train,6305,10,shd-train:6261,15,,development,55
shd,train,6873,10,shd-train:6262,3,,development,57
shd,train,10971,1,shd-train:6263,9,,confirmation,72
shd,train,7575,10,shd-train:6264,14,,development,66
shd,train,9110,8,shd-train:6265,1,,development,57
shd,train,3386,2,shd-train:6266,18,,development,65
shd,train,9651,7,shd-train:6267,15,,development,99
shd,train,10644,1,shd-train:6268,19,,confirmation,78
shd,train,3929,3,shd-train:6269,18,,development,79
shd,train,2994,2,shd-train:6270,4,,development,61
shd,train,4736,2,shd-train:6271,7,,development,69
shd,train,8715,0,shd-train:6272,19,,confirmation,63
shd,train,3509,2,shd-train:6273,18,,development,64
shd,train,5310,6,shd-train:6274,4,,development,58
shd,train,6961,10,shd-train:6275,11,,development,79
shd,train,6076,1,shd-train:6276,5,,confirmation,73
shd,train,11327,8,shd-train:6277,19,,development,73
shd,train,8840,1,shd-train:6278,14,,confirmation,70
shd,train,4394,3,shd-train:6279,11,,development,89
shd,train,5583,6,shd-train:6280,2,,development,51
shd,train,4853,2,shd-train:6281,3,,development,60
shd,train,9095,9,shd-train:6282,3,,development,59
shd,train,6586,0,shd-train:6283,16,,confirmation,73
shd,train,8742,11,shd-train:6284,13,,development,72
shd,train,7868,8,shd-train:6285,14,,development,58
shd,train,6969,8,shd-train:6286,8,,development,51
shd,train,6851,0,shd-train:6287,12,,confirmation,64
shd,train,6396,1,shd-train:6288,8,,confirmation,59
shd,train,11275,9,shd-train:6289,12,,development,78
shd,train,8113,1,shd-train:6290,3,,confirmation,70
shd,train,12262,9,shd-train:6291,13,,development,74
shd,train,8993,11,shd-train:6292,14,,development,82
shd,train,7873,2,shd-train:6293,19,,development,67
shd,train,6789,8,shd-train:6294,16,,development,74
shd,train,6108,6,shd-train:6295,2,,development,53
shd,train,7354,3,shd-train:6296,3,,development,69
shd,train,8405,10,shd-train:6297,19,,development,62
shd,train,10145,7,shd-train:6298,14,,development,88
shd,train,6839,10,shd-train:6299,2,,development,61
shd,train,10805,1,shd-train:6300,13,,confirmation,80
shd,train,8304,8,shd-train:6301,9,,development,51
shd,train,7384,8,shd-train:6302,14,,development,64
shd,train,11573,1,shd-train:6303,9,,confirmation,75
shd,train,7053,1,shd-train:6304,15,,confirmation,61
shd,train,6963,9,shd-train:6305,6,,development,80
shd,train,8740,1,shd-train:6306,16,,confirmation,90
shd,train,5088,3,shd-train:6307,15,,development,57
shd,train,8566,10,shd-train:6308,19,,development,64
shd,train,11160,7,shd-train:6309,0,,development,82
shd,train,7398,1,shd-train:6310,2,,confirmation,60
shd,train,7082,6,shd-train:6311,3,,development,61
shd,train,10282,1,shd-train:6312,9,,confirmation,70
shd,train,8969,8,shd-train:6313,10,,development,66
shd,train,10080,1,shd-train:6314,13,,confirmation,86
shd,train,9423,11,shd-train:6315,12,,development,88
shd,train,7323,10,shd-train:6316,14,,development,69
shd,train,13467,7,shd-train:6317,17,,development,98
shd,train,12190,9,shd-train:6318,19,,development,77
shd,train,8104,11,shd-train:6319,14,,development,70
shd,train,6608,11,shd-train:6320,16,,development,94
shd,train,6557,9,shd-train:6321,6,,development,74
shd,train,8690,10,shd-train:6322,17,,development,78
shd,train,10438,11,shd-train:6323,9,,development,70
shd,train,7871,9,shd-train:6324,16,,development,85
shd,train,10638,9,shd-train:6325,14,,development,71
shd,train,9994,8,shd-train:6326,13,,development,73
shd,train,7042,10,shd-train:6327,13,,development,71
shd,train,8345,0,shd-train:6328,1,,confirmation,71
shd,train,9141,9,shd-train:6329,2,,development,60
shd,train,8788,7,shd-train:6330,3,,development,76
shd,train,7036,8,shd-train:6331,2,,development,56
shd,train,5026,3,shd-train:6332,4,,development,61
shd,train,7858,0,shd-train:6333,19,,confirmation,63
shd,train,4302,2,shd-train:6334,2,,development,51
shd,train,6510,10,shd-train:6335,2,,development,59
shd,train,7732,0,shd-train:6336,3,,confirmation,63
shd,train,11233,11,shd-train:6337,9,,development,78
shd,train,3964,3,shd-train:6338,18,,development,81
shd,train,12495,1,shd-train:6339,13,,confirmation,87
shd,train,4278,2,shd-train:6340,3,,development,59
shd,train,12986,1,shd-train:6341,17,,confirmation,92
shd,train,6100,2,shd-train:6342,0,,development,83
shd,train,4418,2,shd-train:6343,8,,development,59
shd,train,13460,1,shd-train:6344,17,,confirmation,93
shd,train,10722,9,shd-train:6345,5,,development,58
shd,train,5195,1,shd-train:6346,18,,confirmation,77
shd,train,13039,7,shd-train:6347,9,,development,76
shd,train,9776,7,shd-train:6348,8,,development,69
shd,train,8092,7,shd-train:6349,18,,development,92
shd,train,5438,3,shd-train:6350,6,,development,84
shd,train,10627,11,shd-train:6351,13,,development,79
shd,train,8180,0,shd-train:6352,7,,confirmation,88
shd,train,11250,11,shd-train:6353,10,,development,87
shd,train,6156,3,shd-train:6354,15,,development,70
shd,train,9417,1,shd-train:6355,1,,confirmation,68
shd,train,5703,6,shd-train:6356,3,,development,39
shd,train,4884,2,shd-train:6357,14,,development,52
shd,train,4665,3,shd-train:6358,1,,development,57
shd,train,10431,1,shd-train:6359,9,,confirmation,65
shd,train,6232,0,shd-train:6360,15,,confirmation,63
shd,train,9668,10,shd-train:6361,17,,development,84
shd,train,7228,10,shd-train:6362,2,,development,65
shd,train,6049,3,shd-train:6363,8,,development,64
shd,train,11242,11,shd-train:6364,11,,development,104
shd,train,10770,8,shd-train:6365,13,,development,72
shd,train,9370,11,shd-train:6366,4,,development,84
shd,train,7264,0,shd-train:6367,13,,confirmation,67
shd,train,10292,11,shd-train:6368,5,,development,79
shd,train,4924,8,shd-train:6369,6,,development,66
shd,train,8202,1,shd-train:6370,15,,confirmation,73
shd,train,4925,6,shd-train:6371,5,,development,59
shd,train,11794,8,shd-train:6372,13,,development,77
shd,train,5507,1,shd-train:6373,6,,confirmation,74
shd,train,8474,9,shd-train:6374,2,,development,60
shd,train,9846,8,shd-train:6375,7,,development,73
shd,train,9504,9,shd-train:6376,15,,development,71
shd,train,9329,1,shd-train:6377,11,,confirmation,91
shd,train,4328,2,shd-train:6378,16,,development,66
shd,train,6306,8,shd-train:6379,15,,development,59
shd,train,8032,11,shd-train:6380,8,,development,82
shd,train,8940,8,shd-train:6381,11,,development,77
shd,train,9138,3,shd-train:6382,17,,development,89
shd,train,6193,0,shd-train:6383,8,,confirmation,68
shd,train,5144,2,shd-train:6384,14,,development,58
shd,train,7897,1,shd-train:6385,7,,confirmation,72
shd,train,9161,6,shd-train:6386,19,,development,68
shd,train,6693,1,shd-train:6387,5,,confirmation,62
shd,train,4743,3,shd-train:6388,1,,development,59
shd,train,6624,0,shd-train:6389,4,,confirmation,77
shd,train,10315,9,shd-train:6390,5,,development,59
shd,train,9073,0,shd-train:6391,17,,confirmation,78
shd,train,10414,9,shd-train:6392,14,,development,67
shd,train,4852,2,shd-train:6393,12,,development,68
shd,train,6224,3,shd-train:6394,14,,development,74
shd,train,7279,3,shd-train:6395,3,,development,68
shd,train,6399,1,shd-train:6396,18,,confirmation,77
shd,train,11417,7,shd-train:6397,12,,development,96
shd,train,8300,8,shd-train:6398,5,,development,62
shd,train,10097,1,shd-train:6399,0,,confirmation,76
shd,train,8417,8,shd-train:6400,12,,development,69
shd,train,8667,11,shd-train:6401,14,,development,92
shd,train,6733,8,shd-train:6402,15,,development,55
shd,train,6024,10,shd-train:6403,4,,development,56
shd,train,9059,1,shd-train:6404,0,,confirmation,86
shd,train,13484,1,shd-train:6405,13,,confirmation,96
shd,train,3869,2,shd-train:6406,18,,development,65
shd,train,4052,2,shd-train:6407,15,,development,46
shd,train,7870,11,shd-train:6408,15,,development,70
shd,train,7824,2,shd-train:6409,9,,development,77
shd,train,11555,1,shd-train:6410,0,,confirmation,79
shd,train,5872,6,shd-train:6411,0,,development,78
shd,train,11837,7,shd-train:6412,5,,development,101
shd,train,10014,11,shd-train:6413,17,,development,94
shd,train,6516,11,shd-train:6414,16,,development,95
shd,train,5943,2,shd-train:6415,10,,development,61
shd,train,6294,6,shd-train:6416,3,,development,47
shd,train,7069,9,shd-train:6417,16,,development,71
shd,train,11357,0,shd-train:6418,17,,confirmation,86
shd,train,11814,7,shd-train:6419,10,,development,88
shd,train,5670,3,shd-train:6420,10,,development,73
shd,train,11805,9,shd-train:6421,17,,development,76
shd,train,6589,9,shd-train:6422,6,,development,74
shd,train,5798,0,shd-train:6423,5,,confirmation,81
shd,train,8483,1,shd-train:6424,3,,confirmation,71
shd,train,3554,2,shd-train:6425,18,,development,58
shd,train,6770,8,shd-train:6426,18,,development,67
shd,train,7053,10,shd-train:6427,10,,development,63
shd,train,5525,2,shd-train:6428,14,,development,55
shd,train,6430,1,shd-train:6429,5,,confirmation,60
shd,train,4573,0,shd-train:6430,6,,confirmation,82
shd,train,4541,3,shd-train:6431,12,,development,85
shd,train,9494,9,shd-train:6432,14,,development,67
shd,train,7595,7,shd-train:6433,18,,development,96
shd,train,6243,6,shd-train:6434,13,,development,76
shd,train,10041,11,shd-train:6435,12,,development,90
shd,train,11456,9,shd-train:6436,0,,development,74
shd,train,6327,3,shd-train:6437,2,,development,67
shd,train,8647,3,shd-train:6438,17,,development,88
shd,train,11789,11,shd-train:6439,10,,development,88
shd,train,8817,0,shd-train:6440,0,,confirmation,83
shd,train,10481,11,shd-train:6441,4,,development,91
shd,train,12783,9,shd-train:6442,13,,development,88
shd,train,10080,8,shd-train:6443,0,,development,82
shd,train,6771,6,shd-train:6444,3,,development,58
shd,train,3587,2,shd-train:6445,18,,development,64
shd,train,12878,11,shd-train:6446,13,,development,92
shd,train,8274,8,shd-train:6447,4,,development,61
shd,train,9675,8,shd-train:6448,0,,development,68
shd,train,6346,6,shd-train:6449,3,,development,50
shd,train,6026,3,shd-train:6450,4,,development,61
shd,train,10333,1,shd-train:6451,13,,confirmation,81
shd,train,11970,9,shd-train:6452,1,,development,66
shd,train,7711,7,shd-train:6453,16,,development,104
shd,train,5933,3,shd-train:6454,10,,development,74
shd,train,7236,0,shd-train:6455,11,,confirmation,76
shd,train,10469,0,shd-train:6456,17,,confirmation,77
shd,train,10577,8,shd-train:6457,13,,development,72
shd,train,6260,10,shd-train:6458,4,,development,55
shd,train,7410,8,shd-train:6459,8,,development,58
shd,train,4508,6,shd-train:6460,5,,development,61
shd,train,5705,3,shd-train:6461,16,,development,88
shd,train,5601,6,shd-train:6462,15,,development,52
shd,train,11540,7,shd-train:6463,0,,development,85
shd,train,8285,11,shd-train:6464,15,,development,71
shd,train,8781,8,shd-train:6465,10,,development,66
shd,train,8750,11,shd-train:6466,17,,development,82
shd,train,11532,8,shd-train:6467,0,,development,75
shd,train,11754,9,shd-train:6468,13,,development,75
shd,train,12456,7,shd-train:6469,12,,development,105
shd,train,8006,11,shd-train:6470,15,,development,71
shd,train,6527,10,shd-train:6471,2,,development,58
shd,train,7275,6,shd-train:6472,14,,development,58
shd,train,5714,2,shd-train:6473,0,,development,76
shd,train,4347,2,shd-train:6474,2,,development,52
shd,train,8870,1,shd-train:6475,7,,confirmation,71
shd,train,5856,10,shd-train:6476,16,,development,79
shd,train,4710,3,shd-train:6477,16,,development,81
shd,train,8344,10,shd-train:6478,7,,development,84
shd,train,9829,8,shd-train:6479,17,,development,78
shd,train,5922,10,shd-train:6480,5,,development,58
shd,train,8298,11,shd-train:6481,11,,development,84
shd,train,9420,8,shd-train:6482,12,,development,78
shd,train,7242,2,shd-train:6483,19,,development,69
shd,train,4635,2,shd-train:6484,14,,development,54
shd,train,7911,2,shd-train:6485,9,,development,78
shd,train,6950,0,shd-train:6486,4,,confirmation,83
shd,train,2999,2,shd-train:6487,18,,development,61
shd,train,8928,11,shd-train:6488,2,,development,80
shd,train,4704,2,shd-train:6489,3,,development,55
shd,train,7976,0,shd-train:6490,1,,confirmation,66
shd,train,8709,9,shd-train:6491,8,,development,58
shd,train,10893,7,shd-train:6492,0,,development,82
shd,train,4584,3,shd-train:6493,5,,development,58
shd,train,8325,0,shd-train:6494,1,,confirmation,73
shd,train,6594,11,shd-train:6495,19,,development,53
shd,train,8701,10,shd-train:6496,19,,development,64
shd,train,5097,10,shd-train:6497,6,,development,74
shd,train,4938,2,shd-train:6498,13,,development,59
shd,train,6608,10,shd-train:6499,15,,development,57
shd,train,12078,7,shd-train:6500,12,,development,99
shd,train,9660,9,shd-train:6501,4,,development,70
shd,train,6158,0,shd-train:6502,14,,confirmation,49
shd,train,3401,2,shd-train:6503,1,,development,59
shd,train,3989,2,shd-train:6504,15,,development,47
shd,train,6573,10,shd-train:6505,4,,development,61
shd,train,7423,0,shd-train:6506,7,,confirmation,81
shd,train,12868,7,shd-train:6507,9,,development,75
shd,train,8579,8,shd-train:6508,9,,development,52
shd,train,9421,1,shd-train:6509,11,,confirmation,86
shd,train,9699,8,shd-train:6510,13,,development,71
shd,train,4788,2,shd-train:6511,10,,development,56
shd,train,4008,3,shd-train:6512,6,,development,61
shd,train,6939,2,shd-train:6513,0,,development,87
shd,train,6947,3,shd-train:6514,14,,development,80
shd,train,5267,3,shd-train:6515,15,,development,59
shd,train,12516,7,shd-train:6516,13,,development,93
shd,train,9284,11,shd-train:6517,19,,development,72
shd,train,9189,9,shd-train:6518,18,,development,71
shd,train,6729,1,shd-train:6519,5,,confirmation,70
shd,train,7645,10,shd-train:6520,13,,development,73
shd,train,8069,8,shd-train:6521,14,,development,66
shd,train,11477,9,shd-train:6522,7,,development,71
shd,train,9249,0,shd-train:6523,9,,confirmation,77
shd,train,9256,8,shd-train:6524,10,,development,69
shd,train,4889,3,shd-train:6525,13,,development,77
shd,train,4137,0,shd-train:6526,6,,confirmation,77
shd,train,6233,8,shd-train:6527,16,,development,70
shd,train,7641,6,shd-train:6528,10,,development,77
shd,train,9572,0,shd-train:6529,19,,confirmation,68
shd,train,6731,8,shd-train:6530,8,,development,51
shd,train,12461,9,shd-train:6531,17,,development,81
shd,train,10101,11,shd-train:6532,17,,development,94
shd,train,5399,0,shd-train:6533,8,,confirmation,62
shd,train,8018,0,shd-train:6534,9,,confirmation,68
shd,train,6812,10,shd-train:6535,2,,development,61
shd,train,6417,11,shd-train:6536,16,,development,97
shd,train,6659,2,shd-train:6537,0,,development,83
shd,train,8686,10,shd-train:6538,19,,development,62
shd,train,4536,2,shd-train:6539,7,,development,62
shd,train,8650,0,shd-train:6540,1,,confirmation,72
shd,train,8073,1,shd-train:6541,15,,confirmation,84
shd,train,6877,10,shd-train:6542,11,,development,72
shd,train,9984,7,shd-train:6543,0,,development,84
shd,train,6911,3,shd-train:6544,19,,development,73
shd,train,11914,9,shd-train:6545,19,,development,69
shd,train,8801,1,shd-train:6546,5,,confirmation,90
shd,train,10796,9,shd-train:6547,7,,development,76
shd,train,9899,11,shd-train:6548,13,,development,80
shd,train,12710,9,shd-train:6549,0,,development,79
shd,train,6837,1,shd-train:6550,8,,confirmation,62
shd,train,5230,2,shd-train:6551,0,,development,70
shd,train,6969,10,shd-train:6552,12,,development,77
shd,train,5805,10,shd-train:6553,15,,development,53
shd,train,8926,0,shd-train:6554,17,,confirmation,74
shd,train,6794,8,shd-train:6555,18,,development,67
shd,train,7310,8,shd-train:6556,14,,development,59
shd,train,9825,7,shd-train:6557,3,,development,77
shd,train,8614,10,shd-train:6558,9,,development,58
shd,train,9111,9,shd-train:6559,2,,development,61
shd,train,9005,10,shd-train:6560,9,,development,63
shd,train,7565,1,shd-train:6561,3,,confirmation,64
shd,train,6270,0,shd-train:6562,4,,confirmation,64
shd,train,3317,2,shd-train:6563,5,,development,63
shd,train,5705,9,shd-train:6564,6,,development,68
shd,train,7702,6,shd-train:6565,9,,development,51
shd,train,4764,1,shd-train:6566,6,,confirmation,55
shd,train,10465,0,shd-train:6567,17,,confirmation,76
shd,train,5335,2,shd-train:6568,16,,development,71
shd,train,8309,1,shd-train:6569,1,,confirmation,65
shd,train,6735,11,shd-train:6570,15,,development,70
shd,train,9202,9,shd-train:6571,3,,development,68
shd,train,8183,1,shd-train:6572,16,,confirmation,88
shd,train,6871,10,shd-train:6573,3,,development,55
shd,train,7239,10,shd-train:6574,1,,development,64
shd,train,5892,6,shd-train:6575,3,,development,43
shd,train,12515,9,shd-train:6576,7,,development,77
shd,train,5172,2,shd-train:6577,14,,development,53
shd,train,7424,10,shd-train:6578,12,,development,80
shd,train,7965,11,shd-train:6579,16,,development,106
shd,train,6089,10,shd-train:6580,15,,development,53
shd,train,5852,10,shd-train:6581,18,,development,70
shd,train,4903,6,shd-train:6582,16,,development,79
shd,train,6994,0,shd-train:6583,12,,confirmation,66
shd,train,10238,11,shd-train:6584,11,,development,100
shd,train,7699,1,shd-train:6585,15,,confirmation,83
shd,train,9564,0,shd-train:6586,17,,confirmation,72
shd,train,5497,0,shd-train:6587,16,,confirmation,85
shd,train,9745,1,shd-train:6588,7,,confirmation,80
shd,train,13041,7,shd-train:6589,11,,development,115
shd,train,9233,10,shd-train:6590,17,,development,81
shd,train,11136,7,shd-train:6591,10,,development,87
shd,train,8858,10,shd-train:6592,17,,development,80
shd,train,9072,9,shd-train:6593,16,,development,81
shd,train,8951,0,shd-train:6594,17,,confirmation,79
shd,train,8112,11,shd-train:6595,18,,development,91
shd,train,9282,9,shd-train:6596,2,,development,62
shd,train,8244,7,shd-train:6597,18,,development,95
shd,train,4843,2,shd-train:6598,12,,development,70
shd,train,13060,7,shd-train:6599,11,,development,118
shd,train,11886,1,shd-train:6600,10,,confirmation,79
shd,train,7903,1,shd-train:6601,15,,confirmation,71
shd,train,6683,8,shd-train:6602,16,,development,73
shd,train,9060,3,shd-train:6603,17,,development,89
shd,train,9175,0,shd-train:6604,19,,confirmation,68
shd,train,4164,6,shd-train:6605,6,,development,59
shd,train,7784,3,shd-train:6606,7,,development,80
shd,train,11329,1,shd-train:6607,13,,confirmation,87
shd,train,4909,2,shd-train:6608,1,,development,60
shd,train,5985,0,shd-train:6609,2,,confirmation,54
shd,train,11131,11,shd-train:6610,5,,development,109
shd,train,9404,7,shd-train:6611,4,,development,74
shd,train,5448,7,shd-train:6612,6,,development,80
shd,train,12109,9,shd-train:6613,10,,development,73
shd,train,7511,0,shd-train:6614,1,,confirmation,63
shd,train,10827,9,shd-train:6615,10,,development,71
shd,train,12262,7,shd-train:6616,19,,development,85
shd,train,10879,1,shd-train:6617,9,,confirmation,77
shd,train,8897,11,shd-train:6618,2,,development,77
shd,train,7481,0,shd-train:6619,0,,confirmation,85
shd,train,10795,8,shd-train:6620,13,,development,71
shd,train,14172,7,shd-train:6621,19,,development,98
shd,train,4310,2,shd-train:6622,15,,development,54
shd,train,6828,0,shd-train:6623,0,,confirmation,82
shd,train,7385,0,shd-train:6624,13,,confirmation,64
shd,train,5885,8,shd-train:6625,8,,development,41
shd,train,9057,1,shd-train:6626,19,,confirmation,55
shd,train,5132,8,shd-train:6627,6,,development,63
shd,train,9946,8,shd-train:6628,12,,development,84
shd,train,7826,0,shd-train:6629,3,,confirmation,68
shd,train,6497,10,shd-train:6630,12,,development,74
shd,train,4297,0,shd-train:6631,6,,confirmation,73
shd,train,6192,9,shd-train:6632,6,,development,76
shd,train,4695,10,shd-train:6633,6,,development,72
shd,train,9810,8,shd-train:6634,12,,development,74
shd,train,7114,3,shd-train:6635,9,,development,51
shd,train,9643,1,shd-train:6636,16,,confirmation,103
shd,train,9626,3,shd-train:6637,17,,development,90
shd,train,7543,11,shd-train:6638,15,,development,73
shd,train,4874,1,shd-train:6639,6,,confirmation,56
shd,train,7542,10,shd-train:6640,0,,development,81
shd,train,10145,1,shd-train:6641,19,,confirmation,73
shd,train,7574,10,shd-train:6642,7,,development,72
shd,train,6204,0,shd-train:6643,2,,confirmation,56
shd,train,6970,11,shd-train:6644,13,,development,58
shd,train,9736,8,shd-train:6645,7,,development,72
shd,train,5703,2,shd-train:6646,10,,development,58
shd,train,11676,11,shd-train:6647,1,,development,81
shd,train,2967,3,shd-train:6648,18,,development,60
shd,train,10501,11,shd-train:6649,5,,development,80
shd,train,9391,8,shd-train:6650,1,,development,58
shd,train,4824,2,shd-train:6651,12,,development,64
shd,train,6877,10,shd-train:6652,11,,development,71
shd,train,9757,1,shd-train:6653,13,,confirmation,79
shd,train,6362,6,shd-train:6654,11,,development,78
shd,train,5539,0,shd-train:6655,15,,confirmation,51
shd,train,4670,0,shd-train:6656,18,,confirmation,69
shd,train,9987,9,shd-train:6657,5,,development,59
shd,train,6692,6,shd-train:6658,10,,development,64
shd,train,4202,0,shd-train:6659,6,,confirmation,75
shd,train,9836,9,shd-train:6660,4,,development,67
shd,train,9397,8,shd-train:6661,12,,development,79
shd,train,6082,6,shd-train:6662,3,,development,52
shd,train,9147,9,shd-train:6663,2,,development,60
shd,train,10142,11,shd-train:6664,12,,development,91
shd,train,7956,0,shd-train:6665,1,,confirmation,70
shd,train,3011,2,shd-train:6666,4,,development,58
shd,train,6578,1,shd-train:6667,8,,confirmation,59
shd,train,7716,0,shd-train:6668,9,,confirmation,70
shd,train,8925,1,shd-train:6669,16,,confirmation,91
shd,train,6710,3,shd-train:6670,8,,development,66
shd,train,9235,9,shd-train:6671,2,,development,60
shd,train,10565,7,shd-train:6672,14,,development,85
shd,train,7939,0,shd-train:6673,10,,confirmation,62
shd,train,8667,8,shd-train:6674,4,,development,58
shd,train,9460,9,shd-train:6675,15,,development,70
shd,train,4869,2,shd-train:6676,1,,development,63
shd,train,5154,6,shd-train:6677,1,,development,53
shd,train,7120,1,shd-train:6678,5,,confirmation,65
shd,train,4952,8,shd-train:6679,6,,development,64
shd,train,6295,10,shd-train:6680,4,,development,56
shd,train,7219,8,shd-train:6681,2,,development,59
shd,train,7909,0,shd-train:6682,1,,confirmation,71
shd,train,5357,6,shd-train:6683,8,,development,55
shd,train,12027,9,shd-train:6684,11,,development,85
shd,train,10610,1,shd-train:6685,19,,confirmation,73
shd,train,2601,2,shd-train:6686,5,,development,55
shd,train,6532,10,shd-train:6687,8,,development,61
shd,train,7882,3,shd-train:6688,19,,development,65
shd,train,9165,7,shd-train:6689,19,,development,70
shd,train,7074,11,shd-train:6690,18,,development,87
shd,train,9338,9,shd-train:6691,15,,development,66
shd,train,12868,7,shd-train:6692,11,,development,114
shd,train,11564,9,shd-train:6693,3,,development,84
shd,train,8759,10,shd-train:6694,7,,development,77
shd,train,10341,8,shd-train:6695,11,,development,83
shd,train,6213,2,shd-train:6696,17,,development,63
shd,train,4098,2,shd-train:6697,3,,development,57
shd,train,7677,7,shd-train:6698,18,,development,94
shd,train,6781,10,shd-train:6699,11,,development,80
shd,train,5579,3,shd-train:6700,8,,development,54
shd,train,5986,3,shd-train:6701,2,,development,59
shd,train,4060,2,shd-train:6702,1,,development,56
shd,train,9960,1,shd-train:6703,19,,confirmation,68
shd,train,12214,9,shd-train:6704,0,,development,74
shd,train,8662,9,shd-train:6705,15,,development,64
shd,train,9589,7,shd-train:6706,7,,development,75
shd,train,5501,3,shd-train:6707,11,,development,87
shd,train,5102,2,shd-train:6708,12,,development,63
shd,train,12559,9,shd-train:6709,9,,development,64
shd,train,9404,8,shd-train:6710,7,,development,71
shd,train,4954,8,shd-train:6711,6,,development,65
shd,train,6782,10,shd-train:6712,3,,development,56
shd,train,11652,9,shd-train:6713,19,,development,68
shd,train,6742,10,shd-train:6714,10,,development,67
shd,train,13167,1,shd-train:6715,17,,confirmation,93
shd,train,8908,11,shd-train:6716,9,,development,60
shd,train,4146,2,shd-train:6717,2,,development,52
shd,train,4871,2,shd-train:6718,3,,development,58
shd,train,6949,0,shd-train:6719,13,,confirmation,65
shd,train,8107,10,shd-train:6720,19,,development,59
shd,train,4969,3,shd-train:6721,15,,development,59
shd,train,10355,7,shd-train:6722,8,,development,81
shd,train,8161,8,shd-train:6723,4,,development,51
shd,train,6929,6,shd-train:6724,11,,development,83
shd,train,5393,2,shd-train:6725,11,,development,72
shd,train,6444,0,shd-train:6726,15,,confirmation,76
shd,train,10694,11,shd-train:6727,17,,development,94
shd,train,8457,11,shd-train:6728,12,,development,84
shd,train,4493,2,shd-train:6729,8,,development,59
shd,train,5850,0,shd-train:6730,4,,confirmation,63
shd,train,4907,3,shd-train:6731,16,,development,84
shd,train,5548,2,shd-train:6732,1,,development,63
shd,train,10989,11,shd-train:6733,7,,development,101
shd,train,8645,0,shd-train:6734,9,,confirmation,75
shd,train,13146,7,shd-train:6735,12,,development,110
shd,train,5364,3,shd-train:6736,0,,development,86
shd,train,4770,2,shd-train:6737,1,,development,64
shd,train,6800,9,shd-train:6738,6,,development,79
shd,train,9014,10,shd-train:6739,17,,development,78
shd,train,6890,10,shd-train:6740,12,,development,75
shd,train,7227,7,shd-train:6741,16,,development,112
shd,train,3301,2,shd-train:6742,4,,development,59
shd,train,3652,6,shd-train:6743,18,,development,46
shd,train,10247,1,shd-train:6744,0,,confirmation,79
shd,train,8118,11,shd-train:6745,12,,development,76
shd,train,8898,7,shd-train:6746,8,,development,67
shd,train,12922,9,shd-train:6747,17,,development,79
shd,train,6834,10,shd-train:6748,10,,development,62
shd,train,8250,2,shd-train:6749,19,,development,68
shd,train,3071,2,shd-train:6750,5,,development,54
shd,train,9494,7,shd-train:6751,8,,development,74
shd,train,7914,11,shd-train:6752,19,,development,60
shd,train,13062,9,shd-train:6753,7,,development,81
shd,train,8200,1,shd-train:6754,14,,confirmation,78
shd,train,5511,6,shd-train:6755,5,,development,60
shd,train,7362,7,shd-train:6756,18,,development,90
shd,train,7139,0,shd-train:6757,0,,confirmation,82
shd,train,11720,1,shd-train:6758,17,,confirmation,82
shd,train,6945,3,shd-train:6759,2,,development,71
shd,train,8793,8,shd-train:6760,9,,development,55
shd,train,5394,2,shd-train:6761,16,,development,73
shd,train,6452,8,shd-train:6762,15,,development,68
shd,train,12059,9,shd-train:6763,5,,development,80
shd,train,3885,2,shd-train:6764,18,,development,67
shd,train,6889,0,shd-train:6765,15,,confirmation,72
shd,train,4954,2,shd-train:6766,14,,development,56
shd,train,5682,3,shd-train:6767,5,,development,59
shd,train,6969,0,shd-train:6768,15,,confirmation,71
shd,train,9633,11,shd-train:6769,10,,development,73
shd,train,6669,2,shd-train:6770,19,,development,64
shd,train,7825,3,shd-train:6771,19,,development,72
shd,train,8961,9,shd-train:6772,18,,development,72
shd,train,7075,2,shd-train:6773,0,,development,88
shd,train,12564,11,shd-train:6774,1,,development,88
shd,train,7045,10,shd-train:6775,3,,development,60
shd,train,7176,8,shd-train:6776,14,,development,62
shd,train,6706,1,shd-train:6777,4,,confirmation,71
shd,train,4621,10,shd-train:6778,6,,development,73
shd,train,9801,7,shd-train:6779,8,,development,73
shd,train,6933,11,shd-train:6780,16,,development,101
shd,train,9651,6,shd-train:6781,17,,development,83
shd,train,7183,2,shd-train:6782,19,,development,70
shd,train,5596,2,shd-train:6783,10,,development,60
shd,train,11293,9,shd-train:6784,10,,development,69
shd,train,6363,0,shd-train:6785,0,,confirmation,82
shd,train,5546,10,shd-train:6786,16,,development,77
shd,train,3005,6,shd-train:6787,6,,development,40
shd,train,7227,0,shd-train:6788,7,,confirmation,75
shd,train,6696,10,shd-train:6789,15,,development,58
shd,train,7504,1,shd-train:6790,3,,confirmation,56
shd,train,6171,3,shd-train:6791,1,,development,67
shd,train,6259,3,shd-train:6792,2,,development,57
shd,train,5089,2,shd-train:6793,7,,development,64
shd,train,8900,8,shd-train:6794,17,,development,78
shd,train,10423,9,shd-train:6795,4,,development,66
shd,train,8624,1,shd-train:6796,13,,confirmation,77
shd,train,5791,2,shd-train:6797,16,,development,71
shd,train,9509,1,shd-train:6798,12,,confirmation,88
shd,train,4851,10,shd-train:6799,6,,development,74
shd,train,4845,2,shd-train:6800,15,,development,53
shd,train,7174,3,shd-train:6801,2,,development,71
shd,train,7802,1,shd-train:6802,16,,confirmation,93
shd,train,5199,2,shd-train:6803,10,,development,55
shd,train,9534,9,shd-train:6804,8,,development,63
shd,train,7382,2,shd-train:6805,19,,development,64
shd,train,6497,1,shd-train:6806,18,,confirmation,83
shd,train,7492,0,shd-train:6807,3,,confirmation,65
shd,train,10440,8,shd-train:6808,17,,development,80
shd,train,6083,3,shd-train:6809,0,,development,94
shd,train,10386,1,shd-train:6810,13,,confirmation,76
shd,train,7077,10,shd-train:6811,13,,development,71
shd,train,7491,8,shd-train:6812,4,,development,53
shd,train,5638,6,shd-train:6813,5,,development,62
shd,train,10954,9,shd-train:6814,1,,development,61
shd,train,3940,2,shd-train:6815,1,,development,56
shd,train,7326,10,shd-train:6816,0,,development,81
shd,train,11243,1,shd-train:6817,0,,confirmation,80
shd,train,10647,7,shd-train:6818,9,,development,71
shd,train,9475,7,shd-train:6819,2,,development,72
shd,train,9384,3,shd-train:6820,17,,development,88
shd,train,3868,2,shd-train:6821,18,,development,65
shd,train,7837,7,shd-train:6822,18,,development,96
shd,train,4668,0,shd-train:6823,6,,confirmation,81
shd,train,6580,10,shd-train:6824,3,,development,54
shd,train,6825,6,shd-train:6825,7,,development,70
shd,train,11462,9,shd-train:6826,9,,development,60
shd,train,13225,7,shd-train:6827,13,,development,104
shd,train,8184,9,shd-train:6828,18,,development,70
shd,train,4698,2,shd-train:6829,3,,development,59
shd,train,8584,8,shd-train:6830,10,,development,64
shd,train,6911,6,shd-train:6831,11,,development,80
shd,train,10804,1,shd-train:6832,9,,confirmation,71
shd,train,9704,7,shd-train:6833,9,,development,62
shd,train,13789,1,shd-train:6834,17,,confirmation,94
shd,train,4473,6,shd-train:6835,5,,development,52
shd,train,3918,6,shd-train:6836,6,,development,60
shd,train,6911,6,shd-train:6837,15,,development,61
shd,train,11377,9,shd-train:6838,0,,development,75
shd,train,11858,9,shd-train:6839,9,,development,61
shd,train,6589,11,shd-train:6840,16,,development,94
shd,train,9560,11,shd-train:6841,9,,development,67
shd,train,7223,1,shd-train:6842,8,,confirmation,61
shd,train,6092,1,shd-train:6843,8,,confirmation,54
shd,train,8609,11,shd-train:6844,17,,development,97
shd,train,11990,9,shd-train:6845,13,,development,73
shd,train,6249,0,shd-train:6846,16,,confirmation,76
shd,train,11609,7,shd-train:6847,14,,development,99
shd,train,11595,7,shd-train:6848,12,,development,112
shd,train,5045,1,shd-train:6849,6,,confirmation,75
shd,train,12979,9,shd-train:6850,7,,development,81
shd,train,11994,7,shd-train:6851,11,,development,112
shd,train,11054,11,shd-train:6852,10,,development,88
shd,train,8612,9,shd-train:6853,15,,development,59
shd,train,11687,9,shd-train:6854,5,,development,72
shd,train,11400,7,shd-train:6855,5,,development,91
shd,train,5622,10,shd-train:6856,5,,development,54
shd,train,2915,2,shd-train:6857,6,,development,59
shd,train,7424,0,shd-train:6858,12,,confirmation,74
shd,train,6822,10,shd-train:6859,11,,development,79
shd,train,4274,2,shd-train:6860,11,,development,75
shd,train,5133,2,shd-train:6861,0,,development,72
shd,train,7291,10,shd-train:6862,4,,development,81
shd,train,7160,0,shd-train:6863,7,,confirmation,78
shd,train,4442,3,shd-train:6864,11,,development,87
shd,train,6203,9,shd-train:6865,6,,development,74
shd,train,6905,10,shd-train:6866,13,,development,71
shd,train,12145,7,shd-train:6867,11,,development,121
shd,train,9306,6,shd-train:6868,17,,development,80
shd,train,9975,11,shd-train:6869,11,,development,98
shd,train,11664,11,shd-train:6870,7,,development,101
shd,train,9457,11,shd-train:6871,5,,development,76
shd,train,8961,7,shd-train:6872,15,,development,78
shd,train,5875,0,shd-train:6873,2,,confirmation,53
shd,train,7598,0,shd-train:6874,7,,confirmation,78
shd,train,6508,8,shd-train:6875,14,,development,50
shd,train,7940,0,shd-train:6876,19,,confirmation,63
shd,train,5403,0,shd-train:6877,8,,confirmation,58
shd,train,10455,9,shd-train:6878,1,,development,59
shd,train,4032,6,shd-train:6879,3,,development,24
shd,train,8249,7,shd-train:6880,18,,development,96
shd,train,13989,1,shd-train:6881,17,,confirmation,98
shd,train,6392,10,shd-train:6882,15,,development,61
shd,train,8314,10,shd-train:6883,7,,development,78
shd,train,8113,0,shd-train:6884,9,,confirmation,74
shd,train,6717,11,shd-train:6885,16,,development,97
shd,train,9745,11,shd-train:6886,14,,development,93
shd,train,6334,8,shd-train:6887,18,,development,65
shd,train,7150,3,shd-train:6888,7,,development,81
shd,train,8948,7,shd-train:6889,2,,development,64
shd,train,9208,3,shd-train:6890,17,,development,87
shd,train,7209,0,shd-train:6891,15,,confirmation,75
shd,train,5850,3,shd-train:6892,4,,development,66
shd,train,4568,3,shd-train:6893,16,,development,83
shd,train,6864,3,shd-train:6894,3,,development,62
shd,train,10007,1,shd-train:6895,10,,confirmation,78
shd,train,5038,2,shd-train:6896,17,,development,61
shd,train,8390,9,shd-train:6897,15,,development,57
shd,train,8291,0,shd-train:6898,1,,confirmation,74
shd,train,10737,7,shd-train:6899,0,,development,78
shd,train,4119,2,shd-train:6900,15,,development,44
shd,train,5659,3,shd-train:6901,15,,development,65
shd,train,6672,3,shd-train:6902,14,,development,73
shd,train,4355,2,shd-train:6903,8,,development,55
shd,train,8996,11,shd-train:6904,17,,development,87
shd,train,7011,2,shd-train:6905,9,,development,74
shd,train,4520,3,shd-train:6906,5,,development,60
shd,train,6347,3,shd-train:6907,14,,development,72
shd,train,10147,11,shd-train:6908,3,,development,80
shd,train,9123,1,shd-train:6909,1,,confirmation,69
shd,train,10131,9,shd-train:6910,7,,development,67
shd,train,9705,8,shd-train:6911,19,,development,60
shd,train,7397,0,shd-train:6912,0,,confirmation,87
shd,train,9173,11,shd-train:6913,10,,development,71
shd,train,5135,0,shd-train:6914,18,,confirmation,91
shd,train,6533,3,shd-train:6915,10,,development,75
shd,train,7205,8,shd-train:6916,3,,development,53
shd,train,4186,0,shd-train:6917,6,,confirmation,72
shd,train,4249,6,shd-train:6918,5,,development,57
shd,train,6743,8,shd-train:6919,2,,development,58
shd,train,8808,1,shd-train:6920,14,,confirmation,71
shd,train,11816,9,shd-train:6921,17,,development,76
shd,train,3148,2,shd-train:6922,18,,development,60
shd,train,11034,9,shd-train:6923,0,,development,66
shd,train,6372,10,shd-train:6924,11,,development,74
shd,train,7781,11,shd-train:6925,18,,development,91
shd,train,7091,3,shd-train:6926,3,,development,64
shd,train,6649,10,shd-train:6927,3,,development,55
shd,train,6762,0,shd-train:6928,11,,confirmation,70
shd,train,8770,7,shd-train:6929,4,,development,65
shd,train,10731,8,shd-train:6930,0,,development,81
shd,train,6015,10,shd-train:6931,2,,development,59
shd,train,6481,10,shd-train:6932,15,,development,61
shd,train,9447,8,shd-train:6933,12,,development,79
shd,train,4745,10,shd-train:6934,6,,development,71
shd,train,6415,0,shd-train:6935,14,,confirmation,51
shd,train,5985,7,shd-train:6936,6,,development,80
shd,train,9736,0,shd-train:6937,17,,confirmation,77
shd,train,10652,7,shd-train:6938,14,,development,81
shd,train,6863,10,shd-train:6939,10,,development,65
shd,train,4748,3,shd-train:6940,15,,development,57
shd,train,4914,6,shd-train:6941,4,,development,57
shd,train,4591,2,shd-train:6942,3,,development,52
shd,train,10517,1,shd-train:6943,9,,confirmation,73
shd,train,8679,9,shd-train:6944,14,,development,57
shd,train,7350,2,shd-train:6945,19,,development,75
shd,train,5174,10,shd-train:6946,6,,development,75
shd,train,12597,9,shd-train:6947,13,,development,78
shd,train,8650,6,shd-train:6948,7,,development,94
shd,train,5884,10,shd-train:6949,18,,development,71
shd,train,4713,2,shd-train:6950,11,,development,67
shd,train,6004,11,shd-train:6951,16,,development,90
shd,train,7189,1,shd-train:6952,15,,confirmation,59
shd,train,4104,2,shd-train:6953,15,,development,47
shd,train,8754,10,shd-train:6954,9,,development,63
shd,train,3962,3,shd-train:6955,18,,development,79
shd,train,10523,11,shd-train:6956,11,,development,95
shd,train,7107,6,shd-train:6957,12,,development,82
shd,train,7844,2,shd-train:6958,19,,development,70
shd,train,5424,2,shd-train:6959,17,,development,63
shd,train,9719,11,shd-train:6960,2,,development,81
shd,train,3603,2,shd-train:6961,5,,development,57
shd,train,9154,1,shd-train:6962,14,,confirmation,94
shd,train,7579,0,shd-train:6963,12,,confirmation,73
shd,train,10371,9,shd-train:6964,1,,development,59
shd,train,3772,2,shd-train:6965,2,,development,49
shd,train,7530,1,shd-train:6966,15,,confirmation,70
shd,train,5285,2,shd-train:6967,11,,development,70
shd,train,6722,10,shd-train:6968,3,,development,53
shd,train,12467,7,shd-train:6969,11,,development,116
shd,train,9930,8,shd-train:6970,19,,development,67
shd,train,10364,8,shd-train:6971,19,,development,65
shd,train,8831,1,shd-train:6972,14,,confirmation,82
shd,train,9113,1,shd-train:6973,10,,confirmation,75
shd,train,6150,0,shd-train:6974,4,,confirmation,75
shd,train,7210,8,shd-train:6975,3,,development,59
shd,train,6638,1,shd-train:6976,8,,confirmation,60
shd,train,7792,3,shd-train:6977,19,,development,65
shd,train,5114,3,shd-train:6978,16,,development,85
shd,train,5594,0,shd-train:6979,2,,confirmation,50
shd,train,10656,11,shd-train:6980,4,,development,78
shd,train,9270,1,shd-train:6981,12,,confirmation,85
shd,train,5904,0,shd-train:6982,2,,confirmation,56
shd,train,9722,11,shd-train:6983,4,,development,79
shd,train,12162,1,shd-train:6984,0,,confirmation,87
shd,train,12659,7,shd-train:6985,11,,development,113
shd,train,10697,11,shd-train:6986,0,,development,116
shd,train,9703,1,shd-train:6987,1,,confirmation,69
shd,train,5311,11,shd-train:6988,6,,development,101
shd,train,12363,7,shd-train:6989,13,,development,91
shd,train,4645,6,shd-train:6990,8,,development,46
shd,train,9700,8,shd-train:6991,0,,development,71
shd,train,5030,6,shd-train:6992,4,,development,64
shd,train,4167,2,shd-train:6993,15,,development,49
shd,train,11484,9,shd-train:6994,12,,development,87
shd,train,8957,10,shd-train:6995,17,,development,77
shd,train,9598,7,shd-train:6996,15,,development,82
shd,train,11464,9,shd-train:6997,19,,development,67
shd,train,9942,1,shd-train:6998,9,,confirmation,68
shd,train,6185,2,shd-train:6999,9,,development,77
shd,train,6816,11,shd-train:7000,15,,development,70
shd,train,6595,2,shd-train:7001,9,,development,74
shd,train,3866,2,shd-train:7002,2,,development,50
shd,train,10653,11,shd-train:7003,13,,development,82
shd,train,6272,9,shd-train:7004,6,,development,75
shd,train,5652,3,shd-train:7005,13,,development,82
shd,train,9825,11,shd-train:7006,12,,development,90
shd,train,11896,7,shd-train:7007,12,,development,99
shd,train,5870,3,shd-train:7008,15,,development,67
shd,train,3097,2,shd-train:7009,5,,development,52
shd,train,6820,10,shd-train:7010,3,,development,54
shd,train,8258,0,shd-train:7011,13,,confirmation,67
shd,train,10100,11,shd-train:7012,3,,development,85
shd,train,5161,3,shd-train:7013,1,,development,61
shd,train,10216,11,shd-train:7014,0,,development,86
shd,train,11824,7,shd-train:7015,10,,development,91
shd,train,9685,0,shd-train:7016,17,,confirmation,74
shd,train,11757,7,shd-train:7017,11,,development,106
shd,train,9303,1,shd-train:7018,19,,confirmation,70
shd,train,7263,10,shd-train:7019,14,,development,65
shd,train,7540,11,shd-train:7020,14,,development,65
shd,train,10027,8,shd-train:7021,0,,development,73
shd,train,8770,9,shd-train:7022,8,,development,60
shd,train,12426,1,shd-train:7023,0,,confirmation,95
shd,train,3304,6,shd-train:7024,18,,development,45
shd,train,4090,2,shd-train:7025,2,,development,50
shd,train,7281,8,shd-train:7026,8,,development,54
shd,train,4303,2,shd-train:7027,12,,development,61
shd,train,6834,0,shd-train:7028,4,,confirmation,76
shd,train,9362,11,shd-train:7029,14,,development,91
shd,train,10070,7,shd-train:7030,1,,development,64
shd,train,4243,2,shd-train:7031,6,,development,74
shd,train,11792,7,shd-train:7032,9,,development,70
shd,train,8403,0,shd-train:7033,0,,confirmation,86
shd,train,6349,0,shd-train:7034,4,,confirmation,74
shd,train,10782,9,shd-train:7035,5,,development,62
shd,train,12155,9,shd-train:7036,1,,development,68
shd,train,7049,11,shd-train:7037,19,,development,57
shd,train,5466,7,shd-train:7038,6,,development,81
shd,train,6389,1,shd-train:7039,2,,confirmation,57
shd,train,5858,0,shd-train:7040,15,,confirmation,61
shd,train,11505,11,shd-train:7041,10,,development,87
shd,train,5471,11,shd-train:7042,6,,development,103
shd,train,10652,11,shd-train:7043,7,,development,94
shd,train,13593,9,shd-train:7044,0,,development,85
shd,train,7155,1,shd-train:7045,15,,confirmation,61
shd,train,12594,7,shd-train:7046,9,,development,81
shd,train,9916,9,shd-train:7047,3,,development,64
shd,train,4727,2,shd-train:7048,2,,development,53
shd,train,9599,7,shd-train:7049,2,,development,69
shd,train,8104,11,shd-train:7050,15,,development,75
shd,train,2885,2,shd-train:7051,6,,development,61
shd,train,7138,10,shd-train:7052,3,,development,58
shd,train,7320,3,shd-train:7053,19,,development,60
shd,train,9130,9,shd-train:7054,3,,development,64
shd,train,7990,9,shd-train:7055,16,,development,77
shd,train,10233,9,shd-train:7056,5,,development,55
shd,train,9124,9,shd-train:7057,8,,development,60
shd,train,12662,9,shd-train:7058,13,,development,78
shd,train,6716,0,shd-train:7059,7,,confirmation,73
shd,train,10199,7,shd-train:7060,4,,development,89
shd,train,5402,10,shd-train:7061,18,,development,69
shd,train,4612,3,shd-train:7062,13,,development,80
shd,train,6023,2,shd-train:7063,13,,development,83
shd,train,10070,9,shd-train:7064,8,,development,66
shd,train,5929,2,shd-train:7065,0,,development,79
shd,train,7553,8,shd-train:7066,14,,development,65
shd,train,9361,9,shd-train:7067,16,,development,86
shd,train,5752,11,shd-train:7068,6,,development,102
shd,train,9860,1,shd-train:7069,7,,confirmation,78
shd,train,11599,1,shd-train:7070,19,,confirmation,76
shd,train,11537,9,shd-train:7071,12,,development,82
shd,train,7533,1,shd-train:7072,15,,confirmation,68
shd,train,6476,10,shd-train:7073,8,,development,58
shd,train,11803,9,shd-train:7074,10,,development,76
shd,train,10677,1,shd-train:7075,0,,confirmation,77
shd,train,11414,7,shd-train:7076,7,,development,88
shd,train,4826,10,shd-train:7077,6,,development,73
shd,train,10120,11,shd-train:7078,5,,development,75
shd,train,4399,2,shd-train:7079,14,,development,47
shd,train,7418,9,shd-train:7080,2,,development,51
shd,train,6041,10,shd-train:7081,16,,development,82
shd,train,6844,10,shd-train:7082,10,,development,63
shd,train,6140,7,shd-train:7083,6,,development,87
shd,train,10748,9,shd-train:7084,14,,development,72
shd,train,6418,10,shd-train:7085,15,,development,55
shd,train,4606,6,shd-train:7086,4,,development,55
shd,train,7858,0,shd-train:7087,1,,confirmation,70
shd,train,10680,8,shd-train:7088,0,,development,75
shd,train,5730,2,shd-train:7089,17,,development,62
shd,train,5549,6,shd-train:7090,8,,development,48
shd,train,8169,6,shd-train:7091,12,,development,95
shd,train,7380,11,shd-train:7092,18,,development,87
shd,train,5011,2,shd-train:7093,8,,development,58
shd,train,9866,8,shd-train:7094,1,,development,59
shd,train,12090,11,shd-train:7095,10,,development,91
shd,train,8936,9,shd-train:7096,15,,development,57
shd,train,5575,0,shd-train:7097,5,,confirmation,72
shd,train,8448,7,shd-train:7098,4,,development,67
shd,train,6018,10,shd-train:7099,18,,development,66
shd,train,8261,9,shd-train:7100,18,,development,72
shd,train,4866,2,shd-train:7101,11,,development,72
shd,train,6172,3,shd-train:7102,8,,development,66
shd,train,10367,9,shd-train:7103,12,,development,76
shd,train,7013,0,shd-train:7104,0,,confirmation,80
shd,train,5385,2,shd-train:7105,0,,development,75
shd,train,12059,11,shd-train:7106,17,,development,109
shd,train,5754,0,shd-train:7107,15,,confirmation,67
shd,train,6529,2,shd-train:7108,17,,development,68
shd,train,6597,8,shd-train:7109,3,,development,48
shd,train,6395,2,shd-train:7110,0,,development,81
shd,train,10224,8,shd-train:7111,1,,development,63
shd,train,9167,1,shd-train:7112,14,,confirmation,84
shd,train,10302,9,shd-train:7113,14,,development,79
shd,train,5016,2,shd-train:7114,16,,development,69
shd,train,11072,1,shd-train:7115,10,,confirmation,81
shd,train,11754,1,shd-train:7116,17,,confirmation,89
shd,train,8695,11,shd-train:7117,2,,development,84
shd,train,4764,10,shd-train:7118,6,,development,72
shd,train,10786,11,shd-train:7119,7,,development,93
shd,train,6182,2,shd-train:7120,17,,development,68
shd,train,9679,9,shd-train:7121,4,,development,64
shd,train,10630,1,shd-train:7122,13,,confirmation,81
shd,train,11692,7,shd-train:7123,10,,development,90
shd,train,8080,6,shd-train:7124,9,,development,50
shd,train,8816,0,shd-train:7125,10,,confirmation,64
shd,train,6205,1,shd-train:7126,5,,confirmation,54
shd,train,7595,0,shd-train:7127,1,,confirmation,70
shd,train,6359,0,shd-train:7128,11,,confirmation,69
shd,train,8971,9,shd-train:7129,5,,development,50
shd,train,6276,3,shd-train:7130,0,,development,91
shd,train,5304,3,shd-train:7131,15,,development,63
shd,train,7300,7,shd-train:7132,16,,development,96
shd,train,6824,1,shd-train:7133,2,,confirmation,59
shd,train,13600,1,shd-train:7134,17,,confirmation,94
shd,train,6235,6,shd-train:7135,13,,development,65
shd,train,5884,2,shd-train:7136,12,,development,70
shd,train,6370,1,shd-train:7137,8,,confirmation,57
shd,train,6757,2,shd-train:7138,9,,development,74
shd,train,7303,2,shd-train:7139,9,,development,76
shd,train,12297,9,shd-train:7140,13,,development,74
shd,train,5988,3,shd-train:7141,0,,development,92
shd,train,7510,2,shd-train:7142,19,,development,67
shd,train,8066,10,shd-train:7143,19,,development,60
shd,train,8771,0,shd-train:7144,17,,confirmation,75
shd,train,8617,11,shd-train:7145,10,,development,70
shd,train,8841,8,shd-train:7146,11,,development,76
shd,train,6301,0,shd-train:7147,8,,confirmation,73
shd,train,5392,6,shd-train:7148,16,,development,74
shd,train,7809,0,shd-train:7149,3,,confirmation,66
shd,train,3358,6,shd-train:7150,2,,development,25
shd,train,10676,9,shd-train:7151,19,,development,61
shd,train,8863,8,shd-train:7152,10,,development,67
shd,train,5867,0,shd-train:7153,2,,confirmation,55
shd,train,10591,8,shd-train:7154,19,,development,68
shd,train,6215,8,shd-train:7155,16,,development,76
shd,train,6688,10,shd-train:7156,12,,development,71
shd,train,7052,0,shd-train:7157,13,,confirmation,62
shd,train,5714,2,shd-train:7158,9,,development,73
shd,train,5890,10,shd-train:7159,15,,development,54
shd,train,11156,9,shd-train:7160,10,,development,72
shd,train,4863,2,shd-train:7161,7,,development,62
shd,train,9491,7,shd-train:7162,2,,development,71
shd,train,10222,9,shd-train:7163,1,,development,58
shd,train,4310,2,shd-train:7164,2,,development,53
shd,train,6035,10,shd-train:7165,5,,development,56
shd,train,12559,7,shd-train:7166,10,,development,94
shd,train,7588,11,shd-train:7167,15,,development,73
shd,train,6051,8,shd-train:7168,16,,development,71
shd,train,7283,6,shd-train:7169,14,,development,75
shd,train,10437,11,shd-train:7170,13,,development,78
shd,train,9954,1,shd-train:7171,19,,confirmation,70
shd,train,5382,8,shd-train:7172,18,,development,47
shd,train,13287,7,shd-train:7173,9,,development,79
shd,train,9197,7,shd-train:7174,8,,development,74
shd,train,12222,9,shd-train:7175,13,,development,77
shd,train,9854,7,shd-train:7176,7,,development,72
shd,train,7742,0,shd-train:7177,3,,confirmation,70
shd,train,6935,10,shd-train:7178,11,,development,82
shd,train,11232,1,shd-train:7179,13,,confirmation,81
shd,train,6708,8,shd-train:7180,18,,development,65
shd,train,9429,9,shd-train:7181,2,,development,60
shd,train,9613,1,shd-train:7182,7,,confirmation,79
shd,train,5441,10,shd-train:7183,18,,development,70
shd,train,10542,1,shd-train:7184,12,,confirmation,88
shd,train,10468,9,shd-train:7185,4,,development,70
shd,train,5635,2,shd-train:7186,13,,development,62
shd,train,7126,10,shd-train:7187,15,,development,64
shd,train,9640,8,shd-train:7188,9,,development,54
shd,train,4454,3,shd-train:7189,8,,development,55
shd,train,8247,11,shd-train:7190,15,,development,75
shd,train,3960,2,shd-train:7191,1,,development,58
shd,train,7432,1,shd-train:7192,2,,confirmation,64
shd,train,6799,0,shd-train:7193,14,,confirmation,55
shd,train,9806,9,shd-train:7194,4,,development,68
shd,train,12064,1,shd-train:7195,0,,confirmation,84
shd,train,12302,9,shd-train:7196,7,,development,83
shd,train,12392,11,shd-train:7197,0,,development,96
shd,train,10176,11,shd-train:7198,14,,development,92
shd,train,9085,8,shd-train:7199,19,,development,60
shd,train,5109,2,shd-train:7200,11,,development,70
shd,train,4167,2,shd-train:7201,11,,development,71
shd,train,6135,0,shd-train:7202,12,,confirmation,66
shd,train,10687,7,shd-train:7203,0,,development,80
shd,train,13603,7,shd-train:7204,9,,development,80
shd,train,8821,3,shd-train:7205,17,,development,89
shd,train,9364,8,shd-train:7206,9,,development,56
shd,train,8803,1,shd-train:7207,7,,confirmation,75
shd,train,4185,0,shd-train:7208,6,,confirmation,76
shd,train,7545,8,shd-train:7209,16,,development,77
shd,train,8361,11,shd-train:7210,15,,development,78
shd,train,7169,0,shd-train:7211,14,,confirmation,69
shd,train,8175,0,shd-train:7212,3,,confirmation,68
shd,train,9936,7,shd-train:7213,5,,development,86
shd,train,8313,3,shd-train:7214,19,,development,77
shd,train,13290,1,shd-train:7215,17,,confirmation,89
shd,train,4560,6,shd-train:7216,4,,development,56
shd,train,13054,9,shd-train:7217,0,,development,83
shd,train,9990,7,shd-train:7218,14,,development,87
shd,train,7794,9,shd-train:7219,16,,development,73
shd,train,4940,2,shd-train:7220,1,,development,63
shd,train,7434,0,shd-train:7221,0,,confirmation,87
shd,train,8081,1,shd-train:7222,14,,confirmation,74
shd,train,12966,7,shd-train:7223,9,,development,77
shd,train,8113,10,shd-train:7224,19,,development,55
shd,train,6565,0,shd-train:7225,16,,confirmation,75
shd,train,4833,2,shd-train:7226,12,,development,61
shd,train,7627,1,shd-train:7227,15,,confirmation,69
shd,train,11662,9,shd-train:7228,1,,development,64
shd,train,7296,10,shd-train:7229,0,,development,78
shd,train,5935,10,shd-train:7230,18,,development,68
shd,train,3222,2,shd-train:7231,18,,development,62
shd,train,9181,7,shd-train:7232,15,,development,81
shd,train,5448,3,shd-train:7233,11,,development,92
shd,train,5184,6,shd-train:7234,5,,development,59
shd,train,4335,0,shd-train:7235,18,,confirmation,71
shd,train,4601,10,shd-train:7236,6,,development,71
shd,train,8549,1,shd-train:7237,15,,confirmation,72
shd,train,10456,11,shd-train:7238,17,,development,102
shd,train,8465,11,shd-train:7239,2,,development,80
shd,train,7065,9,shd-train:7240,16,,development,73
shd,train,9328,7,shd-train:7241,15,,development,79
shd,train,8486,1,shd-train:7242,11,,confirmation,78
shd,train,9269,9,shd-train:7243,4,,development,63
shd,train,6573,6,shd-train:7244,16,,development,83
shd,train,11350,9,shd-train:7245,1,,development,61
shd,train,4079,6,shd-train:7246,6,,development,66
shd,train,11546,7,shd-train:7247,12,,development,104
shd,train,5677,2,shd-train:7248,9,,development,73
shd,train,3948,2,shd-train:7249,7,,development,58
shd,train,12404,1,shd-train:7250,17,,confirmation,93
shd,train,5373,11,shd-train:7251,6,,development,98
shd,train,7526,10,shd-train:7252,0,,development,77
shd,train,8367,11,shd-train:7253,2,,development,77
shd,train,7062,8,shd-train:7254,5,,development,54
shd,train,5490,2,shd-train:7255,7,,development,69
shd,train,7984,1,shd-train:7256,14,,confirmation,77
shd,train,8061,0,shd-train:7257,1,,confirmation,72
shd,train,5145,2,shd-train:7258,14,,development,51
shd,train,7052,0,shd-train:7259,14,,confirmation,70
shd,train,6802,11,shd-train:7260,16,,development,95
shd,train,10916,9,shd-train:7261,13,,development,67
shd,train,7549,1,shd-train:7262,5,,confirmation,66
shd,train,9642,8,shd-train:7263,9,,development,58
shd,train,6269,10,shd-train:7264,11,,development,74
shd,train,6449,0,shd-train:7265,12,,confirmation,68
shd,train,9022,9,shd-train:7266,15,,development,75
shd,train,8163,11,shd-train:7267,8,,development,60
shd,train,11524,1,shd-train:7268,0,,confirmation,80
shd,train,6554,11,shd-train:7269,16,,development,103
shd,train,6101,3,shd-train:7270,14,,development,71
shd,train,5627,0,shd-train:7271,8,,confirmation,60
shd,train,5788,6,shd-train:7272,8,,development,54
shd,train,9436,1,shd-train:7273,19,,confirmation,71
shd,train,5209,2,shd-train:7274,7,,development,67
shd,train,4914,0,shd-train:7275,2,,confirmation,48
shd,train,4548,0,shd-train:7276,18,,confirmation,70
shd,train,7962,6,shd-train:7277,7,,development,77
shd,train,7511,3,shd-train:7278,3,,development,58
shd,train,5321,0,shd-train:7279,8,,confirmation,62
shd,train,3101,2,shd-train:7280,5,,development,55
shd,train,11320,7,shd-train:7281,12,,development,102
shd,train,5216,2,shd-train:7282,13,,development,55
shd,train,6513,8,shd-train:7283,15,,development,64
shd,train,3731,2,shd-train:7284,2,,development,46
shd,train,8306,11,shd-train:7285,14,,development,76
shd,train,9605,1,shd-train:7286,1,,confirmation,70
shd,train,4017,3,shd-train:7287,12,,development,81
shd,train,7056,10,shd-train:7288,2,,development,64
shd,train,11789,9,shd-train:7289,12,,development,86
shd,train,10300,9,shd-train:7290,14,,development,69
shd,train,7294,6,shd-train:7291,9,,development,51
shd,train,5788,0,shd-train:7292,2,,confirmation,52
shd,train,6235,6,shd-train:7293,15,,development,57
shd,train,5206,2,shd-train:7294,14,,development,55
shd,train,6659,9,shd-train:7295,6,,development,74
shd,train,4384,2,shd-train:7296,12,,development,64
shd,train,6132,0,shd-train:7297,2,,confirmation,55
shd,train,8323,11,shd-train:7298,15,,development,73
shd,train,4938,2,shd-train:7299,12,,development,64
shd,train,3069,2,shd-train:7300,6,,development,58
shd,train,4505,3,shd-train:7301,11,,development,91
shd,train,8703,8,shd-train:7302,11,,development,75
shd,train,9323,9,shd-train:7303,15,,development,66
shd,train,10295,9,shd-train:7304,5,,development,53
shd,train,12158,1,shd-train:7305,17,,confirmation,88
shd,train,5785,2,shd-train:7306,17,,development,68
shd,train,6238,10,shd-train:7307,8,,development,55
shd,train,8224,11,shd-train:7308,18,,development,110
shd,train,11094,11,shd-train:7309,11,,development,104
shd,train,4373,2,shd-train:7310,2,,development,62
shd,train,11999,7,shd-train:7311,9,,development,71
shd,train,8720,9,shd-train:7312,2,,development,59
shd,train,8520,11,shd-train:7313,12,,development,82
shd,train,11869,9,shd-train:7314,9,,development,62
shd,train,9524,8,shd-train:7315,17,,development,87
shd,train,4433,3,shd-train:7316,5,,development,59
shd,train,12515,11,shd-train:7317,13,,development,87
shd,train,8123,10,shd-train:7318,9,,development,58
shd,train,9739,1,shd-train:7319,10,,confirmation,74
shd,train,7786,1,shd-train:7320,3,,confirmation,69
shd,train,7603,6,shd-train:7321,10,,development,79
shd,train,8805,3,shd-train:7322,17,,development,84
shd,train,11372,6,shd-train:7323,17,,development,91
shd,train,5015,2,shd-train:7324,3,,development,59
shd,train,10532,8,shd-train:7325,13,,development,74
shd,train,3437,2,shd-train:7326,6,,development,68
shd,train,8810,11,shd-train:7327,10,,development,71
shd,train,5125,3,shd-train:7328,16,,development,85
shd,train,7331,0,shd-train:7329,14,,confirmation,57
shd,train,11751,11,shd-train:7330,10,,development,89
shd,train,4704,0,shd-train:7331,18,,confirmation,68
shd,train,10567,0,shd-train:7332,17,,confirmation,78
shd,train,7412,7,shd-train:7333,16,,development,103
shd,train,10523,1,shd-train:7334,19,,confirmation,78
shd,train,6549,10,shd-train:7335,3,,development,53
shd,train,7852,0,shd-train:7336,9,,confirmation,68
shd,train,11782,1,shd-train:7337,13,,confirmation,83
shd,train,6963,7,shd-train:7338,6,,development,88
shd,train,9471,1,shd-train:7339,1,,confirmation,72
shd,train,5773,3,shd-train:7340,1,,development,67
shd,train,7314,1,shd-train:7341,15,,confirmation,67
shd,train,9075,7,shd-train:7342,2,,development,67
shd,train,10740,9,shd-train:7343,5,,development,60
shd,train,8118,0,shd-train:7344,1,,confirmation,68
shd,train,10886,1,shd-train:7345,19,,confirmation,79
shd,train,7264,0,shd-train:7346,12,,confirmation,71
shd,train,8948,11,shd-train:7347,2,,development,79
shd,train,5255,0,shd-train:7348,5,,confirmation,70
shd,train,4839,3,shd-train:7349,12,,development,80
shd,train,7389,3,shd-train:7350,1,,development,68
shd,train,8747,8,shd-train:7351,12,,development,77
shd,train,11513,1,shd-train:7352,11,,confirmation,94
shd,train,11829,7,shd-train:7353,11,,development,108
shd,train,6769,6,shd-train:7354,12,,development,85
shd,train,10229,7,shd-train:7355,7,,development,73
shd,train,4574,3,shd-train:7356,5,,development,63
shd,train,5209,6,shd-train:7357,1,,development,55
shd,train,9718,8,shd-train:7358,11,,development,81
shd,train,3908,6,shd-train:7359,6,,development,61
shd,train,12144,7,shd-train:7360,13,,development,95
shd,train,8665,9,shd-train:7361,16,,development,78
shd,train,6205,10,shd-train:7362,10,,development,59
shd,train,7855,10,shd-train:7363,0,,development,93
shd,train,11982,9,shd-train:7364,19,,development,69
shd,train,12427,7,shd-train:7365,10,,development,95
shd,train,8109,10,shd-train:7366,19,,development,60
shd,train,8431,10,shd-train:7367,7,,development,76
shd,train,5384,10,shd-train:7368,18,,development,66
shd,train,6406,3,shd-train:7369,7,,development,71
shd,train,6685,3,shd-train:7370,2,,development,70
shd,train,9233,1,shd-train:7371,1,,confirmation,64
shd,train,10042,11,shd-train:7372,0,,development,99
shd,train,6139,8,shd-train:7373,15,,development,63
shd,train,5320,2,shd-train:7374,7,,development,72
shd,train,7006,2,shd-train:7375,19,,development,69
shd,train,11978,9,shd-train:7376,11,,development,81
shd,train,11519,9,shd-train:7377,10,,development,74
shd,train,4785,10,shd-train:7378,6,,development,70
shd,train,8134,3,shd-train:7379,7,,development,83
shd,train,4910,2,shd-train:7380,14,,development,52
shd,train,8773,1,shd-train:7381,1,,confirmation,65
shd,train,6627,10,shd-train:7382,12,,development,71
shd,train,7436,3,shd-train:7383,9,,development,58
shd,train,8925,10,shd-train:7384,19,,development,65
shd,train,4381,0,shd-train:7385,18,,confirmation,64
shd,train,4793,2,shd-train:7386,7,,development,73
shd,train,3687,2,shd-train:7387,4,,development,61
shd,train,9857,8,shd-train:7388,1,,development,59
shd,train,8117,1,shd-train:7389,14,,confirmation,73
shd,train,7023,6,shd-train:7390,7,,development,64
shd,train,5474,7,shd-train:7391,6,,development,85
shd,train,6086,0,shd-train:7392,4,,confirmation,74
shd,train,12753,1,shd-train:7393,19,,confirmation,85
shd,train,6022,0,shd-train:7394,12,,confirmation,67
shd,train,4907,2,shd-train:7395,7,,development,62
shd,train,8373,3,shd-train:7396,7,,development,82
shd,train,5408,1,shd-train:7397,18,,confirmation,76
shd,train,6911,6,shd-train:7398,11,,development,87
shd,train,4175,2,shd-train:7399,12,,development,61
shd,train,12023,9,shd-train:7400,12,,development,87
shd,train,4550,2,shd-train:7401,8,,development,57
shd,train,6498,10,shd-train:7402,4,,development,61
shd,train,9867,9,shd-train:7403,5,,development,51
shd,train,13694,7,shd-train:7404,9,,development,78
shd,train,4958,3,shd-train:7405,13,,development,83
shd,train,5702,10,shd-train:7406,18,,development,62
shd,train,3966,0,shd-train:7407,6,,confirmation,75
shd,train,6187,3,shd-train:7408,4,,development,64
shd,train,9477,8,shd-train:7409,10,,development,67
shd,train,10884,11,shd-train:7410,10,,development,87
shd,train,3869,2,shd-train:7411,15,,development,48
shd,train,4844,2,shd-train:7412,12,,development,65
shd,train,10199,8,shd-train:7413,13,,development,69
shd,train,9083,11,shd-train:7414,5,,development,69
shd,train,6991,8,shd-train:7415,2,,development,58
shd,train,6840,10,shd-train:7416,15,,development,63
shd,train,10212,11,shd-train:7417,10,,development,81
shd,train,9252,9,shd-train:7418,2,,development,61
shd,train,8150,8,shd-train:7419,12,,development,71
shd,train,5992,10,shd-train:7420,8,,development,57
shd,train,13747,7,shd-train:7421,17,,development,117
shd,train,6767,9,shd-train:7422,16,,development,65
shd,train,6548,11,shd-train:7423,16,,development,100
shd,train,4862,3,shd-train:7424,6,,development,80
shd,train,4920,2,shd-train:7425,13,,development,59
shd,train,6065,10,shd-train:7426,4,,development,52
shd,train,7911,7,shd-train:7427,16,,development,110
shd,train,8138,7,shd-train:7428,18,,development,95
shd,train,9154,1,shd-train:7429,11,,confirmation,101
shd,train,5512,3,shd-train:7430,14,,development,70
shd,train,9998,1,shd-train:7431,12,,confirmation,90
shd,train,7317,10,shd-train:7432,10,,development,66
shd,train,9813,8,shd-train:7433,17,,development,75
shd,train,6377,3,shd-train:7434,14,,development,76
shd,train,9186,10,shd-train:7435,17,,development,80
shd,train,14708,7,shd-train:7436,19,,development,101
shd,train,11382,7,shd-train:7437,12,,development,112
shd,train,9935,8,shd-train:7438,7,,development,70
shd,train,4542,2,shd-train:7439,12,,development,65
shd,train,4356,2,shd-train:7440,2,,development,57
shd,train,7836,0,shd-train:7441,3,,confirmation,65
shd,train,3727,6,shd-train:7442,18,,development,45
shd,train,10255,11,shd-train:7443,5,,development,71
shd,train,3222,2,shd-train:7444,18,,development,65
shd,train,6694,6,shd-train:7445,9,,development,48
shd,train,5822,3,shd-train:7446,4,,development,62
shd,train,10068,1,shd-train:7447,9,,confirmation,69
shd,train,8265,0,shd-train:7448,3,,confirmation,68
shd,train,6499,2,shd-train:7449,9,,development,76
shd,train,11889,11,shd-train:7450,4,,development,90
shd,train,6860,8,shd-train:7451,15,,development,62
shd,train,8090,1,shd-train:7452,4,,confirmation,72
shd,train,7762,10,shd-train:7453,13,,development,73
shd,train,5227,10,shd-train:7454,18,,development,62
shd,train,5079,2,shd-train:7455,14,,development,56
shd,train,9092,7,shd-train:7456,5,,development,69
shd,train,5141,11,shd-train:7457,6,,development,103
shd,train,11461,9,shd-train:7458,12,,development,83
shd,train,6345,8,shd-train:7459,18,,development,65
shd,train,4583,3,shd-train:7460,11,,development,89
shd,train,7265,10,shd-train:7461,0,,development,80
shd,train,9097,8,shd-train:7462,19,,development,57
shd,train,8761,3,shd-train:7463,9,,development,61
shd,train,8330,3,shd-train:7464,17,,development,82
shd,train,7357,10,shd-train:7465,10,,development,76
shd,train,3449,2,shd-train:7466,2,,development,50
shd,train,3142,2,shd-train:7467,6,,development,63
shd,train,8972,0,shd-train:7468,17,,confirmation,84
shd,train,9347,11,shd-train:7469,11,,development,94
shd,train,11936,9,shd-train:7470,7,,development,75
shd,train,4998,2,shd-train:7471,11,,development,72
shd,train,7576,0,shd-train:7472,13,,confirmation,68
shd,train,8316,0,shd-train:7473,10,,confirmation,59
shd,train,10290,1,shd-train:7474,9,,confirmation,70
shd,train,9458,9,shd-train:7475,5,,development,57
shd,train,10647,1,shd-train:7476,13,,confirmation,78
shd,train,9463,3,shd-train:7477,17,,development,92
shd,train,9133,1,shd-train:7478,14,,confirmation,75
shd,train,12574,11,shd-train:7479,13,,development,90
shd,train,5611,1,shd-train:7480,6,,confirmation,73
shd,train,8819,7,shd-train:7481,5,,development,60
shd,train,9595,7,shd-train:7482,7,,development,70
shd,train,7110,10,shd-train:7483,14,,development,63
shd,train,12361,9,shd-train:7484,13,,development,75
shd,train,5992,0,shd-train:7485,11,,confirmation,71
shd,train,7345,10,shd-train:7486,14,,development,66
shd,train,7941,1,shd-train:7487,14,,confirmation,71
shd,train,8333,3,shd-train:7488,19,,development,70
shd,train,7387,10,shd-train:7489,1,,development,65
shd,train,7894,1,shd-train:7490,1,,confirmation,61
shd,train,7166,6,shd-train:7491,13,,development,76
shd,train,5070,6,shd-train:7492,8,,development,46
shd,train,10332,11,shd-train:7493,0,,development,101
shd,train,5642,0,shd-train:7494,2,,confirmation,52
shd,train,11431,11,shd-train:7495,11,,development,103
shd,train,11789,7,shd-train:7496,10,,development,94
shd,train,12016,11,shd-train:7497,3,,development,94
shd,train,4849,2,shd-train:7498,1,,development,64
shd,train,9316,10,shd-train:7499,17,,development,83
shd,train,10347,11,shd-train:7500,10,,development,82
shd,train,9149,9,shd-train:7501,8,,development,63
shd,train,4731,0,shd-train:7502,18,,confirmation,64
shd,train,9783,7,shd-train:7503,15,,development,95
shd,train,7130,6,shd-train:7504,7,,development,66
shd,train,5263,2,shd-train:7505,14,,development,56
shd,train,12197,9,shd-train:7506,11,,development,86
shd,train,6841,3,shd-train:7507,2,,development,69
shd,train,6546,3,shd-train:7508,8,,development,62
shd,train,9022,6,shd-train:7509,7,,development,88
shd,train,5617,3,shd-train:7510,15,,development,63
shd,train,9676,11,shd-train:7511,12,,development,87
shd,train,5493,2,shd-train:7512,0,,development,86
shd,train,6327,10,shd-train:7513,15,,development,55
shd,train,10161,11,shd-train:7514,14,,development,115
shd,train,11473,11,shd-train:7515,0,,development,107
shd,train,7754,2,shd-train:7516,9,,development,82
shd,train,7233,10,shd-train:7517,3,,development,58
shd,train,7520,11,shd-train:7518,16,,development,95
shd,train,7545,8,shd-train:7519,3,,development,58
shd,train,5385,1,shd-train:7520,6,,confirmation,74
shd,train,8363,7,shd-train:7521,2,,development,63
shd,train,12540,7,shd-train:7522,12,,development,100
shd,train,8086,8,shd-train:7523,5,,development,49
shd,train,7623,1,shd-train:7524,13,,confirmation,73
shd,train,10365,11,shd-train:7525,17,,development,97
shd,train,6936,0,shd-train:7526,14,,confirmation,64
shd,train,6105,8,shd-train:7527,15,,development,68
shd,train,5396,2,shd-train:7528,14,,development,55
shd,train,3037,2,shd-train:7529,4,,development,69
shd,train,8103,11,shd-train:7530,14,,development,84
shd,train,4368,2,shd-train:7531,16,,development,68
shd,train,11833,9,shd-train:7532,19,,development,67
shd,train,8763,8,shd-train:7533,12,,development,77
shd,train,6410,3,shd-train:7534,1,,development,65
shd,train,7173,3,shd-train:7535,7,,development,63
shd,train,11793,9,shd-train:7536,12,,development,80
shd,train,6925,6,shd-train:7537,10,,development,68
shd,train,6128,7,shd-train:7538,6,,development,80
shd,train,9223,8,shd-train:7539,19,,development,66
shd,train,12066,9,shd-train:7540,10,,development,75
shd,train,10735,7,shd-train:7541,10,,development,88
shd,train,8657,11,shd-train:7542,8,,development,85
shd,train,7284,0,shd-train:7543,14,,confirmation,64
shd,train,12532,9,shd-train:7544,12,,development,86
shd,train,8875,0,shd-train:7545,9,,confirmation,72
shd,train,7895,11,shd-train:7546,15,,development,87
shd,train,12142,9,shd-train:7547,13,,development,77
shd,train,8963,10,shd-train:7548,9,,development,61
shd,train,12847,9,shd-train:7549,11,,development,86
shd,train,8937,7,shd-train:7550,4,,development,71
shd,train,6330,10,shd-train:7551,8,,development,59
shd,train,2890,2,shd-train:7552,6,,development,49
shd,train,7958,0,shd-train:7553,3,,confirmation,68
shd,train,10184,1,shd-train:7554,7,,confirmation,84
shd,train,7626,8,shd-train:7555,3,,development,60
shd,train,5582,10,shd-train:7556,18,,development,66
shd,train,7265,9,shd-train:7557,16,,development,75
shd,train,11376,11,shd-train:7558,11,,development,98
shd,train,11278,7,shd-train:7559,1,,development,68
shd,train,4659,3,shd-train:7560,11,,development,88
shd,train,7816,1,shd-train:7561,8,,confirmation,68
shd,train,11799,9,shd-train:7562,1,,development,64
shd,train,6183,1,shd-train:7563,18,,confirmation,78
shd,train,6899,0,shd-train:7564,4,,confirmation,73
shd,train,7402,7,shd-train:7565,16,,development,104
shd,train,10289,8,shd-train:7566,7,,development,84
shd,train,6980,10,shd-train:7567,14,,development,65
shd,train,3000,2,shd-train:7568,6,,development,59
shd,train,4332,3,shd-train:7569,6,,development,64
shd,train,8758,1,shd-train:7570,12,,confirmation,86
shd,train,7360,8,shd-train:7571,2,,development,59
shd,train,10661,7,shd-train:7572,14,,development,88
shd,train,7263,10,shd-train:7573,0,,development,77
shd,train,7968,2,shd-train:7574,9,,development,76
shd,train,7625,8,shd-train:7575,14,,development,66
shd,train,11577,1,shd-train:7576,0,,confirmation,82
shd,train,7117,11,shd-train:7577,18,,development,89
shd,train,7320,0,shd-train:7578,0,,confirmation,85
shd,train,3301,2,shd-train:7579,6,,development,57
shd,train,12419,9,shd-train:7580,9,,development,66
shd,train,9111,8,shd-train:7581,12,,development,75
shd,train,7963,0,shd-train:7582,0,,confirmation,83
shd,train,5699,2,shd-train:7583,0,,development,78
shd,train,4977,2,shd-train:7584,14,,development,52
shd,train,11200,1,shd-train:7585,9,,confirmation,73
shd,train,6632,10,shd-train:7586,11,,development,77
shd,train,2981,2,shd-train:7587,6,,development,58
shd,train,9403,11,shd-train:7588,12,,development,91
shd,train,10383,9,shd-train:7589,4,,development,67
shd,train,9231,8,shd-train:7590,9,,development,58
shd,train,3066,2,shd-train:7591,4,,development,59
shd,train,4741,3,shd-train:7592,13,,development,78
shd,train,5670,2,shd-train:7593,13,,development,60
shd,train,9243,1,shd-train:7594,7,,confirmation,79
shd,train,8111,0,shd-train:7595,3,,confirmation,67
shd,train,7289,0,shd-train:7596,3,,confirmation,64
shd,train,5648,0,shd-train:7597,8,,confirmation,64
shd,train,7669,9,shd-train:7598,16,,development,72
shd,train,8469,7,shd-train:7599,2,,development,62
shd,train,6502,1,shd-train:7600,18,,confirmation,77
shd,train,10419,9,shd-train:7601,0,,development,70
shd,train,7574,7,shd-train:7602,18,,development,92
shd,train,3737,2,shd-train:7603,8,,development,51
shd,train,9151,9,shd-train:7604,16,,development,82
shd,train,12100,11,shd-train:7605,13,,development,87
shd,train,7069,1,shd-train:7606,5,,confirmation,65
shd,train,4037,2,shd-train:7607,2,,development,51
shd,train,11775,11,shd-train:7608,3,,development,96
shd,train,4044,3,shd-train:7609,11,,development,82
shd,train,7596,0,shd-train:7610,13,,confirmation,62
shd,train,6431,0,shd-train:7611,11,,confirmation,68
shd,train,10521,11,shd-train:7612,17,,development,96
shd,train,11734,1,shd-train:7613,10,,confirmation,80
shd,train,8799,8,shd-train:7614,10,,development,66
shd,train,7696,0,shd-train:7615,1,,confirmation,74
shd,train,6424,10,shd-train:7616,10,,development,60
shd,train,11865,1,shd-train:7617,0,,confirmation,94
shd,train,8551,9,shd-train:7618,8,,development,57
shd,train,6062,10,shd-train:7619,8,,development,59
shd,train,10267,11,shd-train:7620,17,,development,101
shd,train,10217,9,shd-train:7621,4,,development,65
shd,train,6956,3,shd-train:7622,3,,development,64
shd,train,4156,0,shd-train:7623,6,,confirmation,75
shd,train,11916,7,shd-train:7624,11,,development,109
shd,train,7594,11,shd-train:7625,18,,development,84
shd,train,8954,8,shd-train:7626,11,,development,77
shd,train,5194,6,shd-train:7627,8,,development,54
shd,train,10256,7,shd-train:7628,1,,development,63
shd,train,6214,2,shd-train:7629,17,,development,68
shd,train,4723,3,shd-train:7630,6,,development,76
shd,train,10862,11,shd-train:7631,17,,development,104
shd,train,3978,2,shd-train:7632,2,,development,48
shd,train,3532,2,shd-train:7633,18,,development,65
shd,train,7211,0,shd-train:7634,7,,confirmation,73
shd,train,5002,2,shd-train:7635,14,,development,55
shd,train,7753,6,shd-train:7636,9,,development,55
shd,train,8875,7,shd-train:7637,9,,development,61
shd,train,7875,0,shd-train:7638,1,,confirmation,71
shd,train,6169,1,shd-train:7639,18,,confirmation,84
shd,train,9844,1,shd-train:7640,10,,confirmation,73
shd,train,9602,7,shd-train:7641,2,,development,78
shd,train,8008,6,shd-train:7642,9,,development,59
shd,train,6636,10,shd-train:7643,13,,development,68
shd,train,5897,1,shd-train:7644,18,,confirmation,76
shd,train,6343,10,shd-train:7645,4,,development,63
shd,train,13119,7,shd-train:7646,19,,development,91
shd,train,7266,1,shd-train:7647,2,,confirmation,62
shd,train,10183,7,shd-train:7648,5,,development,74
shd,train,9971,7,shd-train:7649,4,,development,74
shd,train,10198,11,shd-train:7650,7,,development,101
shd,train,9334,7,shd-train:7651,5,,development,73
shd,train,9947,1,shd-train:7652,0,,confirmation,78
shd,train,7747,10,shd-train:7653,0,,development,80
shd,train,10872,9,shd-train:7654,14,,development,70
shd,train,3550,2,shd-train:7655,18,,development,66
shd,train,5455,3,shd-train:7656,16,,development,88
shd,train,8863,1,shd-train:7657,16,,confirmation,96
shd,train,10600,11,shd-train:7658,10,,development,84
shd,train,5685,10,shd-train:7659,5,,development,52
shd,train,9350,11,shd-train:7660,18,,development,122
shd,train,9466,9,shd-train:7661,3,,development,63
shd,train,8763,9,shd-train:7662,3,,development,59
shd,train,10148,11,shd-train:7663,9,,development,71
shd,train,9584,8,shd-train:7664,1,,development,59
shd,train,6662,0,shd-train:7665,12,,confirmation,73
shd,train,8367,7,shd-train:7666,18,,development,100
shd,train,7096,10,shd-train:7667,10,,development,63
shd,train,4435,2,shd-train:7668,3,,development,57
shd,train,5888,3,shd-train:7669,13,,development,82
shd,train,4977,2,shd-train:7670,11,,development,66
shd,train,5535,3,shd-train:7671,0,,development,79
shd,train,6594,11,shd-train:7672,16,,development,90
shd,train,11517,11,shd-train:7673,5,,development,81
shd,train,4375,2,shd-train:7674,13,,development,57
shd,train,11710,8,shd-train:7675,13,,development,75
shd,train,8481,8,shd-train:7676,1,,development,56
shd,train,7426,3,shd-train:7677,19,,development,61
shd,train,11664,9,shd-train:7678,10,,development,74
shd,train,12988,9,shd-train:7679,9,,development,65
shd,train,6859,10,shd-train:7680,1,,development,60
shd,train,5826,6,shd-train:7681,0,,development,83
shd,train,10051,1,shd-train:7682,10,,confirmation,78
shd,train,9886,9,shd-train:7683,5,,development,59
shd,train,9616,1,shd-train:7684,9,,confirmation,68
shd,train,6471,10,shd-train:7685,12,,development,72
shd,train,4373,3,shd-train:7686,5,,development,64
shd,train,8273,9,shd-train:7687,16,,development,74
shd,train,7149,0,shd-train:7688,7,,confirmation,79
shd,train,4515,6,shd-train:7689,2,,development,35
shd,train,8259,8,shd-train:7690,5,,development,52
shd,train,6429,1,shd-train:7691,5,,confirmation,65
shd,train,6617,0,shd-train:7692,11,,confirmation,68
shd,train,9182,3,shd-train:7693,17,,development,89
shd,train,10220,1,shd-train:7694,11,,confirmation,98
shd,train,5751,6,shd-train:7695,13,,development,74
shd,train,8676,11,shd-train:7696,19,,development,66
shd,train,7605,10,shd-train:7697,0,,development,80
shd,train,11078,7,shd-train:7698,14,,development,89
shd,train,7741,0,shd-train:7699,13,,confirmation,67
shd,train,4517,3,shd-train:7700,11,,development,89
shd,train,11635,9,shd-train:7701,1,,development,62
shd,train,5138,3,shd-train:7702,15,,development,58
shd,train,5278,1,shd-train:7703,6,,confirmation,76
shd,train,5232,1,shd-train:7704,6,,confirmation,72
shd,train,10608,8,shd-train:7705,7,,development,78
shd,train,12729,9,shd-train:7706,1,,development,71
shd,train,3412,2,shd-train:7707,4,,development,66
shd,train,8679,11,shd-train:7708,8,,development,89
shd,train,8596,8,shd-train:7709,4,,development,59
shd,train,6982,3,shd-train:7710,3,,development,66
shd,train,5677,3,shd-train:7711,10,,development,75
shd,train,10062,7,shd-train:7712,1,,development,62
shd,train,6660,3,shd-train:7713,14,,development,73
shd,train,7550,1,shd-train:7714,15,,confirmation,64
shd,train,6658,10,shd-train:7715,4,,development,62
shd,train,8467,3,shd-train:7716,7,,development,83
shd,train,7902,10,shd-train:7717,9,,development,50
shd,train,6683,6,shd-train:7718,12,,development,82
shd,train,6767,0,shd-train:7719,11,,confirmation,71
shd,train,5745,6,shd-train:7720,5,,development,62
shd,train,6333,0,shd-train:7721,4,,confirmation,76
shd,train,6814,8,shd-train:7722,8,,development,55
shd,train,6242,3,shd-train:7723,0,,development,88
shd,train,10763,11,shd-train:7724,9,,development,75
shd,train,6911,11,shd-train:7725,18,,development,90
shd,train,5700,6,shd-train:7726,0,,development,71
shd,train,9247,7,shd-train:7727,2,,development,77
shd,train,5667,7,shd-train:7728,6,,development,82
shd,train,10482,7,shd-train:7729,0,,development,78
shd,train,10272,8,shd-train:7730,0,,development,80
shd,train,10564,11,shd-train:7731,11,,development,93
shd,train,9107,7,shd-train:7732,15,,development,86
shd,train,12034,11,shd-train:7733,7,,development,101
shd,train,8311,0,shd-train:7734,3,,confirmation,71
shd,train,9101,1,shd-train:7735,11,,confirmation,80
shd,train,9562,7,shd-train:7736,3,,development,77
shd,train,6246,8,shd-train:7737,18,,development,70
shd,train,6399,1,shd-train:7738,18,,confirmation,81
shd,train,7592,7,shd-train:7739,16,,development,107
shd,train,3686,2,shd-train:7740,8,,development,55
shd,train,9513,11,shd-train:7741,4,,development,75
shd,train,9450,8,shd-train:7742,19,,development,59
shd,train,10121,11,shd-train:7743,5,,development,79
shd,train,7624,10,shd-train:7744,1,,development,65
shd,train,12023,9,shd-train:7745,9,,development,60
shd,train,6509,8,shd-train:7746,8,,development,53
shd,train,8014,11,shd-train:7747,2,,development,74
shd,train,7263,1,shd-train:7748,4,,confirmation,69
shd,train,9157,7,shd-train:7749,7,,development,72
shd,train,9839,1,shd-train:7750,10,,confirmation,80
shd,train,8270,8,shd-train:7751,3,,development,63
shd,train,7265,10,shd-train:7752,14,,development,65
shd,train,7200,7,shd-train:7753,16,,development,115
shd,train,8970,10,shd-train:7754,9,,development,60
shd,train,2953,2,shd-train:7755,6,,development,57
shd,train,6681,10,shd-train:7756,0,,development,75
shd,train,12044,9,shd-train:7757,11,,development,82
shd,train,7397,11,shd-train:7758,19,,development,61
shd,train,9605,3,shd-train:7759,17,,development,93
shd,train,7690,0,shd-train:7760,7,,confirmation,82
shd,train,7925,1,shd-train:7761,16,,confirmation,82
shd,train,7735,0,shd-train:7762,13,,confirmation,66
shd,train,7420,0,shd-train:7763,14,,confirmation,66
shd,train,2789,3,shd-train:7764,18,,development,58
shd,train,10349,7,shd-train:7765,8,,development,87
shd,train,13153,7,shd-train:7766,9,,development,86
shd,train,9727,8,shd-train:7767,1,,development,60
shd,train,7185,10,shd-train:7768,14,,development,65
shd,train,5872,3,shd-train:7769,0,,development,88
shd,train,6511,10,shd-train:7770,8,,development,58
shd,train,10619,11,shd-train:7771,11,,development,97
shd,train,10393,7,shd-train:7772,7,,development,75
shd,train,6400,3,shd-train:7773,4,,development,66
shd,train,9905,8,shd-train:7774,13,,development,70
shd,train,6763,1,shd-train:7775,8,,confirmation,58
shd,train,6286,8,shd-train:7776,15,,development,66
shd,train,5684,0,shd-train:7777,15,,confirmation,62
shd,train,9012,1,shd-train:7778,15,,confirmation,96
shd,train,3722,6,shd-train:7779,18,,development,42
shd,train,6595,8,shd-train:7780,15,,development,62
shd,train,6030,0,shd-train:7781,4,,confirmation,72
shd,train,9627,8,shd-train:7782,7,,development,67
shd,train,6170,1,shd-train:7783,18,,confirmation,75
shd,train,9802,11,shd-train:7784,5,,development,73
shd,train,6413,0,shd-train:7785,15,,confirmation,69
shd,train,5458,7,shd-train:7786,6,,development,80
shd,train,5952,7,shd-train:7787,6,,development,94
shd,train,8960,1,shd-train:7788,1,,confirmation,62
shd,train,6666,10,shd-train:7789,2,,development,58
shd,train,10307,1,shd-train:7790,12,,confirmation,88
shd,train,10176,7,shd-train:7791,2,,development,82
shd,train,6871,6,shd-train:7792,11,,development,83
shd,train,5881,1,shd-train:7793,6,,confirmation,93
shd,train,6248,2,shd-train:7794,9,,development,75
shd,train,7041,1,shd-train:7795,4,,confirmation,64
shd,train,7913,8,shd-train:7796,14,,development,67
shd,train,6457,8,shd-train:7797,16,,development,75
shd,train,7651,3,shd-train:7798,19,,development,68
shd,train,5561,3,shd-train:7799,15,,development,61
shd,train,10761,11,shd-train:7800,3,,development,87
shd,train,9691,11,shd-train:7801,9,,development,67
shd,train,7467,0,shd-train:7802,7,,confirmation,77
shd,train,3331,2,shd-train:7803,4,,development,57
shd,train,11742,9,shd-train:7804,1,,development,65
shd,train,6200,3,shd-train:7805,16,,development,84
shd,train,5294,0,shd-train:7806,2,,confirmation,48
shd,train,7017,10,shd-train:7807,13,,development,74
shd,train,9928,1,shd-train:7808,1,,confirmation,67
shd,train,9649,9,shd-train:7809,15,,development,71
shd,train,6727,7,shd-train:7810,16,,development,67
shd,train,9063,9,shd-train:7811,4,,development,67
shd,train,4732,2,shd-train:7812,10,,development,56
shd,train,4625,6,shd-train:7813,5,,development,60
shd,train,11582,11,shd-train:7814,13,,development,84
shd,train,4178,2,shd-train:7815,3,,development,55
shd,train,9451,1,shd-train:7816,7,,confirmation,82
shd,train,7327,1,shd-train:7817,2,,confirmation,63
shd,train,7152,1,shd-train:7818,5,,confirmation,58
shd,train,10086,9,shd-train:7819,4,,development,69
shd,train,9648,7,shd-train:7820,5,,development,67
shd,train,4893,6,shd-train:7821,6,,development,59
shd,train,9660,0,shd-train:7822,10,,confirmation,69
shd,train,8327,11,shd-train:7823,17,,development,96
shd,train,7782,11,shd-train:7824,18,,development,86
shd,train,5987,6,shd-train:7825,2,,development,50
shd,train,10468,7,shd-train:7826,4,,development,76
shd,train,9447,7,shd-train:7827,8,,development,69
shd,train,9383,11,shd-train:7828,12,,development,89
shd,train,11587,9,shd-train:7829,11,,development,78
shd,train,10672,9,shd-train:7830,1,,development,59
shd,train,4877,2,shd-train:7831,0,,development,77
shd,train,8177,10,shd-train:7832,7,,development,73
shd,train,10652,9,shd-train:7833,14,,development,76
shd,train,5818,10,shd-train:7834,16,,development,74
shd,train,10612,8,shd-train:7835,13,,development,71
shd,train,6997,0,shd-train:7836,14,,confirmation,61
shd,train,6647,8,shd-train:7837,8,,development,58
shd,train,8689,11,shd-train:7838,19,,development,67
shd,train,10306,9,shd-train:7839,14,,development,72
shd,train,9257,9,shd-train:7840,18,,development,72
shd,train,12993,7,shd-train:7841,19,,development,94
shd,train,11679,9,shd-train:7842,12,,development,82
shd,train,7665,9,shd-train:7843,15,,development,52
shd,train,6121,8,shd-train:7844,18,,development,65
shd,train,7352,6,shd-train:7845,19,,development,61
shd,train,9129,0,shd-train:7846,1,,confirmation,79
shd,train,8280,3,shd-train:7847,19,,development,77
shd,train,5716,1,shd-train:7848,8,,confirmation,44
shd,train,7501,10,shd-train:7849,19,,development,53
shd,train,6422,8,shd-train:7850,8,,development,54
shd,train,7184,10,shd-train:7851,12,,development,74
shd,train,4820,6,shd-train:7852,1,,development,50
shd,train,9725,7,shd-train:7853,1,,development,60
shd,train,12777,7,shd-train:7854,9,,development,73
shd,train,6169,0,shd-train:7855,2,,confirmation,56
shd,train,4927,2,shd-train:7856,14,,development,53
shd,train,11368,9,shd-train:7857,10,,development,69
shd,train,8572,0,shd-train:7858,1,,confirmation,71
shd,train,5803,0,shd-train:7859,16,,confirmation,73
shd,train,11911,7,shd-train:7860,10,,development,93
shd,train,6058,11,shd-train:7861,18,,development,80
shd,train,9182,1,shd-train:7862,14,,confirmation,86
shd,train,9531,7,shd-train:7863,4,,development,72
shd,train,3349,2,shd-train:7864,4,,development,60
shd,train,7180,2,shd-train:7865,19,,development,64
shd,train,4929,0,shd-train:7866,6,,confirmation,88
shd,train,3993,2,shd-train:7867,6,,development,66
shd,train,9140,7,shd-train:7868,8,,development,72
shd,train,4411,2,shd-train:7869,6,,development,66
shd,train,5090,8,shd-train:7870,6,,development,61
shd,train,8116,0,shd-train:7871,13,,confirmation,69
shd,train,10668,7,shd-train:7872,14,,development,89
shd,train,4536,0,shd-train:7873,18,,confirmation,65
shd,train,8546,11,shd-train:7874,8,,development,88
shd,train,4875,10,shd-train:7875,6,,development,73
shd,train,6383,3,shd-train:7876,0,,development,88
shd,train,4118,0,shd-train:7877,6,,confirmation,71
shd,train,5179,3,shd-train:7878,16,,development,86
shd,train,3912,2,shd-train:7879,8,,development,55
shd,train,9532,1,shd-train:7880,10,,confirmation,76
shd,train,10064,6,shd-train:7881,19,,development,68
shd,train,4328,2,shd-train:7882,13,,development,57
shd,train,5258,3,shd-train:7883,13,,development,85
shd,train,6606,10,shd-train:7884,4,,development,58
shd,train,7583,0,shd-train:7885,0,,confirmation,84
shd,train,4414,3,shd-train:7886,11,,development,87
shd,train,10924,11,shd-train:7887,13,,development,82
shd,train,6238,9,shd-train:7888,6,,development,76
shd,train,10820,11,shd-train:7889,3,,development,85
shd,train,8145,10,shd-train:7890,9,,development,58
shd,train,9587,9,shd-train:7891,1,,development,52
shd,train,4796,6,shd-train:7892,4,,development,56
shd,train,10720,7,shd-train:7893,5,,development,91
shd,train,4640,2,shd-train:7894,1,,development,60
shd,train,3880,2,shd-train:7895,2,,development,49
shd,train,6484,8,shd-train:7896,8,,development,56
shd,train,4823,0,shd-train:7897,18,,confirmation,66
shd,train,5141,2,shd-train:7898,14,,development,53
shd,train,11270,1,shd-train:7899,17,,confirmation,91
shd,train,8880,8,shd-train:7900,17,,development,71
shd,train,11470,9,shd-train:7901,19,,development,67
shd,train,10570,7,shd-train:7902,10,,development,83
shd,train,6832,1,shd-train:7903,4,,confirmation,60
shd,train,4261,3,shd-train:7904,4,,development,61
shd,train,8056,10,shd-train:7905,7,,development,75
shd,train,4770,2,shd-train:7906,1,,development,62
shd,train,9306,1,shd-train:7907,13,,confirmation,78
shd,train,10068,11,shd-train:7908,14,,development,89
shd,train,11002,11,shd-train:7909,11,,development,102
shd,train,5061,10,shd-train:7910,6,,development,79
shd,train,5135,0,shd-train:7911,5,,confirmation,77
shd,train,8420,1,shd-train:7912,4,,confirmation,75
shd,train,7856,11,shd-train:7913,12,,development,75
shd,train,4721,2,shd-train:7914,3,,development,53
shd,train,3016,2,shd-train:7915,5,,development,55
shd,train,10751,1,shd-train:7916,19,,confirmation,76
shd,train,7160,1,shd-train:7917,15,,confirmation,67
shd,train,7562,1,shd-train:7918,4,,confirmation,66
shd,train,12998,9,shd-train:7919,9,,development,67
shd,train,7441,11,shd-train:7920,15,,development,68
shd,train,4286,2,shd-train:7921,14,,development,48
shd,train,4353,2,shd-train:7922,8,,development,58
shd,train,12524,7,shd-train:7923,11,,development,118
shd,train,9824,11,shd-train:7924,13,,development,73
shd,train,5490,0,shd-train:7925,8,,confirmation,63
shd,train,5042,1,shd-train:7926,6,,confirmation,74
shd,train,10045,11,shd-train:7927,19,,development,71
shd,train,5077,2,shd-train:7928,10,,development,56
shd,train,5742,0,shd-train:7929,8,,confirmation,62
shd,train,5769,0,shd-train:7930,2,,confirmation,52
shd,train,9265,11,shd-train:7931,10,,development,78
shd,train,9189,7,shd-train:7932,8,,development,76
shd,train,3345,3,shd-train:7933,18,,development,64
shd,train,10161,0,shd-train:7934,17,,confirmation,75
shd,train,4382,6,shd-train:7935,5,,development,55
shd,train,4847,2,shd-train:7936,7,,development,69
shd,train,5764,2,shd-train:7937,0,,development,78
shd,train,6903,3,shd-train:7938,9,,development,53
shd,train,10132,1,shd-train:7939,11,,confirmation,84
shd,train,6402,10,shd-train:7940,2,,development,60
shd,train,11919,7,shd-train:7941,0,,development,86
shd,train,7305,11,shd-train:7942,18,,development,83
shd,train,8040,0,shd-train:7943,19,,confirmation,61
shd,train,4332,2,shd-train:7944,12,,development,70
shd,train,8297,7,shd-train:7945,2,,development,69
shd,train,11871,7,shd-train:7946,11,,development,106
shd,train,5681,2,shd-train:7947,10,,development,61
shd,train,6727,7,shd-train:7948,16,,development,71
shd,train,9821,1,shd-train:7949,12,,confirmation,86
shd,train,4829,2,shd-train:7950,14,,development,51
shd,train,3241,2,shd-train:7951,6,,development,61
shd,train,7242,10,shd-train:7952,11,,development,77
shd,train,13622,7,shd-train:7953,13,,development,106
shd,train,5301,0,shd-train:7954,16,,confirmation,88
shd,train,9207,8,shd-train:7955,11,,development,82
shd,train,7097,0,shd-train:7956,11,,confirmation,80
shd,train,4784,6,shd-train:7957,18,,development,61
shd,train,4935,3,shd-train:7958,13,,development,77
shd,train,5240,2,shd-train:7959,2,,development,61
shd,train,11227,9,shd-train:7960,1,,development,67
shd,train,8588,7,shd-train:7961,15,,development,77
shd,train,12356,11,shd-train:7962,13,,development,88
shd,train,4603,2,shd-train:7963,8,,development,59
shd,train,9245,1,shd-train:7964,1,,confirmation,64
shd,train,10035,11,shd-train:7965,7,,development,92
shd,train,11798,1,shd-train:7966,17,,confirmation,89
shd,train,6805,1,shd-train:7967,2,,confirmation,59
shd,train,7026,8,shd-train:7968,18,,development,65
shd,train,5430,10,shd-train:7969,16,,development,72
shd,train,9203,7,shd-train:7970,3,,development,73
shd,train,4542,2,shd-train:7971,15,,development,54
shd,train,6596,0,shd-train:7972,4,,confirmation,79
shd,train,7420,11,shd-train:7973,15,,development,69
shd,train,12557,7,shd-train:7974,13,,development,92
shd,train,7899,7,shd-train:7975,18,,development,98
shd,train,10859,11,shd-train:7976,17,,development,95
shd,train,4876,3,shd-train:7977,5,,development,60
shd,train,3089,2,shd-train:7978,6,,development,62
shd,train,11535,7,shd-train:7979,10,,development,90
shd,train,10675,9,shd-train:7980,7,,development,69
shd,train,5968,10,shd-train:7981,8,,development,58
shd,train,9522,7,shd-train:7982,3,,development,75
shd,train,6951,1,shd-train:7983,5,,confirmation,62
shd,train,12568,11,shd-train:7984,7,,development,99
shd,train,5935,10,shd-train:7985,8,,development,60
shd,train,4245,2,shd-train:7986,8,,development,51
shd,train,9119,8,shd-train:7987,10,,development,67
shd,train,5469,6,shd-train:7988,16,,development,82
shd,train,9864,8,shd-train:7989,0,,development,69
shd,train,8136,1,shd-train:7990,11,,confirmation,81
shd,train,4816,10,shd-train:7991,6,,development,75
shd,train,4992,2,shd-train:7992,16,,development,72
shd,train,5976,2,shd-train:7993,17,,development,67
shd,train,11826,7,shd-train:7994,7,,development,86
shd,train,9465,3,shd-train:7995,17,,development,95
shd,train,11548,11,shd-train:7996,1,,development,84
shd,train,10175,7,shd-train:7997,4,,development,77
shd,train,3998,2,shd-train:7998,16,,development,59
shd,train,5981,10,shd-train:7999,5,,development,62
shd,train,7430,6,shd-train:8000,7,,development,77
shd,train,5099,3,shd-train:8001,1,,development,60
shd,train,5612,10,shd-train:8002,18,,development,65
shd,train,7383,10,shd-train:8003,0,,development,79
shd,train,11296,9,shd-train:8004,19,,development,67
shd,train,8323,9,shd-train:8005,18,,development,72
shd,train,10800,9,shd-train:8006,19,,development,63
shd,train,11322,9,shd-train:8007,0,,development,73
shd,train,10585,11,shd-train:8008,0,,development,102
shd,train,8321,7,shd-train:8009,18,,development,93
shd,train,7632,8,shd-train:8010,5,,development,55
shd,train,4567,2,shd-train:8011,1,,development,58
shd,train,4488,8,shd-train:8012,6,,development,65
shd,train,7748,2,shd-train:8013,9,,development,83
shd,train,5880,0,shd-train:8014,8,,confirmation,65
shd,train,8494,8,shd-train:8015,10,,development,66
shd,train,8430,8,shd-train:8016,4,,development,58
shd,train,6798,10,shd-train:8017,8,,development,59
shd,train,9717,11,shd-train:8018,7,,development,90
shd,train,11426,9,shd-train:8019,0,,development,77
shd,train,8873,1,shd-train:8020,7,,confirmation,78
shd,train,6687,8,shd-train:8021,18,,development,68
shd,train,6110,1,shd-train:8022,6,,confirmation,71
shd,train,13031,9,shd-train:8023,13,,development,81
shd,train,8929,8,shd-train:8024,9,,development,53
shd,train,8691,10,shd-train:8025,9,,development,59
shd,train,10150,1,shd-train:8026,11,,confirmation,89
shd,train,8328,1,shd-train:8027,16,,confirmation,75
shd,train,7132,0,shd-train:8028,14,,confirmation,69
shd,train,5255,6,shd-train:8029,2,,development,42
shd,train,8661,8,shd-train:8030,11,,development,78
shd,train,3881,2,shd-train:8031,6,,development,65
shd,train,6078,3,shd-train:8032,10,,development,76
shd,train,7551,3,shd-train:8033,9,,development,54
shd,train,5146,2,shd-train:8034,7,,development,63
shd,train,5549,6,shd-train:8035,8,,development,55
shd,train,6820,1,shd-train:8036,18,,confirmation,79
shd,train,6341,10,shd-train:8037,12,,development,68
shd,train,5270,2,shd-train:8038,1,,development,75
shd,train,5378,1,shd-train:8039,6,,confirmation,81
shd,train,10685,11,shd-train:8040,11,,development,93
shd,train,9092,9,shd-train:8041,2,,development,59
shd,train,8897,11,shd-train:8042,14,,development,86
shd,train,8583,8,shd-train:8043,11,,development,74
shd,train,4515,2,shd-train:8044,11,,development,70
shd,train,7997,0,shd-train:8045,3,,confirmation,67
shd,train,12893,1,shd-train:8046,17,,confirmation,92
shd,train,6597,0,shd-train:8047,11,,confirmation,70
shd,train,5392,3,shd-train:8048,10,,development,75
shd,train,4186,0,shd-train:8049,18,,confirmation,61
shd,train,4361,2,shd-train:8050,15,,development,55
shd,train,4046,3,shd-train:8051,11,,development,75
shd,train,5360,2,shd-train:8052,14,,development,58
shd,train,3844,6,shd-train:8053,18,,development,43
shd,train,10980,1,shd-train:8054,13,,confirmation,105
shd,train,6068,0,shd-train:8055,6,,confirmation,77
shd,train,6757,8,shd-train:8056,2,,development,57
shd,train,8645,1,shd-train:8057,12,,confirmation,82
shd,train,10143,1,shd-train:8058,0,,confirmation,81
shd,train,7847,11,shd-train:8059,14,,development,81
shd,train,6828,10,shd-train:8060,13,,development,65
shd,train,8414,1,shd-train:8061,14,,confirmation,84
shd,train,4720,10,shd-train:8062,6,,development,73
shd,train,7517,0,shd-train:8063,7,,confirmation,77
shd,train,9575,1,shd-train:8064,10,,confirmation,73
shd,train,7940,0,shd-train:8065,19,,confirmation,64
shd,train,6485,2,shd-train:8066,0,,development,86
shd,train,4235,0,shd-train:8067,6,,confirmation,74
shd,train,7328,8,shd-train:8068,14,,development,63
shd,train,11065,9,shd-train:8069,5,,development,68
shd,train,7018,1,shd-train:8070,2,,confirmation,61
shd,train,12162,9,shd-train:8071,9,,development,60
shd,train,8006,0,shd-train:8072,10,,confirmation,58
shd,train,5562,0,shd-train:8073,16,,confirmation,81
shd,train,6039,6,shd-train:8074,2,,development,53
shd,train,6567,3,shd-train:8075,2,,development,66
shd,train,7430,1,shd-train:8076,2,,confirmation,65
shd,train,4436,2,shd-train:8077,8,,development,59
shd,train,12032,11,shd-train:8078,0,,development,115
shd,train,9252,11,shd-train:8079,17,,development,93
shd,train,4325,2,shd-train:8080,15,,development,47
shd,train,6489,10,shd-train:8081,2,,development,57
shd,train,9751,8,shd-train:8082,9,,development,57
shd,train,6973,0,shd-train:8083,14,,confirmation,68
shd,train,10756,8,shd-train:8084,13,,development,72
shd,train,9507,11,shd-train:8085,10,,development,73
shd,train,3461,2,shd-train:8086,6,,development,59
shd,train,7766,6,shd-train:8087,19,,development,58
shd,train,4071,2,shd-train:8088,8,,development,53
shd,train,9790,7,shd-train:8089,1,,development,62
shd,train,6175,6,shd-train:8090,0,,development,83
shd,train,9257,9,shd-train:8091,2,,development,62
shd,train,6604,3,shd-train:8092,1,,development,68
shd,train,8826,1,shd-train:8093,11,,confirmation,78
shd,train,7565,0,shd-train:8094,12,,confirmation,79
shd,train,6750,8,shd-train:8095,8,,development,55
shd,train,8283,1,shd-train:8096,11,,confirmation,86
shd,train,6123,3,shd-train:8097,10,,development,74
shd,train,8298,3,shd-train:8098,19,,development,74
shd,train,9935,8,shd-train:8099,7,,development,73
shd,train,11507,7,shd-train:8100,1,,development,68
shd,train,10677,9,shd-train:8101,0,,development,69
shd,train,7178,10,shd-train:8102,14,,development,58
shd,train,3342,2,shd-train:8103,4,,development,57
shd,train,4860,2,shd-train:8104,14,,development,53
shd,train,10320,8,shd-train:8105,7,,development,70
shd,train,6488,8,shd-train:8106,18,,development,67
shd,train,4383,2,shd-train:8107,16,,development,71
shd,train,4770,3,shd-train:8108,12,,development,83
shd,train,8522,6,shd-train:8109,19,,development,66
shd,train,9060,9,shd-train:8110,8,,development,60
shd,train,10221,7,shd-train:8111,0,,development,78
shd,train,14605,7,shd-train:8112,17,,development,118
shd,train,10892,7,shd-train:8113,7,,development,81
shd,train,6297,6,shd-train:8114,13,,development,80
shd,train,3080,2,shd-train:8115,4,,development,68
shd,train,11612,9,shd-train:8116,0,,development,76
shd,train,7663,8,shd-train:8117,14,,development,66
shd,train,6899,8,shd-train:8118,16,,development,76
shd,train,7172,10,shd-train:8119,10,,development,65
shd,train,9195,1,shd-train:8120,16,,confirmation,87
shd,train,9715,9,shd-train:8121,4,,development,67
shd,train,10582,7,shd-train:8122,1,,development,64
shd,train,3113,2,shd-train:8123,6,,development,59
shd,train,9550,1,shd-train:8124,16,,confirmation,95
shd,train,9884,9,shd-train:8125,14,,development,65
shd,train,10573,1,shd-train:8126,9,,confirmation,71
shd,train,6388,3,shd-train:8127,2,,development,66
shd,train,13250,7,shd-train:8128,13,,development,96
shd,train,4792,3,shd-train:8129,13,,development,80
shd,train,12227,11,shd-train:8130,13,,development,88
shd,train,7340,0,shd-train:8131,7,,confirmation,77
shd,train,5694,6,shd-train:8132,0,,development,83
shd,train,6653,10,shd-train:8133,15,,development,56
shd,train,10201,7,shd-train:8134,3,,development,86
shd,train,7960,10,shd-train:8135,7,,development,73
shd,train,7243,3,shd-train:8136,2,,development,70
shd,train,5156,2,shd-train:8137,13,,development,58
shd,train,12293,7,shd-train:8138,9,,development,75
shd,train,7862,0,shd-train:8139,9,,confirmation,70
shd,train,7047,8,shd-train:8140,2,,development,59
shd,train,7275,10,shd-train:8141,13,,development,70
shd,train,14231,9,shd-train:8142,17,,development,89
shd,train,13207,1,shd-train:8143,17,,confirmation,92
shd,train,4634,3,shd-train:8144,4,,development,60
shd,train,11686,11,shd-train:8145,13,,development,85
shd,train,9742,11,shd-train:8146,13,,development,79
shd,train,9697,11,shd-train:8147,1,,development,73
shd,train,10126,9,shd-train:8148,4,,development,63
shd,train,7049,1,shd-train:8149,15,,confirmation,67
shd,train,5536,6,shd-train:8150,1,,development,52
shd,train,9240,1,shd-train:8151,9,,confirmation,68
shd,train,10541,8,shd-train:8152,7,,development,75
shd,train,5914,0,shd-train:8153,5,,confirmation,83
shd,train,11031,9,shd-train:8154,1,,development,64
shd,train,5518,6,shd-train:8155,1,,development,53
