dataset,phase,role,population,contrast,left,right,seed,fold,accuracy,macro_f1,macro_precision,macro_recall
shd,confirmation,QRC-minus-CRC:comparison:fixed:q4-i2-qrc:comparison:fixed:q4-i2-crc,held,QRC-minus-CRC,comparison:fixed:q4-i2-qrc,comparison:fixed:q4-i2-crc,42,confirmation,0.0066079295154184425,0.021760956279559707,0.015383870250276988,0.004993527220279237
shd,confirmation,QRC-minus-CRC:comparison:fixed:q4-i2-qrc:comparison:fixed:q4-i2-crc,held,QRC-minus-CRC,comparison:fixed:q4-i2-qrc,comparison:fixed:q4-i2-crc,44,confirmation,0.06607929515418509,0.07133337359927922,0.01701191020096371,0.06547533123101701
shd,confirmation,QRC-minus-CRC:comparison:fixed:q4-i2-qrc:comparison:fixed:q4-i2-crc,held,QRC-minus-CRC,comparison:fixed:q4-i2-qrc,comparison:fixed:q4-i2-crc,46,confirmation,-0.024779735682819437,-0.03388438623558754,-0.05626424032210253,-0.027800914803137178
shd,development,QRC-minus-CRC:comparison:fixed:q4-i2-qrc:comparison:fixed:q4-i2-crc,held,QRC-minus-CRC,comparison:fixed:q4-i2-qrc,comparison:fixed:q4-i2-crc,42,0,0.019377162629757805,0.011931088365004894,0.026600354472712973,0.023325906443899258
shd,development,QRC-minus-CRC:comparison:fixed:q4-i2-qrc:comparison:fixed:q4-i2-crc,held,QRC-minus-CRC,comparison:fixed:q4-i2-qrc,comparison:fixed:q4-i2-crc,42,1,0.01104651162790693,0.015963831512846416,0.07755839915705848,0.012978268946775673
shd,development,QRC-minus-CRC:comparison:fixed:q4-i2-qrc:comparison:fixed:q4-i2-crc,held,QRC-minus-CRC,comparison:fixed:q4-i2-qrc,comparison:fixed:q4-i2-crc,42,2,0.005009392611145913,0.010553214530438226,0.049831425371680615,0.008033108746887452
shd,development,QRC-minus-CRC:comparison:fixed:q4-i2-qrc:comparison:fixed:q4-i2-crc,held,QRC-minus-CRC,comparison:fixed:q4-i2-qrc,comparison:fixed:q4-i2-crc,42,3,0.02217997465145749,0.030671191644641382,0.034438950430328186,0.02296783988421447
shd,development,QRC-minus-CRC:comparison:fixed:q4-i2-qrc:comparison:fixed:q4-i2-crc,held,QRC-minus-CRC,comparison:fixed:q4-i2-qrc,comparison:fixed:q4-i2-crc,44,0,0.07889273356401383,0.0928994778633706,0.05216998417839308,0.08067271124481257
shd,development,QRC-minus-CRC:comparison:fixed:q4-i2-qrc:comparison:fixed:q4-i2-crc,held,QRC-minus-CRC,comparison:fixed:q4-i2-qrc,comparison:fixed:q4-i2-crc,44,1,0.09825581395348837,0.12283446168392909,0.07974819353802676,0.11223725306308252
shd,development,QRC-minus-CRC:comparison:fixed:q4-i2-qrc:comparison:fixed:q4-i2-crc,held,QRC-minus-CRC,comparison:fixed:q4-i2-qrc,comparison:fixed:q4-i2-crc,44,2,0.005009392611145913,0.015199978840981287,0.05359593649535421,0.009308643783420778
shd,development,QRC-minus-CRC:comparison:fixed:q4-i2-qrc:comparison:fixed:q4-i2-crc,held,QRC-minus-CRC,comparison:fixed:q4-i2-qrc,comparison:fixed:q4-i2-crc,44,3,-0.0006337135614702394,-0.007350400791100442,0.034452225774561196,-0.002046076785645168
shd,development,QRC-minus-CRC:comparison:fixed:q4-i2-qrc:comparison:fixed:q4-i2-crc,held,QRC-minus-CRC,comparison:fixed:q4-i2-qrc,comparison:fixed:q4-i2-crc,46,0,-0.08996539792387542,-0.07460692959140014,-0.017736401896747023,-0.092082013284636
shd,development,QRC-minus-CRC:comparison:fixed:q4-i2-qrc:comparison:fixed:q4-i2-crc,held,QRC-minus-CRC,comparison:fixed:q4-i2-qrc,comparison:fixed:q4-i2-crc,46,1,-0.03081395348837207,-0.006274422017086001,0.027615565422308086,-0.008556935418642497
shd,development,QRC-minus-CRC:comparison:fixed:q4-i2-qrc:comparison:fixed:q4-i2-crc,held,QRC-minus-CRC,comparison:fixed:q4-i2-qrc,comparison:fixed:q4-i2-crc,46,2,-0.033813400125234816,-0.032705940517994525,0.0020212984664508826,-0.028956865284039346
shd,development,QRC-minus-CRC:comparison:fixed:q4-i2-qrc:comparison:fixed:q4-i2-crc,held,QRC-minus-CRC,comparison:fixed:q4-i2-qrc,comparison:fixed:q4-i2-crc,46,3,-0.06273764258555131,-0.05670301443129594,-0.0498577035421236,-0.06353317520321089
shd,official,QRC-minus-CRC:comparison:fixed:q4-i2-qrc:comparison:fixed:q4-i2-crc,held,QRC-minus-CRC,comparison:fixed:q4-i2-qrc,comparison:fixed:q4-i2-crc,42,official,0.04814487632508835,0.05069750256649175,0.017432705919554814,0.04811026086643466
shd,official,QRC-minus-CRC:comparison:fixed:q4-i2-qrc:comparison:fixed:q4-i2-crc,held,QRC-minus-CRC,comparison:fixed:q4-i2-qrc,comparison:fixed:q4-i2-crc,44,official,0.03445229681978801,0.03277626210829354,0.06527552732887343,0.0342779755686804
shd,official,QRC-minus-CRC:comparison:fixed:q4-i2-qrc:comparison:fixed:q4-i2-crc,held,QRC-minus-CRC,comparison:fixed:q4-i2-qrc,comparison:fixed:q4-i2-crc,46,official,-0.005300353356890497,-0.0023864698727180667,-0.010099212712174954,-0.008161283474336867
shd,confirmation,QRC-minus-CRC:comparison:fixed12:q4-i2-qrc:comparison:fixed12:q4-i2-crc,held,QRC-minus-CRC,comparison:fixed12:q4-i2-qrc,comparison:fixed12:q4-i2-crc,42,confirmation,0.0066079295154184425,0.021760956279559707,0.015383870250276988,0.004993527220279237
shd,confirmation,QRC-minus-CRC:comparison:fixed12:q4-i2-qrc:comparison:fixed12:q4-i2-crc,held,QRC-minus-CRC,comparison:fixed12:q4-i2-qrc,comparison:fixed12:q4-i2-crc,44,confirmation,0.06607929515418509,0.07133337359927922,0.01701191020096371,0.06547533123101701
shd,confirmation,QRC-minus-CRC:comparison:fixed12:q4-i2-qrc:comparison:fixed12:q4-i2-crc,held,QRC-minus-CRC,comparison:fixed12:q4-i2-qrc,comparison:fixed12:q4-i2-crc,46,confirmation,-0.024779735682819437,-0.03388438623558754,-0.05626424032210253,-0.027800914803137178
shd,development,QRC-minus-CRC:comparison:fixed12:q4-i2-qrc:comparison:fixed12:q4-i2-crc,held,QRC-minus-CRC,comparison:fixed12:q4-i2-qrc,comparison:fixed12:q4-i2-crc,42,0,0.019377162629757805,0.011931088365004894,0.026600354472712973,0.023325906443899258
shd,development,QRC-minus-CRC:comparison:fixed12:q4-i2-qrc:comparison:fixed12:q4-i2-crc,held,QRC-minus-CRC,comparison:fixed12:q4-i2-qrc,comparison:fixed12:q4-i2-crc,42,1,0.01104651162790693,0.015963831512846416,0.07755839915705848,0.012978268946775673
shd,development,QRC-minus-CRC:comparison:fixed12:q4-i2-qrc:comparison:fixed12:q4-i2-crc,held,QRC-minus-CRC,comparison:fixed12:q4-i2-qrc,comparison:fixed12:q4-i2-crc,42,2,0.005009392611145913,0.010553214530438226,0.049831425371680615,0.008033108746887452
shd,development,QRC-minus-CRC:comparison:fixed12:q4-i2-qrc:comparison:fixed12:q4-i2-crc,held,QRC-minus-CRC,comparison:fixed12:q4-i2-qrc,comparison:fixed12:q4-i2-crc,42,3,0.02217997465145749,0.030671191644641382,0.034438950430328186,0.02296783988421447
shd,development,QRC-minus-CRC:comparison:fixed12:q4-i2-qrc:comparison:fixed12:q4-i2-crc,held,QRC-minus-CRC,comparison:fixed12:q4-i2-qrc,comparison:fixed12:q4-i2-crc,44,0,0.07889273356401383,0.0928994778633706,0.05216998417839308,0.08067271124481257
shd,development,QRC-minus-CRC:comparison:fixed12:q4-i2-qrc:comparison:fixed12:q4-i2-crc,held,QRC-minus-CRC,comparison:fixed12:q4-i2-qrc,comparison:fixed12:q4-i2-crc,44,1,0.09825581395348837,0.12283446168392909,0.07974819353802676,0.11223725306308252
shd,development,QRC-minus-CRC:comparison:fixed12:q4-i2-qrc:comparison:fixed12:q4-i2-crc,held,QRC-minus-CRC,comparison:fixed12:q4-i2-qrc,comparison:fixed12:q4-i2-crc,44,2,0.005009392611145913,0.015199978840981287,0.05359593649535421,0.009308643783420778
shd,development,QRC-minus-CRC:comparison:fixed12:q4-i2-qrc:comparison:fixed12:q4-i2-crc,held,QRC-minus-CRC,comparison:fixed12:q4-i2-qrc,comparison:fixed12:q4-i2-crc,44,3,-0.0006337135614702394,-0.007350400791100442,0.034452225774561196,-0.002046076785645168
shd,development,QRC-minus-CRC:comparison:fixed12:q4-i2-qrc:comparison:fixed12:q4-i2-crc,held,QRC-minus-CRC,comparison:fixed12:q4-i2-qrc,comparison:fixed12:q4-i2-crc,46,0,-0.08996539792387542,-0.07460692959140014,-0.017736401896747023,-0.092082013284636
shd,development,QRC-minus-CRC:comparison:fixed12:q4-i2-qrc:comparison:fixed12:q4-i2-crc,held,QRC-minus-CRC,comparison:fixed12:q4-i2-qrc,comparison:fixed12:q4-i2-crc,46,1,-0.03081395348837207,-0.006274422017086001,0.027615565422308086,-0.008556935418642497
shd,development,QRC-minus-CRC:comparison:fixed12:q4-i2-qrc:comparison:fixed12:q4-i2-crc,held,QRC-minus-CRC,comparison:fixed12:q4-i2-qrc,comparison:fixed12:q4-i2-crc,46,2,-0.033813400125234816,-0.032705940517994525,0.0020212984664508826,-0.028956865284039346
shd,development,QRC-minus-CRC:comparison:fixed12:q4-i2-qrc:comparison:fixed12:q4-i2-crc,held,QRC-minus-CRC,comparison:fixed12:q4-i2-qrc,comparison:fixed12:q4-i2-crc,46,3,-0.06273764258555131,-0.05670301443129594,-0.0498577035421236,-0.06353317520321089
shd,official,QRC-minus-CRC:comparison:fixed12:q4-i2-qrc:comparison:fixed12:q4-i2-crc,held,QRC-minus-CRC,comparison:fixed12:q4-i2-qrc,comparison:fixed12:q4-i2-crc,42,official,0.04814487632508835,0.05069750256649175,0.017432705919554814,0.04811026086643466
shd,official,QRC-minus-CRC:comparison:fixed12:q4-i2-qrc:comparison:fixed12:q4-i2-crc,held,QRC-minus-CRC,comparison:fixed12:q4-i2-qrc,comparison:fixed12:q4-i2-crc,44,official,0.03445229681978801,0.03277626210829354,0.06527552732887343,0.0342779755686804
shd,official,QRC-minus-CRC:comparison:fixed12:q4-i2-qrc:comparison:fixed12:q4-i2-crc,held,QRC-minus-CRC,comparison:fixed12:q4-i2-qrc,comparison:fixed12:q4-i2-crc,46,official,-0.005300353356890497,-0.0023864698727180667,-0.010099212712174954,-0.008161283474336867
shd,confirmation,QRC-minus-CRC:comparison:tuned:q4-i2-qrc:comparison:tuned:q4-i2-crc,held,QRC-minus-CRC,comparison:tuned:q4-i2-qrc,comparison:tuned:q4-i2-crc,42,confirmation,0.025881057268722474,0.026199802955090723,0.022384323476335233,0.025803507885459598
shd,confirmation,QRC-minus-CRC:comparison:tuned:q4-i2-qrc:comparison:tuned:q4-i2-crc,held,QRC-minus-CRC,comparison:tuned:q4-i2-qrc,comparison:tuned:q4-i2-crc,44,confirmation,0.026431718061674103,0.016381151440613917,-0.003827980509664153,0.02630017200415591
shd,confirmation,QRC-minus-CRC:comparison:tuned:q4-i2-qrc:comparison:tuned:q4-i2-crc,held,QRC-minus-CRC,comparison:tuned:q4-i2-qrc,comparison:tuned:q4-i2-crc,46,confirmation,0.060572687224669575,0.05500694557799335,0.04862646683433125,0.06069917520707857
shd,development,QRC-minus-CRC:comparison:tuned:q4-i2-qrc:comparison:tuned:q4-i2-crc,held,QRC-minus-CRC,comparison:tuned:q4-i2-qrc,comparison:tuned:q4-i2-crc,42,0,0.04913494809688579,0.06037533308779125,0.02280474081760875,0.05010569906895035
shd,development,QRC-minus-CRC:comparison:tuned:q4-i2-qrc:comparison:tuned:q4-i2-crc,held,QRC-minus-CRC,comparison:tuned:q4-i2-qrc,comparison:tuned:q4-i2-crc,42,1,0.01686046511627909,0.008108409292398477,-0.005054639713151565,0.015291797175981114
shd,development,QRC-minus-CRC:comparison:tuned:q4-i2-qrc:comparison:tuned:q4-i2-crc,held,QRC-minus-CRC,comparison:tuned:q4-i2-qrc,comparison:tuned:q4-i2-crc,42,2,-0.017532874139010612,-0.010126972562928938,0.015674646029390615,-0.017210920063046142
shd,development,QRC-minus-CRC:comparison:tuned:q4-i2-qrc:comparison:tuned:q4-i2-crc,held,QRC-minus-CRC,comparison:tuned:q4-i2-qrc,comparison:tuned:q4-i2-crc,42,3,-0.034220532319391594,-0.024940726673786884,-0.036763623411854796,-0.033169857933457725
shd,development,QRC-minus-CRC:comparison:tuned:q4-i2-qrc:comparison:tuned:q4-i2-crc,held,QRC-minus-CRC,comparison:tuned:q4-i2-qrc,comparison:tuned:q4-i2-crc,44,0,0.08996539792387542,0.09539487734415608,0.029809520335069173,0.0958516402306166
shd,development,QRC-minus-CRC:comparison:tuned:q4-i2-qrc:comparison:tuned:q4-i2-crc,held,QRC-minus-CRC,comparison:tuned:q4-i2-qrc,comparison:tuned:q4-i2-crc,44,1,0.0023255813953488302,0.0003955921918195604,0.014908085643116853,0.007398849879556135
shd,development,QRC-minus-CRC:comparison:tuned:q4-i2-qrc:comparison:tuned:q4-i2-crc,held,QRC-minus-CRC,comparison:tuned:q4-i2-qrc,comparison:tuned:q4-i2-crc,44,2,-0.028177833437695643,-0.03313829131106949,-0.009700706609858,-0.02673990128957049
shd,development,QRC-minus-CRC:comparison:tuned:q4-i2-qrc:comparison:tuned:q4-i2-crc,held,QRC-minus-CRC,comparison:tuned:q4-i2-qrc,comparison:tuned:q4-i2-crc,44,3,-0.04372623574144496,-0.038325513170392234,-0.04074492670879304,-0.04330010373893223
shd,development,QRC-minus-CRC:comparison:tuned:q4-i2-qrc:comparison:tuned:q4-i2-crc,held,QRC-minus-CRC,comparison:tuned:q4-i2-qrc,comparison:tuned:q4-i2-crc,46,0,0.05051903114186851,0.04268319883981675,0.003421999640636386,0.05379576390841123
shd,development,QRC-minus-CRC:comparison:tuned:q4-i2-qrc:comparison:tuned:q4-i2-crc,held,QRC-minus-CRC,comparison:tuned:q4-i2-qrc,comparison:tuned:q4-i2-crc,46,1,0.013372093023255816,-0.0006691038965175866,0.008116493507692113,0.010229304411024098
shd,development,QRC-minus-CRC:comparison:tuned:q4-i2-qrc:comparison:tuned:q4-i2-crc,held,QRC-minus-CRC,comparison:tuned:q4-i2-qrc,comparison:tuned:q4-i2-crc,46,2,-0.028177833437695643,-0.017096498817167127,0.013833922642570329,-0.0288003332003941
shd,development,QRC-minus-CRC:comparison:tuned:q4-i2-qrc:comparison:tuned:q4-i2-crc,held,QRC-minus-CRC,comparison:tuned:q4-i2-qrc,comparison:tuned:q4-i2-crc,46,3,-0.04626108998732581,-0.03829347299609975,-0.0390193057614755,-0.0462319102495683
shd,official,QRC-minus-CRC:comparison:tuned:q4-i2-qrc:comparison:tuned:q4-i2-crc,held,QRC-minus-CRC,comparison:tuned:q4-i2-qrc,comparison:tuned:q4-i2-crc,42,official,0.02296819787985871,0.02442917325386773,0.013744860711748186,0.02260213898479735
shd,official,QRC-minus-CRC:comparison:tuned:q4-i2-qrc:comparison:tuned:q4-i2-crc,held,QRC-minus-CRC,comparison:tuned:q4-i2-qrc,comparison:tuned:q4-i2-crc,44,official,0.0013250883392226243,0.0029217665546462657,0.006557836481215662,0.001206306029903348
shd,official,QRC-minus-CRC:comparison:tuned:q4-i2-qrc:comparison:tuned:q4-i2-crc,held,QRC-minus-CRC,comparison:tuned:q4-i2-qrc,comparison:tuned:q4-i2-crc,46,official,0.04240282685512364,0.04190991461861515,0.03414629592960994,0.040783634319091266
shd,confirmation,tuned-minus-fixed:comparison:tuned:q4-i2-qrc:comparison:fixed:q4-i2-qrc,held,tuned-minus-fixed,comparison:tuned:q4-i2-qrc,comparison:fixed:q4-i2-qrc,42,confirmation,0.05726872246696035,0.07235973978218341,0.09435645982736862,0.05923337848931409
shd,confirmation,tuned-minus-fixed:comparison:tuned:q4-i2-qrc:comparison:fixed:q4-i2-qrc,held,tuned-minus-fixed,comparison:tuned:q4-i2-qrc,comparison:fixed:q4-i2-qrc,44,confirmation,0.020925110132158586,0.04207529296922141,0.07507070845694419,0.022529381814987537
shd,confirmation,tuned-minus-fixed:comparison:tuned:q4-i2-qrc:comparison:fixed:q4-i2-qrc,held,tuned-minus-fixed,comparison:tuned:q4-i2-qrc,comparison:fixed:q4-i2-qrc,46,confirmation,0.09416299559471364,0.11618065542403477,0.1404360286033628,0.09630176234148857
shd,development,tuned-minus-fixed:comparison:tuned:q4-i2-qrc:comparison:fixed:q4-i2-qrc,held,tuned-minus-fixed,comparison:tuned:q4-i2-qrc,comparison:fixed:q4-i2-qrc,42,0,0.08788927335640134,0.11017758733515581,0.1007363827703896,0.08234125065142561
shd,development,tuned-minus-fixed:comparison:tuned:q4-i2-qrc:comparison:fixed:q4-i2-qrc,held,tuned-minus-fixed,comparison:tuned:q4-i2-qrc,comparison:fixed:q4-i2-qrc,42,1,0.12325581395348839,0.12003552222891817,0.11351004279305738,0.11451021199132749
shd,development,tuned-minus-fixed:comparison:tuned:q4-i2-qrc:comparison:fixed:q4-i2-qrc,held,tuned-minus-fixed,comparison:tuned:q4-i2-qrc,comparison:fixed:q4-i2-qrc,42,2,0.04070131496556045,0.06634430164320337,0.09227929350790898,0.04122656044041639
shd,development,tuned-minus-fixed:comparison:tuned:q4-i2-qrc:comparison:fixed:q4-i2-qrc,held,tuned-minus-fixed,comparison:tuned:q4-i2-qrc,comparison:fixed:q4-i2-qrc,42,3,0.04562737642585557,0.05234299240743412,0.017525560056993128,0.04652718627214181
shd,development,tuned-minus-fixed:comparison:tuned:q4-i2-qrc:comparison:fixed:q4-i2-qrc,held,tuned-minus-fixed,comparison:tuned:q4-i2-qrc,comparison:fixed:q4-i2-qrc,44,0,0.1259515570934256,0.12966586580447992,0.09184043850476586,0.12788845563162898
shd,development,tuned-minus-fixed:comparison:tuned:q4-i2-qrc:comparison:fixed:q4-i2-qrc,held,tuned-minus-fixed,comparison:tuned:q4-i2-qrc,comparison:fixed:q4-i2-qrc,44,1,0.054651162790697705,0.04285118894384915,0.10705930246911621,0.0468760501948533
shd,development,tuned-minus-fixed:comparison:tuned:q4-i2-qrc:comparison:fixed:q4-i2-qrc,held,tuned-minus-fixed,comparison:tuned:q4-i2-qrc,comparison:fixed:q4-i2-qrc,44,2,0.02880400751408896,0.07452837252396188,0.09945140502278493,0.03010400680346559
shd,development,tuned-minus-fixed:comparison:tuned:q4-i2-qrc:comparison:fixed:q4-i2-qrc,held,tuned-minus-fixed,comparison:tuned:q4-i2-qrc,comparison:fixed:q4-i2-qrc,44,3,0.04499366286438522,0.052798134703786415,-0.02814817283188842,0.047623815715616136
shd,development,tuned-minus-fixed:comparison:tuned:q4-i2-qrc:comparison:fixed:q4-i2-qrc,held,tuned-minus-fixed,comparison:tuned:q4-i2-qrc,comparison:fixed:q4-i2-qrc,46,0,0.20622837370242214,0.20645288050102228,0.10038189323625857,0.20872210807780744
shd,development,tuned-minus-fixed:comparison:tuned:q4-i2-qrc:comparison:fixed:q4-i2-qrc,held,tuned-minus-fixed,comparison:tuned:q4-i2-qrc,comparison:fixed:q4-i2-qrc,46,1,0.06744186046511624,0.05172011125321485,0.06321629266579276,0.05143275428806454
shd,development,tuned-minus-fixed:comparison:tuned:q4-i2-qrc:comparison:fixed:q4-i2-qrc,held,tuned-minus-fixed,comparison:tuned:q4-i2-qrc,comparison:fixed:q4-i2-qrc,46,2,0.10457107075767069,0.13050917923230004,0.12682234037448664,0.10611865039702467
shd,development,tuned-minus-fixed:comparison:tuned:q4-i2-qrc:comparison:fixed:q4-i2-qrc,held,tuned-minus-fixed,comparison:tuned:q4-i2-qrc,comparison:fixed:q4-i2-qrc,46,3,0.08238276299112796,0.08261796875275035,0.04219228712896783,0.08442071180471888
shd,official,tuned-minus-fixed:comparison:tuned:q4-i2-qrc:comparison:fixed:q4-i2-qrc,held,tuned-minus-fixed,comparison:tuned:q4-i2-qrc,comparison:fixed:q4-i2-qrc,42,official,0.07597173144876324,0.08465337586615052,0.08523637247871607,0.07533488565338431
shd,official,tuned-minus-fixed:comparison:tuned:q4-i2-qrc:comparison:fixed:q4-i2-qrc,held,tuned-minus-fixed,comparison:tuned:q4-i2-qrc,comparison:fixed:q4-i2-qrc,44,official,0.10512367491166075,0.11541182428772523,0.09936687099314323,0.10329175155998804
shd,official,tuned-minus-fixed:comparison:tuned:q4-i2-qrc:comparison:fixed:q4-i2-qrc,held,tuned-minus-fixed,comparison:tuned:q4-i2-qrc,comparison:fixed:q4-i2-qrc,46,official,0.13869257950530034,0.14241410240648633,0.1390212178118796,0.1377257154427468
shd,confirmation,natural-minus-fixed12:comparison:fixed:q4-i2-qrc:comparison:fixed12:q4-i2-qrc,held,natural-minus-fixed12,comparison:fixed:q4-i2-qrc,comparison:fixed12:q4-i2-qrc,42,confirmation,0.0,0.0,0.0,0.0
shd,confirmation,natural-minus-fixed12:comparison:fixed:q4-i2-qrc:comparison:fixed12:q4-i2-qrc,held,natural-minus-fixed12,comparison:fixed:q4-i2-qrc,comparison:fixed12:q4-i2-qrc,44,confirmation,0.0,0.0,0.0,0.0
shd,confirmation,natural-minus-fixed12:comparison:fixed:q4-i2-qrc:comparison:fixed12:q4-i2-qrc,held,natural-minus-fixed12,comparison:fixed:q4-i2-qrc,comparison:fixed12:q4-i2-qrc,46,confirmation,0.0,0.0,0.0,0.0
shd,development,natural-minus-fixed12:comparison:fixed:q4-i2-qrc:comparison:fixed12:q4-i2-qrc,held,natural-minus-fixed12,comparison:fixed:q4-i2-qrc,comparison:fixed12:q4-i2-qrc,42,0,0.0,0.0,0.0,0.0
shd,development,natural-minus-fixed12:comparison:fixed:q4-i2-qrc:comparison:fixed12:q4-i2-qrc,held,natural-minus-fixed12,comparison:fixed:q4-i2-qrc,comparison:fixed12:q4-i2-qrc,42,1,0.0,0.0,0.0,0.0
shd,development,natural-minus-fixed12:comparison:fixed:q4-i2-qrc:comparison:fixed12:q4-i2-qrc,held,natural-minus-fixed12,comparison:fixed:q4-i2-qrc,comparison:fixed12:q4-i2-qrc,42,2,0.0,0.0,0.0,0.0
shd,development,natural-minus-fixed12:comparison:fixed:q4-i2-qrc:comparison:fixed12:q4-i2-qrc,held,natural-minus-fixed12,comparison:fixed:q4-i2-qrc,comparison:fixed12:q4-i2-qrc,42,3,0.0,0.0,0.0,0.0
shd,development,natural-minus-fixed12:comparison:fixed:q4-i2-qrc:comparison:fixed12:q4-i2-qrc,held,natural-minus-fixed12,comparison:fixed:q4-i2-qrc,comparison:fixed12:q4-i2-qrc,44,0,0.0,0.0,0.0,0.0
shd,development,natural-minus-fixed12:comparison:fixed:q4-i2-qrc:comparison:fixed12:q4-i2-qrc,held,natural-minus-fixed12,comparison:fixed:q4-i2-qrc,comparison:fixed12:q4-i2-qrc,44,1,0.0,0.0,0.0,0.0
shd,development,natural-minus-fixed12:comparison:fixed:q4-i2-qrc:comparison:fixed12:q4-i2-qrc,held,natural-minus-fixed12,comparison:fixed:q4-i2-qrc,comparison:fixed12:q4-i2-qrc,44,2,0.0,0.0,0.0,0.0
shd,development,natural-minus-fixed12:comparison:fixed:q4-i2-qrc:comparison:fixed12:q4-i2-qrc,held,natural-minus-fixed12,comparison:fixed:q4-i2-qrc,comparison:fixed12:q4-i2-qrc,44,3,0.0,0.0,0.0,0.0
shd,development,natural-minus-fixed12:comparison:fixed:q4-i2-qrc:comparison:fixed12:q4-i2-qrc,held,natural-minus-fixed12,comparison:fixed:q4-i2-qrc,comparison:fixed12:q4-i2-qrc,46,0,0.0,0.0,0.0,0.0
shd,development,natural-minus-fixed12:comparison:fixed:q4-i2-qrc:comparison:fixed12:q4-i2-qrc,held,natural-minus-fixed12,comparison:fixed:q4-i2-qrc,comparison:fixed12:q4-i2-qrc,46,1,0.0,0.0,0.0,0.0
shd,development,natural-minus-fixed12:comparison:fixed:q4-i2-qrc:comparison:fixed12:q4-i2-qrc,held,natural-minus-fixed12,comparison:fixed:q4-i2-qrc,comparison:fixed12:q4-i2-qrc,46,2,0.0,0.0,0.0,0.0
shd,development,natural-minus-fixed12:comparison:fixed:q4-i2-qrc:comparison:fixed12:q4-i2-qrc,held,natural-minus-fixed12,comparison:fixed:q4-i2-qrc,comparison:fixed12:q4-i2-qrc,46,3,0.0,0.0,0.0,0.0
shd,official,natural-minus-fixed12:comparison:fixed:q4-i2-qrc:comparison:fixed12:q4-i2-qrc,held,natural-minus-fixed12,comparison:fixed:q4-i2-qrc,comparison:fixed12:q4-i2-qrc,42,official,0.0,0.0,0.0,0.0
shd,official,natural-minus-fixed12:comparison:fixed:q4-i2-qrc:comparison:fixed12:q4-i2-qrc,held,natural-minus-fixed12,comparison:fixed:q4-i2-qrc,comparison:fixed12:q4-i2-qrc,44,official,0.0,0.0,0.0,0.0
shd,official,natural-minus-fixed12:comparison:fixed:q4-i2-qrc:comparison:fixed12:q4-i2-qrc,held,natural-minus-fixed12,comparison:fixed:q4-i2-qrc,comparison:fixed12:q4-i2-qrc,46,official,0.0,0.0,0.0,0.0
shd,confirmation,reservoir-minus-projection:comparison:fixed:q4-i2-qrc:comparison:projection:i2,held,reservoir-minus-projection,comparison:fixed:q4-i2-qrc,comparison:projection:i2,42,confirmation,0.007158590308369961,0.022742490665634496,0.02193814786917969,0.00911979370382665
shd,confirmation,reservoir-minus-projection:comparison:fixed:q4-i2-qrc:comparison:projection:i2,held,reservoir-minus-projection,comparison:fixed:q4-i2-qrc,comparison:projection:i2,44,confirmation,0.03909691629955947,0.04752147291788905,0.018118858465529408,0.04106325403673117
shd,confirmation,reservoir-minus-projection:comparison:fixed:q4-i2-qrc:comparison:projection:i2,held,reservoir-minus-projection,comparison:fixed:q4-i2-qrc,comparison:projection:i2,46,confirmation,-0.008810572687224738,0.0026027017118449014,-0.01946808843708614,-0.007134694678863629
shd,development,reservoir-minus-projection:comparison:fixed:q4-i2-qrc:comparison:projection:i2,held,reservoir-minus-projection,comparison:fixed:q4-i2-qrc,comparison:projection:i2,42,0,0.004152249134948105,0.007357554947452605,0.05529612802335271,-0.0034509701132265924
shd,development,reservoir-minus-projection:comparison:fixed:q4-i2-qrc:comparison:projection:i2,held,reservoir-minus-projection,comparison:fixed:q4-i2-qrc,comparison:projection:i2,42,1,-0.008720930232558155,-0.010840050261792078,0.03621109105444409,-0.016847756960814142
shd,development,reservoir-minus-projection:comparison:fixed:q4-i2-qrc:comparison:projection:i2,held,reservoir-minus-projection,comparison:fixed:q4-i2-qrc,comparison:projection:i2,42,2,0.03569192235441454,0.021719529709889107,0.07610200381148802,0.0366127186628159
shd,development,reservoir-minus-projection:comparison:fixed:q4-i2-qrc:comparison:projection:i2,held,reservoir-minus-projection,comparison:fixed:q4-i2-qrc,comparison:projection:i2,42,3,0.019011406844106404,0.01917929868806778,-0.0003041157229910496,0.018212013322692622
shd,development,reservoir-minus-projection:comparison:fixed:q4-i2-qrc:comparison:projection:i2,held,reservoir-minus-projection,comparison:fixed:q4-i2-qrc,comparison:projection:i2,44,0,-0.033910034602076145,-0.015222828602338478,0.029646814273687483,-0.045528253243074746
shd,development,reservoir-minus-projection:comparison:fixed:q4-i2-qrc:comparison:projection:i2,held,reservoir-minus-projection,comparison:fixed:q4-i2-qrc,comparison:projection:i2,44,1,0.03372093023255812,0.040171428479292504,0.043100735969190895,0.028435744481536795
shd,development,reservoir-minus-projection:comparison:fixed:q4-i2-qrc:comparison:projection:i2,held,reservoir-minus-projection,comparison:fixed:q4-i2-qrc,comparison:projection:i2,44,2,0.03256105197244835,0.0030855889778877432,0.05922170869091592,0.03337260330370084
shd,development,reservoir-minus-projection:comparison:fixed:q4-i2-qrc:comparison:projection:i2,held,reservoir-minus-projection,comparison:fixed:q4-i2-qrc,comparison:projection:i2,44,3,0.012040557667934104,0.007678455479916357,0.03370604451052417,0.009809374697691164
shd,development,reservoir-minus-projection:comparison:fixed:q4-i2-qrc:comparison:projection:i2,held,reservoir-minus-projection,comparison:fixed:q4-i2-qrc,comparison:projection:i2,46,0,-0.13633217993079583,-0.1254637110037815,-0.004020235455072185,-0.14885387052577465
shd,development,reservoir-minus-projection:comparison:fixed:q4-i2-qrc:comparison:projection:i2,held,reservoir-minus-projection,comparison:fixed:q4-i2-qrc,comparison:projection:i2,46,1,0.006976744186046546,0.011538432812442101,0.039934559848938955,0.006840646787019233
shd,development,reservoir-minus-projection:comparison:fixed:q4-i2-qrc:comparison:projection:i2,held,reservoir-minus-projection,comparison:fixed:q4-i2-qrc,comparison:projection:i2,46,2,-0.026299311208515974,-0.04315735479211352,0.02368731456865164,-0.024261509300090578
shd,development,reservoir-minus-projection:comparison:fixed:q4-i2-qrc:comparison:projection:i2,held,reservoir-minus-projection,comparison:fixed:q4-i2-qrc,comparison:projection:i2,46,3,-0.036755386565272496,-0.03063895389660093,-0.047002483591909394,-0.03852432020682783
shd,official,reservoir-minus-projection:comparison:fixed:q4-i2-qrc:comparison:projection:i2,held,reservoir-minus-projection,comparison:fixed:q4-i2-qrc,comparison:projection:i2,42,official,0.044169611307420475,0.04834220862896266,0.012156337404588657,0.04508227435577583
shd,official,reservoir-minus-projection:comparison:fixed:q4-i2-qrc:comparison:projection:i2,held,reservoir-minus-projection,comparison:fixed:q4-i2-qrc,comparison:projection:i2,44,official,0.014575971731448756,0.01788406189493441,0.010239463799396331,0.016516783828435577
shd,official,reservoir-minus-projection:comparison:fixed:q4-i2-qrc:comparison:projection:i2,held,reservoir-minus-projection,comparison:fixed:q4-i2-qrc,comparison:projection:i2,46,official,0.012809187279151923,0.02081274201325034,-0.005704625973612543,0.01277727870970835
shd,confirmation,tuned-minus-fixed:comparison:tuned:q4-i2-crc:comparison:fixed:q4-i2-crc,held,tuned-minus-fixed,comparison:tuned:q4-i2-crc,comparison:fixed:q4-i2-crc,42,confirmation,0.03799559471365632,0.06792089310665239,0.08735600660131038,0.03842339782413373
shd,confirmation,tuned-minus-fixed:comparison:tuned:q4-i2-crc:comparison:fixed:q4-i2-crc,held,tuned-minus-fixed,comparison:tuned:q4-i2-crc,comparison:fixed:q4-i2-crc,44,confirmation,0.060572687224669575,0.09702751512788671,0.09591059916757205,0.06170454104184864
shd,confirmation,tuned-minus-fixed:comparison:tuned:q4-i2-crc:comparison:fixed:q4-i2-crc,held,tuned-minus-fixed,comparison:tuned:q4-i2-crc,comparison:fixed:q4-i2-crc,46,confirmation,0.008810572687224627,0.027289323610453886,0.03554532144692901,0.007801672331272824
shd,development,tuned-minus-fixed:comparison:tuned:q4-i2-crc:comparison:fixed:q4-i2-crc,held,tuned-minus-fixed,comparison:tuned:q4-i2-crc,comparison:fixed:q4-i2-crc,42,0,0.05813148788927336,0.06173334261236946,0.10453199642549382,0.05556145802637452
shd,development,tuned-minus-fixed:comparison:tuned:q4-i2-crc:comparison:fixed:q4-i2-crc,held,tuned-minus-fixed,comparison:tuned:q4-i2-crc,comparison:fixed:q4-i2-crc,42,1,0.11744186046511623,0.1278909444493661,0.19612308166326742,0.11219668376212205
shd,development,tuned-minus-fixed:comparison:tuned:q4-i2-crc:comparison:fixed:q4-i2-crc,held,tuned-minus-fixed,comparison:tuned:q4-i2-crc,comparison:fixed:q4-i2-crc,42,2,0.06324358171571698,0.08702448873657054,0.12643607285019898,0.06647058925034999
shd,development,tuned-minus-fixed:comparison:tuned:q4-i2-crc:comparison:fixed:q4-i2-crc,held,tuned-minus-fixed,comparison:tuned:q4-i2-crc,comparison:fixed:q4-i2-crc,42,3,0.10202788339670466,0.10795491072586239,0.08872813389917611,0.102664884089814
shd,development,tuned-minus-fixed:comparison:tuned:q4-i2-crc:comparison:fixed:q4-i2-crc,held,tuned-minus-fixed,comparison:tuned:q4-i2-crc,comparison:fixed:q4-i2-crc,44,0,0.114878892733564,0.12717046632369444,0.11420090234808977,0.11270952664582495
shd,development,tuned-minus-fixed:comparison:tuned:q4-i2-crc:comparison:fixed:q4-i2-crc,held,tuned-minus-fixed,comparison:tuned:q4-i2-crc,comparison:fixed:q4-i2-crc,44,1,0.15058139534883724,0.16529005843595868,0.17189941036402612,0.1517144533783797
shd,development,tuned-minus-fixed:comparison:tuned:q4-i2-crc:comparison:fixed:q4-i2-crc,held,tuned-minus-fixed,comparison:tuned:q4-i2-crc,comparison:fixed:q4-i2-crc,44,2,0.061991233562930514,0.12286664267601266,0.16274804812799715,0.06615255187645686
shd,development,tuned-minus-fixed:comparison:tuned:q4-i2-crc:comparison:fixed:q4-i2-crc,held,tuned-minus-fixed,comparison:tuned:q4-i2-crc,comparison:fixed:q4-i2-crc,44,3,0.08808618504435994,0.0837732470830782,0.047048979651465817,0.0888778426689032
shd,development,tuned-minus-fixed:comparison:tuned:q4-i2-crc:comparison:fixed:q4-i2-crc,held,tuned-minus-fixed,comparison:tuned:q4-i2-crc,comparison:fixed:q4-i2-crc,46,0,0.06574394463667821,0.0891627520698054,0.07922349169887516,0.06284433088476021
shd,development,tuned-minus-fixed:comparison:tuned:q4-i2-crc:comparison:fixed:q4-i2-crc,held,tuned-minus-fixed,comparison:tuned:q4-i2-crc,comparison:fixed:q4-i2-crc,46,1,0.023255813953488358,0.04611479313264644,0.08271536458040873,0.032646514458397946
shd,development,tuned-minus-fixed:comparison:tuned:q4-i2-crc:comparison:fixed:q4-i2-crc,held,tuned-minus-fixed,comparison:tuned:q4-i2-crc,comparison:fixed:q4-i2-crc,46,2,0.09893550407013152,0.11489973753147265,0.1150097161983672,0.10596211831337943
shd,development,tuned-minus-fixed:comparison:tuned:q4-i2-crc:comparison:fixed:q4-i2-crc,held,tuned-minus-fixed,comparison:tuned:q4-i2-crc,comparison:fixed:q4-i2-crc,46,3,0.06590621039290245,0.06420842731755416,0.03135388934831973,0.06711944685107629
shd,official,tuned-minus-fixed:comparison:tuned:q4-i2-crc:comparison:fixed:q4-i2-crc,held,tuned-minus-fixed,comparison:tuned:q4-i2-crc,comparison:fixed:q4-i2-crc,42,official,0.10114840989399287,0.11092170517877453,0.0889242176865227,0.10084300753502162
shd,official,tuned-minus-fixed:comparison:tuned:q4-i2-crc:comparison:fixed:q4-i2-crc,held,tuned-minus-fixed,comparison:tuned:q4-i2-crc,comparison:fixed:q4-i2-crc,44,official,0.13825088339222613,0.1452663198413725,0.158084561840801,0.1363634210987651
shd,official,tuned-minus-fixed:comparison:tuned:q4-i2-crc:comparison:fixed:q4-i2-crc,held,tuned-minus-fixed,comparison:tuned:q4-i2-crc,comparison:fixed:q4-i2-crc,46,official,0.0909893992932862,0.09811771791515311,0.0947757091700947,0.08878079764931868
shd,confirmation,natural-minus-fixed12:comparison:fixed:q4-i2-crc:comparison:fixed12:q4-i2-crc,held,natural-minus-fixed12,comparison:fixed:q4-i2-crc,comparison:fixed12:q4-i2-crc,42,confirmation,0.0,0.0,0.0,0.0
shd,confirmation,natural-minus-fixed12:comparison:fixed:q4-i2-crc:comparison:fixed12:q4-i2-crc,held,natural-minus-fixed12,comparison:fixed:q4-i2-crc,comparison:fixed12:q4-i2-crc,44,confirmation,0.0,0.0,0.0,0.0
shd,confirmation,natural-minus-fixed12:comparison:fixed:q4-i2-crc:comparison:fixed12:q4-i2-crc,held,natural-minus-fixed12,comparison:fixed:q4-i2-crc,comparison:fixed12:q4-i2-crc,46,confirmation,0.0,0.0,0.0,0.0
shd,development,natural-minus-fixed12:comparison:fixed:q4-i2-crc:comparison:fixed12:q4-i2-crc,held,natural-minus-fixed12,comparison:fixed:q4-i2-crc,comparison:fixed12:q4-i2-crc,42,0,0.0,0.0,0.0,0.0
shd,development,natural-minus-fixed12:comparison:fixed:q4-i2-crc:comparison:fixed12:q4-i2-crc,held,natural-minus-fixed12,comparison:fixed:q4-i2-crc,comparison:fixed12:q4-i2-crc,42,1,0.0,0.0,0.0,0.0
shd,development,natural-minus-fixed12:comparison:fixed:q4-i2-crc:comparison:fixed12:q4-i2-crc,held,natural-minus-fixed12,comparison:fixed:q4-i2-crc,comparison:fixed12:q4-i2-crc,42,2,0.0,0.0,0.0,0.0
shd,development,natural-minus-fixed12:comparison:fixed:q4-i2-crc:comparison:fixed12:q4-i2-crc,held,natural-minus-fixed12,comparison:fixed:q4-i2-crc,comparison:fixed12:q4-i2-crc,42,3,0.0,0.0,0.0,0.0
shd,development,natural-minus-fixed12:comparison:fixed:q4-i2-crc:comparison:fixed12:q4-i2-crc,held,natural-minus-fixed12,comparison:fixed:q4-i2-crc,comparison:fixed12:q4-i2-crc,44,0,0.0,0.0,0.0,0.0
shd,development,natural-minus-fixed12:comparison:fixed:q4-i2-crc:comparison:fixed12:q4-i2-crc,held,natural-minus-fixed12,comparison:fixed:q4-i2-crc,comparison:fixed12:q4-i2-crc,44,1,0.0,0.0,0.0,0.0
shd,development,natural-minus-fixed12:comparison:fixed:q4-i2-crc:comparison:fixed12:q4-i2-crc,held,natural-minus-fixed12,comparison:fixed:q4-i2-crc,comparison:fixed12:q4-i2-crc,44,2,0.0,0.0,0.0,0.0
shd,development,natural-minus-fixed12:comparison:fixed:q4-i2-crc:comparison:fixed12:q4-i2-crc,held,natural-minus-fixed12,comparison:fixed:q4-i2-crc,comparison:fixed12:q4-i2-crc,44,3,0.0,0.0,0.0,0.0
shd,development,natural-minus-fixed12:comparison:fixed:q4-i2-crc:comparison:fixed12:q4-i2-crc,held,natural-minus-fixed12,comparison:fixed:q4-i2-crc,comparison:fixed12:q4-i2-crc,46,0,0.0,0.0,0.0,0.0
shd,development,natural-minus-fixed12:comparison:fixed:q4-i2-crc:comparison:fixed12:q4-i2-crc,held,natural-minus-fixed12,comparison:fixed:q4-i2-crc,comparison:fixed12:q4-i2-crc,46,1,0.0,0.0,0.0,0.0
shd,development,natural-minus-fixed12:comparison:fixed:q4-i2-crc:comparison:fixed12:q4-i2-crc,held,natural-minus-fixed12,comparison:fixed:q4-i2-crc,comparison:fixed12:q4-i2-crc,46,2,0.0,0.0,0.0,0.0
shd,development,natural-minus-fixed12:comparison:fixed:q4-i2-crc:comparison:fixed12:q4-i2-crc,held,natural-minus-fixed12,comparison:fixed:q4-i2-crc,comparison:fixed12:q4-i2-crc,46,3,0.0,0.0,0.0,0.0
shd,official,natural-minus-fixed12:comparison:fixed:q4-i2-crc:comparison:fixed12:q4-i2-crc,held,natural-minus-fixed12,comparison:fixed:q4-i2-crc,comparison:fixed12:q4-i2-crc,42,official,0.0,0.0,0.0,0.0
shd,official,natural-minus-fixed12:comparison:fixed:q4-i2-crc:comparison:fixed12:q4-i2-crc,held,natural-minus-fixed12,comparison:fixed:q4-i2-crc,comparison:fixed12:q4-i2-crc,44,official,0.0,0.0,0.0,0.0
shd,official,natural-minus-fixed12:comparison:fixed:q4-i2-crc:comparison:fixed12:q4-i2-crc,held,natural-minus-fixed12,comparison:fixed:q4-i2-crc,comparison:fixed12:q4-i2-crc,46,official,0.0,0.0,0.0,0.0
shd,confirmation,reservoir-minus-projection:comparison:fixed:q4-i2-crc:comparison:projection:i2,held,reservoir-minus-projection,comparison:fixed:q4-i2-crc,comparison:projection:i2,42,confirmation,0.0005506607929515184,0.0009815343860747894,0.006554277618902704,0.004126266483547414
shd,confirmation,reservoir-minus-projection:comparison:fixed:q4-i2-crc:comparison:projection:i2,held,reservoir-minus-projection,comparison:fixed:q4-i2-crc,comparison:projection:i2,44,confirmation,-0.02698237885462562,-0.023811900681390163,0.0011069482645656992,-0.02441207719428584
shd,confirmation,reservoir-minus-projection:comparison:fixed:q4-i2-crc:comparison:projection:i2,held,reservoir-minus-projection,comparison:fixed:q4-i2-crc,comparison:projection:i2,46,confirmation,0.0159691629955947,0.03648708794743244,0.03679615188501639,0.02066622012427355
shd,development,reservoir-minus-projection:comparison:fixed:q4-i2-crc:comparison:projection:i2,held,reservoir-minus-projection,comparison:fixed:q4-i2-crc,comparison:projection:i2,42,0,-0.0152249134948097,-0.004573533417552289,0.028695773550639736,-0.02677687655712585
shd,development,reservoir-minus-projection:comparison:fixed:q4-i2-crc:comparison:projection:i2,held,reservoir-minus-projection,comparison:fixed:q4-i2-crc,comparison:projection:i2,42,1,-0.019767441860465085,-0.026803881774638494,-0.04134730810261439,-0.029826025907589815
shd,development,reservoir-minus-projection:comparison:fixed:q4-i2-crc:comparison:projection:i2,held,reservoir-minus-projection,comparison:fixed:q4-i2-crc,comparison:projection:i2,42,2,0.030682529743268627,0.01116631517945088,0.0262705784398074,0.02857960991592845
shd,development,reservoir-minus-projection:comparison:fixed:q4-i2-crc:comparison:projection:i2,held,reservoir-minus-projection,comparison:fixed:q4-i2-crc,comparison:projection:i2,42,3,-0.003168567807351086,-0.011491892956573602,-0.034743066153319235,-0.004755826561521848
shd,development,reservoir-minus-projection:comparison:fixed:q4-i2-crc:comparison:projection:i2,held,reservoir-minus-projection,comparison:fixed:q4-i2-crc,comparison:projection:i2,44,0,-0.11280276816608997,-0.10812230646570908,-0.022523169904705598,-0.1262009644878873
shd,development,reservoir-minus-projection:comparison:fixed:q4-i2-crc:comparison:projection:i2,held,reservoir-minus-projection,comparison:fixed:q4-i2-crc,comparison:projection:i2,44,1,-0.06453488372093025,-0.08266303320463658,-0.03664745756883586,-0.08380150858154573
shd,development,reservoir-minus-projection:comparison:fixed:q4-i2-crc:comparison:projection:i2,held,reservoir-minus-projection,comparison:fixed:q4-i2-crc,comparison:projection:i2,44,2,0.02755165936130244,-0.012114389863093544,0.005625772195561707,0.024063959520280065
shd,development,reservoir-minus-projection:comparison:fixed:q4-i2-crc:comparison:projection:i2,held,reservoir-minus-projection,comparison:fixed:q4-i2-crc,comparison:projection:i2,44,3,0.012674271229404344,0.0150288562710168,-0.0007461812640370269,0.011855451483336332
shd,development,reservoir-minus-projection:comparison:fixed:q4-i2-crc:comparison:projection:i2,held,reservoir-minus-projection,comparison:fixed:q4-i2-crc,comparison:projection:i2,46,0,-0.046366782006920404,-0.05085678141238137,0.013716166441674837,-0.056771857241138646
shd,development,reservoir-minus-projection:comparison:fixed:q4-i2-crc:comparison:projection:i2,held,reservoir-minus-projection,comparison:fixed:q4-i2-crc,comparison:projection:i2,46,1,0.037790697674418616,0.017812854829528102,0.01231899442663087,0.01539758220566173
shd,development,reservoir-minus-projection:comparison:fixed:q4-i2-crc:comparison:projection:i2,held,reservoir-minus-projection,comparison:fixed:q4-i2-crc,comparison:projection:i2,46,2,0.007514088916718842,-0.010451414274118997,0.021666016102200758,0.004695355983948768
shd,development,reservoir-minus-projection:comparison:fixed:q4-i2-crc:comparison:projection:i2,held,reservoir-minus-projection,comparison:fixed:q4-i2-crc,comparison:projection:i2,46,3,0.025982256020278816,0.02606406053469501,0.002855219950214205,0.025008854996383056
shd,official,reservoir-minus-projection:comparison:fixed:q4-i2-crc:comparison:projection:i2,held,reservoir-minus-projection,comparison:fixed:q4-i2-crc,comparison:projection:i2,42,official,-0.003975265017667873,-0.0023552939375290904,-0.0052763685149661566,-0.003027986510658831
shd,official,reservoir-minus-projection:comparison:fixed:q4-i2-crc:comparison:projection:i2,held,reservoir-minus-projection,comparison:fixed:q4-i2-crc,comparison:projection:i2,44,official,-0.019876325088339253,-0.01489220021335913,-0.0550360635294771,-0.01776119174024482
shd,official,reservoir-minus-projection:comparison:fixed:q4-i2-crc:comparison:projection:i2,held,reservoir-minus-projection,comparison:fixed:q4-i2-crc,comparison:projection:i2,46,official,0.01810954063604242,0.023199211885968407,0.0043945867385624116,0.020938562184045217
shd,confirmation,QRC-minus-CRC:comparison:fixed:q6-i2-qrc:comparison:fixed:q6-i2-crc,held,QRC-minus-CRC,comparison:fixed:q6-i2-qrc,comparison:fixed:q6-i2-crc,42,confirmation,0.0506607929515418,0.05684571921973158,0.04519648022375611,0.04962625503592344
shd,confirmation,QRC-minus-CRC:comparison:fixed:q6-i2-qrc:comparison:fixed:q6-i2-crc,held,QRC-minus-CRC,comparison:fixed:q6-i2-qrc,comparison:fixed:q6-i2-crc,44,confirmation,0.04019823788546251,0.02121974028331708,0.011521722313869942,0.039033888344957246
shd,confirmation,QRC-minus-CRC:comparison:fixed:q6-i2-qrc:comparison:fixed:q6-i2-crc,held,QRC-minus-CRC,comparison:fixed:q6-i2-qrc,comparison:fixed:q6-i2-crc,46,confirmation,0.01376651982378857,0.019998189946314027,0.0346676285734262,0.012311266539485666
shd,development,QRC-minus-CRC:comparison:fixed:q6-i2-qrc:comparison:fixed:q6-i2-crc,held,QRC-minus-CRC,comparison:fixed:q6-i2-qrc,comparison:fixed:q6-i2-crc,42,0,0.07128027681660898,0.06102658843387454,0.0655756446586514,0.07591289301055548
shd,development,QRC-minus-CRC:comparison:fixed:q6-i2-qrc:comparison:fixed:q6-i2-crc,held,QRC-minus-CRC,comparison:fixed:q6-i2-qrc,comparison:fixed:q6-i2-crc,42,1,0.061046511627906974,0.07399614990736947,0.18805595500698868,0.06449104702390779
shd,development,QRC-minus-CRC:comparison:fixed:q6-i2-qrc:comparison:fixed:q6-i2-crc,held,QRC-minus-CRC,comparison:fixed:q6-i2-qrc,comparison:fixed:q6-i2-crc,42,2,-0.02880400751408896,-0.026640100911700493,-0.042885652053230805,-0.03073253251377861
shd,development,QRC-minus-CRC:comparison:fixed:q6-i2-qrc:comparison:fixed:q6-i2-crc,held,QRC-minus-CRC,comparison:fixed:q6-i2-qrc,comparison:fixed:q6-i2-crc,42,3,0.07541191381495571,0.05828880288635674,0.10296807950335807,0.07298806407638925
shd,development,QRC-minus-CRC:comparison:fixed:q6-i2-qrc:comparison:fixed:q6-i2-crc,held,QRC-minus-CRC,comparison:fixed:q6-i2-qrc,comparison:fixed:q6-i2-crc,44,0,0.00622837370242213,0.006602305061555291,-0.010337144459063752,0.006577185346903991
shd,development,QRC-minus-CRC:comparison:fixed:q6-i2-qrc:comparison:fixed:q6-i2-crc,held,QRC-minus-CRC,comparison:fixed:q6-i2-qrc,comparison:fixed:q6-i2-crc,44,1,0.003488372093023273,0.033168148481038606,0.1090636232225467,0.012226472725696658
shd,development,QRC-minus-CRC:comparison:fixed:q6-i2-qrc:comparison:fixed:q6-i2-crc,held,QRC-minus-CRC,comparison:fixed:q6-i2-qrc,comparison:fixed:q6-i2-crc,44,2,0.021916092673763377,0.014390161290906534,0.015832077339860584,0.024307620402596264
shd,development,QRC-minus-CRC:comparison:fixed:q6-i2-qrc:comparison:fixed:q6-i2-crc,held,QRC-minus-CRC,comparison:fixed:q6-i2-qrc,comparison:fixed:q6-i2-crc,44,3,-0.03041825095057027,-0.02862301074485263,0.002671404588465931,-0.032243012859700104
shd,development,QRC-minus-CRC:comparison:fixed:q6-i2-qrc:comparison:fixed:q6-i2-crc,held,QRC-minus-CRC,comparison:fixed:q6-i2-qrc,comparison:fixed:q6-i2-crc,46,0,-0.0269896193771626,-0.019869712408850215,0.03783536188893938,-0.022391355059023177
shd,development,QRC-minus-CRC:comparison:fixed:q6-i2-qrc:comparison:fixed:q6-i2-crc,held,QRC-minus-CRC,comparison:fixed:q6-i2-qrc,comparison:fixed:q6-i2-crc,46,1,0.04767441860465116,0.04994347355065043,0.08652490106875671,0.05492028114123132
shd,development,QRC-minus-CRC:comparison:fixed:q6-i2-qrc:comparison:fixed:q6-i2-crc,held,QRC-minus-CRC,comparison:fixed:q6-i2-qrc,comparison:fixed:q6-i2-crc,46,2,0.00062617407639326,0.00015548748430332937,0.017685273735488116,-0.001049359131034766
shd,development,QRC-minus-CRC:comparison:fixed:q6-i2-qrc:comparison:fixed:q6-i2-crc,held,QRC-minus-CRC,comparison:fixed:q6-i2-qrc,comparison:fixed:q6-i2-crc,46,3,0.01204055766793416,0.007078993260340838,-0.019216993022702855,0.009134725426109214
shd,official,QRC-minus-CRC:comparison:fixed:q6-i2-qrc:comparison:fixed:q6-i2-crc,held,QRC-minus-CRC,comparison:fixed:q6-i2-qrc,comparison:fixed:q6-i2-crc,42,official,0.056095406360424094,0.060881074769052024,0.07122327613736279,0.05574857607661943
shd,official,QRC-minus-CRC:comparison:fixed:q6-i2-qrc:comparison:fixed:q6-i2-crc,held,QRC-minus-CRC,comparison:fixed:q6-i2-qrc,comparison:fixed:q6-i2-crc,44,official,0.019876325088339253,0.01954950751368556,0.009568709255030616,0.019470638955729425
shd,official,QRC-minus-CRC:comparison:fixed:q6-i2-qrc:comparison:fixed:q6-i2-crc,held,QRC-minus-CRC,comparison:fixed:q6-i2-qrc,comparison:fixed:q6-i2-crc,46,official,0.0803886925795052,0.08448925391940221,0.08200286696469239,0.07742526290893226
shd,confirmation,QRC-minus-CRC:comparison:fixed12:q6-i2-qrc:comparison:fixed12:q6-i2-crc,held,QRC-minus-CRC,comparison:fixed12:q6-i2-qrc,comparison:fixed12:q6-i2-crc,42,confirmation,0.03579295154185025,0.06398877144785897,0.05013523435550393,0.034853380402356415
shd,confirmation,QRC-minus-CRC:comparison:fixed12:q6-i2-qrc:comparison:fixed12:q6-i2-crc,held,QRC-minus-CRC,comparison:fixed12:q6-i2-qrc,comparison:fixed12:q6-i2-crc,44,confirmation,0.08370044052863435,0.08640950235889139,0.05854173535492746,0.08309046185400704
shd,confirmation,QRC-minus-CRC:comparison:fixed12:q6-i2-qrc:comparison:fixed12:q6-i2-crc,held,QRC-minus-CRC,comparison:fixed12:q6-i2-qrc,comparison:fixed12:q6-i2-crc,46,confirmation,-0.028634361233480232,-0.042342102367254164,-0.05417670844222111,-0.03163177509066284
shd,development,QRC-minus-CRC:comparison:fixed12:q6-i2-qrc:comparison:fixed12:q6-i2-crc,held,QRC-minus-CRC,comparison:fixed12:q6-i2-qrc,comparison:fixed12:q6-i2-crc,42,0,0.02145328719723183,0.00808264218715532,0.03260799882233628,0.02089507059479323
shd,development,QRC-minus-CRC:comparison:fixed12:q6-i2-qrc:comparison:fixed12:q6-i2-crc,held,QRC-minus-CRC,comparison:fixed12:q6-i2-qrc,comparison:fixed12:q6-i2-crc,42,1,0.041860465116279055,0.04781088809877149,0.13470628765190307,0.049336151519472515
shd,development,QRC-minus-CRC:comparison:fixed12:q6-i2-qrc:comparison:fixed12:q6-i2-crc,held,QRC-minus-CRC,comparison:fixed12:q6-i2-qrc,comparison:fixed12:q6-i2-crc,42,2,-0.019411396368190337,-0.02378569527009111,0.07455349872623185,-0.021015930540470795
shd,development,QRC-minus-CRC:comparison:fixed12:q6-i2-qrc:comparison:fixed12:q6-i2-crc,held,QRC-minus-CRC,comparison:fixed12:q6-i2-qrc,comparison:fixed12:q6-i2-crc,42,3,0.05069708491761726,0.045095258258174065,0.041922736508144376,0.05043875163533307
shd,development,QRC-minus-CRC:comparison:fixed12:q6-i2-qrc:comparison:fixed12:q6-i2-crc,held,QRC-minus-CRC,comparison:fixed12:q6-i2-qrc,comparison:fixed12:q6-i2-crc,44,0,0.12456747404844293,0.12104146958924378,0.09470008634365745,0.12683727602033923
shd,development,QRC-minus-CRC:comparison:fixed12:q6-i2-qrc:comparison:fixed12:q6-i2-crc,held,QRC-minus-CRC,comparison:fixed12:q6-i2-qrc,comparison:fixed12:q6-i2-crc,44,1,0.09651162790697676,0.10938613050997836,0.06858993187469548,0.10311037922249616
shd,development,QRC-minus-CRC:comparison:fixed12:q6-i2-qrc:comparison:fixed12:q6-i2-crc,held,QRC-minus-CRC,comparison:fixed12:q6-i2-qrc,comparison:fixed12:q6-i2-crc,44,2,0.012523481527864755,0.034008615793374775,0.06406847019243433,0.01696307019094534
shd,development,QRC-minus-CRC:comparison:fixed12:q6-i2-qrc:comparison:fixed12:q6-i2-crc,held,QRC-minus-CRC,comparison:fixed12:q6-i2-qrc,comparison:fixed12:q6-i2-crc,44,3,0.0038022813688212143,0.0026392793304336193,0.01927232346614771,0.002448067205351956
shd,development,QRC-minus-CRC:comparison:fixed12:q6-i2-qrc:comparison:fixed12:q6-i2-crc,held,QRC-minus-CRC,comparison:fixed12:q6-i2-qrc,comparison:fixed12:q6-i2-crc,46,0,-0.06989619377162631,-0.06943856421391115,-0.020036593600424923,-0.07108191985564105
shd,development,QRC-minus-CRC:comparison:fixed12:q6-i2-qrc:comparison:fixed12:q6-i2-crc,held,QRC-minus-CRC,comparison:fixed12:q6-i2-qrc,comparison:fixed12:q6-i2-crc,46,1,-0.09593023255813954,-0.07391077391959977,0.02989433701934252,-0.07526613132838333
shd,development,QRC-minus-CRC:comparison:fixed12:q6-i2-qrc:comparison:fixed12:q6-i2-crc,held,QRC-minus-CRC,comparison:fixed12:q6-i2-qrc,comparison:fixed12:q6-i2-crc,46,2,-0.06762680025046963,-0.05869430494138028,0.036315217145753476,-0.06844968912327165
shd,development,QRC-minus-CRC:comparison:fixed12:q6-i2-qrc:comparison:fixed12:q6-i2-crc,held,QRC-minus-CRC,comparison:fixed12:q6-i2-qrc,comparison:fixed12:q6-i2-crc,46,3,-0.0583016476552598,-0.06501739943597717,-0.03911658806488105,-0.061214378285893434
shd,official,QRC-minus-CRC:comparison:fixed12:q6-i2-qrc:comparison:fixed12:q6-i2-crc,held,QRC-minus-CRC,comparison:fixed12:q6-i2-qrc,comparison:fixed12:q6-i2-crc,42,official,0.05477031802120136,0.0599107146081026,0.027205324023843236,0.05490240292018089
shd,official,QRC-minus-CRC:comparison:fixed12:q6-i2-qrc:comparison:fixed12:q6-i2-crc,held,QRC-minus-CRC,comparison:fixed12:q6-i2-qrc,comparison:fixed12:q6-i2-crc,44,official,0.06978798586572432,0.06798416992482192,0.0868273352920077,0.06908407373949754
shd,official,QRC-minus-CRC:comparison:fixed12:q6-i2-qrc:comparison:fixed12:q6-i2-crc,held,QRC-minus-CRC,comparison:fixed12:q6-i2-qrc,comparison:fixed12:q6-i2-crc,46,official,-0.019876325088339253,-0.022196074091935025,-0.004604442600107506,-0.021762127970429535
shd,confirmation,QRC-minus-CRC:comparison:tuned:q6-i2-qrc:comparison:tuned:q6-i2-crc,held,QRC-minus-CRC,comparison:tuned:q6-i2-qrc,comparison:tuned:q6-i2-crc,42,confirmation,-0.012114537444933848,-0.024967228826733856,-0.017548655147268444,-0.013174021989411755
shd,confirmation,QRC-minus-CRC:comparison:tuned:q6-i2-qrc:comparison:tuned:q6-i2-crc,held,QRC-minus-CRC,comparison:tuned:q6-i2-qrc,comparison:tuned:q6-i2-crc,44,confirmation,-0.026431718061673992,-0.021948821497972393,-0.030330273924220386,-0.025953565551199986
shd,confirmation,QRC-minus-CRC:comparison:tuned:q6-i2-qrc:comparison:tuned:q6-i2-crc,held,QRC-minus-CRC,comparison:tuned:q6-i2-qrc,comparison:tuned:q6-i2-crc,46,confirmation,-0.0534140969162995,-0.07167818187259312,-0.059257407073684765,-0.05372435062247549
shd,development,QRC-minus-CRC:comparison:tuned:q6-i2-qrc:comparison:tuned:q6-i2-crc,held,QRC-minus-CRC,comparison:tuned:q6-i2-qrc,comparison:tuned:q6-i2-crc,42,0,-0.0878892733564014,-0.08087127506430153,-0.07364708334203768,-0.0902729949686189
shd,development,QRC-minus-CRC:comparison:tuned:q6-i2-qrc:comparison:tuned:q6-i2-crc,held,QRC-minus-CRC,comparison:tuned:q6-i2-qrc,comparison:tuned:q6-i2-crc,42,1,-0.06627906976744186,-0.08359407261496687,-0.06874009512674284,-0.07141352346677304
shd,development,QRC-minus-CRC:comparison:tuned:q6-i2-qrc:comparison:tuned:q6-i2-crc,held,QRC-minus-CRC,comparison:tuned:q6-i2-qrc,comparison:tuned:q6-i2-crc,42,2,-0.044458359423919847,-0.05529504677283004,-0.057069489402554185,-0.04185437590531882
shd,development,QRC-minus-CRC:comparison:tuned:q6-i2-qrc:comparison:tuned:q6-i2-crc,held,QRC-minus-CRC,comparison:tuned:q6-i2-qrc,comparison:tuned:q6-i2-crc,42,3,-0.06653992395437258,-0.06687383304781302,-0.06623325983945227,-0.06720289823141323
shd,development,QRC-minus-CRC:comparison:tuned:q6-i2-qrc:comparison:tuned:q6-i2-crc,held,QRC-minus-CRC,comparison:tuned:q6-i2-qrc,comparison:tuned:q6-i2-crc,44,0,0.02906574394463668,0.026544127578384646,0.012664025123817257,0.027210556698357646
shd,development,QRC-minus-CRC:comparison:tuned:q6-i2-qrc:comparison:tuned:q6-i2-crc,held,QRC-minus-CRC,comparison:tuned:q6-i2-qrc,comparison:tuned:q6-i2-crc,44,1,-0.005232558139534882,-0.0033188364316807384,-0.014208287145236476,-0.0017936612424566123
shd,development,QRC-minus-CRC:comparison:tuned:q6-i2-qrc:comparison:tuned:q6-i2-crc,held,QRC-minus-CRC,comparison:tuned:q6-i2-qrc,comparison:tuned:q6-i2-crc,44,2,-0.005635566687539062,0.0037451853912603417,0.03694268985014826,-0.0056484774702537655
shd,development,QRC-minus-CRC:comparison:tuned:q6-i2-qrc:comparison:tuned:q6-i2-crc,held,QRC-minus-CRC,comparison:tuned:q6-i2-qrc,comparison:tuned:q6-i2-crc,44,3,-0.006970849176172411,0.004672929052733754,0.0023868920466985077,-0.006172750201159816
shd,development,QRC-minus-CRC:comparison:tuned:q6-i2-qrc:comparison:tuned:q6-i2-crc,held,QRC-minus-CRC,comparison:tuned:q6-i2-qrc,comparison:tuned:q6-i2-crc,46,0,-0.0996539792387543,-0.11031655832682175,-0.07918435568145632,-0.11010309270574448
shd,development,QRC-minus-CRC:comparison:tuned:q6-i2-qrc:comparison:tuned:q6-i2-crc,held,QRC-minus-CRC,comparison:tuned:q6-i2-qrc,comparison:tuned:q6-i2-crc,46,1,-0.037790697674418616,-0.04552671816800258,-0.027033228012590893,-0.039863112096041875
shd,development,QRC-minus-CRC:comparison:tuned:q6-i2-qrc:comparison:tuned:q6-i2-crc,held,QRC-minus-CRC,comparison:tuned:q6-i2-qrc,comparison:tuned:q6-i2-crc,46,2,-0.06950532247964936,-0.06316001357614365,-0.00883940073505396,-0.07082453212011636
shd,development,QRC-minus-CRC:comparison:tuned:q6-i2-qrc:comparison:tuned:q6-i2-crc,held,QRC-minus-CRC,comparison:tuned:q6-i2-qrc,comparison:tuned:q6-i2-crc,46,3,-0.06147021546261089,-0.060882105920887386,-0.03842106311705906,-0.06232610568596453
shd,official,QRC-minus-CRC:comparison:tuned:q6-i2-qrc:comparison:tuned:q6-i2-crc,held,QRC-minus-CRC,comparison:tuned:q6-i2-qrc,comparison:tuned:q6-i2-crc,42,official,-0.053003533568904526,-0.05646782386561222,-0.059007390022139616,-0.05260891890803221
shd,official,QRC-minus-CRC:comparison:tuned:q6-i2-qrc:comparison:tuned:q6-i2-crc,held,QRC-minus-CRC,comparison:tuned:q6-i2-qrc,comparison:tuned:q6-i2-crc,44,official,-0.009275618374558259,-0.009145142287902086,-0.013081320077895642,-0.008587864721390281
shd,official,QRC-minus-CRC:comparison:tuned:q6-i2-qrc:comparison:tuned:q6-i2-crc,held,QRC-minus-CRC,comparison:tuned:q6-i2-qrc,comparison:tuned:q6-i2-crc,46,official,-0.05167844522968201,-0.047308061090767906,-0.04231693932380065,-0.049094742126841284
shd,confirmation,tuned-minus-fixed:comparison:tuned:q6-i2-qrc:comparison:fixed:q6-i2-qrc,held,tuned-minus-fixed,comparison:tuned:q6-i2-qrc,comparison:fixed:q6-i2-qrc,42,confirmation,0.013766519823788625,0.01053997011663299,0.01481814314236729,0.014969284015457274
shd,confirmation,tuned-minus-fixed:comparison:tuned:q6-i2-qrc:comparison:fixed:q6-i2-qrc,held,tuned-minus-fixed,comparison:tuned:q6-i2-qrc,comparison:fixed:q6-i2-qrc,44,confirmation,-0.03083700440528625,-0.014067618231803247,-0.003875438404285503,-0.02893453556316794
shd,confirmation,tuned-minus-fixed:comparison:tuned:q6-i2-qrc:comparison:fixed:q6-i2-qrc,held,tuned-minus-fixed,comparison:tuned:q6-i2-qrc,comparison:fixed:q6-i2-qrc,46,confirmation,0.028634361233480177,0.03387764269675847,0.06137697508208939,0.030576017734645244
shd,development,tuned-minus-fixed:comparison:tuned:q6-i2-qrc:comparison:fixed:q6-i2-qrc,held,tuned-minus-fixed,comparison:tuned:q6-i2-qrc,comparison:fixed:q6-i2-qrc,42,0,-0.002768166089965385,0.02170540320650488,-0.0038272023483431616,-0.005981640778632669
shd,development,tuned-minus-fixed:comparison:tuned:q6-i2-qrc:comparison:fixed:q6-i2-qrc,held,tuned-minus-fixed,comparison:tuned:q6-i2-qrc,comparison:fixed:q6-i2-qrc,42,1,0.03139534883720929,0.00975559319371705,-0.04317927871379523,0.014184758822486765
shd,development,tuned-minus-fixed:comparison:tuned:q6-i2-qrc:comparison:fixed:q6-i2-qrc,held,tuned-minus-fixed,comparison:tuned:q6-i2-qrc,comparison:fixed:q6-i2-qrc,42,2,0.034439574201628076,0.05607195629039291,0.022299273310209755,0.038991008224479984
shd,development,tuned-minus-fixed:comparison:tuned:q6-i2-qrc:comparison:fixed:q6-i2-qrc,held,tuned-minus-fixed,comparison:tuned:q6-i2-qrc,comparison:fixed:q6-i2-qrc,42,3,-0.020912547528517123,7.941727781324293e-05,-0.03420225701572732,-0.019650925917919948
shd,development,tuned-minus-fixed:comparison:tuned:q6-i2-qrc:comparison:fixed:q6-i2-qrc,held,tuned-minus-fixed,comparison:tuned:q6-i2-qrc,comparison:fixed:q6-i2-qrc,44,0,0.05951557093425608,0.06190822071528557,0.018607963045763953,0.05886434239097016
shd,development,tuned-minus-fixed:comparison:tuned:q6-i2-qrc:comparison:fixed:q6-i2-qrc,held,tuned-minus-fixed,comparison:tuned:q6-i2-qrc,comparison:fixed:q6-i2-qrc,44,1,0.05465116279069765,0.04184436506654621,0.019845311090137985,0.05280262029155913
shd,development,tuned-minus-fixed:comparison:tuned:q6-i2-qrc:comparison:fixed:q6-i2-qrc,held,tuned-minus-fixed,comparison:tuned:q6-i2-qrc,comparison:fixed:q6-i2-qrc,44,2,0.02379461490294299,0.05537473649193703,0.08802276618968718,0.022505540544916935
shd,development,tuned-minus-fixed:comparison:tuned:q6-i2-qrc:comparison:fixed:q6-i2-qrc,held,tuned-minus-fixed,comparison:tuned:q6-i2-qrc,comparison:fixed:q6-i2-qrc,44,3,0.048162230671736306,0.06071437540137248,0.021552638596719964,0.051007897582410755
shd,development,tuned-minus-fixed:comparison:tuned:q6-i2-qrc:comparison:fixed:q6-i2-qrc,held,tuned-minus-fixed,comparison:tuned:q6-i2-qrc,comparison:fixed:q6-i2-qrc,46,0,0.07958477508650519,0.07665374481828607,0.034120251153071324,0.07323870568481716
shd,development,tuned-minus-fixed:comparison:tuned:q6-i2-qrc:comparison:fixed:q6-i2-qrc,held,tuned-minus-fixed,comparison:tuned:q6-i2-qrc,comparison:fixed:q6-i2-qrc,46,1,0.03837209302325584,0.02020350401332316,-0.017829227854392116,0.02501787770192948
shd,development,tuned-minus-fixed:comparison:tuned:q6-i2-qrc:comparison:fixed:q6-i2-qrc,held,tuned-minus-fixed,comparison:tuned:q6-i2-qrc,comparison:fixed:q6-i2-qrc,46,2,0.04383218534752659,0.06559699555180992,0.09974419411637764,0.047733418856848064
shd,development,tuned-minus-fixed:comparison:tuned:q6-i2-qrc:comparison:fixed:q6-i2-qrc,held,tuned-minus-fixed,comparison:tuned:q6-i2-qrc,comparison:fixed:q6-i2-qrc,46,3,0.01584283903675532,0.026120058594719386,0.00544238947004283,0.018274929739470536
shd,official,tuned-minus-fixed:comparison:tuned:q6-i2-qrc:comparison:fixed:q6-i2-qrc,held,tuned-minus-fixed,comparison:tuned:q6-i2-qrc,comparison:fixed:q6-i2-qrc,42,official,0.016784452296819796,0.017001505869798983,0.014310143603762926,0.01590853089226374
shd,official,tuned-minus-fixed:comparison:tuned:q6-i2-qrc:comparison:fixed:q6-i2-qrc,held,tuned-minus-fixed,comparison:tuned:q6-i2-qrc,comparison:fixed:q6-i2-qrc,44,official,0.04991166077738518,0.055036427280581446,0.04531133914422614,0.04809849025039359
shd,official,tuned-minus-fixed:comparison:tuned:q6-i2-qrc:comparison:fixed:q6-i2-qrc,held,tuned-minus-fixed,comparison:tuned:q6-i2-qrc,comparison:fixed:q6-i2-qrc,46,official,0.035335689045936425,0.044596088222429886,0.038450615469997396,0.03717375937370526
shd,confirmation,natural-minus-fixed12:comparison:fixed:q6-i2-qrc:comparison:fixed12:q6-i2-qrc,held,natural-minus-fixed12,comparison:fixed:q6-i2-qrc,comparison:fixed12:q6-i2-qrc,42,confirmation,-0.0005506607929516294,-0.006603395862117334,-0.010151275672940052,-0.0009400395597530808
shd,confirmation,natural-minus-fixed12:comparison:fixed:q6-i2-qrc:comparison:fixed12:q6-i2-qrc,held,natural-minus-fixed12,comparison:fixed:q6-i2-qrc,comparison:fixed12:q6-i2-qrc,44,confirmation,0.010462555066079293,0.015869076393604353,0.007210330308579427,0.010728298825410598
shd,confirmation,natural-minus-fixed12:comparison:fixed:q6-i2-qrc:comparison:fixed12:q6-i2-qrc,held,natural-minus-fixed12,comparison:fixed:q6-i2-qrc,comparison:fixed12:q6-i2-qrc,46,confirmation,0.005506607929515461,0.00946939939218927,0.0017419564290664935,0.005474923293228073
shd,development,natural-minus-fixed12:comparison:fixed:q6-i2-qrc:comparison:fixed12:q6-i2-qrc,held,natural-minus-fixed12,comparison:fixed:q6-i2-qrc,comparison:fixed12:q6-i2-qrc,42,0,0.003460207612456745,0.003426870730623921,0.01821940376508907,0.003994643159859812
shd,development,natural-minus-fixed12:comparison:fixed:q6-i2-qrc:comparison:fixed12:q6-i2-qrc,held,natural-minus-fixed12,comparison:fixed:q6-i2-qrc,comparison:fixed12:q6-i2-qrc,42,1,-0.007558139534883712,-0.005456369926055804,0.030870318289602516,-0.01137606741531616
shd,development,natural-minus-fixed12:comparison:fixed:q6-i2-qrc:comparison:fixed12:q6-i2-qrc,held,natural-minus-fixed12,comparison:fixed:q6-i2-qrc,comparison:fixed12:q6-i2-qrc,42,2,-0.006887914840325637,-0.0034921098312926113,-0.038075256397181345,-0.006609421758624001
shd,development,natural-minus-fixed12:comparison:fixed:q6-i2-qrc:comparison:fixed12:q6-i2-qrc,held,natural-minus-fixed12,comparison:fixed:q6-i2-qrc,comparison:fixed12:q6-i2-qrc,42,3,-0.005703422053231932,-0.005289999835824677,-0.0031013553913377123,-0.00638747170027576
shd,development,natural-minus-fixed12:comparison:fixed:q6-i2-qrc:comparison:fixed12:q6-i2-qrc,held,natural-minus-fixed12,comparison:fixed:q6-i2-qrc,comparison:fixed12:q6-i2-qrc,44,0,-0.0027681660899654403,0.005900143145549541,0.008209890304583911,-0.003093340420084356
shd,development,natural-minus-fixed12:comparison:fixed:q6-i2-qrc:comparison:fixed12:q6-i2-qrc,held,natural-minus-fixed12,comparison:fixed:q6-i2-qrc,comparison:fixed12:q6-i2-qrc,44,1,0.0029069767441860517,0.022000497147110942,0.0785484225560869,0.006874343571419639
shd,development,natural-minus-fixed12:comparison:fixed:q6-i2-qrc:comparison:fixed12:q6-i2-qrc,held,natural-minus-fixed12,comparison:fixed:q6-i2-qrc,comparison:fixed12:q6-i2-qrc,44,2,0.016906700062617463,0.014871098702461172,0.02092108580237806,0.018743870935933216
shd,development,natural-minus-fixed12:comparison:fixed:q6-i2-qrc:comparison:fixed12:q6-i2-qrc,held,natural-minus-fixed12,comparison:fixed:q6-i2-qrc,comparison:fixed12:q6-i2-qrc,44,3,0.005069708491761804,0.0056966302504705135,-0.024907933536354787,0.00498506090983053
shd,development,natural-minus-fixed12:comparison:fixed:q6-i2-qrc:comparison:fixed12:q6-i2-qrc,held,natural-minus-fixed12,comparison:fixed:q6-i2-qrc,comparison:fixed12:q6-i2-qrc,46,0,-0.00553633217993077,0.001322583868192173,-0.0060781667483399415,-0.007754196152210846
shd,development,natural-minus-fixed12:comparison:fixed:q6-i2-qrc:comparison:fixed12:q6-i2-qrc,held,natural-minus-fixed12,comparison:fixed:q6-i2-qrc,comparison:fixed12:q6-i2-qrc,46,1,0.05523255813953487,0.05760576739883777,0.027146742206395125,0.05411879461812713
shd,development,natural-minus-fixed12:comparison:fixed:q6-i2-qrc:comparison:fixed12:q6-i2-qrc,held,natural-minus-fixed12,comparison:fixed:q6-i2-qrc,comparison:fixed12:q6-i2-qrc,46,2,0.034439574201628076,0.0278790748498145,-0.011961214183286828,0.03526402304670895
shd,development,natural-minus-fixed12:comparison:fixed:q6-i2-qrc:comparison:fixed12:q6-i2-qrc,held,natural-minus-fixed12,comparison:fixed:q6-i2-qrc,comparison:fixed12:q6-i2-qrc,46,3,0.027249683143219294,0.02654315546915681,-0.0008887517451219296,0.027443022301835318
shd,official,natural-minus-fixed12:comparison:fixed:q6-i2-qrc:comparison:fixed12:q6-i2-qrc,held,natural-minus-fixed12,comparison:fixed:q6-i2-qrc,comparison:fixed12:q6-i2-qrc,42,official,0.013250883392226243,0.015758455916824676,0.016096753207808234,0.013281306676260929
shd,official,natural-minus-fixed12:comparison:fixed:q6-i2-qrc:comparison:fixed12:q6-i2-qrc,held,natural-minus-fixed12,comparison:fixed:q6-i2-qrc,comparison:fixed12:q6-i2-qrc,44,official,0.019876325088339253,0.024084351152009575,0.015175707848133602,0.02009831275790197
shd,official,natural-minus-fixed12:comparison:fixed:q6-i2-qrc:comparison:fixed12:q6-i2-qrc,held,natural-minus-fixed12,comparison:fixed:q6-i2-qrc,comparison:fixed12:q6-i2-qrc,46,official,0.053003533568904526,0.058262056683505925,0.031812439339746534,0.05203182109636584
shd,confirmation,reservoir-minus-projection:comparison:fixed:q6-i2-qrc:comparison:projection:i2,held,reservoir-minus-projection,comparison:fixed:q6-i2-qrc,comparison:projection:i2,42,confirmation,0.03579295154185014,0.05836690997181643,0.046538236301466585,0.03803960732615075
shd,confirmation,reservoir-minus-projection:comparison:fixed:q6-i2-qrc:comparison:projection:i2,held,reservoir-minus-projection,comparison:fixed:q6-i2-qrc,comparison:projection:i2,44,confirmation,0.06718061674008802,0.07846667807110558,0.06685901392807259,0.06940668348513179
shd,confirmation,reservoir-minus-projection:comparison:fixed:q6-i2-qrc:comparison:projection:i2,held,reservoir-minus-projection,comparison:fixed:q6-i2-qrc,comparison:projection:i2,46,confirmation,-0.007158590308370072,0.003614384972367546,-0.015638600128138225,-0.005490631673161217
shd,development,reservoir-minus-projection:comparison:fixed:q6-i2-qrc:comparison:projection:i2,held,reservoir-minus-projection,comparison:fixed:q6-i2-qrc,comparison:projection:i2,42,0,0.009688581314878875,0.006935979500226952,0.07952317613806509,-0.0018871628024728082
shd,development,reservoir-minus-projection:comparison:fixed:q6-i2-qrc:comparison:projection:i2,held,reservoir-minus-projection,comparison:fixed:q6-i2-qrc,comparison:projection:i2,42,1,0.014534883720930258,0.015550636398077189,0.1242292978388912,0.00813405819656654
shd,development,reservoir-minus-projection:comparison:fixed:q6-i2-qrc:comparison:projection:i2,held,reservoir-minus-projection,comparison:fixed:q6-i2-qrc,comparison:projection:i2,42,2,0.004383218534752653,-0.016111489921932842,0.0627488207688579,0.0009542576168336536
shd,development,reservoir-minus-projection:comparison:fixed:q6-i2-qrc:comparison:projection:i2,held,reservoir-minus-projection,comparison:fixed:q6-i2-qrc,comparison:projection:i2,42,3,0.041825095057034245,0.028313365465775786,0.004078314963487428,0.03929545337353546
shd,development,reservoir-minus-projection:comparison:fixed:q6-i2-qrc:comparison:projection:i2,held,reservoir-minus-projection,comparison:fixed:q6-i2-qrc,comparison:projection:i2,44,0,0.008996539792387515,0.018819306269084235,0.08038680674353577,-0.0024570288876324398
shd,development,reservoir-minus-projection:comparison:fixed:q6-i2-qrc:comparison:projection:i2,held,reservoir-minus-projection,comparison:fixed:q6-i2-qrc,comparison:projection:i2,44,1,0.034883720930232565,0.04872359445245272,0.11049089686194652,0.026183214212370076
shd,development,reservoir-minus-projection:comparison:fixed:q6-i2-qrc:comparison:projection:i2,held,reservoir-minus-projection,comparison:fixed:q6-i2-qrc,comparison:projection:i2,44,2,0.05698184095178466,0.0367653246327424,0.0906153281903741,0.05977090064715862
shd,development,reservoir-minus-projection:comparison:fixed:q6-i2-qrc:comparison:projection:i2,held,reservoir-minus-projection,comparison:fixed:q6-i2-qrc,comparison:projection:i2,44,3,0.021546261089987362,0.023364765851920932,-0.006381791334244102,0.019288579598518818
shd,development,reservoir-minus-projection:comparison:fixed:q6-i2-qrc:comparison:projection:i2,held,reservoir-minus-projection,comparison:fixed:q6-i2-qrc,comparison:projection:i2,46,0,-0.12179930795847749,-0.11897276175810034,-0.012398593907090028,-0.13560797324899054
shd,development,reservoir-minus-projection:comparison:fixed:q6-i2-qrc:comparison:projection:i2,held,reservoir-minus-projection,comparison:fixed:q6-i2-qrc,comparison:projection:i2,46,1,-0.0029069767441860517,0.001507848308766102,0.06936007365236851,-0.005749754504594473
shd,development,reservoir-minus-projection:comparison:fixed:q6-i2-qrc:comparison:projection:i2,held,reservoir-minus-projection,comparison:fixed:q6-i2-qrc,comparison:projection:i2,46,2,-0.025673137132122714,-0.04126664436568478,0.046020019064667406,-0.028490310092613935
shd,development,reservoir-minus-projection:comparison:fixed:q6-i2-qrc:comparison:projection:i2,held,reservoir-minus-projection,comparison:fixed:q6-i2-qrc,comparison:projection:i2,46,3,-0.005069708491761693,-0.012410183432125355,-0.03715011985978878,-0.00876250098767506
shd,official,reservoir-minus-projection:comparison:fixed:q6-i2-qrc:comparison:projection:i2,held,reservoir-minus-projection,comparison:fixed:q6-i2-qrc,comparison:projection:i2,42,official,0.06404593639575973,0.07331387658739819,0.038025708716685314,0.06515572308578299
shd,official,reservoir-minus-projection:comparison:fixed:q6-i2-qrc:comparison:projection:i2,held,reservoir-minus-projection,comparison:fixed:q6-i2-qrc,comparison:projection:i2,44,official,0.06978798586572432,0.07717632086347237,0.046966979610664206,0.0714211947571547
shd,official,reservoir-minus-projection:comparison:fixed:q6-i2-qrc:comparison:projection:i2,held,reservoir-minus-projection,comparison:fixed:q6-i2-qrc,comparison:projection:i2,46,official,0.051236749116607694,0.05926519447753931,0.03160258347820144,0.05120825530998152
shd,confirmation,tuned-minus-fixed:comparison:tuned:q6-i2-crc:comparison:fixed:q6-i2-crc,held,tuned-minus-fixed,comparison:tuned:q6-i2-crc,comparison:fixed:q6-i2-crc,42,confirmation,0.07654185022026427,0.09235291816309843,0.07756327851339184,0.07776956104079247
shd,confirmation,tuned-minus-fixed:comparison:tuned:q6-i2-crc:comparison:fixed:q6-i2-crc,held,tuned-minus-fixed,comparison:tuned:q6-i2-crc,comparison:fixed:q6-i2-crc,44,confirmation,0.03579295154185025,0.029100943549486225,0.037976557833804825,0.03605291833298929
shd,confirmation,tuned-minus-fixed:comparison:tuned:q6-i2-crc:comparison:fixed:q6-i2-crc,held,tuned-minus-fixed,comparison:tuned:q6-i2-crc,comparison:fixed:q6-i2-crc,46,confirmation,0.09581497797356825,0.1255540145156656,0.15530201072920036,0.0966116348966064
shd,development,tuned-minus-fixed:comparison:tuned:q6-i2-crc:comparison:fixed:q6-i2-crc,held,tuned-minus-fixed,comparison:tuned:q6-i2-crc,comparison:fixed:q6-i2-crc,42,0,0.156401384083045,0.16360326670468095,0.13539552565234592,0.16020424720054172
shd,development,tuned-minus-fixed:comparison:tuned:q6-i2-crc:comparison:fixed:q6-i2-crc,held,tuned-minus-fixed,comparison:tuned:q6-i2-crc,comparison:fixed:q6-i2-crc,42,1,0.15872093023255812,0.1673458157160534,0.2136167714199363,0.1500893293131676
shd,development,tuned-minus-fixed:comparison:tuned:q6-i2-crc:comparison:fixed:q6-i2-crc,held,tuned-minus-fixed,comparison:tuned:q6-i2-crc,comparison:fixed:q6-i2-crc,42,2,0.050093926111458964,0.08472690215152245,0.036483110659533136,0.05011285161602019
shd,development,tuned-minus-fixed:comparison:tuned:q6-i2-crc:comparison:fixed:q6-i2-crc,held,tuned-minus-fixed,comparison:tuned:q6-i2-crc,comparison:fixed:q6-i2-crc,42,3,0.12103929024081117,0.125242053211983,0.13499908232708302,0.12054003638988253
shd,development,tuned-minus-fixed:comparison:tuned:q6-i2-crc:comparison:fixed:q6-i2-crc,held,tuned-minus-fixed,comparison:tuned:q6-i2-crc,comparison:fixed:q6-i2-crc,44,0,0.03667820069204153,0.04196639819845621,-0.004393206537117056,0.038230971039516504
shd,development,tuned-minus-fixed:comparison:tuned:q6-i2-crc:comparison:fixed:q6-i2-crc,held,tuned-minus-fixed,comparison:tuned:q6-i2-crc,comparison:fixed:q6-i2-crc,44,1,0.0633720930232558,0.07833134997926555,0.14311722145792116,0.0668227542597124
shd,development,tuned-minus-fixed:comparison:tuned:q6-i2-crc:comparison:fixed:q6-i2-crc,held,tuned-minus-fixed,comparison:tuned:q6-i2-crc,comparison:fixed:q6-i2-crc,44,2,0.05134627426424543,0.06601971239158322,0.06691215367939951,0.052461638417766965
shd,development,tuned-minus-fixed:comparison:tuned:q6-i2-crc:comparison:fixed:q6-i2-crc,held,tuned-minus-fixed,comparison:tuned:q6-i2-crc,comparison:fixed:q6-i2-crc,44,3,0.024714828897338448,0.027418435603786095,0.021837151138487387,0.024937634923870466
shd,development,tuned-minus-fixed:comparison:tuned:q6-i2-crc:comparison:fixed:q6-i2-crc,held,tuned-minus-fixed,comparison:tuned:q6-i2-crc,comparison:fixed:q6-i2-crc,46,0,0.1522491349480969,0.1671005907362576,0.15113996872346702,0.16095044333153846
shd,development,tuned-minus-fixed:comparison:tuned:q6-i2-crc:comparison:fixed:q6-i2-crc,held,tuned-minus-fixed,comparison:tuned:q6-i2-crc,comparison:fixed:q6-i2-crc,46,1,0.12383720930232561,0.11567369573197617,0.09572890122695549,0.11980127093920268
shd,development,tuned-minus-fixed:comparison:tuned:q6-i2-crc:comparison:fixed:q6-i2-crc,held,tuned-minus-fixed,comparison:tuned:q6-i2-crc,comparison:fixed:q6-i2-crc,46,2,0.1139636819035692,0.1289124966122569,0.1262688685869197,0.11750859184592966
shd,development,tuned-minus-fixed:comparison:tuned:q6-i2-crc:comparison:fixed:q6-i2-crc,held,tuned-minus-fixed,comparison:tuned:q6-i2-crc,comparison:fixed:q6-i2-crc,46,3,0.08935361216730037,0.09408115777594761,0.024646459564399037,0.08973576085154428
shd,official,tuned-minus-fixed:comparison:tuned:q6-i2-crc:comparison:fixed:q6-i2-crc,held,tuned-minus-fixed,comparison:tuned:q6-i2-crc,comparison:fixed:q6-i2-crc,42,official,0.12588339222614842,0.13435040450446323,0.14454080976326533,0.12426602587691538
shd,official,tuned-minus-fixed:comparison:tuned:q6-i2-crc:comparison:fixed:q6-i2-crc,held,tuned-minus-fixed,comparison:tuned:q6-i2-crc,comparison:fixed:q6-i2-crc,44,official,0.07906360424028269,0.08373107708216909,0.0679613684771524,0.0761569939275133
shd,official,tuned-minus-fixed:comparison:tuned:q6-i2-crc:comparison:fixed:q6-i2-crc,held,tuned-minus-fixed,comparison:tuned:q6-i2-crc,comparison:fixed:q6-i2-crc,46,official,0.16740282685512364,0.1763934032326,0.16277042175849044,0.1636937644094788
shd,confirmation,natural-minus-fixed12:comparison:fixed:q6-i2-crc:comparison:fixed12:q6-i2-crc,held,natural-minus-fixed12,comparison:fixed:q6-i2-crc,comparison:fixed12:q6-i2-crc,42,confirmation,-0.01541850220264318,0.0005396563660100551,-0.005212521541192228,-0.015712914193320104
shd,confirmation,natural-minus-fixed12:comparison:fixed:q6-i2-crc:comparison:fixed12:q6-i2-crc,held,natural-minus-fixed12,comparison:fixed:q6-i2-crc,comparison:fixed12:q6-i2-crc,44,confirmation,0.05396475770925113,0.08105883846917866,0.054230343349636945,0.05478487233446039
shd,confirmation,natural-minus-fixed12:comparison:fixed:q6-i2-crc:comparison:fixed12:q6-i2-crc,held,natural-minus-fixed12,comparison:fixed:q6-i2-crc,comparison:fixed12:q6-i2-crc,46,confirmation,-0.03689427312775334,-0.05287089292137892,-0.08710238058658082,-0.03846811833692043
shd,development,natural-minus-fixed12:comparison:fixed:q6-i2-crc:comparison:fixed12:q6-i2-crc,held,natural-minus-fixed12,comparison:fixed:q6-i2-crc,comparison:fixed12:q6-i2-crc,42,0,-0.046366782006920404,-0.0495170755160953,-0.014748242071226048,-0.05102317925590244
shd,development,natural-minus-fixed12:comparison:fixed:q6-i2-crc:comparison:fixed12:q6-i2-crc,held,natural-minus-fixed12,comparison:fixed:q6-i2-crc,comparison:fixed12:q6-i2-crc,42,1,-0.02674418604651163,-0.031641631734653786,-0.0224793490654831,-0.026530962919751433
shd,development,natural-minus-fixed12:comparison:fixed:q6-i2-crc:comparison:fixed12:q6-i2-crc,held,natural-minus-fixed12,comparison:fixed:q6-i2-crc,comparison:fixed12:q6-i2-crc,42,2,0.0025046963055729843,-0.0006377041896832303,0.07936389438228131,0.0031071802146838134
shd,development,natural-minus-fixed12:comparison:fixed:q6-i2-crc:comparison:fixed12:q6-i2-crc,held,natural-minus-fixed12,comparison:fixed:q6-i2-crc,comparison:fixed12:q6-i2-crc,42,3,-0.03041825095057038,-0.01848354446400735,-0.0641466983865514,-0.02893678414133194
shd,development,natural-minus-fixed12:comparison:fixed:q6-i2-crc:comparison:fixed12:q6-i2-crc,held,natural-minus-fixed12,comparison:fixed:q6-i2-crc,comparison:fixed12:q6-i2-crc,44,0,0.11557093425605536,0.12033930767323803,0.11324712110730512,0.11716675025335088
shd,development,natural-minus-fixed12:comparison:fixed:q6-i2-crc:comparison:fixed12:q6-i2-crc,held,natural-minus-fixed12,comparison:fixed:q6-i2-crc,comparison:fixed12:q6-i2-crc,44,1,0.09593023255813954,0.0982184791760507,0.03807473120823568,0.09775825006821914
shd,development,natural-minus-fixed12:comparison:fixed:q6-i2-crc:comparison:fixed12:q6-i2-crc,held,natural-minus-fixed12,comparison:fixed:q6-i2-crc,comparison:fixed12:q6-i2-crc,44,2,0.007514088916718842,0.03448955320492941,0.06915747865495181,0.011399320724282291
shd,development,natural-minus-fixed12:comparison:fixed:q6-i2-crc:comparison:fixed12:q6-i2-crc,held,natural-minus-fixed12,comparison:fixed:q6-i2-crc,comparison:fixed12:q6-i2-crc,44,3,0.03929024081115329,0.03695892032575676,-0.008307014658673006,0.03967614097488259
shd,development,natural-minus-fixed12:comparison:fixed:q6-i2-crc:comparison:fixed12:q6-i2-crc,held,natural-minus-fixed12,comparison:fixed:q6-i2-crc,comparison:fixed12:q6-i2-crc,46,0,-0.048442906574394484,-0.04824626793686876,-0.06395012223770424,-0.05644476094882872
shd,development,natural-minus-fixed12:comparison:fixed:q6-i2-crc:comparison:fixed12:q6-i2-crc,held,natural-minus-fixed12,comparison:fixed:q6-i2-crc,comparison:fixed12:q6-i2-crc,46,1,-0.08837209302325583,-0.06624848007141243,-0.029483821843019065,-0.07606761785148752
shd,development,natural-minus-fixed12:comparison:fixed:q6-i2-crc:comparison:fixed12:q6-i2-crc,held,natural-minus-fixed12,comparison:fixed:q6-i2-crc,comparison:fixed12:q6-i2-crc,46,2,-0.033813400125234816,-0.03097071757586911,0.006668729226978531,-0.03213630694552794
shd,development,natural-minus-fixed12:comparison:fixed:q6-i2-crc:comparison:fixed12:q6-i2-crc,held,natural-minus-fixed12,comparison:fixed:q6-i2-crc,comparison:fixed12:q6-i2-crc,46,3,-0.04309252217997467,-0.0455532372271612,-0.020788346787300127,-0.04290608141016733
shd,official,natural-minus-fixed12:comparison:fixed:q6-i2-crc:comparison:fixed12:q6-i2-crc,held,natural-minus-fixed12,comparison:fixed:q6-i2-crc,comparison:fixed12:q6-i2-crc,42,official,0.011925795053003507,0.014788095755875252,-0.02792119890571132,0.012435133519822394
shd,official,natural-minus-fixed12:comparison:fixed:q6-i2-crc:comparison:fixed12:q6-i2-crc,held,natural-minus-fixed12,comparison:fixed:q6-i2-crc,comparison:fixed12:q6-i2-crc,44,official,0.06978798586572432,0.07251901356314594,0.09243433388511069,0.06971174754167009
shd,official,natural-minus-fixed12:comparison:fixed:q6-i2-crc:comparison:fixed12:q6-i2-crc,held,natural-minus-fixed12,comparison:fixed:q6-i2-crc,comparison:fixed12:q6-i2-crc,46,official,-0.04726148409893993,-0.04842327132783131,-0.05479487022505336,-0.047155569782995954
shd,confirmation,reservoir-minus-projection:comparison:fixed:q6-i2-crc:comparison:projection:i2,held,reservoir-minus-projection,comparison:fixed:q6-i2-crc,comparison:projection:i2,42,confirmation,-0.014867841409691662,0.0015211907520848444,0.0013417560777104764,-0.01158664770977269
shd,confirmation,reservoir-minus-projection:comparison:fixed:q6-i2-crc:comparison:projection:i2,held,reservoir-minus-projection,comparison:fixed:q6-i2-crc,comparison:projection:i2,44,confirmation,0.02698237885462551,0.0572469377877885,0.055337291614202644,0.030372795140174547
shd,confirmation,reservoir-minus-projection:comparison:fixed:q6-i2-crc:comparison:projection:i2,held,reservoir-minus-projection,comparison:fixed:q6-i2-crc,comparison:projection:i2,46,confirmation,-0.020925110132158642,-0.01638380497394648,-0.050306228701564426,-0.017801898212646883
shd,development,reservoir-minus-projection:comparison:fixed:q6-i2-crc:comparison:projection:i2,held,reservoir-minus-projection,comparison:fixed:q6-i2-crc,comparison:projection:i2,42,0,-0.061591695501730104,-0.05409060893364759,0.013947531479413688,-0.07780005581302829
shd,development,reservoir-minus-projection:comparison:fixed:q6-i2-crc:comparison:projection:i2,held,reservoir-minus-projection,comparison:fixed:q6-i2-crc,comparison:projection:i2,42,1,-0.046511627906976716,-0.05844551350929228,-0.06382665716809749,-0.05635698882734125
shd,development,reservoir-minus-projection:comparison:fixed:q6-i2-crc:comparison:projection:i2,held,reservoir-minus-projection,comparison:fixed:q6-i2-crc,comparison:projection:i2,42,2,0.03318722604884161,0.01052861098976765,0.10563447282208871,0.03168679013061226
shd,development,reservoir-minus-projection:comparison:fixed:q6-i2-crc:comparison:projection:i2,held,reservoir-minus-projection,comparison:fixed:q6-i2-crc,comparison:projection:i2,42,3,-0.033586818757921466,-0.029975437420580953,-0.09888976453987064,-0.03369261070285379
shd,development,reservoir-minus-projection:comparison:fixed:q6-i2-crc:comparison:projection:i2,held,reservoir-minus-projection,comparison:fixed:q6-i2-crc,comparison:projection:i2,44,0,0.002768166089965385,0.012217001207528944,0.09072395120259952,-0.00903421423453643
shd,development,reservoir-minus-projection:comparison:fixed:q6-i2-crc:comparison:projection:i2,held,reservoir-minus-projection,comparison:fixed:q6-i2-crc,comparison:projection:i2,44,1,0.03139534883720929,0.015555445971414117,0.0014272736393998176,0.013956741486673419
shd,development,reservoir-minus-projection:comparison:fixed:q6-i2-crc:comparison:projection:i2,held,reservoir-minus-projection,comparison:fixed:q6-i2-crc,comparison:projection:i2,44,2,0.03506574827802128,0.02237516334183587,0.07478325085051352,0.035463280244562356
shd,development,reservoir-minus-projection:comparison:fixed:q6-i2-crc:comparison:projection:i2,held,reservoir-minus-projection,comparison:fixed:q6-i2-crc,comparison:projection:i2,44,3,0.05196451204055763,0.05198777659677356,-0.009053195922710033,0.05153159245821892
shd,development,reservoir-minus-projection:comparison:fixed:q6-i2-crc:comparison:projection:i2,held,reservoir-minus-projection,comparison:fixed:q6-i2-crc,comparison:projection:i2,46,0,-0.09480968858131489,-0.09910304934925013,-0.050233955796029406,-0.11321661818996737
shd,development,reservoir-minus-projection:comparison:fixed:q6-i2-crc:comparison:projection:i2,held,reservoir-minus-projection,comparison:fixed:q6-i2-crc,comparison:projection:i2,46,1,-0.05058139534883721,-0.04843562524188433,-0.017164827416388195,-0.06067003564582579
shd,development,reservoir-minus-projection:comparison:fixed:q6-i2-crc:comparison:projection:i2,held,reservoir-minus-projection,comparison:fixed:q6-i2-crc,comparison:projection:i2,46,2,-0.026299311208515974,-0.04142213184998811,0.02833474532917929,-0.02744095096157917
shd,development,reservoir-minus-projection:comparison:fixed:q6-i2-crc:comparison:projection:i2,held,reservoir-minus-projection,comparison:fixed:q6-i2-crc,comparison:projection:i2,46,3,-0.017110266159695853,-0.019489176692466192,-0.017933126837085922,-0.017897226413784273
shd,official,reservoir-minus-projection:comparison:fixed:q6-i2-crc:comparison:projection:i2,held,reservoir-minus-projection,comparison:fixed:q6-i2-crc,comparison:projection:i2,42,official,0.007950530035335635,0.012432801818346162,-0.033197567420677476,0.009407147009163563
shd,official,reservoir-minus-projection:comparison:fixed:q6-i2-crc:comparison:projection:i2,held,reservoir-minus-projection,comparison:fixed:q6-i2-crc,comparison:projection:i2,44,official,0.04991166077738507,0.05762681334978681,0.03739827035563359,0.05195055580142527
shd,official,reservoir-minus-projection:comparison:fixed:q6-i2-crc:comparison:projection:i2,held,reservoir-minus-projection,comparison:fixed:q6-i2-crc,comparison:projection:i2,46,official,-0.02915194346289751,-0.0252240594418629,-0.05040028348649095,-0.026217007598950737
shd,confirmation,QRC-minus-CRC:comparison:fixed:q6-i4-qrc:comparison:fixed:q6-i4-crc,held,QRC-minus-CRC,comparison:fixed:q6-i4-qrc,comparison:fixed:q6-i4-crc,42,confirmation,-0.02753303964757714,-0.023805006589301625,-0.045575042480052286,-0.02901898239918055
shd,confirmation,QRC-minus-CRC:comparison:fixed:q6-i4-qrc:comparison:fixed:q6-i4-crc,held,QRC-minus-CRC,comparison:fixed:q6-i4-qrc,comparison:fixed:q6-i4-crc,44,confirmation,0.04185022026431717,0.03927210475586762,0.012406774320863678,0.0404911923931035
shd,confirmation,QRC-minus-CRC:comparison:fixed:q6-i4-qrc:comparison:fixed:q6-i4-crc,held,QRC-minus-CRC,comparison:fixed:q6-i4-qrc,comparison:fixed:q6-i4-crc,46,confirmation,-0.002753303964757703,-0.017407927889591,-0.012349305493533191,-0.0048004225499508335
shd,development,QRC-minus-CRC:comparison:fixed:q6-i4-qrc:comparison:fixed:q6-i4-crc,held,QRC-minus-CRC,comparison:fixed:q6-i4-qrc,comparison:fixed:q6-i4-crc,42,0,0.06505190311418685,0.06695973299966895,0.07647594012789144,0.06865737517017517
shd,development,QRC-minus-CRC:comparison:fixed:q6-i4-qrc:comparison:fixed:q6-i4-crc,held,QRC-minus-CRC,comparison:fixed:q6-i4-qrc,comparison:fixed:q6-i4-crc,42,1,0.03372093023255812,0.056644592939917526,0.026857685778470974,0.04824457581251601
shd,development,QRC-minus-CRC:comparison:fixed:q6-i4-qrc:comparison:fixed:q6-i4-crc,held,QRC-minus-CRC,comparison:fixed:q6-i4-qrc,comparison:fixed:q6-i4-crc,42,2,-0.0845335003130871,-0.07674806669742895,-0.07251577811804777,-0.08486779272695738
shd,development,QRC-minus-CRC:comparison:fixed:q6-i4-qrc:comparison:fixed:q6-i4-crc,held,QRC-minus-CRC,comparison:fixed:q6-i4-qrc,comparison:fixed:q6-i4-crc,42,3,-0.04562737642585557,-0.03282248862061721,-0.018348558013513983,-0.04664243239766641
shd,development,QRC-minus-CRC:comparison:fixed:q6-i4-qrc:comparison:fixed:q6-i4-crc,held,QRC-minus-CRC,comparison:fixed:q6-i4-qrc,comparison:fixed:q6-i4-crc,44,0,0.18339100346020765,0.1713080086424542,0.1433781483481083,0.18965980153435785
shd,development,QRC-minus-CRC:comparison:fixed:q6-i4-qrc:comparison:fixed:q6-i4-crc,held,QRC-minus-CRC,comparison:fixed:q6-i4-qrc,comparison:fixed:q6-i4-crc,44,1,0.06104651162790703,0.08722641468900993,0.13492802144257066,0.06252643283528658
shd,development,QRC-minus-CRC:comparison:fixed:q6-i4-qrc:comparison:fixed:q6-i4-crc,held,QRC-minus-CRC,comparison:fixed:q6-i4-qrc,comparison:fixed:q6-i4-crc,44,2,-0.0025046963055729288,0.01590499605525242,0.02403498593535558,-0.011753865791400253
shd,development,QRC-minus-CRC:comparison:fixed:q6-i4-qrc:comparison:fixed:q6-i4-crc,held,QRC-minus-CRC,comparison:fixed:q6-i4-qrc,comparison:fixed:q6-i4-crc,44,3,0.09505703422053235,0.10158869890907335,0.09527509045517413,0.09745285914196622
shd,development,QRC-minus-CRC:comparison:fixed:q6-i4-qrc:comparison:fixed:q6-i4-crc,held,QRC-minus-CRC,comparison:fixed:q6-i4-qrc,comparison:fixed:q6-i4-crc,46,0,0.0186851211072665,0.016644368250540498,-0.03865316601729907,0.030179536047500677
shd,development,QRC-minus-CRC:comparison:fixed:q6-i4-qrc:comparison:fixed:q6-i4-crc,held,QRC-minus-CRC,comparison:fixed:q6-i4-qrc,comparison:fixed:q6-i4-crc,46,1,0.0023255813953487747,0.00317517072864959,-0.04206599672319966,0.0017086146746572162
shd,development,QRC-minus-CRC:comparison:fixed:q6-i4-qrc:comparison:fixed:q6-i4-crc,held,QRC-minus-CRC,comparison:fixed:q6-i4-qrc,comparison:fixed:q6-i4-crc,46,2,0.020037570444583597,0.02651221024488326,-0.023760258449641913,0.019579682301854584
shd,development,QRC-minus-CRC:comparison:fixed:q6-i4-qrc:comparison:fixed:q6-i4-crc,held,QRC-minus-CRC,comparison:fixed:q6-i4-qrc,comparison:fixed:q6-i4-crc,46,3,0.0221799746514576,0.022647745576487965,0.016788523182402204,0.02303929302736485
shd,official,QRC-minus-CRC:comparison:fixed:q6-i4-qrc:comparison:fixed:q6-i4-crc,held,QRC-minus-CRC,comparison:fixed:q6-i4-qrc,comparison:fixed:q6-i4-crc,42,official,-0.006625441696113121,-0.006517063639363885,0.009653915481972919,-0.007667331665208721
shd,official,QRC-minus-CRC:comparison:fixed:q6-i4-qrc:comparison:fixed:q6-i4-crc,held,QRC-minus-CRC,comparison:fixed:q6-i4-qrc,comparison:fixed:q6-i4-crc,44,official,0.051236749116607805,0.048328160809540166,0.0512567588456071,0.05144509846177303
shd,official,QRC-minus-CRC:comparison:fixed:q6-i4-qrc:comparison:fixed:q6-i4-crc,held,QRC-minus-CRC,comparison:fixed:q6-i4-qrc,comparison:fixed:q6-i4-crc,46,official,-0.011925795053003618,-0.009396594144173598,-0.015020364784286921,-0.013032735103599258
shd,confirmation,QRC-minus-CRC:comparison:fixed12:q6-i4-qrc:comparison:fixed12:q6-i4-crc,held,QRC-minus-CRC,comparison:fixed12:q6-i4-qrc,comparison:fixed12:q6-i4-crc,42,confirmation,-0.07599118942731281,-0.08168178350302163,-0.11548224889774461,-0.07768782338194363
shd,confirmation,QRC-minus-CRC:comparison:fixed12:q6-i4-qrc:comparison:fixed12:q6-i4-crc,held,QRC-minus-CRC,comparison:fixed12:q6-i4-qrc,comparison:fixed12:q6-i4-crc,44,confirmation,-0.024229074889867808,-0.03964685751412034,-0.015677682863961095,-0.025864338474027915
shd,confirmation,QRC-minus-CRC:comparison:fixed12:q6-i4-qrc:comparison:fixed12:q6-i4-crc,held,QRC-minus-CRC,comparison:fixed12:q6-i4-qrc,comparison:fixed12:q6-i4-crc,46,confirmation,-0.04955947136563876,-0.05596881574977586,-0.04194791506153572,-0.05181228121561976
shd,development,QRC-minus-CRC:comparison:fixed12:q6-i4-qrc:comparison:fixed12:q6-i4-crc,held,QRC-minus-CRC,comparison:fixed12:q6-i4-qrc,comparison:fixed12:q6-i4-crc,42,0,0.00622837370242213,0.007217974564240226,0.01706665830663756,0.005072064156219247
shd,development,QRC-minus-CRC:comparison:fixed12:q6-i4-qrc:comparison:fixed12:q6-i4-crc,held,QRC-minus-CRC,comparison:fixed12:q6-i4-qrc,comparison:fixed12:q6-i4-crc,42,1,0.012790697674418594,0.04335531814771576,0.045741571867903674,0.025357262211418707
shd,development,QRC-minus-CRC:comparison:fixed12:q6-i4-qrc:comparison:fixed12:q6-i4-crc,held,QRC-minus-CRC,comparison:fixed12:q6-i4-qrc,comparison:fixed12:q6-i4-crc,42,2,-0.026299311208515974,-0.013094615151873434,0.03050433829036414,-0.026663891337611934
shd,development,QRC-minus-CRC:comparison:fixed12:q6-i4-qrc:comparison:fixed12:q6-i4-crc,held,QRC-minus-CRC,comparison:fixed12:q6-i4-qrc,comparison:fixed12:q6-i4-crc,42,3,-0.017110266159695797,-0.014030319479760855,-0.06949336237751902,-0.01895890261504507
shd,development,QRC-minus-CRC:comparison:fixed12:q6-i4-qrc:comparison:fixed12:q6-i4-crc,held,QRC-minus-CRC,comparison:fixed12:q6-i4-qrc,comparison:fixed12:q6-i4-crc,44,0,-0.03183391003460212,-0.03478685975679918,-0.04108482646879219,-0.027173474493294103
shd,development,QRC-minus-CRC:comparison:fixed12:q6-i4-qrc:comparison:fixed12:q6-i4-crc,held,QRC-minus-CRC,comparison:fixed12:q6-i4-qrc,comparison:fixed12:q6-i4-crc,44,1,0.041860465116279055,0.05829507368433179,0.09875095953284424,0.04922505502575891
shd,development,QRC-minus-CRC:comparison:fixed12:q6-i4-qrc:comparison:fixed12:q6-i4-crc,held,QRC-minus-CRC,comparison:fixed12:q6-i4-qrc,comparison:fixed12:q6-i4-crc,44,2,-0.029430181590482107,-0.025306313006505488,-0.07333102727005558,-0.0409865040168681
shd,development,QRC-minus-CRC:comparison:fixed12:q6-i4-qrc:comparison:fixed12:q6-i4-crc,held,QRC-minus-CRC,comparison:fixed12:q6-i4-qrc,comparison:fixed12:q6-i4-crc,44,3,0.019645120405576755,0.024037814026857673,0.03563924710239552,0.019335639010955807
shd,development,QRC-minus-CRC:comparison:fixed12:q6-i4-qrc:comparison:fixed12:q6-i4-crc,held,QRC-minus-CRC,comparison:fixed12:q6-i4-qrc,comparison:fixed12:q6-i4-crc,46,0,-0.12664359861591695,-0.12287231605654525,-0.13790055760038117,-0.12487941564847027
shd,development,QRC-minus-CRC:comparison:fixed12:q6-i4-qrc:comparison:fixed12:q6-i4-crc,held,QRC-minus-CRC,comparison:fixed12:q6-i4-qrc,comparison:fixed12:q6-i4-crc,46,1,0.0005813953488372214,0.010055359957755416,0.011117317454687914,0.009719969446476184
shd,development,QRC-minus-CRC:comparison:fixed12:q6-i4-qrc:comparison:fixed12:q6-i4-crc,held,QRC-minus-CRC,comparison:fixed12:q6-i4-qrc,comparison:fixed12:q6-i4-crc,46,2,-0.08891671884783964,-0.092442892635836,-0.08216226718251857,-0.09339034123013801
shd,development,QRC-minus-CRC:comparison:fixed12:q6-i4-qrc:comparison:fixed12:q6-i4-crc,held,QRC-minus-CRC,comparison:fixed12:q6-i4-qrc,comparison:fixed12:q6-i4-crc,46,3,-0.03612167300380231,-0.037010297672382175,-0.04509738457398316,-0.03590306318040959
shd,official,QRC-minus-CRC:comparison:fixed12:q6-i4-qrc:comparison:fixed12:q6-i4-crc,held,QRC-minus-CRC,comparison:fixed12:q6-i4-qrc,comparison:fixed12:q6-i4-crc,42,official,-0.042402826855123754,-0.03872459285922125,-0.027318845878737452,-0.042559255800383555
shd,official,QRC-minus-CRC:comparison:fixed12:q6-i4-qrc:comparison:fixed12:q6-i4-crc,held,QRC-minus-CRC,comparison:fixed12:q6-i4-qrc,comparison:fixed12:q6-i4-crc,44,official,-0.0075088339222615375,0.0017549109130837737,-0.0015727361585289312,-0.01078310264556015
shd,official,QRC-minus-CRC:comparison:fixed12:q6-i4-qrc:comparison:fixed12:q6-i4-crc,held,QRC-minus-CRC,comparison:fixed12:q6-i4-qrc,comparison:fixed12:q6-i4-crc,46,official,-0.05918727915194344,-0.057480088872781665,-0.06435396391889081,-0.0590164855433466
shd,confirmation,QRC-minus-CRC:comparison:tuned:q6-i4-qrc:comparison:tuned:q6-i4-crc,held,QRC-minus-CRC,comparison:tuned:q6-i4-qrc,comparison:tuned:q6-i4-crc,42,confirmation,-0.016519823788546217,-0.023287887290195153,-0.014021122787624019,-0.01879954013816787
shd,confirmation,QRC-minus-CRC:comparison:tuned:q6-i4-qrc:comparison:tuned:q6-i4-crc,held,QRC-minus-CRC,comparison:tuned:q6-i4-qrc,comparison:tuned:q6-i4-crc,44,confirmation,-0.007158590308370072,-0.027729139341633458,-0.03543269612323452,-0.008854319499282837
shd,confirmation,QRC-minus-CRC:comparison:tuned:q6-i4-qrc:comparison:tuned:q6-i4-crc,held,QRC-minus-CRC,comparison:tuned:q6-i4-qrc,comparison:tuned:q6-i4-crc,46,confirmation,-0.0033039647577092213,-0.008363876707775164,0.01356716162428695,-0.004409388898664046
shd,development,QRC-minus-CRC:comparison:tuned:q6-i4-qrc:comparison:tuned:q6-i4-crc,held,QRC-minus-CRC,comparison:tuned:q6-i4-qrc,comparison:tuned:q6-i4-crc,42,0,0.0027681660899654403,0.011133754098634374,-0.03875663364500059,0.007067008877391534
shd,development,QRC-minus-CRC:comparison:tuned:q6-i4-qrc:comparison:tuned:q6-i4-crc,held,QRC-minus-CRC,comparison:tuned:q6-i4-qrc,comparison:tuned:q6-i4-crc,42,1,-0.0011627906976743319,-0.006979923991992321,0.017691976220828742,-0.0030076806815572676
shd,development,QRC-minus-CRC:comparison:tuned:q6-i4-qrc:comparison:tuned:q6-i4-crc,held,QRC-minus-CRC,comparison:tuned:q6-i4-qrc,comparison:tuned:q6-i4-crc,42,2,-0.04320601127113344,-0.047735597633146054,-0.033765627298781964,-0.04463069125364194
shd,development,QRC-minus-CRC:comparison:tuned:q6-i4-qrc:comparison:tuned:q6-i4-crc,held,QRC-minus-CRC,comparison:tuned:q6-i4-qrc,comparison:tuned:q6-i4-crc,42,3,-0.0076045627376425395,6.0220717973624716e-05,0.009324498631867129,-0.006155512059904944
shd,development,QRC-minus-CRC:comparison:tuned:q6-i4-qrc:comparison:tuned:q6-i4-crc,held,QRC-minus-CRC,comparison:tuned:q6-i4-qrc,comparison:tuned:q6-i4-crc,44,0,-0.0034602076124566894,0.013816351374336677,0.011726080360838442,0.0007748210172221492
shd,development,QRC-minus-CRC:comparison:tuned:q6-i4-qrc:comparison:tuned:q6-i4-crc,held,QRC-minus-CRC,comparison:tuned:q6-i4-qrc,comparison:tuned:q6-i4-crc,44,1,-0.0040697674418604946,-0.017961904272599583,0.03076031600617435,-0.0055777155807015255
shd,development,QRC-minus-CRC:comparison:tuned:q6-i4-qrc:comparison:tuned:q6-i4-crc,held,QRC-minus-CRC,comparison:tuned:q6-i4-qrc,comparison:tuned:q6-i4-crc,44,2,-0.03193487789605509,-0.05525918764292892,-0.08271655210830842,-0.032735079353134355
shd,development,QRC-minus-CRC:comparison:tuned:q6-i4-qrc:comparison:tuned:q6-i4-crc,held,QRC-minus-CRC,comparison:tuned:q6-i4-qrc,comparison:tuned:q6-i4-crc,44,3,-0.028517110266159773,-0.022976097978576027,-0.019539636292073448,-0.02889979029937162
shd,development,QRC-minus-CRC:comparison:tuned:q6-i4-qrc:comparison:tuned:q6-i4-crc,held,QRC-minus-CRC,comparison:tuned:q6-i4-qrc,comparison:tuned:q6-i4-crc,46,0,0.05051903114186851,0.0503551920004679,0.013665899477165455,0.05451802354726598
shd,development,QRC-minus-CRC:comparison:tuned:q6-i4-qrc:comparison:tuned:q6-i4-crc,held,QRC-minus-CRC,comparison:tuned:q6-i4-qrc,comparison:tuned:q6-i4-crc,46,1,-0.0034883720930233286,-0.00994793127186444,0.024305728076194688,-0.003183438703698138
shd,development,QRC-minus-CRC:comparison:tuned:q6-i4-qrc:comparison:tuned:q6-i4-crc,held,QRC-minus-CRC,comparison:tuned:q6-i4-qrc,comparison:tuned:q6-i4-crc,46,2,0.045710707576706366,0.025708509978277783,0.007319720114244088,0.04315804660478739
shd,development,QRC-minus-CRC:comparison:tuned:q6-i4-qrc:comparison:tuned:q6-i4-crc,held,QRC-minus-CRC,comparison:tuned:q6-i4-qrc,comparison:tuned:q6-i4-crc,46,3,-0.005069708491761804,-0.0117557799945478,-0.02197557894074431,-0.0041204393736319345
shd,official,QRC-minus-CRC:comparison:tuned:q6-i4-qrc:comparison:tuned:q6-i4-crc,held,QRC-minus-CRC,comparison:tuned:q6-i4-qrc,comparison:tuned:q6-i4-crc,42,official,-0.03577738515901063,-0.0305385016952191,-0.020729837501937354,-0.035163968606707785
shd,official,QRC-minus-CRC:comparison:tuned:q6-i4-qrc:comparison:tuned:q6-i4-crc,held,QRC-minus-CRC,comparison:tuned:q6-i4-qrc,comparison:tuned:q6-i4-crc,44,official,-0.05521201413427557,-0.056295871412023524,-0.06156858970489054,-0.0562936043503558
shd,official,QRC-minus-CRC:comparison:tuned:q6-i4-qrc:comparison:tuned:q6-i4-crc,held,QRC-minus-CRC,comparison:tuned:q6-i4-qrc,comparison:tuned:q6-i4-crc,46,official,-0.032685512367491176,-0.033596454470752546,-0.027142673899278602,-0.03347517149911783
shd,confirmation,tuned-minus-fixed:comparison:tuned:q6-i4-qrc:comparison:fixed:q6-i4-qrc,held,tuned-minus-fixed,comparison:tuned:q6-i4-qrc,comparison:fixed:q6-i4-qrc,42,confirmation,0.03799559471365643,0.04110655952104281,0.06987101542823193,0.038810852707943266
shd,confirmation,tuned-minus-fixed:comparison:tuned:q6-i4-qrc:comparison:fixed:q6-i4-qrc,held,tuned-minus-fixed,comparison:tuned:q6-i4-qrc,comparison:fixed:q6-i4-qrc,44,confirmation,-0.008810572687224627,-0.00010929905776757565,0.024162297993703175,-0.007655598967184707
shd,confirmation,tuned-minus-fixed:comparison:tuned:q6-i4-qrc:comparison:fixed:q6-i4-qrc,held,tuned-minus-fixed,comparison:tuned:q6-i4-qrc,comparison:fixed:q6-i4-qrc,46,confirmation,0.0005506607929515184,0.01113233651451706,0.016476010849001188,0.0018440507536624517
shd,development,tuned-minus-fixed:comparison:tuned:q6-i4-qrc:comparison:fixed:q6-i4-qrc,held,tuned-minus-fixed,comparison:tuned:q6-i4-qrc,comparison:fixed:q6-i4-qrc,42,0,0.06574394463667821,0.07481191698550427,0.04289992381455332,0.06582659699274845
shd,development,tuned-minus-fixed:comparison:tuned:q6-i4-qrc:comparison:fixed:q6-i4-qrc,held,tuned-minus-fixed,comparison:tuned:q6-i4-qrc,comparison:fixed:q6-i4-qrc,42,1,0.04069767441860472,0.03366515827765865,0.12048013751867781,0.02643358067949536
shd,development,tuned-minus-fixed:comparison:tuned:q6-i4-qrc:comparison:fixed:q6-i4-qrc,held,tuned-minus-fixed,comparison:tuned:q6-i4-qrc,comparison:fixed:q6-i4-qrc,42,2,0.058234189104571066,0.0676058689628175,0.09289890521728594,0.05725808333563137
shd,development,tuned-minus-fixed:comparison:tuned:q6-i4-qrc:comparison:fixed:q6-i4-qrc,held,tuned-minus-fixed,comparison:tuned:q6-i4-qrc,comparison:fixed:q6-i4-qrc,42,3,0.024714828897338448,0.030550349547895816,0.044553166401924194,0.02683634216440478
shd,development,tuned-minus-fixed:comparison:tuned:q6-i4-qrc:comparison:fixed:q6-i4-qrc,held,tuned-minus-fixed,comparison:tuned:q6-i4-qrc,comparison:fixed:q6-i4-qrc,44,0,-0.04290657439446366,-0.02779656717316059,0.002795227420782753,-0.04543952107375071
shd,development,tuned-minus-fixed:comparison:tuned:q6-i4-qrc:comparison:fixed:q6-i4-qrc,held,tuned-minus-fixed,comparison:tuned:q6-i4-qrc,comparison:fixed:q6-i4-qrc,44,1,0.012209302325581373,0.00620375915122251,0.00469973369177179,0.01360961363318608
shd,development,tuned-minus-fixed:comparison:tuned:q6-i4-qrc:comparison:fixed:q6-i4-qrc,held,tuned-minus-fixed,comparison:tuned:q6-i4-qrc,comparison:fixed:q6-i4-qrc,44,2,0.07201001878522234,0.04729615573394885,-0.0063484173832756285,0.08026432241935899
shd,development,tuned-minus-fixed:comparison:tuned:q6-i4-qrc:comparison:fixed:q6-i4-qrc,held,tuned-minus-fixed,comparison:tuned:q6-i4-qrc,comparison:fixed:q6-i4-qrc,44,3,0.006337135614702061,0.015353730724050774,0.02486321413802406,0.005227641446204245
shd,development,tuned-minus-fixed:comparison:tuned:q6-i4-qrc:comparison:fixed:q6-i4-qrc,held,tuned-minus-fixed,comparison:tuned:q6-i4-qrc,comparison:fixed:q6-i4-qrc,46,0,0.05190311418685112,0.05854777332507033,0.06779691424647616,0.049326964212998425
shd,development,tuned-minus-fixed:comparison:tuned:q6-i4-qrc:comparison:fixed:q6-i4-qrc,held,tuned-minus-fixed,comparison:tuned:q6-i4-qrc,comparison:fixed:q6-i4-qrc,46,1,0.014534883720930258,0.017276965124907173,0.07000625324560783,0.012722307807925048
shd,development,tuned-minus-fixed:comparison:tuned:q6-i4-qrc:comparison:fixed:q6-i4-qrc,held,tuned-minus-fixed,comparison:tuned:q6-i4-qrc,comparison:fixed:q6-i4-qrc,46,2,0.045710707576706366,0.04325463844159716,0.07926163876918446,0.04298912397861976
shd,development,tuned-minus-fixed:comparison:tuned:q6-i4-qrc:comparison:fixed:q6-i4-qrc,held,tuned-minus-fixed,comparison:tuned:q6-i4-qrc,comparison:fixed:q6-i4-qrc,46,3,0.004435994930291454,0.0039025676095214568,0.017311421570430086,0.005282071492877072
shd,official,tuned-minus-fixed:comparison:tuned:q6-i4-qrc:comparison:fixed:q6-i4-qrc,held,tuned-minus-fixed,comparison:tuned:q6-i4-qrc,comparison:fixed:q6-i4-qrc,42,official,0.07464664310954061,0.08468832207265209,0.07087056801815761,0.07469165040745629
shd,official,tuned-minus-fixed:comparison:tuned:q6-i4-qrc:comparison:fixed:q6-i4-qrc,held,tuned-minus-fixed,comparison:tuned:q6-i4-qrc,comparison:fixed:q6-i4-qrc,44,official,0.0013250883392226243,0.008547944809409125,-0.0010769375578264517,0.0007897007361153952
shd,official,tuned-minus-fixed:comparison:tuned:q6-i4-qrc:comparison:fixed:q6-i4-qrc,held,tuned-minus-fixed,comparison:tuned:q6-i4-qrc,comparison:fixed:q6-i4-qrc,46,official,0.03489399293286222,0.03892948279261765,0.038830321379753285,0.03468694624391622
shd,confirmation,natural-minus-fixed12:comparison:fixed:q6-i4-qrc:comparison:fixed12:q6-i4-qrc,held,natural-minus-fixed12,comparison:fixed:q6-i4-qrc,comparison:fixed12:q6-i4-qrc,42,confirmation,0.06387665198237885,0.0754593578850829,0.08705631600695962,0.06384981008545482
shd,confirmation,natural-minus-fixed12:comparison:fixed:q6-i4-qrc:comparison:fixed12:q6-i4-qrc,held,natural-minus-fixed12,comparison:fixed:q6-i4-qrc,comparison:fixed12:q6-i4-qrc,44,confirmation,0.05947136563876643,0.061486790100404254,0.006657507668175744,0.0607022013875117
shd,confirmation,natural-minus-fixed12:comparison:fixed:q6-i4-qrc:comparison:fixed12:q6-i4-qrc,held,natural-minus-fixed12,comparison:fixed:q6-i4-qrc,comparison:fixed12:q6-i4-qrc,46,confirmation,0.07544052863436124,0.07687150861666237,0.0744412415499699,0.07611353719099945
shd,development,natural-minus-fixed12:comparison:fixed:q6-i4-qrc:comparison:fixed12:q6-i4-qrc,held,natural-minus-fixed12,comparison:fixed:q6-i4-qrc,comparison:fixed12:q6-i4-qrc,42,0,0.049134948096885844,0.061584189803981004,0.10014769252749461,0.049932466815795995
shd,development,natural-minus-fixed12:comparison:fixed:q6-i4-qrc:comparison:fixed12:q6-i4-qrc,held,natural-minus-fixed12,comparison:fixed:q6-i4-qrc,comparison:fixed12:q6-i4-qrc,42,1,0.005232558139534882,0.00106440718397105,-0.0038337883436911357,0.006469985451232951
shd,development,natural-minus-fixed12:comparison:fixed:q6-i4-qrc:comparison:fixed12:q6-i4-qrc,held,natural-minus-fixed12,comparison:fixed:q6-i4-qrc,comparison:fixed12:q6-i4-qrc,42,2,-0.03569192235441454,-0.04037672683986698,-0.057733381493607294,-0.03631702116313501
shd,development,natural-minus-fixed12:comparison:fixed:q6-i4-qrc:comparison:fixed12:q6-i4-qrc,held,natural-minus-fixed12,comparison:fixed:q6-i4-qrc,comparison:fixed12:q6-i4-qrc,42,3,0.03168567807351075,0.03200821671136911,0.03904175096931051,0.031746275049367556
shd,development,natural-minus-fixed12:comparison:fixed:q6-i4-qrc:comparison:fixed12:q6-i4-qrc,held,natural-minus-fixed12,comparison:fixed:q6-i4-qrc,comparison:fixed12:q6-i4-qrc,44,0,0.08304498269896199,0.0836993918230835,0.07811959944063007,0.0806789363809951
shd,development,natural-minus-fixed12:comparison:fixed:q6-i4-qrc:comparison:fixed12:q6-i4-qrc,held,natural-minus-fixed12,comparison:fixed:q6-i4-qrc,comparison:fixed12:q6-i4-qrc,44,1,0.02209302325581397,0.025827941180500358,0.05802260353099553,0.021801631628331708
shd,development,natural-minus-fixed12:comparison:fixed:q6-i4-qrc:comparison:fixed12:q6-i4-qrc,held,natural-minus-fixed12,comparison:fixed:q6-i4-qrc,comparison:fixed12:q6-i4-qrc,44,2,-0.01127113337507829,0.002639224042117305,0.03537764749868055,-0.0110464869253728
shd,development,natural-minus-fixed12:comparison:fixed:q6-i4-qrc:comparison:fixed12:q6-i4-qrc,held,natural-minus-fixed12,comparison:fixed:q6-i4-qrc,comparison:fixed12:q6-i4-qrc,44,3,-0.0025348542458808465,-0.004350132162145637,-0.022046659923394274,-0.001982457429370199
shd,development,natural-minus-fixed12:comparison:fixed:q6-i4-qrc:comparison:fixed12:q6-i4-qrc,held,natural-minus-fixed12,comparison:fixed:q6-i4-qrc,comparison:fixed12:q6-i4-qrc,46,0,0.11418685121107269,0.11257616477890497,0.10141746751506536,0.1152121437668231
shd,development,natural-minus-fixed12:comparison:fixed:q6-i4-qrc:comparison:fixed12:q6-i4-qrc,held,natural-minus-fixed12,comparison:fixed:q6-i4-qrc,comparison:fixed12:q6-i4-qrc,46,1,0.007558139534883657,0.013535774625221486,0.038324591338445346,0.005544326057722926
shd,development,natural-minus-fixed12:comparison:fixed:q6-i4-qrc:comparison:fixed12:q6-i4-qrc,held,natural-minus-fixed12,comparison:fixed:q6-i4-qrc,comparison:fixed12:q6-i4-qrc,46,2,0.0857858484658735,0.08230482754233609,0.046387450054781565,0.09075817233856498
shd,development,natural-minus-fixed12:comparison:fixed:q6-i4-qrc:comparison:fixed12:q6-i4-qrc,held,natural-minus-fixed12,comparison:fixed:q6-i4-qrc,comparison:fixed12:q6-i4-qrc,46,3,0.05069708491761726,0.05166487467938641,0.040435236157842835,0.05054186208522704
shd,official,natural-minus-fixed12:comparison:fixed:q6-i4-qrc:comparison:fixed12:q6-i4-qrc,held,natural-minus-fixed12,comparison:fixed:q6-i4-qrc,comparison:fixed12:q6-i4-qrc,42,official,0.03842756183745588,0.04437868735590056,0.04092110972239249,0.03865922427337365
shd,official,natural-minus-fixed12:comparison:fixed:q6-i4-qrc:comparison:fixed12:q6-i4-qrc,held,natural-minus-fixed12,comparison:fixed:q6-i4-qrc,comparison:fixed12:q6-i4-qrc,44,official,0.04726148409893993,0.04340674281173895,0.04172385377597887,0.04852689493383555
shd,official,natural-minus-fixed12:comparison:fixed:q6-i4-qrc:comparison:fixed12:q6-i4-qrc,held,natural-minus-fixed12,comparison:fixed:q6-i4-qrc,comparison:fixed12:q6-i4-qrc,46,official,0.07111307420494695,0.07056289484265299,0.06363721433502623,0.06936279440909665
shd,confirmation,reservoir-minus-projection:comparison:fixed:q6-i4-qrc:comparison:projection:i4,held,reservoir-minus-projection,comparison:fixed:q6-i4-qrc,comparison:projection:i4,42,confirmation,0.0005506607929515184,0.013818963771928372,-0.023824187268774222,0.0016029235536708653
shd,confirmation,reservoir-minus-projection:comparison:fixed:q6-i4-qrc:comparison:projection:i4,held,reservoir-minus-projection,comparison:fixed:q6-i4-qrc,comparison:projection:i4,44,confirmation,0.048458149779735615,0.045208577562297236,-0.017192872212179022,0.050189305559830255
shd,confirmation,reservoir-minus-projection:comparison:fixed:q6-i4-qrc:comparison:projection:i4,held,reservoir-minus-projection,comparison:fixed:q6-i4-qrc,comparison:projection:i4,46,confirmation,0.05947136563876654,0.06354191156268552,0.027813605794736462,0.06149172033905226
shd,development,reservoir-minus-projection:comparison:fixed:q6-i4-qrc:comparison:projection:i4,held,reservoir-minus-projection,comparison:fixed:q6-i4-qrc,comparison:projection:i4,42,0,-0.01730103806228367,-0.00889940498565328,0.04361640325995508,-0.02055778467738617
shd,development,reservoir-minus-projection:comparison:fixed:q6-i4-qrc:comparison:projection:i4,held,reservoir-minus-projection,comparison:fixed:q6-i4-qrc,comparison:projection:i4,42,1,0.005232558139534882,0.025873503894892735,-0.04760808317904841,0.015219302258666467
shd,development,reservoir-minus-projection:comparison:fixed:q6-i4-qrc:comparison:projection:i4,held,reservoir-minus-projection,comparison:fixed:q6-i4-qrc,comparison:projection:i4,42,2,-0.02254226675015658,-0.033597123037426624,-0.04293083601337877,-0.02088640387120766
shd,development,reservoir-minus-projection:comparison:fixed:q6-i4-qrc:comparison:projection:i4,held,reservoir-minus-projection,comparison:fixed:q6-i4-qrc,comparison:projection:i4,42,3,0.02344740177439797,0.02905325139553938,0.0503254923344979,0.02177950893083236
shd,development,reservoir-minus-projection:comparison:fixed:q6-i4-qrc:comparison:projection:i4,held,reservoir-minus-projection,comparison:fixed:q6-i4-qrc,comparison:projection:i4,44,0,0.06989619377162637,0.07212092196160164,0.0872958613233481,0.06840803332807444
shd,development,reservoir-minus-projection:comparison:fixed:q6-i4-qrc:comparison:projection:i4,held,reservoir-minus-projection,comparison:fixed:q6-i4-qrc,comparison:projection:i4,44,1,0.0343023255813954,0.051037650327737716,0.08005440940330388,0.030888197328517275
shd,development,reservoir-minus-projection:comparison:fixed:q6-i4-qrc:comparison:projection:i4,held,reservoir-minus-projection,comparison:fixed:q6-i4-qrc,comparison:projection:i4,44,2,-0.03569192235441454,-0.025366139861913994,0.013902816750468783,-0.04434202207910504
shd,development,reservoir-minus-projection:comparison:fixed:q6-i4-qrc:comparison:projection:i4,held,reservoir-minus-projection,comparison:fixed:q6-i4-qrc,comparison:projection:i4,44,3,0.027883396704689534,0.028397228080091375,0.056068164822827615,0.028110908143714863
shd,development,reservoir-minus-projection:comparison:fixed:q6-i4-qrc:comparison:projection:i4,held,reservoir-minus-projection,comparison:fixed:q6-i4-qrc,comparison:projection:i4,46,0,0.02768166089965407,0.032461377093959964,0.028501807973741244,0.028203112004301034
shd,development,reservoir-minus-projection:comparison:fixed:q6-i4-qrc:comparison:projection:i4,held,reservoir-minus-projection,comparison:fixed:q6-i4-qrc,comparison:projection:i4,46,1,0.03081395348837207,0.045115258719614915,-0.015587227025578132,0.03437616684297895
shd,development,reservoir-minus-projection:comparison:fixed:q6-i4-qrc:comparison:projection:i4,held,reservoir-minus-projection,comparison:fixed:q6-i4-qrc,comparison:projection:i4,46,2,0.04571070757670631,0.03838755877281824,-0.015072460339135896,0.04852364278939075
shd,development,reservoir-minus-projection:comparison:fixed:q6-i4-qrc:comparison:projection:i4,held,reservoir-minus-projection,comparison:fixed:q6-i4-qrc,comparison:projection:i4,46,3,0.04752851711026618,0.054251914603627216,0.08039901130203142,0.04704021487560439
shd,official,reservoir-minus-projection:comparison:fixed:q6-i4-qrc:comparison:projection:i4,held,reservoir-minus-projection,comparison:fixed:q6-i4-qrc,comparison:projection:i4,42,official,-0.02473498233215543,-0.022558689261845455,-0.012885818461646048,-0.02362198715085828
shd,official,reservoir-minus-projection:comparison:fixed:q6-i4-qrc:comparison:projection:i4,held,reservoir-minus-projection,comparison:fixed:q6-i4-qrc,comparison:projection:i4,44,official,0.0225265017667845,0.023023929115185804,0.01681876222607981,0.023623322185578166
shd,official,reservoir-minus-projection:comparison:fixed:q6-i4-qrc:comparison:projection:i4,held,reservoir-minus-projection,comparison:fixed:q6-i4-qrc,comparison:projection:i4,46,official,0.03136042402826855,0.03353634384201043,0.021711265244872324,0.031607509651117915
shd,confirmation,tuned-minus-fixed:comparison:tuned:q6-i4-crc:comparison:fixed:q6-i4-crc,held,tuned-minus-fixed,comparison:tuned:q6-i4-crc,comparison:fixed:q6-i4-crc,42,confirmation,0.02698237885462551,0.040589440221936335,0.03831709573580366,0.028591410446930587
shd,confirmation,tuned-minus-fixed:comparison:tuned:q6-i4-crc:comparison:fixed:q6-i4-crc,held,tuned-minus-fixed,comparison:tuned:q6-i4-crc,comparison:fixed:q6-i4-crc,44,confirmation,0.04019823788546262,0.0668919450397335,0.07200176843780137,0.04168991292520163
shd,confirmation,tuned-minus-fixed:comparison:tuned:q6-i4-crc:comparison:fixed:q6-i4-crc,held,tuned-minus-fixed,comparison:tuned:q6-i4-crc,comparison:fixed:q6-i4-crc,46,confirmation,0.0011013215859030367,0.002088285332701223,-0.009440456268818953,0.0014530171023756644
shd,development,tuned-minus-fixed:comparison:tuned:q6-i4-crc:comparison:fixed:q6-i4-crc,held,tuned-minus-fixed,comparison:tuned:q6-i4-crc,comparison:fixed:q6-i4-crc,42,0,0.12802768166089962,0.13063789588653885,0.15813249758744535,0.1274169632855321
shd,development,tuned-minus-fixed:comparison:tuned:q6-i4-crc:comparison:fixed:q6-i4-crc,held,tuned-minus-fixed,comparison:tuned:q6-i4-crc,comparison:fixed:q6-i4-crc,42,1,0.07558139534883718,0.0972896752095685,0.12964584707632004,0.07768583717356864
shd,development,tuned-minus-fixed:comparison:tuned:q6-i4-crc:comparison:fixed:q6-i4-crc,held,tuned-minus-fixed,comparison:tuned:q6-i4-crc,comparison:fixed:q6-i4-crc,42,2,0.016906700062617408,0.03859339989853461,0.05414875439802014,0.01702098186231593
shd,development,tuned-minus-fixed:comparison:tuned:q6-i4-crc:comparison:fixed:q6-i4-crc,held,tuned-minus-fixed,comparison:tuned:q6-i4-crc,comparison:fixed:q6-i4-crc,42,3,-0.013307984790874583,-0.0023323597906950155,0.016880109756543082,-0.013650578173356687
shd,development,tuned-minus-fixed:comparison:tuned:q6-i4-crc:comparison:fixed:q6-i4-crc,held,tuned-minus-fixed,comparison:tuned:q6-i4-crc,comparison:fixed:q6-i4-crc,44,0,0.14394463667820068,0.12969509009495694,0.13444729540805261,0.143445459443385
shd,development,tuned-minus-fixed:comparison:tuned:q6-i4-crc:comparison:fixed:q6-i4-crc,held,tuned-minus-fixed,comparison:tuned:q6-i4-crc,comparison:fixed:q6-i4-crc,44,1,0.0773255813953489,0.11139207811283203,0.1088674391281681,0.08171376204917419
shd,development,tuned-minus-fixed:comparison:tuned:q6-i4-crc:comparison:fixed:q6-i4-crc,held,tuned-minus-fixed,comparison:tuned:q6-i4-crc,comparison:fixed:q6-i4-crc,44,2,0.1014402003757045,0.11846033943213019,0.10040312066038837,0.1012455359810931
shd,development,tuned-minus-fixed:comparison:tuned:q6-i4-crc:comparison:fixed:q6-i4-crc,held,tuned-minus-fixed,comparison:tuned:q6-i4-crc,comparison:fixed:q6-i4-crc,44,3,0.1299112801013942,0.13991852761170015,0.13967794088527163,0.13158029088754208
shd,development,tuned-minus-fixed:comparison:tuned:q6-i4-crc:comparison:fixed:q6-i4-crc,held,tuned-minus-fixed,comparison:tuned:q6-i4-crc,comparison:fixed:q6-i4-crc,46,0,0.02006920415224911,0.02483694957514293,0.015477848752011636,0.02498847671323312
shd,development,tuned-minus-fixed:comparison:tuned:q6-i4-crc:comparison:fixed:q6-i4-crc,held,tuned-minus-fixed,comparison:tuned:q6-i4-crc,comparison:fixed:q6-i4-crc,46,1,0.02034883720930236,0.030400067125421204,0.003634528446213481,0.017614361186280403
shd,development,tuned-minus-fixed:comparison:tuned:q6-i4-crc:comparison:fixed:q6-i4-crc,held,tuned-minus-fixed,comparison:tuned:q6-i4-crc,comparison:fixed:q6-i4-crc,46,2,0.020037570444583597,0.04405833870820264,0.04818166020529846,0.01941075967568695
shd,development,tuned-minus-fixed:comparison:tuned:q6-i4-crc:comparison:fixed:q6-i4-crc,held,tuned-minus-fixed,comparison:tuned:q6-i4-crc,comparison:fixed:q6-i4-crc,46,3,0.03168567807351086,0.03830609318055722,0.0560755236935766,0.032441803893873855
shd,official,tuned-minus-fixed:comparison:tuned:q6-i4-crc:comparison:fixed:q6-i4-crc,held,tuned-minus-fixed,comparison:tuned:q6-i4-crc,comparison:fixed:q6-i4-crc,42,official,0.10379858657243812,0.1087097601285073,0.10125432100206788,0.10218828734895535
shd,official,tuned-minus-fixed:comparison:tuned:q6-i4-crc:comparison:fixed:q6-i4-crc,held,tuned-minus-fixed,comparison:tuned:q6-i4-crc,comparison:fixed:q6-i4-crc,44,official,0.107773851590106,0.11317197703097281,0.11174841099267119,0.10852840354824422
shd,official,tuned-minus-fixed:comparison:tuned:q6-i4-crc:comparison:fixed:q6-i4-crc,held,tuned-minus-fixed,comparison:tuned:q6-i4-crc,comparison:fixed:q6-i4-crc,46,official,0.055653710247349775,0.0631293431191966,0.050952630494744966,0.05512938263943479
shd,confirmation,natural-minus-fixed12:comparison:fixed:q6-i4-crc:comparison:fixed12:q6-i4-crc,held,natural-minus-fixed12,comparison:fixed:q6-i4-crc,comparison:fixed12:q6-i4-crc,42,confirmation,0.01541850220264318,0.017582580971362893,0.017149109589267297,0.015180969102691733
shd,confirmation,natural-minus-fixed12:comparison:fixed:q6-i4-crc:comparison:fixed12:q6-i4-crc,held,natural-minus-fixed12,comparison:fixed:q6-i4-crc,comparison:fixed12:q6-i4-crc,44,confirmation,-0.0066079295154185536,-0.017432172169583704,-0.02142694951664903,-0.0056533294796197175
shd,confirmation,natural-minus-fixed12:comparison:fixed:q6-i4-crc:comparison:fixed12:q6-i4-crc,held,natural-minus-fixed12,comparison:fixed:q6-i4-crc,comparison:fixed12:q6-i4-crc,46,confirmation,0.028634361233480177,0.03831062075647751,0.04484263198196736,0.02910167852533052
shd,development,natural-minus-fixed12:comparison:fixed:q6-i4-crc:comparison:fixed12:q6-i4-crc,held,natural-minus-fixed12,comparison:fixed:q6-i4-crc,comparison:fixed12:q6-i4-crc,42,0,-0.009688581314878875,0.0018424313685522775,0.040738410706240735,-0.01365284419815993
shd,development,natural-minus-fixed12:comparison:fixed:q6-i4-crc:comparison:fixed12:q6-i4-crc,held,natural-minus-fixed12,comparison:fixed:q6-i4-crc,comparison:fixed12:q6-i4-crc,42,1,-0.015697674418604646,-0.012224867608230716,0.015050097745741564,-0.016417328149864352
shd,development,natural-minus-fixed12:comparison:fixed:q6-i4-crc:comparison:fixed12:q6-i4-crc,held,natural-minus-fixed12,comparison:fixed:q6-i4-crc,comparison:fixed12:q6-i4-crc,42,2,0.02254226675015658,0.023276724705688534,0.045286734914804616,0.021886880226210437
shd,development,natural-minus-fixed12:comparison:fixed:q6-i4-crc:comparison:fixed12:q6-i4-crc,held,natural-minus-fixed12,comparison:fixed:q6-i4-crc,comparison:fixed12:q6-i4-crc,42,3,0.06020278833967052,0.05080038585222546,-0.01210305339469453,0.0594298048319889
shd,development,natural-minus-fixed12:comparison:fixed:q6-i4-crc:comparison:fixed12:q6-i4-crc,held,natural-minus-fixed12,comparison:fixed:q6-i4-crc,comparison:fixed12:q6-i4-crc,44,0,-0.13217993079584778,-0.12239547657616989,-0.10634337537627042,-0.13615433964665685
shd,development,natural-minus-fixed12:comparison:fixed:q6-i4-crc:comparison:fixed12:q6-i4-crc,held,natural-minus-fixed12,comparison:fixed:q6-i4-crc,comparison:fixed12:q6-i4-crc,44,1,0.002906976744185996,-0.0031033998241777883,0.021845541621269116,0.008500253818804038
shd,development,natural-minus-fixed12:comparison:fixed:q6-i4-crc:comparison:fixed12:q6-i4-crc,held,natural-minus-fixed12,comparison:fixed:q6-i4-crc,comparison:fixed12:q6-i4-crc,44,2,-0.03819661865998747,-0.0385720850196406,-0.06198836570673061,-0.040279125150840644
shd,development,natural-minus-fixed12:comparison:fixed:q6-i4-crc:comparison:fixed12:q6-i4-crc,held,natural-minus-fixed12,comparison:fixed:q6-i4-crc,comparison:fixed12:q6-i4-crc,44,3,-0.07794676806083645,-0.08190101704436131,-0.08168250327617288,-0.08009967756038061
shd,development,natural-minus-fixed12:comparison:fixed:q6-i4-crc:comparison:fixed12:q6-i4-crc,held,natural-minus-fixed12,comparison:fixed:q6-i4-crc,comparison:fixed12:q6-i4-crc,46,0,-0.03114186851211076,-0.026940519528180773,0.002170075931983262,-0.039846807929147854
shd,development,natural-minus-fixed12:comparison:fixed:q6-i4-crc:comparison:fixed12:q6-i4-crc,held,natural-minus-fixed12,comparison:fixed:q6-i4-crc,comparison:fixed12:q6-i4-crc,46,1,0.005813953488372103,0.020415963854327313,0.09150790551633292,0.013555680829541894
shd,development,natural-minus-fixed12:comparison:fixed:q6-i4-crc:comparison:fixed12:q6-i4-crc,held,natural-minus-fixed12,comparison:fixed:q6-i4-crc,comparison:fixed12:q6-i4-crc,46,2,-0.02316844082654973,-0.036650275338383165,-0.012014558678095089,-0.022211851193427612
shd,development,natural-minus-fixed12:comparison:fixed:q6-i4-crc:comparison:fixed12:q6-i4-crc,held,natural-minus-fixed12,comparison:fixed:q6-i4-crc,comparison:fixed12:q6-i4-crc,46,3,-0.0076045627376426506,-0.007993168569483733,-0.021450671598542526,-0.008400494122547397
shd,official,natural-minus-fixed12:comparison:fixed:q6-i4-crc:comparison:fixed12:q6-i4-crc,held,natural-minus-fixed12,comparison:fixed:q6-i4-crc,comparison:fixed12:q6-i4-crc,42,official,0.0026501766784452485,0.012171158136043192,0.003948348361682119,0.0037673001381988147
shd,official,natural-minus-fixed12:comparison:fixed:q6-i4-crc:comparison:fixed12:q6-i4-crc,held,natural-minus-fixed12,comparison:fixed:q6-i4-crc,comparison:fixed12:q6-i4-crc,44,official,-0.01148409893992941,-0.0031665070847174404,-0.01110564122815716,-0.01370130617349763
shd,official,natural-minus-fixed12:comparison:fixed:q6-i4-crc:comparison:fixed12:q6-i4-crc,held,natural-minus-fixed12,comparison:fixed:q6-i4-crc,comparison:fixed12:q6-i4-crc,46,official,0.023851590106007126,0.022479400114044923,0.014303615200422337,0.02337904396934931
shd,confirmation,reservoir-minus-projection:comparison:fixed:q6-i4-crc:comparison:projection:i4,held,reservoir-minus-projection,comparison:fixed:q6-i4-crc,comparison:projection:i4,42,confirmation,0.02808370044052866,0.03762397036123,0.021750855211278064,0.030621905952851414
shd,confirmation,reservoir-minus-projection:comparison:fixed:q6-i4-crc:comparison:projection:i4,held,reservoir-minus-projection,comparison:fixed:q6-i4-crc,comparison:projection:i4,44,confirmation,0.0066079295154184425,0.005936472806429616,-0.0295996465330427,0.009698113166726752
shd,confirmation,reservoir-minus-projection:comparison:fixed:q6-i4-crc:comparison:projection:i4,held,reservoir-minus-projection,comparison:fixed:q6-i4-crc,comparison:projection:i4,46,confirmation,0.06222466960352424,0.08094983945227652,0.040162911288269654,0.06629214288900309
shd,development,reservoir-minus-projection:comparison:fixed:q6-i4-crc:comparison:projection:i4,held,reservoir-minus-projection,comparison:fixed:q6-i4-crc,comparison:projection:i4,42,0,-0.08235294117647052,-0.07585913798532223,-0.032859536867936356,-0.08921515984756134
shd,development,reservoir-minus-projection:comparison:fixed:q6-i4-crc:comparison:projection:i4,held,reservoir-minus-projection,comparison:fixed:q6-i4-crc,comparison:projection:i4,42,1,-0.02848837209302324,-0.03077108904502479,-0.07446576895751938,-0.03302527355384954
shd,development,reservoir-minus-projection:comparison:fixed:q6-i4-crc:comparison:projection:i4,held,reservoir-minus-projection,comparison:fixed:q6-i4-crc,comparison:projection:i4,42,2,0.061991233562930514,0.04315094366000233,0.029584942104669,0.06398138885574972
shd,development,reservoir-minus-projection:comparison:fixed:q6-i4-crc:comparison:projection:i4,held,reservoir-minus-projection,comparison:fixed:q6-i4-crc,comparison:projection:i4,42,3,0.06907477820025354,0.06187574001615659,0.06867405034801188,0.06842194132849877
shd,development,reservoir-minus-projection:comparison:fixed:q6-i4-crc:comparison:projection:i4,held,reservoir-minus-projection,comparison:fixed:q6-i4-crc,comparison:projection:i4,44,0,-0.11349480968858128,-0.09918708668085258,-0.0560822870247602,-0.12125176820628342
shd,development,reservoir-minus-projection:comparison:fixed:q6-i4-crc:comparison:projection:i4,held,reservoir-minus-projection,comparison:fixed:q6-i4-crc,comparison:projection:i4,44,1,-0.02674418604651163,-0.03618876436127222,-0.05487361203926677,-0.03163823550676931
shd,development,reservoir-minus-projection:comparison:fixed:q6-i4-crc:comparison:projection:i4,held,reservoir-minus-projection,comparison:fixed:q6-i4-crc,comparison:projection:i4,44,2,-0.03318722604884161,-0.04127113591716641,-0.010132169184886797,-0.032588156287704784
shd,development,reservoir-minus-projection:comparison:fixed:q6-i4-crc:comparison:projection:i4,held,reservoir-minus-projection,comparison:fixed:q6-i4-crc,comparison:projection:i4,44,3,-0.06717363751584282,-0.07319147082898197,-0.03920692563234651,-0.06934195099825136
shd,development,reservoir-minus-projection:comparison:fixed:q6-i4-crc:comparison:projection:i4,held,reservoir-minus-projection,comparison:fixed:q6-i4-crc,comparison:projection:i4,46,0,0.00899653979238757,0.015817008843419467,0.06715497399104031,-0.0019764240431996427
shd,development,reservoir-minus-projection:comparison:fixed:q6-i4-crc:comparison:projection:i4,held,reservoir-minus-projection,comparison:fixed:q6-i4-crc,comparison:projection:i4,46,1,0.028488372093023295,0.041940087990965325,0.02647876969762153,0.032667552168321734
shd,development,reservoir-minus-projection:comparison:fixed:q6-i4-crc:comparison:projection:i4,held,reservoir-minus-projection,comparison:fixed:q6-i4-crc,comparison:projection:i4,46,2,0.025673137132122714,0.011875348527934981,0.008687798110506018,0.02894396048753617
shd,development,reservoir-minus-projection:comparison:fixed:q6-i4-crc:comparison:projection:i4,held,reservoir-minus-projection,comparison:fixed:q6-i4-crc,comparison:projection:i4,46,3,0.025348542458808576,0.03160416902713925,0.06361048811962922,0.024000921848239543
shd,official,reservoir-minus-projection:comparison:fixed:q6-i4-crc:comparison:projection:i4,held,reservoir-minus-projection,comparison:fixed:q6-i4-crc,comparison:projection:i4,42,official,-0.01810954063604231,-0.01604162562248157,-0.022539733943618967,-0.01595465548564956
shd,official,reservoir-minus-projection:comparison:fixed:q6-i4-crc:comparison:projection:i4,held,reservoir-minus-projection,comparison:fixed:q6-i4-crc,comparison:projection:i4,44,official,-0.028710247349823304,-0.025304231694354362,-0.03443799661952729,-0.027821776276194865
shd,official,reservoir-minus-projection:comparison:fixed:q6-i4-crc:comparison:projection:i4,held,reservoir-minus-projection,comparison:fixed:q6-i4-crc,comparison:projection:i4,46,official,0.04328621908127217,0.04293293798618403,0.036731630029159246,0.04464024475471717
shd,confirmation,QRC-minus-CRC:comparison:fixed:q8-i2-qrc:comparison:fixed:q8-i2-crc,held,QRC-minus-CRC,comparison:fixed:q8-i2-qrc,comparison:fixed:q8-i2-crc,42,confirmation,0.020374449339207068,0.0077115416296286154,-0.01894754334131077,0.018764914536997135
shd,confirmation,QRC-minus-CRC:comparison:fixed:q8-i2-qrc:comparison:fixed:q8-i2-crc,held,QRC-minus-CRC,comparison:fixed:q8-i2-qrc,comparison:fixed:q8-i2-crc,44,confirmation,0.0556167400881058,0.061415468038138854,0.06139927606207696,0.05547522224090462
shd,confirmation,QRC-minus-CRC:comparison:fixed:q8-i2-qrc:comparison:fixed:q8-i2-crc,held,QRC-minus-CRC,comparison:fixed:q8-i2-qrc,comparison:fixed:q8-i2-crc,46,confirmation,-0.02973568281938327,-0.040473692415660345,-0.05293581247073087,-0.031171786149058134
shd,development,QRC-minus-CRC:comparison:fixed:q8-i2-qrc:comparison:fixed:q8-i2-crc,held,QRC-minus-CRC,comparison:fixed:q8-i2-qrc,comparison:fixed:q8-i2-crc,42,0,0.03391003460207609,0.03397708993198184,0.05532787672265843,0.03312724329068367
shd,development,QRC-minus-CRC:comparison:fixed:q8-i2-qrc:comparison:fixed:q8-i2-crc,held,QRC-minus-CRC,comparison:fixed:q8-i2-qrc,comparison:fixed:q8-i2-crc,42,1,-0.07209302325581396,-0.04140236844299866,0.06460725489022728,-0.0606977850819565
shd,development,QRC-minus-CRC:comparison:fixed:q8-i2-qrc:comparison:fixed:q8-i2-crc,held,QRC-minus-CRC,comparison:fixed:q8-i2-qrc,comparison:fixed:q8-i2-crc,42,2,-0.004383218534752653,-0.01558671489327379,-0.025990736183161278,-0.004507157794397976
shd,development,QRC-minus-CRC:comparison:fixed:q8-i2-qrc:comparison:fixed:q8-i2-crc,held,QRC-minus-CRC,comparison:fixed:q8-i2-qrc,comparison:fixed:q8-i2-crc,42,3,-0.02408111533586821,-0.029893110706147086,-0.004560539900799743,-0.025133713831543725
shd,development,QRC-minus-CRC:comparison:fixed:q8-i2-qrc:comparison:fixed:q8-i2-crc,held,QRC-minus-CRC,comparison:fixed:q8-i2-qrc,comparison:fixed:q8-i2-crc,44,0,0.12179930795847749,0.12173348955754432,0.08516197269899128,0.12108703090839051
shd,development,QRC-minus-CRC:comparison:fixed:q8-i2-qrc:comparison:fixed:q8-i2-crc,held,QRC-minus-CRC,comparison:fixed:q8-i2-qrc,comparison:fixed:q8-i2-crc,44,1,0.037209302325581395,0.03142861197202462,0.1182183019845317,0.03615842070739145
shd,development,QRC-minus-CRC:comparison:fixed:q8-i2-qrc:comparison:fixed:q8-i2-crc,held,QRC-minus-CRC,comparison:fixed:q8-i2-qrc,comparison:fixed:q8-i2-crc,44,2,0.04383218534752664,0.03569992517620019,0.03449818790885023,0.047766816214672436
shd,development,QRC-minus-CRC:comparison:fixed:q8-i2-qrc:comparison:fixed:q8-i2-crc,held,QRC-minus-CRC,comparison:fixed:q8-i2-qrc,comparison:fixed:q8-i2-crc,44,3,-0.004435994930291565,-0.018341401646477906,-0.041099759832433524,-0.005887819346829026
shd,development,QRC-minus-CRC:comparison:fixed:q8-i2-qrc:comparison:fixed:q8-i2-crc,held,QRC-minus-CRC,comparison:fixed:q8-i2-qrc,comparison:fixed:q8-i2-crc,46,0,-0.09134948096885814,-0.08640867861058532,-0.039760264255491395,-0.0935906169726608
shd,development,QRC-minus-CRC:comparison:fixed:q8-i2-qrc:comparison:fixed:q8-i2-crc,held,QRC-minus-CRC,comparison:fixed:q8-i2-qrc,comparison:fixed:q8-i2-crc,46,1,-0.052325581395348875,-0.04283695886571981,0.028538051484606086,-0.045279517255970514
shd,development,QRC-minus-CRC:comparison:fixed:q8-i2-qrc:comparison:fixed:q8-i2-crc,held,QRC-minus-CRC,comparison:fixed:q8-i2-qrc,comparison:fixed:q8-i2-crc,46,2,-0.076393237319975,-0.0762815000200055,-0.002906216266251538,-0.07965394070494991
shd,development,QRC-minus-CRC:comparison:fixed:q8-i2-qrc:comparison:fixed:q8-i2-crc,held,QRC-minus-CRC,comparison:fixed:q8-i2-qrc,comparison:fixed:q8-i2-crc,46,3,-0.03738910012674268,-0.04414029813877074,-0.03090252451471487,-0.03859206506463664
shd,official,QRC-minus-CRC:comparison:fixed:q8-i2-qrc:comparison:fixed:q8-i2-crc,held,QRC-minus-CRC,comparison:fixed:q8-i2-qrc,comparison:fixed:q8-i2-crc,42,official,0.007067137809187329,0.012642599077186123,0.01359882962836978,0.007149862765553294
shd,official,QRC-minus-CRC:comparison:fixed:q8-i2-qrc:comparison:fixed:q8-i2-crc,held,QRC-minus-CRC,comparison:fixed:q8-i2-qrc,comparison:fixed:q8-i2-crc,44,official,0.05830388692579502,0.050124386838558244,0.05763911058797899,0.05873927108594945
shd,official,QRC-minus-CRC:comparison:fixed:q8-i2-qrc:comparison:fixed:q8-i2-crc,held,QRC-minus-CRC,comparison:fixed:q8-i2-qrc,comparison:fixed:q8-i2-crc,46,official,-0.06713780918727907,-0.07104929143495253,-0.0529705576379107,-0.06743590732094473
shd,confirmation,QRC-minus-CRC:comparison:fixed12:q8-i2-qrc:comparison:fixed12:q8-i2-crc,held,QRC-minus-CRC,comparison:fixed12:q8-i2-qrc,comparison:fixed12:q8-i2-crc,42,confirmation,0.025881057268722474,0.028038878595590955,-0.01003990573634539,0.024196581579965404
shd,confirmation,QRC-minus-CRC:comparison:fixed12:q8-i2-qrc:comparison:fixed12:q8-i2-crc,held,QRC-minus-CRC,comparison:fixed12:q8-i2-qrc,comparison:fixed12:q8-i2-crc,44,confirmation,0.0848017621145375,0.09220883977485023,0.06288229106027621,0.08486137675345728
shd,confirmation,QRC-minus-CRC:comparison:fixed12:q8-i2-qrc:comparison:fixed12:q8-i2-crc,held,QRC-minus-CRC,comparison:fixed12:q8-i2-qrc,comparison:fixed12:q8-i2-crc,46,confirmation,-0.039096916299559525,-0.05028863702636199,-0.08604767400151614,-0.04173808128678402
shd,development,QRC-minus-CRC:comparison:fixed12:q8-i2-qrc:comparison:fixed12:q8-i2-crc,held,QRC-minus-CRC,comparison:fixed12:q8-i2-qrc,comparison:fixed12:q8-i2-crc,42,0,0.004152249134948105,-0.004323719319172914,0.07029052878983832,0.003605981752948184
shd,development,QRC-minus-CRC:comparison:fixed12:q8-i2-qrc:comparison:fixed12:q8-i2-crc,held,QRC-minus-CRC,comparison:fixed12:q8-i2-qrc,comparison:fixed12:q8-i2-crc,42,1,0.041279069767441834,0.04444849186309974,0.14048554793560908,0.04530673387318718
shd,development,QRC-minus-CRC:comparison:fixed12:q8-i2-qrc:comparison:fixed12:q8-i2-crc,held,QRC-minus-CRC,comparison:fixed12:q8-i2-qrc,comparison:fixed12:q8-i2-crc,42,2,-0.02128991859737006,-0.02424270776855364,-0.006961206012941534,-0.023466507392777114
shd,development,QRC-minus-CRC:comparison:fixed12:q8-i2-qrc:comparison:fixed12:q8-i2-crc,held,QRC-minus-CRC,comparison:fixed12:q8-i2-qrc,comparison:fixed12:q8-i2-crc,42,3,0.004435994930291454,0.0037889074858303284,-0.008190542781159271,0.0031167547499070247
shd,development,QRC-minus-CRC:comparison:fixed12:q8-i2-qrc:comparison:fixed12:q8-i2-crc,held,QRC-minus-CRC,comparison:fixed12:q8-i2-qrc,comparison:fixed12:q8-i2-crc,44,0,0.09619377162629761,0.0993347000611291,0.06199410845973946,0.0941938713451762
shd,development,QRC-minus-CRC:comparison:fixed12:q8-i2-qrc:comparison:fixed12:q8-i2-crc,held,QRC-minus-CRC,comparison:fixed12:q8-i2-qrc,comparison:fixed12:q8-i2-crc,44,1,0.04767441860465116,0.06395669230527096,0.06471902513049343,0.05849216030972271
shd,development,QRC-minus-CRC:comparison:fixed12:q8-i2-qrc:comparison:fixed12:q8-i2-crc,held,QRC-minus-CRC,comparison:fixed12:q8-i2-qrc,comparison:fixed12:q8-i2-crc,44,2,0.007514088916718842,0.01993213622578427,0.018214524555747458,0.01117136346467984
shd,development,QRC-minus-CRC:comparison:fixed12:q8-i2-qrc:comparison:fixed12:q8-i2-crc,held,QRC-minus-CRC,comparison:fixed12:q8-i2-qrc,comparison:fixed12:q8-i2-crc,44,3,0.013307984790874472,0.01188562824856143,-0.008085962146041847,0.012485449342931831
shd,development,QRC-minus-CRC:comparison:fixed12:q8-i2-qrc:comparison:fixed12:q8-i2-crc,held,QRC-minus-CRC,comparison:fixed12:q8-i2-qrc,comparison:fixed12:q8-i2-crc,46,0,-0.08512110726643601,-0.07215311972298422,-0.049251752240547675,-0.08905252692549603
shd,development,QRC-minus-CRC:comparison:fixed12:q8-i2-qrc:comparison:fixed12:q8-i2-crc,held,QRC-minus-CRC,comparison:fixed12:q8-i2-qrc,comparison:fixed12:q8-i2-crc,46,1,-0.08488372093023255,-0.05945549262111388,-0.015657711035563404,-0.060032812394152424
shd,development,QRC-minus-CRC:comparison:fixed12:q8-i2-qrc:comparison:fixed12:q8-i2-crc,held,QRC-minus-CRC,comparison:fixed12:q8-i2-qrc,comparison:fixed12:q8-i2-crc,46,2,-0.08015028177833433,-0.07235971660462298,-0.01814578831660335,-0.08142542019976806
shd,development,QRC-minus-CRC:comparison:fixed12:q8-i2-qrc:comparison:fixed12:q8-i2-crc,held,QRC-minus-CRC,comparison:fixed12:q8-i2-qrc,comparison:fixed12:q8-i2-crc,46,3,-0.05956907477820028,-0.05744531668139269,-0.05682063275374494,-0.061593753097745174
shd,official,QRC-minus-CRC:comparison:fixed12:q8-i2-qrc:comparison:fixed12:q8-i2-crc,held,QRC-minus-CRC,comparison:fixed12:q8-i2-qrc,comparison:fixed12:q8-i2-crc,42,official,0.028268551236749095,0.030644167491331253,0.006329201347626268,0.028944123704795488
shd,official,QRC-minus-CRC:comparison:fixed12:q8-i2-qrc:comparison:fixed12:q8-i2-crc,held,QRC-minus-CRC,comparison:fixed12:q8-i2-qrc,comparison:fixed12:q8-i2-crc,44,official,0.06448763250883394,0.060649253785108215,0.07458530332675417,0.06321505516790271
shd,official,QRC-minus-CRC:comparison:fixed12:q8-i2-qrc:comparison:fixed12:q8-i2-crc,held,QRC-minus-CRC,comparison:fixed12:q8-i2-qrc,comparison:fixed12:q8-i2-crc,46,official,-0.02959363957597183,-0.03631694715062228,-0.02047719265207082,-0.03182221120406992
shd,confirmation,QRC-minus-CRC:comparison:tuned:q8-i2-qrc:comparison:tuned:q8-i2-crc,held,QRC-minus-CRC,comparison:tuned:q8-i2-qrc,comparison:tuned:q8-i2-crc,42,confirmation,-0.05947136563876654,-0.07570122896405918,-0.05351328114900278,-0.060699211276534326
shd,confirmation,QRC-minus-CRC:comparison:tuned:q8-i2-qrc:comparison:tuned:q8-i2-crc,held,QRC-minus-CRC,comparison:tuned:q8-i2-qrc,comparison:tuned:q8-i2-crc,44,confirmation,-0.013766519823788514,-0.02609163582695795,-0.0167132694408596,-0.015686409284089375
shd,confirmation,QRC-minus-CRC:comparison:tuned:q8-i2-qrc:comparison:tuned:q8-i2-crc,held,QRC-minus-CRC,comparison:tuned:q8-i2-qrc,comparison:tuned:q8-i2-crc,46,confirmation,-0.05176211453744495,-0.07678372299558422,-0.06311338361083474,-0.053361601728025176
shd,development,QRC-minus-CRC:comparison:tuned:q8-i2-qrc:comparison:tuned:q8-i2-crc,held,QRC-minus-CRC,comparison:tuned:q8-i2-qrc,comparison:tuned:q8-i2-crc,42,0,0.048442906574394484,0.043977301886382936,0.004168183842198747,0.049999775013358116
shd,development,QRC-minus-CRC:comparison:tuned:q8-i2-qrc:comparison:tuned:q8-i2-crc,held,QRC-minus-CRC,comparison:tuned:q8-i2-qrc,comparison:tuned:q8-i2-crc,42,1,-0.0331395348837209,-0.04072560718682239,0.0024091087318299786,-0.03259652589630879
shd,development,QRC-minus-CRC:comparison:tuned:q8-i2-qrc:comparison:tuned:q8-i2-crc,held,QRC-minus-CRC,comparison:tuned:q8-i2-qrc,comparison:tuned:q8-i2-crc,42,2,-0.01440200375704448,-0.016360687853057998,-0.004542086149537217,-0.01487612775604874
shd,development,QRC-minus-CRC:comparison:tuned:q8-i2-qrc:comparison:tuned:q8-i2-crc,held,QRC-minus-CRC,comparison:tuned:q8-i2-qrc,comparison:tuned:q8-i2-crc,42,3,0.013307984790874472,0.01787226357981686,0.026989949559693804,0.014187760706731223
shd,development,QRC-minus-CRC:comparison:tuned:q8-i2-qrc:comparison:tuned:q8-i2-crc,held,QRC-minus-CRC,comparison:tuned:q8-i2-qrc,comparison:tuned:q8-i2-crc,44,0,0.05813148788927336,0.05470183639108733,0.03310438207051569,0.060951870488306026
shd,development,QRC-minus-CRC:comparison:tuned:q8-i2-qrc:comparison:tuned:q8-i2-crc,held,QRC-minus-CRC,comparison:tuned:q8-i2-qrc,comparison:tuned:q8-i2-crc,44,1,-0.03837209302325584,-0.04249403221209758,-0.010172875551640814,-0.03699564115365861
shd,development,QRC-minus-CRC:comparison:tuned:q8-i2-qrc:comparison:tuned:q8-i2-crc,held,QRC-minus-CRC,comparison:tuned:q8-i2-qrc,comparison:tuned:q8-i2-crc,44,2,-0.01440200375704448,-0.015622372784026672,-0.016702040788626804,-0.014808130146472087
shd,development,QRC-minus-CRC:comparison:tuned:q8-i2-qrc:comparison:tuned:q8-i2-crc,held,QRC-minus-CRC,comparison:tuned:q8-i2-qrc,comparison:tuned:q8-i2-crc,44,3,0.00823827629911289,0.010581541529810279,0.00947353435791165,0.009614745277030434
shd,development,QRC-minus-CRC:comparison:tuned:q8-i2-qrc:comparison:tuned:q8-i2-crc,held,QRC-minus-CRC,comparison:tuned:q8-i2-qrc,comparison:tuned:q8-i2-crc,46,0,-0.10242214532871974,-0.09980164212799941,-0.025436461828447554,-0.10693825185655226
shd,development,QRC-minus-CRC:comparison:tuned:q8-i2-qrc:comparison:tuned:q8-i2-crc,held,QRC-minus-CRC,comparison:tuned:q8-i2-qrc,comparison:tuned:q8-i2-crc,46,1,-0.05232558139534882,-0.06705225780874208,-0.02378070349682504,-0.05058404824024432
shd,development,QRC-minus-CRC:comparison:tuned:q8-i2-qrc:comparison:tuned:q8-i2-crc,held,QRC-minus-CRC,comparison:tuned:q8-i2-qrc,comparison:tuned:q8-i2-crc,46,2,-0.07388854101440206,-0.09578275875515951,-0.13422997735894537,-0.07365987289164877
shd,development,QRC-minus-CRC:comparison:tuned:q8-i2-qrc:comparison:tuned:q8-i2-crc,held,QRC-minus-CRC,comparison:tuned:q8-i2-qrc,comparison:tuned:q8-i2-crc,46,3,-0.06970849176172378,-0.0653710139465753,-0.0233954781669945,-0.07197818586706084
shd,official,QRC-minus-CRC:comparison:tuned:q8-i2-qrc:comparison:tuned:q8-i2-crc,held,QRC-minus-CRC,comparison:tuned:q8-i2-qrc,comparison:tuned:q8-i2-crc,42,official,-0.057862190812720815,-0.058444716358979076,-0.049056914539342356,-0.0565153772424245
shd,official,QRC-minus-CRC:comparison:tuned:q8-i2-qrc:comparison:tuned:q8-i2-crc,held,QRC-minus-CRC,comparison:tuned:q8-i2-qrc,comparison:tuned:q8-i2-crc,44,official,-0.03577738515901063,-0.03432330034310116,-0.03371250522025848,-0.034937944283482736
shd,official,QRC-minus-CRC:comparison:tuned:q8-i2-qrc:comparison:tuned:q8-i2-crc,held,QRC-minus-CRC,comparison:tuned:q8-i2-qrc,comparison:tuned:q8-i2-crc,46,official,-0.08259717314487625,-0.0814588895298266,-0.0704363216505075,-0.07946216621336077
shd,confirmation,tuned-minus-fixed:comparison:tuned:q8-i2-qrc:comparison:fixed:q8-i2-qrc,held,tuned-minus-fixed,comparison:tuned:q8-i2-qrc,comparison:fixed:q8-i2-qrc,42,confirmation,-0.004405286343612369,0.00953093541288419,0.03496282372672843,-0.0028384872054375565
shd,confirmation,tuned-minus-fixed:comparison:tuned:q8-i2-qrc:comparison:fixed:q8-i2-qrc,held,tuned-minus-fixed,comparison:tuned:q8-i2-qrc,comparison:fixed:q8-i2-qrc,44,confirmation,0.010462555066079293,0.0244074114508408,0.024124567631984117,0.010613481872922548
shd,confirmation,tuned-minus-fixed:comparison:tuned:q8-i2-qrc:comparison:fixed:q8-i2-qrc,held,tuned-minus-fixed,comparison:tuned:q8-i2-qrc,comparison:fixed:q8-i2-qrc,46,confirmation,0.058920704845814964,0.05503005645832704,0.05460987945865814,0.05982189577033026
shd,development,tuned-minus-fixed:comparison:tuned:q8-i2-qrc:comparison:fixed:q8-i2-qrc,held,tuned-minus-fixed,comparison:tuned:q8-i2-qrc,comparison:fixed:q8-i2-qrc,42,0,0.09688581314878897,0.10075409932204349,0.02679377737652,0.10166608926890419
shd,development,tuned-minus-fixed:comparison:tuned:q8-i2-qrc:comparison:fixed:q8-i2-qrc,held,tuned-minus-fixed,comparison:tuned:q8-i2-qrc,comparison:fixed:q8-i2-qrc,42,1,0.11162790697674418,0.10107556331248241,0.06983537718902394,0.10785772035810487
shd,development,tuned-minus-fixed:comparison:tuned:q8-i2-qrc:comparison:fixed:q8-i2-qrc,held,tuned-minus-fixed,comparison:tuned:q8-i2-qrc,comparison:fixed:q8-i2-qrc,42,2,0.058234189104571066,0.0758682415911997,0.08722659093966512,0.05968831536290037
shd,development,tuned-minus-fixed:comparison:tuned:q8-i2-qrc:comparison:fixed:q8-i2-qrc,held,tuned-minus-fixed,comparison:tuned:q8-i2-qrc,comparison:fixed:q8-i2-qrc,42,3,0.0754119138149556,0.08674029876626621,0.07252181261199131,0.07734925361697886
shd,development,tuned-minus-fixed:comparison:tuned:q8-i2-qrc:comparison:fixed:q8-i2-qrc,held,tuned-minus-fixed,comparison:tuned:q8-i2-qrc,comparison:fixed:q8-i2-qrc,44,0,0.08304498269896199,0.0892697332544663,0.07159809217417162,0.09155758102650025
shd,development,tuned-minus-fixed:comparison:tuned:q8-i2-qrc:comparison:fixed:q8-i2-qrc,held,tuned-minus-fixed,comparison:tuned:q8-i2-qrc,comparison:fixed:q8-i2-qrc,44,1,0.08953488372093021,0.09138993292302461,0.0813969904187477,0.08878111024877111
shd,development,tuned-minus-fixed:comparison:tuned:q8-i2-qrc:comparison:fixed:q8-i2-qrc,held,tuned-minus-fixed,comparison:tuned:q8-i2-qrc,comparison:fixed:q8-i2-qrc,44,2,0.04070131496556045,0.06719239461493354,0.11913652608009295,0.04093046139265888
shd,development,tuned-minus-fixed:comparison:tuned:q8-i2-qrc:comparison:fixed:q8-i2-qrc,held,tuned-minus-fixed,comparison:tuned:q8-i2-qrc,comparison:fixed:q8-i2-qrc,44,3,0.08111533586818764,0.09000200210993414,0.06775682456756404,0.08371361260155341
shd,development,tuned-minus-fixed:comparison:tuned:q8-i2-qrc:comparison:fixed:q8-i2-qrc,held,tuned-minus-fixed,comparison:tuned:q8-i2-qrc,comparison:fixed:q8-i2-qrc,46,0,0.10103806228373702,0.10538981460716135,0.11038901270467594,0.10163226308794326
shd,development,tuned-minus-fixed:comparison:tuned:q8-i2-qrc:comparison:fixed:q8-i2-qrc,held,tuned-minus-fixed,comparison:tuned:q8-i2-qrc,comparison:fixed:q8-i2-qrc,46,1,0.06686046511627908,0.0654300361379927,0.05853656381154193,0.060601521312279694
shd,development,tuned-minus-fixed:comparison:tuned:q8-i2-qrc:comparison:fixed:q8-i2-qrc,held,tuned-minus-fixed,comparison:tuned:q8-i2-qrc,comparison:fixed:q8-i2-qrc,46,2,0.04320601127113338,0.052877627290696394,0.01241467680729591,0.046403227263820845
shd,development,tuned-minus-fixed:comparison:tuned:q8-i2-qrc:comparison:fixed:q8-i2-qrc,held,tuned-minus-fixed,comparison:tuned:q8-i2-qrc,comparison:fixed:q8-i2-qrc,46,3,0.048795944233206545,0.05903041990282687,0.06455768360586078,0.0493755836802825
shd,official,tuned-minus-fixed:comparison:tuned:q8-i2-qrc:comparison:fixed:q8-i2-qrc,held,tuned-minus-fixed,comparison:tuned:q8-i2-qrc,comparison:fixed:q8-i2-qrc,42,official,0.039752650176678395,0.0390052129198446,0.04414900961211743,0.04017062334480015
shd,official,tuned-minus-fixed:comparison:tuned:q8-i2-qrc:comparison:fixed:q8-i2-qrc,held,tuned-minus-fixed,comparison:tuned:q8-i2-qrc,comparison:fixed:q8-i2-qrc,44,official,0.03886925795052998,0.045219978130953464,0.04587754240948183,0.037841508786772726
shd,official,tuned-minus-fixed:comparison:tuned:q8-i2-qrc:comparison:fixed:q8-i2-qrc,held,tuned-minus-fixed,comparison:tuned:q8-i2-qrc,comparison:fixed:q8-i2-qrc,46,official,0.03577738515901063,0.03814492945021675,0.03328188824496936,0.03704333747108879
shd,confirmation,natural-minus-fixed12:comparison:fixed:q8-i2-qrc:comparison:fixed12:q8-i2-qrc,held,natural-minus-fixed12,comparison:fixed:q8-i2-qrc,comparison:fixed12:q8-i2-qrc,42,confirmation,0.008810572687224627,0.012363463211934822,0.0326958619248493,0.008735101231910791
shd,confirmation,natural-minus-fixed12:comparison:fixed:q8-i2-qrc:comparison:fixed12:q8-i2-qrc,held,natural-minus-fixed12,comparison:fixed:q8-i2-qrc,comparison:fixed12:q8-i2-qrc,44,confirmation,0.0,-7.202837708153442e-05,0.006259396276615425,-8.711973049191357e-05
shd,confirmation,natural-minus-fixed12:comparison:fixed:q8-i2-qrc:comparison:fixed12:q8-i2-qrc,held,natural-minus-fixed12,comparison:fixed:q8-i2-qrc,comparison:fixed12:q8-i2-qrc,46,confirmation,0.007158590308370072,0.010105781075204323,0.04589798621396457,0.007332034179264535
shd,development,natural-minus-fixed12:comparison:fixed:q8-i2-qrc:comparison:fixed12:q8-i2-qrc,held,natural-minus-fixed12,comparison:fixed:q8-i2-qrc,comparison:fixed12:q8-i2-qrc,42,0,0.002768166089965385,0.01173885490327059,-0.01844336024952231,0.00013585033217966558
shd,development,natural-minus-fixed12:comparison:fixed:q8-i2-qrc:comparison:fixed12:q8-i2-qrc,held,natural-minus-fixed12,comparison:fixed:q8-i2-qrc,comparison:fixed12:q8-i2-qrc,42,1,-0.04941860465116277,-0.03918485311836789,-0.02513938659155429,-0.05315817633570569
shd,development,natural-minus-fixed12:comparison:fixed:q8-i2-qrc:comparison:fixed12:q8-i2-qrc,held,natural-minus-fixed12,comparison:fixed:q8-i2-qrc,comparison:fixed12:q8-i2-qrc,42,2,0.013149655604258015,0.016200918579117485,0.02964928228818492,0.01712721318939875
shd,development,natural-minus-fixed12:comparison:fixed:q8-i2-qrc:comparison:fixed12:q8-i2-qrc,held,natural-minus-fixed12,comparison:fixed:q8-i2-qrc,comparison:fixed12:q8-i2-qrc,42,3,0.006970849176172411,0.012597758434014839,0.00864145753736445,0.007656305567838806
shd,development,natural-minus-fixed12:comparison:fixed:q8-i2-qrc:comparison:fixed12:q8-i2-qrc,held,natural-minus-fixed12,comparison:fixed:q8-i2-qrc,comparison:fixed12:q8-i2-qrc,44,0,0.036678200692041474,0.03942641357078053,0.02502774070279229,0.03594290405391498
shd,development,natural-minus-fixed12:comparison:fixed:q8-i2-qrc:comparison:fixed12:q8-i2-qrc,held,natural-minus-fixed12,comparison:fixed:q8-i2-qrc,comparison:fixed12:q8-i2-qrc,44,1,0.007558139534883768,0.0010478425328990237,0.021417484693836086,0.003829683147198948
shd,development,natural-minus-fixed12:comparison:fixed:q8-i2-qrc:comparison:fixed12:q8-i2-qrc,held,natural-minus-fixed12,comparison:fixed:q8-i2-qrc,comparison:fixed12:q8-i2-qrc,44,2,0.006887914840325637,0.008120583199437537,0.007586651158277058,0.008463665609488746
shd,development,natural-minus-fixed12:comparison:fixed:q8-i2-qrc:comparison:fixed12:q8-i2-qrc,held,natural-minus-fixed12,comparison:fixed:q8-i2-qrc,comparison:fixed12:q8-i2-qrc,44,3,-0.020912547528517123,-0.022766358328637604,-0.04008923570927203,-0.02146000879935439
shd,development,natural-minus-fixed12:comparison:fixed:q8-i2-qrc:comparison:fixed12:q8-i2-qrc,held,natural-minus-fixed12,comparison:fixed:q8-i2-qrc,comparison:fixed12:q8-i2-qrc,46,0,-0.00553633217993077,0.0005356243598123589,0.011779059709039919,-0.007976521946687076
shd,development,natural-minus-fixed12:comparison:fixed:q8-i2-qrc:comparison:fixed12:q8-i2-qrc,held,natural-minus-fixed12,comparison:fixed:q8-i2-qrc,comparison:fixed12:q8-i2-qrc,46,1,0.022674418604651136,0.011389029909977366,0.04497320776883007,0.017574128891785445
shd,development,natural-minus-fixed12:comparison:fixed:q8-i2-qrc:comparison:fixed12:q8-i2-qrc,held,natural-minus-fixed12,comparison:fixed:q8-i2-qrc,comparison:fixed12:q8-i2-qrc,46,2,0.04007514088916714,0.03358596581124218,0.026413327056120706,0.04150411607867066
shd,development,natural-minus-fixed12:comparison:fixed:q8-i2-qrc:comparison:fixed12:q8-i2-qrc,held,natural-minus-fixed12,comparison:fixed:q8-i2-qrc,comparison:fixed12:q8-i2-qrc,46,3,0.0012674271229404788,-0.005053563506112357,-0.015243848321563558,0.001075891312471211
shd,official,natural-minus-fixed12:comparison:fixed:q8-i2-qrc:comparison:fixed12:q8-i2-qrc,held,natural-minus-fixed12,comparison:fixed:q8-i2-qrc,comparison:fixed12:q8-i2-qrc,42,official,0.0225265017667845,0.030720776507583314,0.027051044710883043,0.02133211859524453
shd,official,natural-minus-fixed12:comparison:fixed:q8-i2-qrc:comparison:fixed12:q8-i2-qrc,held,natural-minus-fixed12,comparison:fixed:q8-i2-qrc,comparison:fixed12:q8-i2-qrc,44,official,0.030477031802120136,0.03642231228777559,0.028657174248863826,0.030755316257315868
shd,official,natural-minus-fixed12:comparison:fixed:q8-i2-qrc:comparison:fixed12:q8-i2-qrc,held,natural-minus-fixed12,comparison:fixed:q8-i2-qrc,comparison:fixed12:q8-i2-qrc,46,official,0.04107773851590113,0.05112614487158784,0.031200165185501505,0.04126155453856373
shd,confirmation,reservoir-minus-projection:comparison:fixed:q8-i2-qrc:comparison:projection:i2,held,reservoir-minus-projection,comparison:fixed:q8-i2-qrc,comparison:projection:i2,42,confirmation,0.03524229074889862,0.041383876193600566,0.029210233807406616,0.03705794929542361
shd,confirmation,reservoir-minus-projection:comparison:fixed:q8-i2-qrc:comparison:projection:i2,held,reservoir-minus-projection,comparison:fixed:q8-i2-qrc,comparison:projection:i2,44,confirmation,0.05781938325991187,0.06832491071637853,0.07024863560145733,0.06036217982867953
shd,confirmation,reservoir-minus-projection:comparison:fixed:q8-i2-qrc:comparison:projection:i2,held,reservoir-minus-projection,comparison:fixed:q8-i2-qrc,comparison:projection:i2,46,confirmation,-0.015969162995594754,-0.0036957680037252305,-0.0033535359025351763,-0.01373982698324594
shd,development,reservoir-minus-projection:comparison:fixed:q8-i2-qrc:comparison:projection:i2,held,reservoir-minus-projection,comparison:fixed:q8-i2-qrc,comparison:projection:i2,42,0,-0.00830449826989621,0.0028416021665453872,0.08054294209095575,-0.023035044471998
shd,development,reservoir-minus-projection:comparison:fixed:q8-i2-qrc:comparison:projection:i2,held,reservoir-minus-projection,comparison:fixed:q8-i2-qrc,comparison:projection:i2,42,1,-0.02790697674418602,-0.021540243029906647,0.0739988532414404,-0.037677468370108325
shd,development,reservoir-minus-projection:comparison:fixed:q8-i2-qrc:comparison:projection:i2,held,reservoir-minus-projection,comparison:fixed:q8-i2-qrc,comparison:projection:i2,42,2,0.02254226675015658,0.003124525990014726,0.04895865471505079,0.022240315712550085
shd,development,reservoir-minus-projection:comparison:fixed:q8-i2-qrc:comparison:projection:i2,held,reservoir-minus-projection,comparison:fixed:q8-i2-qrc,comparison:projection:i2,42,3,0.008238276299112779,0.004894772963271565,-0.03429215139711406,0.006017233756223983
shd,development,reservoir-minus-projection:comparison:fixed:q8-i2-qrc:comparison:projection:i2,held,reservoir-minus-projection,comparison:fixed:q8-i2-qrc,comparison:projection:i2,44,0,0.02006920415224911,0.030638807166200543,0.06449867925782615,0.003935810911203874
shd,development,reservoir-minus-projection:comparison:fixed:q8-i2-qrc:comparison:projection:i2,held,reservoir-minus-projection,comparison:fixed:q8-i2-qrc,comparison:projection:i2,44,1,-0.009302325581395321,-0.017658498366466602,0.04948905225549366,-0.02147966512462407
shd,development,reservoir-minus-projection:comparison:fixed:q8-i2-qrc:comparison:projection:i2,held,reservoir-minus-projection,comparison:fixed:q8-i2-qrc,comparison:projection:i2,44,2,0.04195366311834692,0.01593832956212826,0.03142694790958622,0.04369898859444865
shd,development,reservoir-minus-projection:comparison:fixed:q8-i2-qrc:comparison:projection:i2,held,reservoir-minus-projection,comparison:fixed:q8-i2-qrc,comparison:projection:i2,44,3,0.005069708491761693,0.004148126190940626,-0.048921379119350905,0.0028808920269137728
shd,development,reservoir-minus-projection:comparison:fixed:q8-i2-qrc:comparison:projection:i2,held,reservoir-minus-projection,comparison:fixed:q8-i2-qrc,comparison:projection:i2,46,0,-0.1370242214532872,-0.12247427677555323,-0.02375652608983292,-0.15380090611332176
shd,development,reservoir-minus-projection:comparison:fixed:q8-i2-qrc:comparison:projection:i2,held,reservoir-minus-projection,comparison:fixed:q8-i2-qrc,comparison:projection:i2,46,1,-0.0244186046511628,-0.030253607881608413,0.041634491159897535,-0.027061101296705248
shd,development,reservoir-minus-projection:comparison:fixed:q8-i2-qrc:comparison:projection:i2,held,reservoir-minus-projection,comparison:fixed:q8-i2-qrc,comparison:projection:i2,46,2,-0.03256105197244835,-0.0492251650674998,0.029933554841718113,-0.03522594813714863
shd,development,reservoir-minus-projection:comparison:fixed:q8-i2-qrc:comparison:projection:i2,held,reservoir-minus-projection,comparison:fixed:q8-i2-qrc,comparison:projection:i2,46,3,-0.03231939163498099,-0.036434819652810035,-0.06920926112509429,-0.03550900678889091
shd,official,reservoir-minus-projection:comparison:fixed:q8-i2-qrc:comparison:projection:i2,held,reservoir-minus-projection,comparison:fixed:q8-i2-qrc,comparison:projection:i2,42,official,0.046819787985865724,0.05900965006138548,0.028103877543543154,0.04724825578938119
shd,official,reservoir-minus-projection:comparison:fixed:q8-i2-qrc:comparison:projection:i2,held,reservoir-minus-projection,comparison:fixed:q8-i2-qrc,comparison:projection:i2,44,official,0.07508833922261482,0.08217936585952468,0.0482064140461409,0.07620917968497376
shd,official,reservoir-minus-projection:comparison:fixed:q8-i2-qrc:comparison:projection:i2,held,reservoir-minus-projection,comparison:fixed:q8-i2-qrc,comparison:projection:i2,46,official,0.02959363957597172,0.03800840960693397,0.015117559271993097,0.030377905518539028
shd,confirmation,tuned-minus-fixed:comparison:tuned:q8-i2-crc:comparison:fixed:q8-i2-crc,held,tuned-minus-fixed,comparison:tuned:q8-i2-crc,comparison:fixed:q8-i2-crc,42,confirmation,0.07544052863436124,0.09294370600657198,0.06952856153442044,0.0766256386080939
shd,confirmation,tuned-minus-fixed:comparison:tuned:q8-i2-crc:comparison:fixed:q8-i2-crc,held,tuned-minus-fixed,comparison:tuned:q8-i2-crc,comparison:fixed:q8-i2-crc,44,confirmation,0.0798458149779736,0.1119145153159376,0.10223711313492068,0.08177511339791654
shd,confirmation,tuned-minus-fixed:comparison:tuned:q8-i2-crc:comparison:fixed:q8-i2-crc,held,tuned-minus-fixed,comparison:tuned:q8-i2-crc,comparison:fixed:q8-i2-crc,46,confirmation,0.08094713656387664,0.09134008703825092,0.06478745059876201,0.0820117113492973
shd,development,tuned-minus-fixed:comparison:tuned:q8-i2-crc:comparison:fixed:q8-i2-crc,held,tuned-minus-fixed,comparison:tuned:q8-i2-crc,comparison:fixed:q8-i2-crc,42,0,0.08235294117647057,0.0907538873676424,0.07795347025697968,0.08479355754622975
shd,development,tuned-minus-fixed:comparison:tuned:q8-i2-crc:comparison:fixed:q8-i2-crc,held,tuned-minus-fixed,comparison:tuned:q8-i2-crc,comparison:fixed:q8-i2-crc,42,1,0.07267441860465113,0.10039880205630614,0.13203352334742124,0.07975646117245716
shd,development,tuned-minus-fixed:comparison:tuned:q8-i2-crc:comparison:fixed:q8-i2-crc,held,tuned-minus-fixed,comparison:tuned:q8-i2-crc,comparison:fixed:q8-i2-crc,42,2,0.06825297432686289,0.07664221455098391,0.06577794090604105,0.07005728532455113
shd,development,tuned-minus-fixed:comparison:tuned:q8-i2-crc:comparison:fixed:q8-i2-crc,held,tuned-minus-fixed,comparison:tuned:q8-i2-crc,comparison:fixed:q8-i2-crc,42,3,0.03802281368821292,0.038974924480302264,0.04097132315149776,0.038027779078703916
shd,development,tuned-minus-fixed:comparison:tuned:q8-i2-crc:comparison:fixed:q8-i2-crc,held,tuned-minus-fixed,comparison:tuned:q8-i2-crc,comparison:fixed:q8-i2-crc,44,0,0.14671280276816612,0.15630138642092328,0.12365568280264722,0.15169274144658473
shd,development,tuned-minus-fixed:comparison:tuned:q8-i2-crc:comparison:fixed:q8-i2-crc,held,tuned-minus-fixed,comparison:tuned:q8-i2-crc,comparison:fixed:q8-i2-crc,44,1,0.16511627906976745,0.1653125771071468,0.20978816795492022,0.16193517210982117
shd,development,tuned-minus-fixed:comparison:tuned:q8-i2-crc:comparison:fixed:q8-i2-crc,held,tuned-minus-fixed,comparison:tuned:q8-i2-crc,comparison:fixed:q8-i2-crc,44,2,0.09893550407013157,0.1185146925751604,0.17033675477757,0.1035054077538034
shd,development,tuned-minus-fixed:comparison:tuned:q8-i2-crc:comparison:fixed:q8-i2-crc,held,tuned-minus-fixed,comparison:tuned:q8-i2-crc,comparison:fixed:q8-i2-crc,44,3,0.06844106463878319,0.06107905893364596,0.01718353037721887,0.06821104797769395
shd,development,tuned-minus-fixed:comparison:tuned:q8-i2-crc:comparison:fixed:q8-i2-crc,held,tuned-minus-fixed,comparison:tuned:q8-i2-crc,comparison:fixed:q8-i2-crc,46,0,0.11211072664359861,0.11878277812457544,0.0960652102776321,0.11497989797183472
shd,development,tuned-minus-fixed:comparison:tuned:q8-i2-crc:comparison:fixed:q8-i2-crc,held,tuned-minus-fixed,comparison:tuned:q8-i2-crc,comparison:fixed:q8-i2-crc,46,1,0.06686046511627902,0.08964533508101497,0.11085531879297306,0.0659060522965535
shd,development,tuned-minus-fixed:comparison:tuned:q8-i2-crc:comparison:fixed:q8-i2-crc,held,tuned-minus-fixed,comparison:tuned:q8-i2-crc,comparison:fixed:q8-i2-crc,46,2,0.04070131496556045,0.07237888602585041,0.14373843789998975,0.040409159450519705
shd,development,tuned-minus-fixed:comparison:tuned:q8-i2-crc:comparison:fixed:q8-i2-crc,held,tuned-minus-fixed,comparison:tuned:q8-i2-crc,comparison:fixed:q8-i2-crc,46,3,0.08111533586818764,0.08026113571063143,0.05705063725814041,0.0827617044827067
shd,official,tuned-minus-fixed:comparison:tuned:q8-i2-crc:comparison:fixed:q8-i2-crc,held,tuned-minus-fixed,comparison:tuned:q8-i2-crc,comparison:fixed:q8-i2-crc,42,official,0.10468197879858654,0.1100925283560098,0.10680475377982956,0.10383586335277795
shd,official,tuned-minus-fixed:comparison:tuned:q8-i2-crc:comparison:fixed:q8-i2-crc,held,tuned-minus-fixed,comparison:tuned:q8-i2-crc,comparison:fixed:q8-i2-crc,44,official,0.13295053003533563,0.12966766531261287,0.1372291582177193,0.1315187241562049
shd,official,tuned-minus-fixed:comparison:tuned:q8-i2-crc:comparison:fixed:q8-i2-crc,held,tuned-minus-fixed,comparison:tuned:q8-i2-crc,comparison:fixed:q8-i2-crc,46,official,0.051236749116607805,0.04855452754509082,0.05074765225756617,0.04906959636350483
shd,confirmation,natural-minus-fixed12:comparison:fixed:q8-i2-crc:comparison:fixed12:q8-i2-crc,held,natural-minus-fixed12,comparison:fixed:q8-i2-crc,comparison:fixed12:q8-i2-crc,42,confirmation,0.014317180616740033,0.03269080017789716,0.04160349952981468,0.01416676827487906
shd,confirmation,natural-minus-fixed12:comparison:fixed:q8-i2-crc:comparison:fixed12:q8-i2-crc,held,natural-minus-fixed12,comparison:fixed:q8-i2-crc,comparison:fixed12:q8-i2-crc,44,confirmation,0.029185022026431695,0.030721343359629838,0.007742411274814676,0.02929903478206075
shd,confirmation,natural-minus-fixed12:comparison:fixed:q8-i2-crc:comparison:fixed12:q8-i2-crc,held,natural-minus-fixed12,comparison:fixed:q8-i2-crc,comparison:fixed12:q8-i2-crc,46,confirmation,-0.0022026431718061845,0.0002908364645026751,0.0127861246831793,-0.0032342609584613546
shd,development,natural-minus-fixed12:comparison:fixed:q8-i2-crc:comparison:fixed12:q8-i2-crc,held,natural-minus-fixed12,comparison:fixed:q8-i2-crc,comparison:fixed12:q8-i2-crc,42,0,-0.0269896193771626,-0.026561954347884165,-0.003480708182342418,-0.029385411205555823
shd,development,natural-minus-fixed12:comparison:fixed:q8-i2-crc:comparison:fixed12:q8-i2-crc,held,natural-minus-fixed12,comparison:fixed:q8-i2-crc,comparison:fixed12:q8-i2-crc,42,1,0.06395348837209303,0.04666600718773051,0.050738906453827504,0.05284634261943799
shd,development,natural-minus-fixed12:comparison:fixed:q8-i2-crc:comparison:fixed12:q8-i2-crc,held,natural-minus-fixed12,comparison:fixed:q8-i2-crc,comparison:fixed12:q8-i2-crc,42,2,-0.003757044458359393,0.007544925703837635,0.04867881245840466,-0.0018321364089803893
shd,development,natural-minus-fixed12:comparison:fixed:q8-i2-crc:comparison:fixed12:q8-i2-crc,held,natural-minus-fixed12,comparison:fixed:q8-i2-crc,comparison:fixed12:q8-i2-crc,42,3,0.03548795944233207,0.04627977662599225,0.005011454657004921,0.035906774149289555
shd,development,natural-minus-fixed12:comparison:fixed:q8-i2-crc:comparison:fixed12:q8-i2-crc,held,natural-minus-fixed12,comparison:fixed:q8-i2-crc,comparison:fixed12:q8-i2-crc,44,0,0.011072664359861595,0.01702762407436531,0.0018598764635404663,0.009049744490700673
shd,development,natural-minus-fixed12:comparison:fixed:q8-i2-crc:comparison:fixed12:q8-i2-crc,held,natural-minus-fixed12,comparison:fixed:q8-i2-crc,comparison:fixed12:q8-i2-crc,44,1,0.01802325581395353,0.03357592286614536,-0.03208179216020218,0.026163422749530207
shd,development,natural-minus-fixed12:comparison:fixed:q8-i2-crc:comparison:fixed12:q8-i2-crc,held,natural-minus-fixed12,comparison:fixed:q8-i2-crc,comparison:fixed12:q8-i2-crc,44,2,-0.029430181590482163,-0.007647205750978381,-0.008697012194825715,-0.02813178714050385
shd,development,natural-minus-fixed12:comparison:fixed:q8-i2-crc:comparison:fixed12:q8-i2-crc,held,natural-minus-fixed12,comparison:fixed:q8-i2-crc,comparison:fixed12:q8-i2-crc,44,3,-0.003168567807351086,0.007460671566401733,-0.007075438022880354,-0.003086740109593533
shd,development,natural-minus-fixed12:comparison:fixed:q8-i2-crc:comparison:fixed12:q8-i2-crc,held,natural-minus-fixed12,comparison:fixed:q8-i2-crc,comparison:fixed12:q8-i2-crc,46,0,0.0006920415224913601,0.014791183247413464,0.002287571723983639,-0.0034384318995223095
shd,development,natural-minus-fixed12:comparison:fixed:q8-i2-crc:comparison:fixed12:q8-i2-crc,held,natural-minus-fixed12,comparison:fixed:q8-i2-crc,comparison:fixed12:q8-i2-crc,46,1,-0.009883720930232542,-0.005229503845416705,0.0007774452486605798,0.0028208337536035355
shd,development,natural-minus-fixed12:comparison:fixed:q8-i2-crc:comparison:fixed12:q8-i2-crc,held,natural-minus-fixed12,comparison:fixed:q8-i2-crc,comparison:fixed12:q8-i2-crc,46,2,0.0363180964308078,0.0375077492266247,0.011173755005768893,0.03973263658385251
shd,development,natural-minus-fixed12:comparison:fixed:q8-i2-crc:comparison:fixed12:q8-i2-crc,held,natural-minus-fixed12,comparison:fixed:q8-i2-crc,comparison:fixed12:q8-i2-crc,46,3,-0.020912547528517123,-0.018358582048734307,-0.04116195656059363,-0.021925796720637325
shd,official,natural-minus-fixed12:comparison:fixed:q8-i2-crc:comparison:fixed12:q8-i2-crc,held,natural-minus-fixed12,comparison:fixed:q8-i2-crc,comparison:fixed12:q8-i2-crc,42,official,0.04372791519434627,0.048722344921728444,0.01978141643013953,0.043126379534486725
shd,official,natural-minus-fixed12:comparison:fixed:q8-i2-crc:comparison:fixed12:q8-i2-crc,held,natural-minus-fixed12,comparison:fixed:q8-i2-crc,comparison:fixed12:q8-i2-crc,44,official,0.03666077738515905,0.046947179234325565,0.045603366987639005,0.03523110033926913
shd,official,natural-minus-fixed12:comparison:fixed:q8-i2-crc:comparison:fixed12:q8-i2-crc,held,natural-minus-fixed12,comparison:fixed:q8-i2-crc,comparison:fixed12:q8-i2-crc,46,official,0.07862190812720837,0.0858584891559181,0.06369353017134138,0.07687525065543854
shd,confirmation,reservoir-minus-projection:comparison:fixed:q8-i2-crc:comparison:projection:i2,held,reservoir-minus-projection,comparison:fixed:q8-i2-crc,comparison:projection:i2,42,confirmation,0.014867841409691551,0.03367233456397195,0.048157777148717384,0.018293034758426474
shd,confirmation,reservoir-minus-projection:comparison:fixed:q8-i2-crc:comparison:projection:i2,held,reservoir-minus-projection,comparison:fixed:q8-i2-crc,comparison:projection:i2,44,confirmation,0.0022026431718060735,0.0069094426782396745,0.008849359539380375,0.004886957587774909
shd,confirmation,reservoir-minus-projection:comparison:fixed:q8-i2-crc:comparison:projection:i2,held,reservoir-minus-projection,comparison:fixed:q8-i2-crc,comparison:projection:i2,46,confirmation,0.013766519823788514,0.036777924411935115,0.04958227656819569,0.017431959165812194
shd,development,reservoir-minus-projection:comparison:fixed:q8-i2-crc:comparison:projection:i2,held,reservoir-minus-projection,comparison:fixed:q8-i2-crc,comparison:projection:i2,42,0,-0.0422145328719723,-0.031135487765436454,0.025215065368297318,-0.05616228776268167
shd,development,reservoir-minus-projection:comparison:fixed:q8-i2-crc:comparison:projection:i2,held,reservoir-minus-projection,comparison:fixed:q8-i2-crc,comparison:projection:i2,42,1,0.04418604651162794,0.019862125413092013,0.009391598351213115,0.023020316711848177
shd,development,reservoir-minus-projection:comparison:fixed:q8-i2-crc:comparison:projection:i2,held,reservoir-minus-projection,comparison:fixed:q8-i2-crc,comparison:projection:i2,42,2,0.026925485284909234,0.018711240883288516,0.07494939089821206,0.02674747350694806
shd,development,reservoir-minus-projection:comparison:fixed:q8-i2-crc:comparison:projection:i2,held,reservoir-minus-projection,comparison:fixed:q8-i2-crc,comparison:projection:i2,42,3,0.03231939163498099,0.03478788366941865,-0.029731611496314314,0.031150947587767708
shd,development,reservoir-minus-projection:comparison:fixed:q8-i2-crc:comparison:projection:i2,held,reservoir-minus-projection,comparison:fixed:q8-i2-crc,comparison:projection:i2,44,0,-0.10173010380622838,-0.09109468239134377,-0.02066329344116513,-0.11715121999718664
shd,development,reservoir-minus-projection:comparison:fixed:q8-i2-crc:comparison:projection:i2,held,reservoir-minus-projection,comparison:fixed:q8-i2-crc,comparison:projection:i2,44,1,-0.046511627906976716,-0.049087110338491224,-0.06872924972903804,-0.05763808583201552
shd,development,reservoir-minus-projection:comparison:fixed:q8-i2-crc:comparison:projection:i2,held,reservoir-minus-projection,comparison:fixed:q8-i2-crc,comparison:projection:i2,44,2,-0.0018785222291797243,-0.019761595614071925,-0.0030712399992640083,-0.004067827620223785
shd,development,reservoir-minus-projection:comparison:fixed:q8-i2-crc:comparison:projection:i2,held,reservoir-minus-projection,comparison:fixed:q8-i2-crc,comparison:projection:i2,44,3,0.009505703422053258,0.022489527837418533,-0.00782161928691738,0.008768711373742799
shd,development,reservoir-minus-projection:comparison:fixed:q8-i2-crc:comparison:projection:i2,held,reservoir-minus-projection,comparison:fixed:q8-i2-crc,comparison:projection:i2,46,0,-0.045674740484429044,-0.036065598164967905,0.016003738165658477,-0.060210289140660955
shd,development,reservoir-minus-projection:comparison:fixed:q8-i2-crc:comparison:projection:i2,held,reservoir-minus-projection,comparison:fixed:q8-i2-crc,comparison:projection:i2,46,1,0.027906976744186074,0.012583350984111397,0.01309643967529145,0.018218415959265266
shd,development,reservoir-minus-projection:comparison:fixed:q8-i2-crc:comparison:projection:i2,held,reservoir-minus-projection,comparison:fixed:q8-i2-crc,comparison:projection:i2,46,2,0.04383218534752664,0.0270563349525057,0.03283977110796965,0.04442799256780128
shd,development,reservoir-minus-projection:comparison:fixed:q8-i2-crc:comparison:projection:i2,held,reservoir-minus-projection,comparison:fixed:q8-i2-crc,comparison:projection:i2,46,3,0.005069708491761693,0.007705478485960704,-0.03830673661037942,0.0030830582757457314
shd,official,reservoir-minus-projection:comparison:fixed:q8-i2-crc:comparison:projection:i2,held,reservoir-minus-projection,comparison:fixed:q8-i2-crc,comparison:projection:i2,42,official,0.039752650176678395,0.046367050984199354,0.014505047915173375,0.040098393023827894
shd,official,reservoir-minus-projection:comparison:fixed:q8-i2-crc:comparison:projection:i2,held,reservoir-minus-projection,comparison:fixed:q8-i2-crc,comparison:projection:i2,44,official,0.016784452296819796,0.032054979020966434,-0.009432696541838093,0.01746990859902431
shd,official,reservoir-minus-projection:comparison:fixed:q8-i2-crc:comparison:projection:i2,held,reservoir-minus-projection,comparison:fixed:q8-i2-crc,comparison:projection:i2,46,official,0.0967314487632508,0.1090577010418865,0.0680881169099038,0.09781381283948376
shd,confirmation,QRC-minus-CRC:comparison:fixed:q8-i4-qrc:comparison:fixed:q8-i4-crc,held,QRC-minus-CRC,comparison:fixed:q8-i4-qrc,comparison:fixed:q8-i4-crc,42,confirmation,-0.025330396475770955,-0.03576430467631736,-0.01701992750914516,-0.028904318195880352
shd,confirmation,QRC-minus-CRC:comparison:fixed:q8-i4-qrc:comparison:fixed:q8-i4-crc,held,QRC-minus-CRC,comparison:fixed:q8-i4-qrc,comparison:fixed:q8-i4-crc,44,confirmation,0.011013215859030812,-0.0032667542018213203,-0.07289105336946189,0.009752363012426102
shd,confirmation,QRC-minus-CRC:comparison:fixed:q8-i4-qrc:comparison:fixed:q8-i4-crc,held,QRC-minus-CRC,comparison:fixed:q8-i4-qrc,comparison:fixed:q8-i4-crc,46,confirmation,0.011013215859030923,0.0016672245053248602,-0.039058380772425516,0.010072285529819425
shd,development,QRC-minus-CRC:comparison:fixed:q8-i4-qrc:comparison:fixed:q8-i4-crc,held,QRC-minus-CRC,comparison:fixed:q8-i4-qrc,comparison:fixed:q8-i4-crc,42,0,0.0726643598615917,0.08028250630267997,0.047990053757483386,0.07374622928827712
shd,development,QRC-minus-CRC:comparison:fixed:q8-i4-qrc:comparison:fixed:q8-i4-crc,held,QRC-minus-CRC,comparison:fixed:q8-i4-qrc,comparison:fixed:q8-i4-crc,42,1,0.07499999999999996,0.08365006562910327,0.15461327925967483,0.08304766006931352
shd,development,QRC-minus-CRC:comparison:fixed:q8-i4-qrc:comparison:fixed:q8-i4-crc,held,QRC-minus-CRC,comparison:fixed:q8-i4-qrc,comparison:fixed:q8-i4-crc,42,2,-0.021916092673763266,-0.04040679646541534,-0.03622462120517511,-0.022075358519289823
shd,development,QRC-minus-CRC:comparison:fixed:q8-i4-qrc:comparison:fixed:q8-i4-crc,held,QRC-minus-CRC,comparison:fixed:q8-i4-qrc,comparison:fixed:q8-i4-crc,42,3,-0.025982256020278927,-0.028750598609774247,-0.035101784270552105,-0.02674084818026068
shd,development,QRC-minus-CRC:comparison:fixed:q8-i4-qrc:comparison:fixed:q8-i4-crc,held,QRC-minus-CRC,comparison:fixed:q8-i4-qrc,comparison:fixed:q8-i4-crc,44,0,0.0650519031141869,0.07510454330978195,0.09071009676212938,0.06690138630379222
shd,development,QRC-minus-CRC:comparison:fixed:q8-i4-qrc:comparison:fixed:q8-i4-crc,held,QRC-minus-CRC,comparison:fixed:q8-i4-qrc,comparison:fixed:q8-i4-crc,44,1,0.048255813953488325,0.02696387463635369,0.04741082100792332,0.03627107583295153
shd,development,QRC-minus-CRC:comparison:fixed:q8-i4-qrc:comparison:fixed:q8-i4-crc,held,QRC-minus-CRC,comparison:fixed:q8-i4-qrc,comparison:fixed:q8-i4-crc,44,2,-0.09267376330619909,-0.07591874635497997,0.007543725031007753,-0.10349906796121522
shd,development,QRC-minus-CRC:comparison:fixed:q8-i4-qrc:comparison:fixed:q8-i4-crc,held,QRC-minus-CRC,comparison:fixed:q8-i4-qrc,comparison:fixed:q8-i4-crc,44,3,-0.01584283903675543,-0.015305713041298574,-0.036404306555429033,-0.016090791432738505
shd,development,QRC-minus-CRC:comparison:fixed:q8-i4-qrc:comparison:fixed:q8-i4-crc,held,QRC-minus-CRC,comparison:fixed:q8-i4-qrc,comparison:fixed:q8-i4-crc,46,0,0.07681660899653986,0.09094075487000214,0.004648192141787244,0.08357634627734872
shd,development,QRC-minus-CRC:comparison:fixed:q8-i4-qrc:comparison:fixed:q8-i4-crc,held,QRC-minus-CRC,comparison:fixed:q8-i4-qrc,comparison:fixed:q8-i4-crc,46,1,0.030232558139534904,0.04059690292808965,0.03216242727961072,0.03427774092548991
shd,development,QRC-minus-CRC:comparison:fixed:q8-i4-qrc:comparison:fixed:q8-i4-crc,held,QRC-minus-CRC,comparison:fixed:q8-i4-qrc,comparison:fixed:q8-i4-crc,46,2,0.01064495929868503,-0.0007322539836985831,0.030883126114416126,0.0074835745627791495
shd,development,QRC-minus-CRC:comparison:fixed:q8-i4-qrc:comparison:fixed:q8-i4-crc,held,QRC-minus-CRC,comparison:fixed:q8-i4-qrc,comparison:fixed:q8-i4-crc,46,3,-0.013941698352344711,-0.00929456783030258,-0.022228106604211262,-0.014334350829195541
shd,official,QRC-minus-CRC:comparison:fixed:q8-i4-qrc:comparison:fixed:q8-i4-crc,held,QRC-minus-CRC,comparison:fixed:q8-i4-qrc,comparison:fixed:q8-i4-crc,42,official,0.006183745583038802,0.011447666284945313,0.014656157157700966,0.005587628873762407
shd,official,QRC-minus-CRC:comparison:fixed:q8-i4-qrc:comparison:fixed:q8-i4-crc,held,QRC-minus-CRC,comparison:fixed:q8-i4-qrc,comparison:fixed:q8-i4-crc,44,official,-0.009717314487632467,-0.015213566671742673,-0.010843356415308425,-0.010400059461073585
shd,official,QRC-minus-CRC:comparison:fixed:q8-i4-qrc:comparison:fixed:q8-i4-crc,held,QRC-minus-CRC,comparison:fixed:q8-i4-qrc,comparison:fixed:q8-i4-crc,46,official,-0.0035335689045936647,-0.001415135604448614,-0.00814153163539777,-0.0035647172208542743
shd,confirmation,QRC-minus-CRC:comparison:fixed12:q8-i4-qrc:comparison:fixed12:q8-i4-crc,held,QRC-minus-CRC,comparison:fixed12:q8-i4-qrc,comparison:fixed12:q8-i4-crc,42,confirmation,-0.09085903083700442,-0.10287085292464726,-0.11148045810719637,-0.0924641168503692
shd,confirmation,QRC-minus-CRC:comparison:fixed12:q8-i4-qrc:comparison:fixed12:q8-i4-crc,held,QRC-minus-CRC,comparison:fixed12:q8-i4-qrc,comparison:fixed12:q8-i4-crc,44,confirmation,-0.013766519823788514,-0.03230048640146854,-0.036577238823349845,-0.014965880575321444
shd,confirmation,QRC-minus-CRC:comparison:fixed12:q8-i4-qrc:comparison:fixed12:q8-i4-crc,held,QRC-minus-CRC,comparison:fixed12:q8-i4-qrc,comparison:fixed12:q8-i4-crc,46,confirmation,-0.03083700440528636,-0.03360076907027609,-0.03848036924793108,-0.032301060336784815
shd,development,QRC-minus-CRC:comparison:fixed12:q8-i4-qrc:comparison:fixed12:q8-i4-crc,held,QRC-minus-CRC,comparison:fixed12:q8-i4-qrc,comparison:fixed12:q8-i4-crc,42,0,-0.011764705882352955,0.00048782961506566025,0.012921148882055256,-0.011781854705751382
shd,development,QRC-minus-CRC:comparison:fixed12:q8-i4-qrc:comparison:fixed12:q8-i4-crc,held,QRC-minus-CRC,comparison:fixed12:q8-i4-qrc,comparison:fixed12:q8-i4-crc,42,1,0.0046511627906976605,0.0147637370462812,-0.004852501244989371,0.012441455671404755
shd,development,QRC-minus-CRC:comparison:fixed12:q8-i4-qrc:comparison:fixed12:q8-i4-crc,held,QRC-minus-CRC,comparison:fixed12:q8-i4-qrc,comparison:fixed12:q8-i4-crc,42,2,-0.0688791484032561,-0.05362411071912798,-0.047152223454499875,-0.06895097578788434
shd,development,QRC-minus-CRC:comparison:fixed12:q8-i4-qrc:comparison:fixed12:q8-i4-crc,held,QRC-minus-CRC,comparison:fixed12:q8-i4-qrc,comparison:fixed12:q8-i4-crc,42,3,-0.03041825095057038,-0.030047082228591315,-0.0670844495787356,-0.03301385510029131
shd,development,QRC-minus-CRC:comparison:fixed12:q8-i4-qrc:comparison:fixed12:q8-i4-crc,held,QRC-minus-CRC,comparison:fixed12:q8-i4-qrc,comparison:fixed12:q8-i4-crc,44,0,-0.048442906574394484,-0.04095454593008746,-0.043378852379484245,-0.04583001363079742
shd,development,QRC-minus-CRC:comparison:fixed12:q8-i4-qrc:comparison:fixed12:q8-i4-crc,held,QRC-minus-CRC,comparison:fixed12:q8-i4-qrc,comparison:fixed12:q8-i4-crc,44,1,0.038953488372093004,0.03564152434557666,0.02191595993369716,0.04063698470123339
shd,development,QRC-minus-CRC:comparison:fixed12:q8-i4-qrc:comparison:fixed12:q8-i4-crc,held,QRC-minus-CRC,comparison:fixed12:q8-i4-qrc,comparison:fixed12:q8-i4-crc,44,2,-0.016280525986224148,-0.027900424324014683,-0.09162687644711565,-0.02348686246386783
shd,development,QRC-minus-CRC:comparison:fixed12:q8-i4-qrc:comparison:fixed12:q8-i4-crc,held,QRC-minus-CRC,comparison:fixed12:q8-i4-qrc,comparison:fixed12:q8-i4-crc,44,3,0.006970849176172411,0.0066313005734182084,0.026982940275056322,0.0049348627086908126
shd,development,QRC-minus-CRC:comparison:fixed12:q8-i4-qrc:comparison:fixed12:q8-i4-crc,held,QRC-minus-CRC,comparison:fixed12:q8-i4-qrc,comparison:fixed12:q8-i4-crc,46,0,-0.16262975778546712,-0.16403291161844635,-0.09825597147021914,-0.1636869971395164
shd,development,QRC-minus-CRC:comparison:fixed12:q8-i4-qrc:comparison:fixed12:q8-i4-crc,held,QRC-minus-CRC,comparison:fixed12:q8-i4-qrc,comparison:fixed12:q8-i4-crc,46,1,-0.02151162790697675,-0.015060690985376546,0.06322342178826201,-0.016898025715292864
shd,development,QRC-minus-CRC:comparison:fixed12:q8-i4-qrc:comparison:fixed12:q8-i4-crc,held,QRC-minus-CRC,comparison:fixed12:q8-i4-qrc,comparison:fixed12:q8-i4-crc,46,2,-0.10895428929242323,-0.12570635157116078,-0.11962505523551764,-0.11189624832965356
shd,development,QRC-minus-CRC:comparison:fixed12:q8-i4-qrc:comparison:fixed12:q8-i4-crc,held,QRC-minus-CRC,comparison:fixed12:q8-i4-qrc,comparison:fixed12:q8-i4-crc,46,3,-0.07604562737642584,-0.08008633769564955,-0.08005348483738428,-0.07743281446675443
shd,official,QRC-minus-CRC:comparison:fixed12:q8-i4-qrc:comparison:fixed12:q8-i4-crc,held,QRC-minus-CRC,comparison:fixed12:q8-i4-qrc,comparison:fixed12:q8-i4-crc,42,official,-0.05256183745583043,-0.05039582151953803,-0.03888636176816851,-0.05207941314503506
shd,official,QRC-minus-CRC:comparison:fixed12:q8-i4-qrc:comparison:fixed12:q8-i4-crc,held,QRC-minus-CRC,comparison:fixed12:q8-i4-qrc,comparison:fixed12:q8-i4-crc,44,official,-0.008833922261484162,-0.00529270820759109,-0.012387525580474956,-0.011359489928426836
shd,official,QRC-minus-CRC:comparison:fixed12:q8-i4-qrc:comparison:fixed12:q8-i4-crc,held,QRC-minus-CRC,comparison:fixed12:q8-i4-qrc,comparison:fixed12:q8-i4-crc,46,official,-0.07597173144876324,-0.07409978071234324,-0.07452378320054176,-0.07477952907115604
shd,confirmation,QRC-minus-CRC:comparison:tuned:q8-i4-qrc:comparison:tuned:q8-i4-crc,held,QRC-minus-CRC,comparison:tuned:q8-i4-qrc,comparison:tuned:q8-i4-crc,42,confirmation,-0.013215859030836996,-0.030800199276256324,-0.029234179502612756,-0.013626279205226854
shd,confirmation,QRC-minus-CRC:comparison:tuned:q8-i4-qrc:comparison:tuned:q8-i4-crc,held,QRC-minus-CRC,comparison:tuned:q8-i4-qrc,comparison:tuned:q8-i4-crc,44,confirmation,0.011563876651982441,-0.004967471436497672,-0.04533959336959226,0.010036528278853596
shd,confirmation,QRC-minus-CRC:comparison:tuned:q8-i4-qrc:comparison:tuned:q8-i4-crc,held,QRC-minus-CRC,comparison:tuned:q8-i4-qrc,comparison:tuned:q8-i4-crc,46,confirmation,0.03138766519823788,0.006496843790386508,-0.010995273659967775,0.030860348671363003
shd,development,QRC-minus-CRC:comparison:tuned:q8-i4-qrc:comparison:tuned:q8-i4-crc,held,QRC-minus-CRC,comparison:tuned:q8-i4-qrc,comparison:tuned:q8-i4-crc,42,0,0.0692041522491349,0.08201189052986774,0.00939735085232729,0.07609679572646688
shd,development,QRC-minus-CRC:comparison:tuned:q8-i4-qrc:comparison:tuned:q8-i4-crc,held,QRC-minus-CRC,comparison:tuned:q8-i4-qrc,comparison:tuned:q8-i4-crc,42,1,-0.0023255813953488857,0.007157992217524223,0.022591752755941163,0.0006902356860984393
shd,development,QRC-minus-CRC:comparison:tuned:q8-i4-qrc:comparison:tuned:q8-i4-crc,held,QRC-minus-CRC,comparison:tuned:q8-i4-qrc,comparison:tuned:q8-i4-crc,42,2,-0.04195366311834692,-0.052031911048916135,-0.04340260271169882,-0.04333977035667247
shd,development,QRC-minus-CRC:comparison:tuned:q8-i4-qrc:comparison:tuned:q8-i4-crc,held,QRC-minus-CRC,comparison:tuned:q8-i4-qrc,comparison:tuned:q8-i4-crc,42,3,-0.049429657794676896,-0.04655807998248074,-0.06627175614653347,-0.050242047227351594
shd,development,QRC-minus-CRC:comparison:tuned:q8-i4-qrc:comparison:tuned:q8-i4-crc,held,QRC-minus-CRC,comparison:tuned:q8-i4-qrc,comparison:tuned:q8-i4-crc,44,0,0.06851211072664354,0.07625943058357831,0.010848319204461276,0.07545582635439163
shd,development,QRC-minus-CRC:comparison:tuned:q8-i4-qrc:comparison:tuned:q8-i4-crc,held,QRC-minus-CRC,comparison:tuned:q8-i4-qrc,comparison:tuned:q8-i4-crc,44,1,-0.0017441860465116088,-0.004800891583240374,0.012905569981657372,-0.00819818764597502
shd,development,QRC-minus-CRC:comparison:tuned:q8-i4-qrc:comparison:tuned:q8-i4-crc,held,QRC-minus-CRC,comparison:tuned:q8-i4-qrc,comparison:tuned:q8-i4-crc,44,2,0.01189730745147155,-0.003717789414554362,-0.019495358438837873,0.012028981524150106
shd,development,QRC-minus-CRC:comparison:tuned:q8-i4-qrc:comparison:tuned:q8-i4-crc,held,QRC-minus-CRC,comparison:tuned:q8-i4-qrc,comparison:tuned:q8-i4-crc,44,3,-0.02217997465145749,-0.013417901350500028,-0.006128028391357843,-0.02265066333493415
shd,development,QRC-minus-CRC:comparison:tuned:q8-i4-qrc:comparison:tuned:q8-i4-crc,held,QRC-minus-CRC,comparison:tuned:q8-i4-qrc,comparison:tuned:q8-i4-crc,46,0,0.02006920415224911,0.04796253093555247,0.03420043723465993,0.03176943559789169
shd,development,QRC-minus-CRC:comparison:tuned:q8-i4-qrc:comparison:tuned:q8-i4-crc,held,QRC-minus-CRC,comparison:tuned:q8-i4-qrc,comparison:tuned:q8-i4-crc,46,1,-0.026162790697674465,-0.02460949013806779,0.031327988244508,-0.027388124765547806
shd,development,QRC-minus-CRC:comparison:tuned:q8-i4-qrc:comparison:tuned:q8-i4-crc,held,QRC-minus-CRC,comparison:tuned:q8-i4-qrc,comparison:tuned:q8-i4-crc,46,2,-0.09267376330619909,-0.09535229620885222,-0.03315417019361555,-0.0890389997635393
shd,development,QRC-minus-CRC:comparison:tuned:q8-i4-qrc:comparison:tuned:q8-i4-crc,held,QRC-minus-CRC,comparison:tuned:q8-i4-qrc,comparison:tuned:q8-i4-crc,46,3,-0.08871989860583018,-0.0887240812587392,-0.08937147298217485,-0.08942983701580554
shd,official,QRC-minus-CRC:comparison:tuned:q8-i4-qrc:comparison:tuned:q8-i4-crc,held,QRC-minus-CRC,comparison:tuned:q8-i4-qrc,comparison:tuned:q8-i4-crc,42,official,-0.03798586572438156,-0.03758720333412058,-0.027069313347021784,-0.03807594055595154
shd,official,QRC-minus-CRC:comparison:tuned:q8-i4-qrc:comparison:tuned:q8-i4-crc,held,QRC-minus-CRC,comparison:tuned:q8-i4-qrc,comparison:tuned:q8-i4-crc,44,official,-0.033127208480565384,-0.03622723231777902,-0.029453701283678302,-0.03237751645924669
shd,official,QRC-minus-CRC:comparison:tuned:q8-i4-qrc:comparison:tuned:q8-i4-crc,held,QRC-minus-CRC,comparison:tuned:q8-i4-qrc,comparison:tuned:q8-i4-crc,46,official,-0.03356890459363959,-0.03142249000489705,-0.021192230495645226,-0.03297302876189567
shd,confirmation,tuned-minus-fixed:comparison:tuned:q8-i4-qrc:comparison:fixed:q8-i4-qrc,held,tuned-minus-fixed,comparison:tuned:q8-i4-qrc,comparison:fixed:q8-i4-qrc,42,confirmation,0.08425110132158597,0.10435852648421479,0.10769002050661214,0.08748208267351376
shd,confirmation,tuned-minus-fixed:comparison:tuned:q8-i4-qrc:comparison:fixed:q8-i4-qrc,held,tuned-minus-fixed,comparison:tuned:q8-i4-qrc,comparison:fixed:q8-i4-qrc,44,confirmation,0.011563876651982441,0.030252679953154282,0.05202971249156063,0.01268932029310399
shd,confirmation,tuned-minus-fixed:comparison:tuned:q8-i4-qrc:comparison:fixed:q8-i4-qrc,held,tuned-minus-fixed,comparison:tuned:q8-i4-qrc,comparison:fixed:q8-i4-qrc,46,confirmation,0.032488986784140916,0.04114229633913169,0.06560518460639564,0.03385058452957035
shd,development,tuned-minus-fixed:comparison:tuned:q8-i4-qrc:comparison:fixed:q8-i4-qrc,held,tuned-minus-fixed,comparison:tuned:q8-i4-qrc,comparison:fixed:q8-i4-qrc,42,0,0.10103806228373702,0.10479574395121438,0.0894640312341678,0.10387169392550744
shd,development,tuned-minus-fixed:comparison:tuned:q8-i4-qrc:comparison:fixed:q8-i4-qrc,held,tuned-minus-fixed,comparison:tuned:q8-i4-qrc,comparison:fixed:q8-i4-qrc,42,1,0.02848837209302324,0.055717001305445546,0.06589408346655135,0.03353977754511417
shd,development,tuned-minus-fixed:comparison:tuned:q8-i4-qrc:comparison:fixed:q8-i4-qrc,held,tuned-minus-fixed,comparison:tuned:q8-i4-qrc,comparison:fixed:q8-i4-qrc,42,2,0.07514088916718847,0.0973636228614373,0.1366029468819342,0.06944513171721517
shd,development,tuned-minus-fixed:comparison:tuned:q8-i4-qrc:comparison:fixed:q8-i4-qrc,held,tuned-minus-fixed,comparison:tuned:q8-i4-qrc,comparison:fixed:q8-i4-qrc,42,3,0.03548795944233207,0.04870680029480445,0.04051699860094027,0.03746184038447009
shd,development,tuned-minus-fixed:comparison:tuned:q8-i4-qrc:comparison:fixed:q8-i4-qrc,held,tuned-minus-fixed,comparison:tuned:q8-i4-qrc,comparison:fixed:q8-i4-qrc,44,0,0.04705882352941171,0.04303017898037442,-0.015768502372669024,0.04883707813802762
shd,development,tuned-minus-fixed:comparison:tuned:q8-i4-qrc:comparison:fixed:q8-i4-qrc,held,tuned-minus-fixed,comparison:tuned:q8-i4-qrc,comparison:fixed:q8-i4-qrc,44,1,0.037790697674418616,0.060189688938498076,0.024060073894431766,0.04987887586700013
shd,development,tuned-minus-fixed:comparison:tuned:q8-i4-qrc:comparison:fixed:q8-i4-qrc,held,tuned-minus-fixed,comparison:tuned:q8-i4-qrc,comparison:fixed:q8-i4-qrc,44,2,0.12773951158422042,0.11757645622470925,0.07065792339429466,0.1368720582200751
shd,development,tuned-minus-fixed:comparison:tuned:q8-i4-qrc:comparison:fixed:q8-i4-qrc,held,tuned-minus-fixed,comparison:tuned:q8-i4-qrc,comparison:fixed:q8-i4-qrc,44,3,0.057034220532319435,0.06765146332096306,0.05634666658940812,0.05821344533433048
shd,development,tuned-minus-fixed:comparison:tuned:q8-i4-qrc:comparison:fixed:q8-i4-qrc,held,tuned-minus-fixed,comparison:tuned:q8-i4-qrc,comparison:fixed:q8-i4-qrc,46,0,0.01591695501730095,0.022981560491878383,0.04868386115032364,0.015641317992204362
shd,development,tuned-minus-fixed:comparison:tuned:q8-i4-qrc:comparison:fixed:q8-i4-qrc,held,tuned-minus-fixed,comparison:tuned:q8-i4-qrc,comparison:fixed:q8-i4-qrc,46,1,-0.0040697674418604946,-0.00012869793336073299,0.07123722165955482,-0.0036926557115899428
shd,development,tuned-minus-fixed:comparison:tuned:q8-i4-qrc:comparison:fixed:q8-i4-qrc,held,tuned-minus-fixed,comparison:tuned:q8-i4-qrc,comparison:fixed:q8-i4-qrc,46,2,-0.04508453350031305,-0.017209109009575507,0.05031710077638607,-0.043754094034089086
shd,development,tuned-minus-fixed:comparison:tuned:q8-i4-qrc:comparison:fixed:q8-i4-qrc,held,tuned-minus-fixed,comparison:tuned:q8-i4-qrc,comparison:fixed:q8-i4-qrc,46,3,-0.012674271229404344,-0.020282197040652705,-0.01329276564231563,-0.01260874351622987
shd,official,tuned-minus-fixed:comparison:tuned:q8-i4-qrc:comparison:fixed:q8-i4-qrc,held,tuned-minus-fixed,comparison:tuned:q8-i4-qrc,comparison:fixed:q8-i4-qrc,42,official,0.08745583038869265,0.09070687922649967,0.08412886996790381,0.0878583790215659
shd,official,tuned-minus-fixed:comparison:tuned:q8-i4-qrc:comparison:fixed:q8-i4-qrc,held,tuned-minus-fixed,comparison:tuned:q8-i4-qrc,comparison:fixed:q8-i4-qrc,44,official,0.07067137809187274,0.07884145196501136,0.06442798550101536,0.07071924350342651
shd,official,tuned-minus-fixed:comparison:tuned:q8-i4-qrc:comparison:fixed:q8-i4-qrc,held,tuned-minus-fixed,comparison:tuned:q8-i4-qrc,comparison:fixed:q8-i4-qrc,46,official,0.04991166077738518,0.058672360071673646,0.05160540660484847,0.049798098873971575
shd,confirmation,natural-minus-fixed12:comparison:fixed:q8-i4-qrc:comparison:fixed12:q8-i4-qrc,held,natural-minus-fixed12,comparison:fixed:q8-i4-qrc,comparison:fixed12:q8-i4-qrc,42,confirmation,0.048458149779735615,0.050917692596721575,0.052129665326575314,0.047202713161297816
shd,confirmation,natural-minus-fixed12:comparison:fixed:q8-i4-qrc:comparison:fixed12:q8-i4-qrc,held,natural-minus-fixed12,comparison:fixed:q8-i4-qrc,comparison:fixed12:q8-i4-qrc,44,confirmation,0.04625550660792943,0.049317001692257834,0.015631719870323302,0.04717337998981075
shd,confirmation,natural-minus-fixed12:comparison:fixed:q8-i4-qrc:comparison:fixed12:q8-i4-qrc,held,natural-minus-fixed12,comparison:fixed:q8-i4-qrc,comparison:fixed12:q8-i4-qrc,46,confirmation,0.040748898678414136,0.035070162318041054,0.04343235070749041,0.04079035571331835
shd,development,natural-minus-fixed12:comparison:fixed:q8-i4-qrc:comparison:fixed12:q8-i4-qrc,held,natural-minus-fixed12,comparison:fixed:q8-i4-qrc,comparison:fixed12:q8-i4-qrc,42,0,0.06505190311418685,0.0712058658403611,0.07200026242419755,0.06208274463610036
shd,development,natural-minus-fixed12:comparison:fixed:q8-i4-qrc:comparison:fixed12:q8-i4-qrc,held,natural-minus-fixed12,comparison:fixed:q8-i4-qrc,comparison:fixed12:q8-i4-qrc,42,1,0.02674418604651163,0.023150092987905102,0.11382728679901233,0.020834264681085624
shd,development,natural-minus-fixed12:comparison:fixed:q8-i4-qrc:comparison:fixed12:q8-i4-qrc,held,natural-minus-fixed12,comparison:fixed:q8-i4-qrc,comparison:fixed12:q8-i4-qrc,42,2,0.0018785222291797243,-0.011337026775494863,-0.0006503267941497803,0.004427820507096281
shd,development,natural-minus-fixed12:comparison:fixed:q8-i4-qrc:comparison:fixed12:q8-i4-qrc,held,natural-minus-fixed12,comparison:fixed:q8-i4-qrc,comparison:fixed12:q8-i4-qrc,42,3,0.02344740177439797,0.01490986162427621,0.016471136404496267,0.023485669695010647
shd,development,natural-minus-fixed12:comparison:fixed:q8-i4-qrc:comparison:fixed12:q8-i4-qrc,held,natural-minus-fixed12,comparison:fixed:q8-i4-qrc,comparison:fixed12:q8-i4-qrc,44,0,0.07889273356401388,0.08319650718296884,0.10390302393421436,0.07662617461904742
shd,development,natural-minus-fixed12:comparison:fixed:q8-i4-qrc:comparison:fixed12:q8-i4-qrc,held,natural-minus-fixed12,comparison:fixed:q8-i4-qrc,comparison:fixed12:q8-i4-qrc,44,1,0.014534883720930203,0.013342573042828765,0.08004251175960309,0.010367586088932124
shd,development,natural-minus-fixed12:comparison:fixed:q8-i4-qrc:comparison:fixed12:q8-i4-qrc,held,natural-minus-fixed12,comparison:fixed:q8-i4-qrc,comparison:fixed12:q8-i4-qrc,44,2,-0.020037570444583597,0.006196244449580501,0.04563453693351349,-0.022279195941524665
shd,development,natural-minus-fixed12:comparison:fixed:q8-i4-qrc:comparison:fixed12:q8-i4-qrc,held,natural-minus-fixed12,comparison:fixed:q8-i4-qrc,comparison:fixed12:q8-i4-qrc,44,3,-0.003168567807351086,-0.00235042748478298,-0.018262604478022526,-0.002133256405079109
shd,development,natural-minus-fixed12:comparison:fixed:q8-i4-qrc:comparison:fixed12:q8-i4-qrc,held,natural-minus-fixed12,comparison:fixed:q8-i4-qrc,comparison:fixed12:q8-i4-qrc,46,0,0.13633217993079588,0.14952547791573323,0.05931511513669785,0.13907020065613485
shd,development,natural-minus-fixed12:comparison:fixed:q8-i4-qrc:comparison:fixed12:q8-i4-qrc,held,natural-minus-fixed12,comparison:fixed:q8-i4-qrc,comparison:fixed12:q8-i4-qrc,46,1,0.0244186046511628,0.03507809581789256,0.025883910537797816,0.025311668588751834
shd,development,natural-minus-fixed12:comparison:fixed:q8-i4-qrc:comparison:fixed12:q8-i4-qrc,held,natural-minus-fixed12,comparison:fixed:q8-i4-qrc,comparison:fixed12:q8-i4-qrc,46,2,0.07326236693800875,0.07207290343479617,0.09076685035146076,0.07666830252745022
shd,development,natural-minus-fixed12:comparison:fixed:q8-i4-qrc:comparison:fixed12:q8-i4-qrc,held,natural-minus-fixed12,comparison:fixed:q8-i4-qrc,comparison:fixed12:q8-i4-qrc,46,3,0.04752851711026618,0.05196209824725817,0.04094154165008801,0.047833273306982727
shd,official,natural-minus-fixed12:comparison:fixed:q8-i4-qrc:comparison:fixed12:q8-i4-qrc,held,natural-minus-fixed12,comparison:fixed:q8-i4-qrc,comparison:fixed12:q8-i4-qrc,42,official,0.057862190812720815,0.0698822582969506,0.05481337780669049,0.05711429509028021
shd,official,natural-minus-fixed12:comparison:fixed:q8-i4-qrc:comparison:fixed12:q8-i4-qrc,held,natural-minus-fixed12,comparison:fixed:q8-i4-qrc,comparison:fixed12:q8-i4-qrc,44,official,0.05167844522968201,0.05253601880180214,0.06060951722256225,0.051731295630816354
shd,official,natural-minus-fixed12:comparison:fixed:q8-i4-qrc:comparison:fixed12:q8-i4-qrc,held,natural-minus-fixed12,comparison:fixed:q8-i4-qrc,comparison:fixed12:q8-i4-qrc,46,official,0.07818021201413428,0.07880999973096647,0.07155075392840038,0.07637907013836853
shd,confirmation,reservoir-minus-projection:comparison:fixed:q8-i4-qrc:comparison:projection:i4,held,reservoir-minus-projection,comparison:fixed:q8-i4-qrc,comparison:projection:i4,42,confirmation,-0.029735682819383324,-0.03191177093805858,-0.05474904715861029,-0.029820466838911708
shd,confirmation,reservoir-minus-projection:comparison:fixed:q8-i4-qrc:comparison:projection:i4,held,reservoir-minus-projection,comparison:fixed:q8-i4-qrc,comparison:projection:i4,44,confirmation,0.04570484581497791,0.04038516026680261,-0.029118215969420214,0.047558942060835774
shd,confirmation,reservoir-minus-projection:comparison:fixed:q8-i4-qrc:comparison:projection:i4,held,reservoir-minus-projection,comparison:fixed:q8-i4-qrc,comparison:projection:i4,46,confirmation,0.04350220264317184,0.04410861194356397,0.0002722607658616205,0.045679759740206105
shd,development,reservoir-minus-projection:comparison:fixed:q8-i4-qrc:comparison:projection:i4,held,reservoir-minus-projection,comparison:fixed:q8-i4-qrc,comparison:projection:i4,42,0,-0.01937716262975775,-0.0060078738984477575,0.011323463732075711,-0.025261425719052433
shd,development,reservoir-minus-projection:comparison:fixed:q8-i4-qrc:comparison:projection:i4,held,reservoir-minus-projection,comparison:fixed:q8-i4-qrc,comparison:projection:i4,42,1,0.018604651162790697,0.019367608597392227,0.019458918850762008,0.016667774948505187
shd,development,reservoir-minus-projection:comparison:fixed:q8-i4-qrc:comparison:projection:i4,held,reservoir-minus-projection,comparison:fixed:q8-i4-qrc,comparison:projection:i4,42,2,-0.02755165936130244,-0.04508691854030905,-0.06350434305878527,-0.022428646651248774
shd,development,reservoir-minus-projection:comparison:fixed:q8-i4-qrc:comparison:projection:i4,held,reservoir-minus-projection,comparison:fixed:q8-i4-qrc,comparison:projection:i4,42,3,0.0019011406844106071,-0.004061866440383977,0.030163790568467075,-0.000536048908770792
shd,development,reservoir-minus-projection:comparison:fixed:q8-i4-qrc:comparison:projection:i4,held,reservoir-minus-projection,comparison:fixed:q8-i4-qrc,comparison:projection:i4,44,0,0.0491349480968859,0.0654503511481987,0.11078525990624033,0.045698732428623434
shd,development,reservoir-minus-projection:comparison:fixed:q8-i4-qrc:comparison:projection:i4,held,reservoir-minus-projection,comparison:fixed:q8-i4-qrc,comparison:projection:i4,44,1,0.02383720930232558,0.015898732851310993,0.025239318032764357,0.01086608146459217
shd,development,reservoir-minus-projection:comparison:fixed:q8-i4-qrc:comparison:projection:i4,held,reservoir-minus-projection,comparison:fixed:q8-i4-qrc,comparison:projection:i4,44,2,-0.03130870381966189,-0.024403230771959994,0.0058638570082416575,-0.038075089542256635
shd,development,reservoir-minus-projection:comparison:fixed:q8-i4-qrc:comparison:projection:i4,held,reservoir-minus-projection,comparison:fixed:q8-i4-qrc,comparison:projection:i4,44,3,0.01457541191381495,0.012990419304014567,0.051195913440860163,0.013559332865740958
shd,development,reservoir-minus-projection:comparison:fixed:q8-i4-qrc:comparison:projection:i4,held,reservoir-minus-projection,comparison:fixed:q8-i4-qrc,comparison:projection:i4,46,0,0.01384083044982709,0.028250094668887116,0.02604404172553576,0.013253587402566658
shd,development,reservoir-minus-projection:comparison:fixed:q8-i4-qrc:comparison:projection:i4,held,reservoir-minus-projection,comparison:fixed:q8-i4-qrc,comparison:projection:i4,46,1,0.025581395348837244,0.04154152896915403,0.024078196507348437,0.02752551421223881
shd,development,reservoir-minus-projection:comparison:fixed:q8-i4-qrc:comparison:projection:i4,held,reservoir-minus-projection,comparison:fixed:q8-i4-qrc,comparison:projection:i4,46,2,0.01314965560425796,-0.005107824270046468,-0.008155848095455775,0.01592786587876044
shd,development,reservoir-minus-projection:comparison:fixed:q8-i4-qrc:comparison:projection:i4,held,reservoir-minus-projection,comparison:fixed:q8-i4-qrc,comparison:projection:i4,46,3,0.004435994930291565,0.011473098148231609,0.04594921653087547,0.002801874811015237
shd,official,reservoir-minus-projection:comparison:fixed:q8-i4-qrc:comparison:projection:i4,held,reservoir-minus-projection,comparison:fixed:q8-i4-qrc,comparison:projection:i4,42,official,-0.015459363957597172,-0.008726346981112187,-0.010561066266779107,-0.014687073678603224
shd,official,reservoir-minus-projection:comparison:fixed:q8-i4-qrc:comparison:projection:i4,held,reservoir-minus-projection,comparison:fixed:q8-i4-qrc,comparison:projection:i4,44,official,0.025618374558303958,0.02510558598457413,0.024889636250717162,0.026251335599692283
shd,official,reservoir-minus-projection:comparison:fixed:q8-i4-qrc:comparison:projection:i4,held,reservoir-minus-projection,comparison:fixed:q8-i4-qrc,comparison:projection:i4,46,official,0.021643109540636085,0.025163756890762334,0.019454985556595528,0.022860741852580357
shd,confirmation,tuned-minus-fixed:comparison:tuned:q8-i4-crc:comparison:fixed:q8-i4-crc,held,tuned-minus-fixed,comparison:tuned:q8-i4-crc,comparison:fixed:q8-i4-crc,42,confirmation,0.07213656387665202,0.09939442108415375,0.11990427250007973,0.07220404368286026
shd,confirmation,tuned-minus-fixed:comparison:tuned:q8-i4-crc:comparison:fixed:q8-i4-crc,held,tuned-minus-fixed,comparison:tuned:q8-i4-crc,comparison:fixed:q8-i4-crc,44,confirmation,0.011013215859030812,0.031953397187830634,0.024478252491691,0.012405155026676495
shd,confirmation,tuned-minus-fixed:comparison:tuned:q8-i4-crc:comparison:fixed:q8-i4-crc,held,tuned-minus-fixed,comparison:tuned:q8-i4-crc,comparison:fixed:q8-i4-crc,46,confirmation,0.01211453744493396,0.03631267705407004,0.0375420774939379,0.013062521388026771
shd,development,tuned-minus-fixed:comparison:tuned:q8-i4-crc:comparison:fixed:q8-i4-crc,held,tuned-minus-fixed,comparison:tuned:q8-i4-crc,comparison:fixed:q8-i4-crc,42,0,0.10449826989619382,0.10306635972402661,0.1280567341393239,0.10152112748731767
shd,development,tuned-minus-fixed:comparison:tuned:q8-i4-crc:comparison:fixed:q8-i4-crc,held,tuned-minus-fixed,comparison:tuned:q8-i4-crc,comparison:fixed:q8-i4-crc,42,1,0.10581395348837208,0.1322090747170246,0.197915609970285,0.11589720192832925
shd,development,tuned-minus-fixed:comparison:tuned:q8-i4-crc:comparison:fixed:q8-i4-crc,held,tuned-minus-fixed,comparison:tuned:q8-i4-crc,comparison:fixed:q8-i4-crc,42,2,0.09517845961177213,0.10898873744493809,0.1437809283884579,0.09070954355459782
shd,development,tuned-minus-fixed:comparison:tuned:q8-i4-crc:comparison:fixed:q8-i4-crc,held,tuned-minus-fixed,comparison:tuned:q8-i4-crc,comparison:fixed:q8-i4-crc,42,3,0.05893536121673004,0.06651428166751094,0.07168697047692163,0.060963039431561006
shd,development,tuned-minus-fixed:comparison:tuned:q8-i4-crc:comparison:fixed:q8-i4-crc,held,tuned-minus-fixed,comparison:tuned:q8-i4-crc,comparison:fixed:q8-i4-crc,44,0,0.043598615916955075,0.041875291706578055,0.06409327518499908,0.04028263808742821
shd,development,tuned-minus-fixed:comparison:tuned:q8-i4-crc:comparison:fixed:q8-i4-crc,held,tuned-minus-fixed,comparison:tuned:q8-i4-crc,comparison:fixed:q8-i4-crc,44,1,0.08779069767441855,0.09195445515809214,0.058565324920697714,0.09434813934592667
shd,development,tuned-minus-fixed:comparison:tuned:q8-i4-crc:comparison:fixed:q8-i4-crc,held,tuned-minus-fixed,comparison:tuned:q8-i4-crc,comparison:fixed:q8-i4-crc,44,2,0.023168440826549785,0.04537549928428364,0.09769700686414029,0.021344008734709763
shd,development,tuned-minus-fixed:comparison:tuned:q8-i4-crc:comparison:fixed:q8-i4-crc,held,tuned-minus-fixed,comparison:tuned:q8-i4-crc,comparison:fixed:q8-i4-crc,44,3,0.0633713561470215,0.06576365163016451,0.026070388425336932,0.06477331723652613
shd,development,tuned-minus-fixed:comparison:tuned:q8-i4-crc:comparison:fixed:q8-i4-crc,held,tuned-minus-fixed,comparison:tuned:q8-i4-crc,comparison:fixed:q8-i4-crc,46,0,0.0726643598615917,0.06595978442632805,0.01913161605745095,0.06744822867166139
shd,development,tuned-minus-fixed:comparison:tuned:q8-i4-crc:comparison:fixed:q8-i4-crc,held,tuned-minus-fixed,comparison:tuned:q8-i4-crc,comparison:fixed:q8-i4-crc,46,1,0.052325581395348875,0.06507769513279671,0.07207166069465754,0.05797320997944777
shd,development,tuned-minus-fixed:comparison:tuned:q8-i4-crc:comparison:fixed:q8-i4-crc,held,tuned-minus-fixed,comparison:tuned:q8-i4-crc,comparison:fixed:q8-i4-crc,46,2,0.058234189104571066,0.07741093321557813,0.11435439708441775,0.05276848029222936
shd,development,tuned-minus-fixed:comparison:tuned:q8-i4-crc:comparison:fixed:q8-i4-crc,held,tuned-minus-fixed,comparison:tuned:q8-i4-crc,comparison:fixed:q8-i4-crc,46,3,0.06210392902408113,0.05914731638778392,0.05385060073564796,0.062486742670380124
shd,official,tuned-minus-fixed:comparison:tuned:q8-i4-crc:comparison:fixed:q8-i4-crc,held,tuned-minus-fixed,comparison:tuned:q8-i4-crc,comparison:fixed:q8-i4-crc,42,official,0.131625441696113,0.13974174884556556,0.12585434047262656,0.13152194845127985
shd,official,tuned-minus-fixed:comparison:tuned:q8-i4-crc:comparison:fixed:q8-i4-crc,held,tuned-minus-fixed,comparison:tuned:q8-i4-crc,comparison:fixed:q8-i4-crc,44,official,0.09408127208480566,0.0998551176110477,0.08303833036938524,0.09269670050159962
shd,official,tuned-minus-fixed:comparison:tuned:q8-i4-crc:comparison:fixed:q8-i4-crc,held,tuned-minus-fixed,comparison:tuned:q8-i4-crc,comparison:fixed:q8-i4-crc,46,official,0.07994699646643111,0.08867971447212208,0.06465610546509593,0.07920641041501297
shd,confirmation,natural-minus-fixed12:comparison:fixed:q8-i4-crc:comparison:fixed12:q8-i4-crc,held,natural-minus-fixed12,comparison:fixed:q8-i4-crc,comparison:fixed12:q8-i4-crc,42,confirmation,-0.017070484581497847,-0.016188855651608325,-0.04233086527147589,-0.016357085493191037
shd,confirmation,natural-minus-fixed12:comparison:fixed:q8-i4-crc:comparison:fixed12:q8-i4-crc,held,natural-minus-fixed12,comparison:fixed:q8-i4-crc,comparison:fixed12:q8-i4-crc,44,confirmation,0.021475770925110105,0.02028326949261061,0.051945534416435346,0.022455136402063203
shd,confirmation,natural-minus-fixed12:comparison:fixed:q8-i4-crc:comparison:fixed12:q8-i4-crc,held,natural-minus-fixed12,comparison:fixed:q8-i4-crc,comparison:fixed12:q8-i4-crc,46,confirmation,-0.0011013215859031478,-0.0001978312575598995,0.044010362231984845,-0.0015829901532858903
shd,development,natural-minus-fixed12:comparison:fixed:q8-i4-crc:comparison:fixed12:q8-i4-crc,held,natural-minus-fixed12,comparison:fixed:q8-i4-crc,comparison:fixed12:q8-i4-crc,42,0,-0.019377162629757805,-0.008588810847253214,0.03693135754876942,-0.02344533935792814
shd,development,natural-minus-fixed12:comparison:fixed:q8-i4-crc:comparison:fixed12:q8-i4-crc,held,natural-minus-fixed12,comparison:fixed:q8-i4-crc,comparison:fixed12:q8-i4-crc,42,1,-0.043604651162790664,-0.04573623559491696,-0.04563849370565187,-0.049771939716823144
shd,development,natural-minus-fixed12:comparison:fixed:q8-i4-crc:comparison:fixed12:q8-i4-crc,held,natural-minus-fixed12,comparison:fixed:q8-i4-crc,comparison:fixed12:q8-i4-crc,42,2,-0.045084533500313106,-0.024554341029207505,-0.011577929043474544,-0.042447796761498235
shd,development,natural-minus-fixed12:comparison:fixed:q8-i4-crc:comparison:fixed12:q8-i4-crc,held,natural-minus-fixed12,comparison:fixed:q8-i4-crc,comparison:fixed12:q8-i4-crc,42,3,0.019011406844106515,0.013613378005459142,-0.015511528903687233,0.017212662774980014
shd,development,natural-minus-fixed12:comparison:fixed:q8-i4-crc:comparison:fixed12:q8-i4-crc,held,natural-minus-fixed12,comparison:fixed:q8-i4-crc,comparison:fixed12:q8-i4-crc,44,0,-0.034602076124567505,-0.03286258205690057,-0.030185925207399267,-0.03610522531554222
shd,development,natural-minus-fixed12:comparison:fixed:q8-i4-crc:comparison:fixed12:q8-i4-crc,held,natural-minus-fixed12,comparison:fixed:q8-i4-crc,comparison:fixed12:q8-i4-crc,44,1,0.005232558139534882,0.022020222752051732,0.054547650685376925,0.014733494957213988
shd,development,natural-minus-fixed12:comparison:fixed:q8-i4-crc:comparison:fixed12:q8-i4-crc,held,natural-minus-fixed12,comparison:fixed:q8-i4-crc,comparison:fixed12:q8-i4-crc,44,2,0.05635566687539134,0.05421456648054579,-0.05353606454460991,0.05773300955582272
shd,development,natural-minus-fixed12:comparison:fixed:q8-i4-crc:comparison:fixed12:q8-i4-crc,held,natural-minus-fixed12,comparison:fixed:q8-i4-crc,comparison:fixed12:q8-i4-crc,44,3,0.019645120405576755,0.019586586129933803,0.04512464235246283,0.018892397736350208
shd,development,natural-minus-fixed12:comparison:fixed:q8-i4-crc:comparison:fixed12:q8-i4-crc,held,natural-minus-fixed12,comparison:fixed:q8-i4-crc,comparison:fixed12:q8-i4-crc,46,0,-0.1031141868512111,-0.10544818857271526,-0.043589048475308534,-0.10819314276073028
shd,development,natural-minus-fixed12:comparison:fixed:q8-i4-crc:comparison:fixed12:q8-i4-crc,held,natural-minus-fixed12,comparison:fixed:q8-i4-crc,comparison:fixed12:q8-i4-crc,46,1,-0.027325581395348852,-0.020579498095573634,0.05694490504644911,-0.025864098052030937
shd,development,natural-minus-fixed12:comparison:fixed:q8-i4-crc:comparison:fixed12:q8-i4-crc,held,natural-minus-fixed12,comparison:fixed:q8-i4-crc,comparison:fixed12:q8-i4-crc,46,2,-0.046336881653099515,-0.05290119415266603,-0.05974133099847301,-0.04271152036498249
shd,development,natural-minus-fixed12:comparison:fixed:q8-i4-crc:comparison:fixed12:q8-i4-crc,held,natural-minus-fixed12,comparison:fixed:q8-i4-crc,comparison:fixed12:q8-i4-crc,46,3,-0.01457541191381495,-0.018829671618088795,-0.01688383658308501,-0.015265190330576162
shd,official,natural-minus-fixed12:comparison:fixed:q8-i4-crc:comparison:fixed12:q8-i4-crc,held,natural-minus-fixed12,comparison:fixed:q8-i4-crc,comparison:fixed12:q8-i4-crc,42,official,-0.0008833922261484162,0.008038770492467262,0.001270858880821013,-0.0005527469285172559
shd,official,natural-minus-fixed12:comparison:fixed:q8-i4-crc:comparison:fixed12:q8-i4-crc,held,natural-minus-fixed12,comparison:fixed:q8-i4-crc,comparison:fixed12:q8-i4-crc,44,official,0.05256183745583032,0.062456877265953725,0.05906534805739572,0.050771865163463104
shd,official,natural-minus-fixed12:comparison:fixed:q8-i4-crc:comparison:fixed12:q8-i4-crc,held,natural-minus-fixed12,comparison:fixed:q8-i4-crc,comparison:fixed12:q8-i4-crc,46,official,0.005742049469964705,0.006125354623071844,0.005168502363256389,0.00516425828806677
shd,confirmation,reservoir-minus-projection:comparison:fixed:q8-i4-crc:comparison:projection:i4,held,reservoir-minus-projection,comparison:fixed:q8-i4-crc,comparison:projection:i4,42,confirmation,-0.004405286343612369,0.0038525337382587788,-0.037729119649465126,-0.0009161486430313559
shd,confirmation,reservoir-minus-projection:comparison:fixed:q8-i4-crc:comparison:projection:i4,held,reservoir-minus-projection,comparison:fixed:q8-i4-crc,comparison:projection:i4,44,confirmation,0.0346916299559471,0.04365191446862393,0.043772837400041675,0.03780657904840967
shd,confirmation,reservoir-minus-projection:comparison:fixed:q8-i4-crc:comparison:projection:i4,held,reservoir-minus-projection,comparison:fixed:q8-i4-crc,comparison:projection:i4,46,confirmation,0.032488986784140916,0.04244138743823911,0.03933064153828714,0.03560747421038668
shd,development,reservoir-minus-projection:comparison:fixed:q8-i4-crc:comparison:projection:i4,held,reservoir-minus-projection,comparison:fixed:q8-i4-crc,comparison:projection:i4,42,0,-0.09204152249134945,-0.08629038020112773,-0.036666590025407675,-0.09900765500732955
shd,development,reservoir-minus-projection:comparison:fixed:q8-i4-crc:comparison:projection:i4,held,reservoir-minus-projection,comparison:fixed:q8-i4-crc,comparison:projection:i4,42,1,-0.05639534883720926,-0.06428245703171104,-0.13515436040891282,-0.06637988512080834
shd,development,reservoir-minus-projection:comparison:fixed:q8-i4-crc:comparison:projection:i4,held,reservoir-minus-projection,comparison:fixed:q8-i4-crc,comparison:projection:i4,42,2,-0.005635566687539173,-0.004680122074893711,-0.02727972185361016,-0.0003532881319589509
shd,development,reservoir-minus-projection:comparison:fixed:q8-i4-crc:comparison:projection:i4,held,reservoir-minus-projection,comparison:fixed:q8-i4-crc,comparison:projection:i4,42,3,0.027883396704689534,0.02468873216939027,0.06526557483901918,0.026204799271489887
shd,development,reservoir-minus-projection:comparison:fixed:q8-i4-crc:comparison:projection:i4,held,reservoir-minus-projection,comparison:fixed:q8-i4-crc,comparison:projection:i4,44,0,-0.015916955017301004,-0.009654192161583253,0.020075163144110952,-0.021202653875168787
shd,development,reservoir-minus-projection:comparison:fixed:q8-i4-crc:comparison:projection:i4,held,reservoir-minus-projection,comparison:fixed:q8-i4-crc,comparison:projection:i4,44,1,-0.024418604651162745,-0.011065141785042698,-0.022171502975158963,-0.025404994368359357
shd,development,reservoir-minus-projection:comparison:fixed:q8-i4-crc:comparison:projection:i4,held,reservoir-minus-projection,comparison:fixed:q8-i4-crc,comparison:projection:i4,44,2,0.0613650594865372,0.05151551558301998,-0.0016798680227660956,0.06542397841895858
shd,development,reservoir-minus-projection:comparison:fixed:q8-i4-crc:comparison:projection:i4,held,reservoir-minus-projection,comparison:fixed:q8-i4-crc,comparison:projection:i4,44,3,0.03041825095057038,0.02829613234531314,0.0876002199962892,0.029650124298479463
shd,development,reservoir-minus-projection:comparison:fixed:q8-i4-crc:comparison:projection:i4,held,reservoir-minus-projection,comparison:fixed:q8-i4-crc,comparison:projection:i4,46,0,-0.06297577854671277,-0.06269066020111502,0.021395849583748516,-0.07032275887478207
shd,development,reservoir-minus-projection:comparison:fixed:q8-i4-crc:comparison:projection:i4,held,reservoir-minus-projection,comparison:fixed:q8-i4-crc,comparison:projection:i4,46,1,-0.0046511627906976605,0.0009446260410643781,-0.00808423077226228,-0.006752226713251097
shd,development,reservoir-minus-projection:comparison:fixed:q8-i4-crc:comparison:projection:i4,held,reservoir-minus-projection,comparison:fixed:q8-i4-crc,comparison:projection:i4,46,2,0.0025046963055729288,-0.004375570286347885,-0.0390389742098719,0.00844429131598129
shd,development,reservoir-minus-projection:comparison:fixed:q8-i4-crc:comparison:projection:i4,held,reservoir-minus-projection,comparison:fixed:q8-i4-crc,comparison:projection:i4,46,3,0.018377693282636276,0.02076766597853419,0.06817732313508673,0.017136225640210778
shd,official,reservoir-minus-projection:comparison:fixed:q8-i4-crc:comparison:projection:i4,held,reservoir-minus-projection,comparison:fixed:q8-i4-crc,comparison:projection:i4,42,official,-0.021643109540635974,-0.0201740132660575,-0.025217223424480073,-0.02027470255236563
shd,official,reservoir-minus-projection:comparison:fixed:q8-i4-crc:comparison:projection:i4,held,reservoir-minus-projection,comparison:fixed:q8-i4-crc,comparison:projection:i4,44,official,0.035335689045936425,0.0403191526563168,0.03573299266602559,0.03665139506076587
shd,official,reservoir-minus-projection:comparison:fixed:q8-i4-crc:comparison:projection:i4,held,reservoir-minus-projection,comparison:fixed:q8-i4-crc,comparison:projection:i4,46,official,0.02517667844522975,0.02657889249521095,0.027596517191993297,0.026425459073434632
shd,confirmation,QRC-minus-CRC:comparison:fixed:q8-i6-qrc:comparison:fixed:q8-i6-crc,held,QRC-minus-CRC,comparison:fixed:q8-i6-qrc,comparison:fixed:q8-i6-crc,42,confirmation,-0.022577092511013253,-0.01912966617116363,0.0022005989134342707,-0.02215281752118925
shd,confirmation,QRC-minus-CRC:comparison:fixed:q8-i6-qrc:comparison:fixed:q8-i6-crc,held,QRC-minus-CRC,comparison:fixed:q8-i6-qrc,comparison:fixed:q8-i6-crc,44,confirmation,0.008259911894273109,0.01349401571858988,0.028876385840533203,0.007050003323268994
shd,confirmation,QRC-minus-CRC:comparison:fixed:q8-i6-qrc:comparison:fixed:q8-i6-crc,held,QRC-minus-CRC,comparison:fixed:q8-i6-qrc,comparison:fixed:q8-i6-crc,46,confirmation,0.052863436123347984,0.05695125316146932,0.04209422788916273,0.05392203002451246
shd,development,QRC-minus-CRC:comparison:fixed:q8-i6-qrc:comparison:fixed:q8-i6-crc,held,QRC-minus-CRC,comparison:fixed:q8-i6-qrc,comparison:fixed:q8-i6-crc,42,0,-0.06089965397923869,-0.03843639968005996,0.03081330625817924,-0.05280065990326266
shd,development,QRC-minus-CRC:comparison:fixed:q8-i6-qrc:comparison:fixed:q8-i6-crc,held,QRC-minus-CRC,comparison:fixed:q8-i6-qrc,comparison:fixed:q8-i6-crc,42,1,0.03372093023255818,0.032289985497116036,0.04584341041986251,0.03146410256357879
shd,development,QRC-minus-CRC:comparison:fixed:q8-i6-qrc:comparison:fixed:q8-i6-crc,held,QRC-minus-CRC,comparison:fixed:q8-i6-qrc,comparison:fixed:q8-i6-crc,42,2,-0.04257983719474018,-0.03218442714526504,-0.04200951474795089,-0.04319517897519887
shd,development,QRC-minus-CRC:comparison:fixed:q8-i6-qrc:comparison:fixed:q8-i6-crc,held,QRC-minus-CRC,comparison:fixed:q8-i6-qrc,comparison:fixed:q8-i6-crc,42,3,-0.01457541191381495,-0.0054153270682196775,-0.010598070085987232,-0.0138098682536143
shd,development,QRC-minus-CRC:comparison:fixed:q8-i6-qrc:comparison:fixed:q8-i6-crc,held,QRC-minus-CRC,comparison:fixed:q8-i6-qrc,comparison:fixed:q8-i6-crc,44,0,0.03806228373702425,0.05224790544092739,0.0068617324930673185,0.04449116567438083
shd,development,QRC-minus-CRC:comparison:fixed:q8-i6-qrc:comparison:fixed:q8-i6-crc,held,QRC-minus-CRC,comparison:fixed:q8-i6-qrc,comparison:fixed:q8-i6-crc,44,1,0.020930232558139528,0.03750078725260214,0.037391020849301015,0.032804198902132486
shd,development,QRC-minus-CRC:comparison:fixed:q8-i6-qrc:comparison:fixed:q8-i6-crc,held,QRC-minus-CRC,comparison:fixed:q8-i6-qrc,comparison:fixed:q8-i6-crc,44,2,0.02442078897933625,0.012341960579390965,-0.010333176222251494,0.029845863969308106
shd,development,QRC-minus-CRC:comparison:fixed:q8-i6-qrc:comparison:fixed:q8-i6-crc,held,QRC-minus-CRC,comparison:fixed:q8-i6-qrc,comparison:fixed:q8-i6-crc,44,3,0.005069708491761804,0.014895356750830535,-0.00399585813572767,0.005431676767785554
shd,development,QRC-minus-CRC:comparison:fixed:q8-i6-qrc:comparison:fixed:q8-i6-crc,held,QRC-minus-CRC,comparison:fixed:q8-i6-qrc,comparison:fixed:q8-i6-crc,46,0,0.0048442906574394096,0.02825226149760862,0.028479310318254014,0.007961080320841418
shd,development,QRC-minus-CRC:comparison:fixed:q8-i6-qrc:comparison:fixed:q8-i6-crc,held,QRC-minus-CRC,comparison:fixed:q8-i6-qrc,comparison:fixed:q8-i6-crc,46,1,0.07965116279069767,0.11983187858220046,0.10480145395565149,0.09825490205081172
shd,development,QRC-minus-CRC:comparison:fixed:q8-i6-qrc:comparison:fixed:q8-i6-crc,held,QRC-minus-CRC,comparison:fixed:q8-i6-qrc,comparison:fixed:q8-i6-crc,46,2,-0.029430181590482163,0.010511146084759837,0.08493480383946994,-0.031655060086718534
shd,development,QRC-minus-CRC:comparison:fixed:q8-i6-qrc:comparison:fixed:q8-i6-crc,held,QRC-minus-CRC,comparison:fixed:q8-i6-qrc,comparison:fixed:q8-i6-crc,46,3,0.0975918884664132,0.11822057016442311,0.09742549276167012,0.10083879441092158
shd,official,QRC-minus-CRC:comparison:fixed:q8-i6-qrc:comparison:fixed:q8-i6-crc,held,QRC-minus-CRC,comparison:fixed:q8-i6-qrc,comparison:fixed:q8-i6-crc,42,official,0.032685512367491065,0.04446014883066385,0.04209403455320759,0.03142361562196949
shd,official,QRC-minus-CRC:comparison:fixed:q8-i6-qrc:comparison:fixed:q8-i6-crc,held,QRC-minus-CRC,comparison:fixed:q8-i6-qrc,comparison:fixed:q8-i6-crc,44,official,0.008392226148409954,0.01202213878238556,0.006814151360917453,0.006107765914418972
shd,official,QRC-minus-CRC:comparison:fixed:q8-i6-qrc:comparison:fixed:q8-i6-crc,held,QRC-minus-CRC,comparison:fixed:q8-i6-qrc,comparison:fixed:q8-i6-crc,46,official,0.06360424028268552,0.06996815496650377,0.07034651603802466,0.06283841028766657
shd,confirmation,QRC-minus-CRC:comparison:fixed12:q8-i6-qrc:comparison:fixed12:q8-i6-crc,held,QRC-minus-CRC,comparison:fixed12:q8-i6-qrc,comparison:fixed12:q8-i6-crc,42,confirmation,-0.07874449339207046,-0.09363407028712945,0.015079260708384279,-0.0829283007265531
shd,confirmation,QRC-minus-CRC:comparison:fixed12:q8-i6-qrc:comparison:fixed12:q8-i6-crc,held,QRC-minus-CRC,comparison:fixed12:q8-i6-qrc,comparison:fixed12:q8-i6-crc,44,confirmation,-0.10737885462555063,-0.12027956819739266,-0.06822545164697058,-0.11112202218635558
shd,confirmation,QRC-minus-CRC:comparison:fixed12:q8-i6-qrc:comparison:fixed12:q8-i6-crc,held,QRC-minus-CRC,comparison:fixed12:q8-i6-qrc,comparison:fixed12:q8-i6-crc,46,confirmation,-0.13931718061674003,-0.14653641610844337,-0.12658323159846563,-0.1393717403483976
shd,development,QRC-minus-CRC:comparison:fixed12:q8-i6-qrc:comparison:fixed12:q8-i6-crc,held,QRC-minus-CRC,comparison:fixed12:q8-i6-qrc,comparison:fixed12:q8-i6-crc,42,0,-0.16608996539792392,-0.16195518708001405,-0.057365920466774134,-0.15923607757168412
shd,development,QRC-minus-CRC:comparison:fixed12:q8-i6-qrc:comparison:fixed12:q8-i6-crc,held,QRC-minus-CRC,comparison:fixed12:q8-i6-qrc,comparison:fixed12:q8-i6-crc,42,1,-0.028488372093023295,-0.03640526435374075,-0.054172291203320955,-0.02164069953874531
shd,development,QRC-minus-CRC:comparison:fixed12:q8-i6-qrc:comparison:fixed12:q8-i6-crc,held,QRC-minus-CRC,comparison:fixed12:q8-i6-qrc,comparison:fixed12:q8-i6-crc,42,2,-0.08578584846587356,-0.07115443462986115,-0.03984596659685069,-0.08468322553320934
shd,development,QRC-minus-CRC:comparison:fixed12:q8-i6-qrc:comparison:fixed12:q8-i6-crc,held,QRC-minus-CRC,comparison:fixed12:q8-i6-qrc,comparison:fixed12:q8-i6-crc,42,3,-0.03675538656527244,-0.02019310125613738,-0.06870840029296366,-0.03557361084783983
shd,development,QRC-minus-CRC:comparison:fixed12:q8-i6-qrc:comparison:fixed12:q8-i6-crc,held,QRC-minus-CRC,comparison:fixed12:q8-i6-qrc,comparison:fixed12:q8-i6-crc,44,0,-0.1494809688581315,-0.14752218635404968,-0.20217618327249898,-0.14198460981345856
shd,development,QRC-minus-CRC:comparison:fixed12:q8-i6-qrc:comparison:fixed12:q8-i6-crc,held,QRC-minus-CRC,comparison:fixed12:q8-i6-qrc,comparison:fixed12:q8-i6-crc,44,1,-0.05290697674418604,-0.06307933031662832,-0.07694009133528068,-0.041360053454611634
shd,development,QRC-minus-CRC:comparison:fixed12:q8-i6-qrc:comparison:fixed12:q8-i6-crc,held,QRC-minus-CRC,comparison:fixed12:q8-i6-qrc,comparison:fixed12:q8-i6-crc,44,2,0.005009392611145913,-0.028590063034001467,-0.06304239501097597,0.0025583674648261834
shd,development,QRC-minus-CRC:comparison:fixed12:q8-i6-qrc:comparison:fixed12:q8-i6-crc,held,QRC-minus-CRC,comparison:fixed12:q8-i6-qrc,comparison:fixed12:q8-i6-crc,44,3,-0.05259822560202787,-0.04539278500579941,-0.0750111721900597,-0.052118251648916814
shd,development,QRC-minus-CRC:comparison:fixed12:q8-i6-qrc:comparison:fixed12:q8-i6-crc,held,QRC-minus-CRC,comparison:fixed12:q8-i6-qrc,comparison:fixed12:q8-i6-crc,46,0,-0.3356401384083045,-0.3232525374558477,-0.2438247464975768,-0.3305234498796263
shd,development,QRC-minus-CRC:comparison:fixed12:q8-i6-qrc:comparison:fixed12:q8-i6-crc,held,QRC-minus-CRC,comparison:fixed12:q8-i6-qrc,comparison:fixed12:q8-i6-crc,46,1,-0.1261627906976744,-0.1333856383229607,-0.15885473173197195,-0.09662158764829615
shd,development,QRC-minus-CRC:comparison:fixed12:q8-i6-qrc:comparison:fixed12:q8-i6-crc,held,QRC-minus-CRC,comparison:fixed12:q8-i6-qrc,comparison:fixed12:q8-i6-crc,46,2,-0.17658108954289287,-0.1784856249988071,-0.14484164143027173,-0.18946936345709187
shd,development,QRC-minus-CRC:comparison:fixed12:q8-i6-qrc:comparison:fixed12:q8-i6-crc,held,QRC-minus-CRC,comparison:fixed12:q8-i6-qrc,comparison:fixed12:q8-i6-crc,46,3,-0.1850443599493029,-0.1986780088155502,-0.22389050339376698,-0.18650715642322457
shd,official,QRC-minus-CRC:comparison:fixed12:q8-i6-qrc:comparison:fixed12:q8-i6-crc,held,QRC-minus-CRC,comparison:fixed12:q8-i6-qrc,comparison:fixed12:q8-i6-crc,42,official,-0.1192579505300354,-0.12850117185738696,-0.12434964600076104,-0.11918900635548002
shd,official,QRC-minus-CRC:comparison:fixed12:q8-i6-qrc:comparison:fixed12:q8-i6-crc,held,QRC-minus-CRC,comparison:fixed12:q8-i6-qrc,comparison:fixed12:q8-i6-crc,44,official,-0.16563604240282692,-0.17694460951696533,-0.17969364627084294,-0.16740588343498364
shd,official,QRC-minus-CRC:comparison:fixed12:q8-i6-qrc:comparison:fixed12:q8-i6-crc,held,QRC-minus-CRC,comparison:fixed12:q8-i6-qrc,comparison:fixed12:q8-i6-crc,46,official,-0.2265901060070672,-0.2399184118746771,-0.2494513848154699,-0.2276020956621243
shd,confirmation,QRC-minus-CRC:comparison:tuned:q8-i6-qrc:comparison:tuned:q8-i6-crc,held,QRC-minus-CRC,comparison:tuned:q8-i6-qrc,comparison:tuned:q8-i6-crc,42,confirmation,0.060572687224669575,0.05614685127907082,0.043194316621044226,0.06018346994157597
shd,confirmation,QRC-minus-CRC:comparison:tuned:q8-i6-qrc:comparison:tuned:q8-i6-crc,held,QRC-minus-CRC,comparison:tuned:q8-i6-qrc,comparison:tuned:q8-i6-crc,44,confirmation,0.021475770925110105,0.022963808629451243,0.028933620248387082,0.021389549464807978
shd,confirmation,QRC-minus-CRC:comparison:tuned:q8-i6-qrc:comparison:tuned:q8-i6-crc,held,QRC-minus-CRC,comparison:tuned:q8-i6-qrc,comparison:tuned:q8-i6-crc,46,confirmation,0.01982378854625544,0.01899156511943567,0.013520800378309716,0.019244528544151374
shd,development,QRC-minus-CRC:comparison:tuned:q8-i6-qrc:comparison:tuned:q8-i6-crc,held,QRC-minus-CRC,comparison:tuned:q8-i6-qrc,comparison:tuned:q8-i6-crc,42,0,0.0027681660899654403,0.007889664792442463,0.02920446156341372,0.005316198424764607
shd,development,QRC-minus-CRC:comparison:tuned:q8-i6-qrc:comparison:tuned:q8-i6-crc,held,QRC-minus-CRC,comparison:tuned:q8-i6-qrc,comparison:tuned:q8-i6-crc,42,1,0.006395348837209269,0.008013297654812734,-0.009599465707527344,0.01428081798609071
shd,development,QRC-minus-CRC:comparison:tuned:q8-i6-qrc:comparison:tuned:q8-i6-crc,held,QRC-minus-CRC,comparison:tuned:q8-i6-qrc,comparison:tuned:q8-i6-crc,42,2,-0.03694427050720106,-0.0279243693752409,-0.062199497886974986,-0.03795931010889031
shd,development,QRC-minus-CRC:comparison:tuned:q8-i6-qrc:comparison:tuned:q8-i6-crc,held,QRC-minus-CRC,comparison:tuned:q8-i6-qrc,comparison:tuned:q8-i6-crc,42,3,0.047528517110266066,0.05825956121768383,0.04452388492411763,0.04958670070000437
shd,development,QRC-minus-CRC:comparison:tuned:q8-i6-qrc:comparison:tuned:q8-i6-crc,held,QRC-minus-CRC,comparison:tuned:q8-i6-qrc,comparison:tuned:q8-i6-crc,44,0,0.02906574394463668,0.028353781633033703,0.06882955894765652,0.028418550146266708
shd,development,QRC-minus-CRC:comparison:tuned:q8-i6-qrc:comparison:tuned:q8-i6-crc,held,QRC-minus-CRC,comparison:tuned:q8-i6-qrc,comparison:tuned:q8-i6-crc,44,1,0.021511627906976694,0.021039800312172008,0.028943813990909395,0.028288725259240866
shd,development,QRC-minus-CRC:comparison:tuned:q8-i6-qrc:comparison:tuned:q8-i6-crc,held,QRC-minus-CRC,comparison:tuned:q8-i6-qrc,comparison:tuned:q8-i6-crc,44,2,0.016280525986224148,0.020611427652162617,0.03313106152952883,0.016233758626196915
shd,development,QRC-minus-CRC:comparison:tuned:q8-i6-qrc:comparison:tuned:q8-i6-crc,held,QRC-minus-CRC,comparison:tuned:q8-i6-qrc,comparison:tuned:q8-i6-crc,44,3,0.019645120405576644,0.03173620204287342,-0.004950915839453618,0.0199799895580427
shd,development,QRC-minus-CRC:comparison:tuned:q8-i6-qrc:comparison:tuned:q8-i6-crc,held,QRC-minus-CRC,comparison:tuned:q8-i6-qrc,comparison:tuned:q8-i6-crc,46,0,0.02491349480968863,0.03424279030420119,0.030930970273886027,0.023478405920707046
shd,development,QRC-minus-CRC:comparison:tuned:q8-i6-qrc:comparison:tuned:q8-i6-crc,held,QRC-minus-CRC,comparison:tuned:q8-i6-qrc,comparison:tuned:q8-i6-crc,46,1,-0.030813953488372015,-0.009322738254484264,0.021763848981908085,-0.018277485335729926
shd,development,QRC-minus-CRC:comparison:tuned:q8-i6-qrc:comparison:tuned:q8-i6-crc,held,QRC-minus-CRC,comparison:tuned:q8-i6-qrc,comparison:tuned:q8-i6-crc,46,2,-0.006887914840325637,-0.018778379875711293,0.0183206941216445,-0.007982736383041256
shd,development,QRC-minus-CRC:comparison:tuned:q8-i6-qrc:comparison:tuned:q8-i6-crc,held,QRC-minus-CRC,comparison:tuned:q8-i6-qrc,comparison:tuned:q8-i6-crc,46,3,0.005703422053231932,0.005984537152953551,-0.008573084229047234,0.006825026365613218
shd,official,QRC-minus-CRC:comparison:tuned:q8-i6-qrc:comparison:tuned:q8-i6-crc,held,QRC-minus-CRC,comparison:tuned:q8-i6-qrc,comparison:tuned:q8-i6-crc,42,official,0.03798586572438167,0.0415547054509956,0.01759021800467353,0.035895998701272136
shd,official,QRC-minus-CRC:comparison:tuned:q8-i6-qrc:comparison:tuned:q8-i6-crc,held,QRC-minus-CRC,comparison:tuned:q8-i6-qrc,comparison:tuned:q8-i6-crc,44,official,0.0393109540636043,0.041267358551217326,0.014098717458021048,0.03779358914875386
shd,official,QRC-minus-CRC:comparison:tuned:q8-i6-qrc:comparison:tuned:q8-i6-crc,held,QRC-minus-CRC,comparison:tuned:q8-i6-qrc,comparison:tuned:q8-i6-crc,46,official,0.03666077738515905,0.035403451483244086,0.021277597100687884,0.03472770186875895
shd,confirmation,tuned-minus-fixed:comparison:tuned:q8-i6-qrc:comparison:fixed:q8-i6-qrc,held,tuned-minus-fixed,comparison:tuned:q8-i6-qrc,comparison:fixed:q8-i6-qrc,42,confirmation,0.04350220264317184,0.033141604631286015,0.010674942973340484,0.04277903685647988
shd,confirmation,tuned-minus-fixed:comparison:tuned:q8-i6-qrc:comparison:fixed:q8-i6-qrc,held,tuned-minus-fixed,comparison:tuned:q8-i6-qrc,comparison:fixed:q8-i6-qrc,44,confirmation,0.02698237885462551,0.02136163327213314,0.005597514916306001,0.027385593039449874
shd,confirmation,tuned-minus-fixed:comparison:tuned:q8-i6-qrc:comparison:fixed:q8-i6-qrc,held,tuned-minus-fixed,comparison:tuned:q8-i6-qrc,comparison:fixed:q8-i6-qrc,46,confirmation,0.005506607929515406,0.008432608515907325,0.000277482212902469,0.005180204959924994
shd,development,tuned-minus-fixed:comparison:tuned:q8-i6-qrc:comparison:fixed:q8-i6-qrc,held,tuned-minus-fixed,comparison:tuned:q8-i6-qrc,comparison:fixed:q8-i6-qrc,42,0,0.11695501730103808,0.11020303957455946,0.02268121547372015,0.11586428606477939
shd,development,tuned-minus-fixed:comparison:tuned:q8-i6-qrc:comparison:fixed:q8-i6-qrc,held,tuned-minus-fixed,comparison:tuned:q8-i6-qrc,comparison:fixed:q8-i6-qrc,42,1,0.0011627906976743319,0.00203819360216706,-0.024139125378662474,0.009222310324143335
shd,development,tuned-minus-fixed:comparison:tuned:q8-i6-qrc:comparison:fixed:q8-i6-qrc,held,tuned-minus-fixed,comparison:tuned:q8-i6-qrc,comparison:fixed:q8-i6-qrc,42,2,0.04007514088916719,0.042768999245296535,0.02566027479691757,0.04162271372248971
shd,development,tuned-minus-fixed:comparison:tuned:q8-i6-qrc:comparison:fixed:q8-i6-qrc,held,tuned-minus-fixed,comparison:tuned:q8-i6-qrc,comparison:fixed:q8-i6-qrc,42,3,0.056400506970849085,0.057244756237242456,0.05819929606007079,0.05792349528420604
shd,development,tuned-minus-fixed:comparison:tuned:q8-i6-qrc:comparison:fixed:q8-i6-qrc,held,tuned-minus-fixed,comparison:tuned:q8-i6-qrc,comparison:fixed:q8-i6-qrc,44,0,0.01384083044982698,0.011655797533296153,0.063328071575813,0.012290052757478964
shd,development,tuned-minus-fixed:comparison:tuned:q8-i6-qrc:comparison:fixed:q8-i6-qrc,held,tuned-minus-fixed,comparison:tuned:q8-i6-qrc,comparison:fixed:q8-i6-qrc,44,1,0.04418604651162783,0.043712239700970934,0.040340929848398877,0.04849169641828366
shd,development,tuned-minus-fixed:comparison:tuned:q8-i6-qrc:comparison:fixed:q8-i6-qrc,held,tuned-minus-fixed,comparison:tuned:q8-i6-qrc,comparison:fixed:q8-i6-qrc,44,2,-0.01189730745147155,0.011865211913813623,0.039619340692961136,-0.014400507608663404
shd,development,tuned-minus-fixed:comparison:tuned:q8-i6-qrc:comparison:fixed:q8-i6-qrc,held,tuned-minus-fixed,comparison:tuned:q8-i6-qrc,comparison:fixed:q8-i6-qrc,44,3,0.02281368821292773,0.02534192010532521,0.028330372597099585,0.0231302762191391
shd,development,tuned-minus-fixed:comparison:tuned:q8-i6-qrc:comparison:fixed:q8-i6-qrc,held,tuned-minus-fixed,comparison:tuned:q8-i6-qrc,comparison:fixed:q8-i6-qrc,46,0,0.11349480968858139,0.10956184791931645,0.061977639702457954,0.11302971073186552
shd,development,tuned-minus-fixed:comparison:tuned:q8-i6-qrc:comparison:fixed:q8-i6-qrc,held,tuned-minus-fixed,comparison:tuned:q8-i6-qrc,comparison:fixed:q8-i6-qrc,46,1,-0.005232558139534826,0.0019750103081717096,0.02961523355021789,-0.0023190175057524742
shd,development,tuned-minus-fixed:comparison:tuned:q8-i6-qrc:comparison:fixed:q8-i6-qrc,held,tuned-minus-fixed,comparison:tuned:q8-i6-qrc,comparison:fixed:q8-i6-qrc,46,2,0.015654351909830944,0.005911802384498732,-0.012079857351872336,0.01477296462831762
shd,development,tuned-minus-fixed:comparison:tuned:q8-i6-qrc:comparison:fixed:q8-i6-qrc,held,tuned-minus-fixed,comparison:tuned:q8-i6-qrc,comparison:fixed:q8-i6-qrc,46,3,-0.019011406844106515,-0.022190911375836175,0.006479485122680151,-0.019367324345701875
shd,official,tuned-minus-fixed:comparison:tuned:q8-i6-qrc:comparison:fixed:q8-i6-qrc,held,tuned-minus-fixed,comparison:tuned:q8-i6-qrc,comparison:fixed:q8-i6-qrc,42,official,0.0225265017667845,0.02056428662261267,0.021781427007711796,0.02317185777451658
shd,official,tuned-minus-fixed:comparison:tuned:q8-i6-qrc:comparison:fixed:q8-i6-qrc,held,tuned-minus-fixed,comparison:tuned:q8-i6-qrc,comparison:fixed:q8-i6-qrc,44,official,0.04328621908127206,0.04614157871619684,0.04578304413996481,0.043987169630643974
shd,official,tuned-minus-fixed:comparison:tuned:q8-i6-qrc:comparison:fixed:q8-i6-qrc,held,tuned-minus-fixed,comparison:tuned:q8-i6-qrc,comparison:fixed:q8-i6-qrc,46,official,0.007067137809187329,0.007429731766412928,0.0045666134341431075,0.00636967408992517
shd,confirmation,natural-minus-fixed12:comparison:fixed:q8-i6-qrc:comparison:fixed12:q8-i6-qrc,held,natural-minus-fixed12,comparison:fixed:q8-i6-qrc,comparison:fixed12:q8-i6-qrc,42,confirmation,0.11618942731277526,0.1353554014977626,0.05021154853165488,0.11981797567275121
shd,confirmation,natural-minus-fixed12:comparison:fixed:q8-i6-qrc:comparison:fixed12:q8-i6-qrc,held,natural-minus-fixed12,comparison:fixed:q8-i6-qrc,comparison:fixed12:q8-i6-qrc,44,confirmation,0.151431718061674,0.16777117057394403,0.1286822691770918,0.15424198050913107
shd,confirmation,natural-minus-fixed12:comparison:fixed:q8-i6-qrc:comparison:fixed12:q8-i6-qrc,held,natural-minus-fixed12,comparison:fixed:q8-i6-qrc,comparison:fixed12:q8-i6-qrc,46,confirmation,0.14702643171806162,0.14755819755321686,0.12487049682425078,0.146525126874541
shd,development,natural-minus-fixed12:comparison:fixed:q8-i6-qrc:comparison:fixed12:q8-i6-qrc,held,natural-minus-fixed12,comparison:fixed:q8-i6-qrc,comparison:fixed12:q8-i6-qrc,42,0,0.1224913494809689,0.14392718272362642,0.11167758774019287,0.12566120033675754
shd,development,natural-minus-fixed12:comparison:fixed:q8-i6-qrc:comparison:fixed12:q8-i6-qrc,held,natural-minus-fixed12,comparison:fixed:q8-i6-qrc,comparison:fixed12:q8-i6-qrc,42,1,0.11453488372093029,0.13813184323767363,0.1703506687278506,0.1116214425531889
shd,development,natural-minus-fixed12:comparison:fixed:q8-i6-qrc:comparison:fixed12:q8-i6-qrc,held,natural-minus-fixed12,comparison:fixed:q8-i6-qrc,comparison:fixed12:q8-i6-qrc,42,2,0.06011271133375079,0.06424220241049805,0.06200421268471712,0.06155460451064593
shd,development,natural-minus-fixed12:comparison:fixed:q8-i6-qrc:comparison:fixed12:q8-i6-qrc,held,natural-minus-fixed12,comparison:fixed:q8-i6-qrc,comparison:fixed12:q8-i6-qrc,42,3,0.07667934093789608,0.08239614740385326,0.10756693872040002,0.07719376098952724
shd,development,natural-minus-fixed12:comparison:fixed:q8-i6-qrc:comparison:fixed12:q8-i6-qrc,held,natural-minus-fixed12,comparison:fixed:q8-i6-qrc,comparison:fixed12:q8-i6-qrc,44,0,0.25813148788927337,0.26573079497876195,0.24223346145205127,0.25980331031627885
shd,development,natural-minus-fixed12:comparison:fixed:q8-i6-qrc:comparison:fixed12:q8-i6-qrc,held,natural-minus-fixed12,comparison:fixed:q8-i6-qrc,comparison:fixed12:q8-i6-qrc,44,1,0.11104651162790702,0.15110328778130755,0.18294156673942608,0.11338876835161504
shd,development,natural-minus-fixed12:comparison:fixed:q8-i6-qrc:comparison:fixed12:q8-i6-qrc,held,natural-minus-fixed12,comparison:fixed:q8-i6-qrc,comparison:fixed12:q8-i6-qrc,44,2,0.06011271133375079,0.0766409480047145,0.07369379487695304,0.06632663636219721
shd,development,natural-minus-fixed12:comparison:fixed:q8-i6-qrc:comparison:fixed12:q8-i6-qrc,held,natural-minus-fixed12,comparison:fixed:q8-i6-qrc,comparison:fixed12:q8-i6-qrc,44,3,0.11723700887198985,0.1261368259982198,0.11359282953291017,0.1187005056598337
shd,development,natural-minus-fixed12:comparison:fixed:q8-i6-qrc:comparison:fixed12:q8-i6-qrc,held,natural-minus-fixed12,comparison:fixed:q8-i6-qrc,comparison:fixed12:q8-i6-qrc,46,0,0.2560553633217993,0.2545967074540275,0.2109844990958546,0.25129993234666076
shd,development,natural-minus-fixed12:comparison:fixed:q8-i6-qrc:comparison:fixed12:q8-i6-qrc,held,natural-minus-fixed12,comparison:fixed:q8-i6-qrc,comparison:fixed12:q8-i6-qrc,46,1,0.1395348837209302,0.16145122692452663,0.19452893127447823,0.1187106267469416
shd,development,natural-minus-fixed12:comparison:fixed:q8-i6-qrc:comparison:fixed12:q8-i6-qrc,held,natural-minus-fixed12,comparison:fixed:q8-i6-qrc,comparison:fixed12:q8-i6-qrc,46,2,0.12335629304946771,0.13363514769145418,0.19016725515934868,0.13380676599741165
shd,development,natural-minus-fixed12:comparison:fixed:q8-i6-qrc:comparison:fixed12:q8-i6-qrc,held,natural-minus-fixed12,comparison:fixed:q8-i6-qrc,comparison:fixed12:q8-i6-qrc,46,3,0.23130544993662872,0.25287180671547693,0.23527489753376934,0.23412370117739967
shd,official,natural-minus-fixed12:comparison:fixed:q8-i6-qrc:comparison:fixed12:q8-i6-qrc,held,natural-minus-fixed12,comparison:fixed:q8-i6-qrc,comparison:fixed12:q8-i6-qrc,42,official,0.17181978798586572,0.18724978359889943,0.17576109229708892,0.1709518613424993
shd,official,natural-minus-fixed12:comparison:fixed:q8-i6-qrc:comparison:fixed12:q8-i6-qrc,held,natural-minus-fixed12,comparison:fixed:q8-i6-qrc,comparison:fixed12:q8-i6-qrc,44,official,0.1978798586572439,0.20847777311112625,0.20217359836842863,0.19771815248709057
shd,official,natural-minus-fixed12:comparison:fixed:q8-i6-qrc:comparison:fixed12:q8-i6-qrc,held,natural-minus-fixed12,comparison:fixed:q8-i6-qrc,comparison:fixed12:q8-i6-qrc,46,official,0.24646643109540634,0.2623283390358051,0.2737171404852967,0.2469754745283862
shd,confirmation,reservoir-minus-projection:comparison:fixed:q8-i6-qrc:comparison:projection:i6,held,reservoir-minus-projection,comparison:fixed:q8-i6-qrc,comparison:projection:i6,42,confirmation,-0.014867841409691662,-0.009795707245612961,0.018646145255828195,-0.01396786430762642
shd,confirmation,reservoir-minus-projection:comparison:fixed:q8-i6-qrc:comparison:projection:i6,held,reservoir-minus-projection,comparison:fixed:q8-i6-qrc,comparison:projection:i6,44,confirmation,0.00770925110132159,0.018311237282225612,0.02836217901945126,0.008152599698446505
shd,confirmation,reservoir-minus-projection:comparison:fixed:q8-i6-qrc:comparison:projection:i6,held,reservoir-minus-projection,comparison:fixed:q8-i6-qrc,comparison:projection:i6,46,confirmation,0.006057268722466924,0.008314030369454994,0.012244783277526317,0.006958434753235099
shd,development,reservoir-minus-projection:comparison:fixed:q8-i6-qrc:comparison:projection:i6,held,reservoir-minus-projection,comparison:fixed:q8-i6-qrc,comparison:projection:i6,42,0,-0.08719723183391004,-0.08141757323038024,7.808810385956377e-05,-0.08810894307095574
shd,development,reservoir-minus-projection:comparison:fixed:q8-i6-qrc:comparison:projection:i6,held,reservoir-minus-projection,comparison:fixed:q8-i6-qrc,comparison:projection:i6,42,1,0.02034883720930236,0.01743156602873719,0.03791467380493396,0.009503706557635105
shd,development,reservoir-minus-projection:comparison:fixed:q8-i6-qrc:comparison:projection:i6,held,reservoir-minus-projection,comparison:fixed:q8-i6-qrc,comparison:projection:i6,42,2,-0.017532874139010668,-0.011957580794856426,-0.0028440580875733756,-0.014657003000653201
shd,development,reservoir-minus-projection:comparison:fixed:q8-i6-qrc:comparison:projection:i6,held,reservoir-minus-projection,comparison:fixed:q8-i6-qrc,comparison:projection:i6,42,3,-0.005703422053231932,0.0005675518861664175,0.025909478880742576,-0.0061499927992199055
shd,development,reservoir-minus-projection:comparison:fixed:q8-i6-qrc:comparison:projection:i6,held,reservoir-minus-projection,comparison:fixed:q8-i6-qrc,comparison:projection:i6,44,0,0.0422145328719723,0.03496422005155142,-0.0035478486535289733,0.04096049844288929
shd,development,reservoir-minus-projection:comparison:fixed:q8-i6-qrc:comparison:projection:i6,held,reservoir-minus-projection,comparison:fixed:q8-i6-qrc,comparison:projection:i6,44,1,-0.006395348837209269,-0.005944741706778722,-0.00010262338304600771,-0.012860093312355603
shd,development,reservoir-minus-projection:comparison:fixed:q8-i6-qrc:comparison:projection:i6,held,reservoir-minus-projection,comparison:fixed:q8-i6-qrc,comparison:projection:i6,44,2,0.06011271133375079,0.038126143231680176,0.0023448202041360666,0.06728719806193184
shd,development,reservoir-minus-projection:comparison:fixed:q8-i6-qrc:comparison:projection:i6,held,reservoir-minus-projection,comparison:fixed:q8-i6-qrc,comparison:projection:i6,44,3,0.01457541191381495,0.01747618516218341,0.028015270864856556,0.01450074827929404
shd,development,reservoir-minus-projection:comparison:fixed:q8-i6-qrc:comparison:projection:i6,held,reservoir-minus-projection,comparison:fixed:q8-i6-qrc,comparison:projection:i6,46,0,-0.08442906574394471,-0.08328671630190343,-0.0462241169026667,-0.08916590957315063
shd,development,reservoir-minus-projection:comparison:fixed:q8-i6-qrc:comparison:projection:i6,held,reservoir-minus-projection,comparison:fixed:q8-i6-qrc,comparison:projection:i6,46,1,0.012209302325581373,0.020535301835808095,0.0032187006555539632,0.011627972428953526
shd,development,reservoir-minus-projection:comparison:fixed:q8-i6-qrc:comparison:projection:i6,held,reservoir-minus-projection,comparison:fixed:q8-i6-qrc,comparison:projection:i6,46,2,0.016280525986224148,0.021003639863361845,0.05957891259816395,0.020466957113210504
shd,development,reservoir-minus-projection:comparison:fixed:q8-i6-qrc:comparison:projection:i6,held,reservoir-minus-projection,comparison:fixed:q8-i6-qrc,comparison:projection:i6,46,3,0.04752851711026618,0.05377821741602029,0.048933654711173835,0.048245659554006615
shd,official,reservoir-minus-projection:comparison:fixed:q8-i6-qrc:comparison:projection:i6,held,reservoir-minus-projection,comparison:fixed:q8-i6-qrc,comparison:projection:i6,42,official,0.016784452296819685,0.0208068667102711,0.009439310158104286,0.01611453165112442
shd,official,reservoir-minus-projection:comparison:fixed:q8-i6-qrc:comparison:projection:i6,held,reservoir-minus-projection,comparison:fixed:q8-i6-qrc,comparison:projection:i6,44,official,-0.0035335689045936647,-0.006771775436038685,-0.013513730888856657,-0.004477414216335518
shd,official,reservoir-minus-projection:comparison:fixed:q8-i6-qrc:comparison:projection:i6,held,reservoir-minus-projection,comparison:fixed:q8-i6-qrc,comparison:projection:i6,46,official,0.019876325088339142,0.017923765825098248,0.015686670434974737,0.02031643687086848
shd,confirmation,tuned-minus-fixed:comparison:tuned:q8-i6-crc:comparison:fixed:q8-i6-crc,held,tuned-minus-fixed,comparison:tuned:q8-i6-crc,comparison:fixed:q8-i6-crc,42,confirmation,-0.03964757709251099,-0.04213491281894843,-0.03031877473426947,-0.039557250606285344
shd,confirmation,tuned-minus-fixed:comparison:tuned:q8-i6-crc:comparison:fixed:q8-i6-crc,held,tuned-minus-fixed,comparison:tuned:q8-i6-crc,comparison:fixed:q8-i6-crc,44,confirmation,0.013766519823788514,0.011891840361271777,0.005540280508452122,0.01304604689791089
shd,confirmation,tuned-minus-fixed:comparison:tuned:q8-i6-crc:comparison:fixed:q8-i6-crc,held,tuned-minus-fixed,comparison:tuned:q8-i6-crc,comparison:fixed:q8-i6-crc,46,confirmation,0.03854625550660795,0.04639229655794097,0.02885090972375548,0.03985770644028608
shd,development,tuned-minus-fixed:comparison:tuned:q8-i6-crc:comparison:fixed:q8-i6-crc,held,tuned-minus-fixed,comparison:tuned:q8-i6-crc,comparison:fixed:q8-i6-crc,42,0,0.05328719723183395,0.06387697510205703,0.024290060168485672,0.05774742773675212
shd,development,tuned-minus-fixed:comparison:tuned:q8-i6-crc:comparison:fixed:q8-i6-crc,held,tuned-minus-fixed,comparison:tuned:q8-i6-crc,comparison:fixed:q8-i6-crc,42,1,0.02848837209302324,0.02631488144447036,0.03130375074872738,0.026405594901631413
shd,development,tuned-minus-fixed:comparison:tuned:q8-i6-crc:comparison:fixed:q8-i6-crc,held,tuned-minus-fixed,comparison:tuned:q8-i6-crc,comparison:fixed:q8-i6-crc,42,2,0.034439574201628076,0.038508941475272396,0.04585025793594166,0.036386844856181155
shd,development,tuned-minus-fixed:comparison:tuned:q8-i6-crc:comparison:fixed:q8-i6-crc,held,tuned-minus-fixed,comparison:tuned:q8-i6-crc,comparison:fixed:q8-i6-crc,42,3,-0.005703422053231932,-0.0064301320486610525,0.0030773410499659315,-0.005473073669412631
shd,development,tuned-minus-fixed:comparison:tuned:q8-i6-crc:comparison:fixed:q8-i6-crc,held,tuned-minus-fixed,comparison:tuned:q8-i6-crc,comparison:fixed:q8-i6-crc,44,0,0.02283737024221455,0.03554992134118984,0.001360245121223791,0.028362668285593085
shd,development,tuned-minus-fixed:comparison:tuned:q8-i6-crc:comparison:fixed:q8-i6-crc,held,tuned-minus-fixed,comparison:tuned:q8-i6-crc,comparison:fixed:q8-i6-crc,44,1,0.043604651162790664,0.06017322664140107,0.0487881367067905,0.05300717006117528
shd,development,tuned-minus-fixed:comparison:tuned:q8-i6-crc:comparison:fixed:q8-i6-crc,held,tuned-minus-fixed,comparison:tuned:q8-i6-crc,comparison:fixed:q8-i6-crc,44,2,-0.0037570444583594487,0.00359574484104197,-0.0038448970588191855,-0.0007884022655522127
shd,development,tuned-minus-fixed:comparison:tuned:q8-i6-crc:comparison:fixed:q8-i6-crc,held,tuned-minus-fixed,comparison:tuned:q8-i6-crc,comparison:fixed:q8-i6-crc,44,3,0.00823827629911289,0.008501074813282328,0.029285430300825532,0.008581963428881956
shd,development,tuned-minus-fixed:comparison:tuned:q8-i6-crc:comparison:fixed:q8-i6-crc,held,tuned-minus-fixed,comparison:tuned:q8-i6-crc,comparison:fixed:q8-i6-crc,46,0,0.09342560553633217,0.10357131911272388,0.05952597974682594,0.09751238513199989
shd,development,tuned-minus-fixed:comparison:tuned:q8-i6-crc:comparison:fixed:q8-i6-crc,held,tuned-minus-fixed,comparison:tuned:q8-i6-crc,comparison:fixed:q8-i6-crc,46,1,0.10523255813953486,0.13112962714485643,0.1126528385239613,0.11421336988078917
shd,development,tuned-minus-fixed:comparison:tuned:q8-i6-crc:comparison:fixed:q8-i6-crc,held,tuned-minus-fixed,comparison:tuned:q8-i6-crc,comparison:fixed:q8-i6-crc,46,2,-0.006887914840325582,0.03520132834496986,0.054534252365953106,-0.008899359075359659
shd,development,tuned-minus-fixed:comparison:tuned:q8-i6-crc:comparison:fixed:q8-i6-crc,held,tuned-minus-fixed,comparison:tuned:q8-i6-crc,comparison:fixed:q8-i6-crc,46,3,0.07287705956907475,0.09004512163563339,0.1124780621133975,0.07464644369960649
shd,official,tuned-minus-fixed:comparison:tuned:q8-i6-crc:comparison:fixed:q8-i6-crc,held,tuned-minus-fixed,comparison:tuned:q8-i6-crc,comparison:fixed:q8-i6-crc,42,official,0.017226148409893893,0.02346973000228092,0.04628524355624586,0.018699474695213936
shd,official,tuned-minus-fixed:comparison:tuned:q8-i6-crc:comparison:fixed:q8-i6-crc,held,tuned-minus-fixed,comparison:tuned:q8-i6-crc,comparison:fixed:q8-i6-crc,44,official,0.012367491166077715,0.016896358947365075,0.03849847804286122,0.012301346396309087
shd,official,tuned-minus-fixed:comparison:tuned:q8-i6-crc:comparison:fixed:q8-i6-crc,held,tuned-minus-fixed,comparison:tuned:q8-i6-crc,comparison:fixed:q8-i6-crc,46,official,0.0340106007067138,0.04199443524967261,0.05363553237147989,0.034480382508832785
shd,confirmation,natural-minus-fixed12:comparison:fixed:q8-i6-crc:comparison:fixed12:q8-i6-crc,held,natural-minus-fixed12,comparison:fixed:q8-i6-crc,comparison:fixed12:q8-i6-crc,42,confirmation,0.060022026431718056,0.06085099738179678,0.06309021032660489,0.05904249246738735
shd,confirmation,natural-minus-fixed12:comparison:fixed:q8-i6-crc:comparison:fixed12:q8-i6-crc,held,natural-minus-fixed12,comparison:fixed:q8-i6-crc,comparison:fixed12:q8-i6-crc,44,confirmation,0.03579295154185025,0.03399758665796149,0.03158043168958802,0.03606995499950649
shd,confirmation,natural-minus-fixed12:comparison:fixed:q8-i6-crc:comparison:fixed12:q8-i6-crc,held,natural-minus-fixed12,comparison:fixed:q8-i6-crc,comparison:fixed12:q8-i6-crc,46,confirmation,-0.045154185022026394,-0.05592947171669582,-0.04380696266337758,-0.04676864349836907
shd,development,natural-minus-fixed12:comparison:fixed:q8-i6-crc:comparison:fixed12:q8-i6-crc,held,natural-minus-fixed12,comparison:fixed:q8-i6-crc,comparison:fixed12:q8-i6-crc,42,0,0.01730103806228367,0.020408395323672335,0.0234983610152395,0.019225782668336078
shd,development,natural-minus-fixed12:comparison:fixed:q8-i6-crc:comparison:fixed12:q8-i6-crc,held,natural-minus-fixed12,comparison:fixed:q8-i6-crc,comparison:fixed12:q8-i6-crc,42,1,0.05232558139534882,0.06943659338681685,0.07033496710466713,0.0585166404508648
shd,development,natural-minus-fixed12:comparison:fixed:q8-i6-crc:comparison:fixed12:q8-i6-crc,held,natural-minus-fixed12,comparison:fixed:q8-i6-crc,comparison:fixed12:q8-i6-crc,42,2,0.016906700062617408,0.025272194925901936,0.06416776083581732,0.020066557952635455
shd,development,natural-minus-fixed12:comparison:fixed:q8-i6-crc:comparison:fixed12:q8-i6-crc,held,natural-minus-fixed12,comparison:fixed:q8-i6-crc,comparison:fixed12:q8-i6-crc,42,3,0.05449936628643859,0.06761837321593556,0.049456608513423594,0.055430018395301706
shd,development,natural-minus-fixed12:comparison:fixed:q8-i6-crc:comparison:fixed12:q8-i6-crc,held,natural-minus-fixed12,comparison:fixed:q8-i6-crc,comparison:fixed12:q8-i6-crc,44,0,0.07058823529411762,0.06596070318378489,0.03319554568648497,0.07332753482843946
shd,development,natural-minus-fixed12:comparison:fixed:q8-i6-crc:comparison:fixed12:q8-i6-crc,held,natural-minus-fixed12,comparison:fixed:q8-i6-crc,comparison:fixed12:q8-i6-crc,44,1,0.03720930232558145,0.050523170212077084,0.06861045455484438,0.03922451599487092
shd,development,natural-minus-fixed12:comparison:fixed:q8-i6-crc:comparison:fixed12:q8-i6-crc,held,natural-minus-fixed12,comparison:fixed:q8-i6-crc,comparison:fixed12:q8-i6-crc,44,2,0.04070131496556045,0.03570892439132206,0.020984576088228568,0.03903913985771529
shd,development,natural-minus-fixed12:comparison:fixed:q8-i6-crc:comparison:fixed12:q8-i6-crc,held,natural-minus-fixed12,comparison:fixed:q8-i6-crc,comparison:fixed12:q8-i6-crc,44,3,0.05956907477820017,0.06584868424158985,0.04257751547857813,0.06115057724313133
shd,development,natural-minus-fixed12:comparison:fixed:q8-i6-crc:comparison:fixed12:q8-i6-crc,held,natural-minus-fixed12,comparison:fixed:q8-i6-crc,comparison:fixed12:q8-i6-crc,46,0,-0.0844290657439446,-0.0969080914994288,-0.061319557719976214,-0.08718459785380694
shd,development,natural-minus-fixed12:comparison:fixed:q8-i6-crc:comparison:fixed12:q8-i6-crc,held,natural-minus-fixed12,comparison:fixed:q8-i6-crc,comparison:fixed12:q8-i6-crc,46,1,-0.06627906976744186,-0.09176628998063452,-0.06912725441314521,-0.07616586295216626
shd,development,natural-minus-fixed12:comparison:fixed:q8-i6-crc:comparison:fixed12:q8-i6-crc,held,natural-minus-fixed12,comparison:fixed:q8-i6-crc,comparison:fixed12:q8-i6-crc,46,2,-0.02379461490294299,-0.05536162339211276,-0.03960919011039299,-0.024007537372961685
shd,development,natural-minus-fixed12:comparison:fixed:q8-i6-crc:comparison:fixed12:q8-i6-crc,held,natural-minus-fixed12,comparison:fixed:q8-i6-crc,comparison:fixed12:q8-i6-crc,46,3,-0.05133079847908739,-0.06402677226449638,-0.08604109862166776,-0.05322224965674649
shd,official,natural-minus-fixed12:comparison:fixed:q8-i6-crc:comparison:fixed12:q8-i6-crc,held,natural-minus-fixed12,comparison:fixed:q8-i6-crc,comparison:fixed12:q8-i6-crc,42,official,0.019876325088339253,0.01428846291084862,0.009317411743120285,0.020339239365049777
shd,official,natural-minus-fixed12:comparison:fixed:q8-i6-crc:comparison:fixed12:q8-i6-crc,held,natural-minus-fixed12,comparison:fixed:q8-i6-crc,comparison:fixed12:q8-i6-crc,44,official,0.023851590106007015,0.019511024811775357,0.015665800736668234,0.02420450313768796
shd,official,natural-minus-fixed12:comparison:fixed:q8-i6-crc:comparison:fixed12:q8-i6-crc,held,natural-minus-fixed12,comparison:fixed:q8-i6-crc,comparison:fixed12:q8-i6-crc,46,official,-0.04372791519434638,-0.047558227805375775,-0.04608076036819786,-0.043465031421404676
shd,confirmation,reservoir-minus-projection:comparison:fixed:q8-i6-crc:comparison:projection:i6,held,reservoir-minus-projection,comparison:fixed:q8-i6-crc,comparison:projection:i6,42,confirmation,0.00770925110132159,0.009333958925550667,0.016445546342393924,0.008184953213562829
shd,confirmation,reservoir-minus-projection:comparison:fixed:q8-i6-crc:comparison:projection:i6,held,reservoir-minus-projection,comparison:fixed:q8-i6-crc,comparison:projection:i6,44,confirmation,-0.0005506607929515184,0.004817221563635732,-0.0005142068210819417,0.0011025963751775114
shd,confirmation,reservoir-minus-projection:comparison:fixed:q8-i6-crc:comparison:projection:i6,held,reservoir-minus-projection,comparison:fixed:q8-i6-crc,comparison:projection:i6,46,confirmation,-0.04680616740088106,-0.04863722279201432,-0.02984944461163641,-0.04696359527127736
shd,development,reservoir-minus-projection:comparison:fixed:q8-i6-crc:comparison:projection:i6,held,reservoir-minus-projection,comparison:fixed:q8-i6-crc,comparison:projection:i6,42,0,-0.02629757785467135,-0.04298117355032027,-0.030735218154319677,-0.03530828316769308
shd,development,reservoir-minus-projection:comparison:fixed:q8-i6-crc:comparison:projection:i6,held,reservoir-minus-projection,comparison:fixed:q8-i6-crc,comparison:projection:i6,42,1,-0.013372093023255816,-0.014858419468378847,-0.007928736614928544,-0.021960396005943683
shd,development,reservoir-minus-projection:comparison:fixed:q8-i6-crc:comparison:projection:i6,held,reservoir-minus-projection,comparison:fixed:q8-i6-crc,comparison:projection:i6,42,2,0.02504696305572951,0.02022684635040861,0.03916545666037752,0.028538175974545665
shd,development,reservoir-minus-projection:comparison:fixed:q8-i6-crc:comparison:projection:i6,held,reservoir-minus-projection,comparison:fixed:q8-i6-crc,comparison:projection:i6,42,3,0.008871989860583018,0.005982878954386095,0.03650754896672981,0.007659875454394394
shd,development,reservoir-minus-projection:comparison:fixed:q8-i6-crc:comparison:projection:i6,held,reservoir-minus-projection,comparison:fixed:q8-i6-crc,comparison:projection:i6,44,0,0.0041522491349480495,-0.01728368538937597,-0.010409581146596292,-0.0035306672314915355
shd,development,reservoir-minus-projection:comparison:fixed:q8-i6-crc:comparison:projection:i6,held,reservoir-minus-projection,comparison:fixed:q8-i6-crc,comparison:projection:i6,44,1,-0.027325581395348797,-0.043445528959380864,-0.03749364423234702,-0.04566429221448809
shd,development,reservoir-minus-projection:comparison:fixed:q8-i6-crc:comparison:projection:i6,held,reservoir-minus-projection,comparison:fixed:q8-i6-crc,comparison:projection:i6,44,2,0.03569192235441454,0.02578418265228921,0.012677996426387561,0.037441334092623735
shd,development,reservoir-minus-projection:comparison:fixed:q8-i6-crc:comparison:projection:i6,held,reservoir-minus-projection,comparison:fixed:q8-i6-crc,comparison:projection:i6,44,3,0.009505703422053147,0.0025808284113528757,0.032011129000584226,0.009069071511508486
shd,development,reservoir-minus-projection:comparison:fixed:q8-i6-crc:comparison:projection:i6,held,reservoir-minus-projection,comparison:fixed:q8-i6-crc,comparison:projection:i6,46,0,-0.08927335640138412,-0.11153897779951205,-0.07470342722092072,-0.09712698989399204
shd,development,reservoir-minus-projection:comparison:fixed:q8-i6-crc:comparison:projection:i6,held,reservoir-minus-projection,comparison:fixed:q8-i6-crc,comparison:projection:i6,46,1,-0.0674418604651163,-0.09929657674639236,-0.10158275330009753,-0.0866269296218582
shd,development,reservoir-minus-projection:comparison:fixed:q8-i6-crc:comparison:projection:i6,held,reservoir-minus-projection,comparison:fixed:q8-i6-crc,comparison:projection:i6,46,2,0.04571070757670631,0.010492493778602008,-0.025355891241305994,0.05212201719992904
shd,development,reservoir-minus-projection:comparison:fixed:q8-i6-crc:comparison:projection:i6,held,reservoir-minus-projection,comparison:fixed:q8-i6-crc,comparison:projection:i6,46,3,-0.050063371356147024,-0.06444235274840282,-0.04849183805049628,-0.05259313485691497
shd,official,reservoir-minus-projection:comparison:fixed:q8-i6-crc:comparison:projection:i6,held,reservoir-minus-projection,comparison:fixed:q8-i6-crc,comparison:projection:i6,42,official,-0.01590106007067138,-0.02365328212039275,-0.03265472439510331,-0.015309083970845072
shd,official,reservoir-minus-projection:comparison:fixed:q8-i6-crc:comparison:projection:i6,held,reservoir-minus-projection,comparison:fixed:q8-i6-crc,comparison:projection:i6,44,official,-0.011925795053003618,-0.018793914218424246,-0.02032788224977411,-0.01058518013075449
shd,official,reservoir-minus-projection:comparison:fixed:q8-i6-crc:comparison:projection:i6,held,reservoir-minus-projection,comparison:fixed:q8-i6-crc,comparison:projection:i6,46,official,-0.04372791519434638,-0.05204438914140552,-0.05465984560304993,-0.04252197341679809
shd,confirmation,partial-minus-reset-all:recurrence:qrc:partial:recurrence:qrc:all,held,partial-minus-reset-all,recurrence:qrc:partial,recurrence:qrc:all,42,confirmation,0.029185022026431806,0.030296330230253132,0.010282093320029051,0.029497706704407656
shd,confirmation,partial-minus-reset-all:recurrence:qrc:partial:recurrence:qrc:all,held,partial-minus-reset-all,recurrence:qrc:partial,recurrence:qrc:all,44,confirmation,-0.0005506607929515184,-0.0017065081670960547,-0.014876134475633296,0.0007386366904268415
shd,confirmation,partial-minus-reset-all:recurrence:qrc:partial:recurrence:qrc:all,held,partial-minus-reset-all,recurrence:qrc:partial,recurrence:qrc:all,46,confirmation,0.014867841409691662,0.01813549642826584,0.006158623706077004,0.016289410648189007
shd,development,partial-minus-reset-all:recurrence:qrc:partial:recurrence:qrc:all,held,partial-minus-reset-all,recurrence:qrc:partial,recurrence:qrc:all,42,0,0.03944636678200697,0.0473753996896078,0.026200233957834884,0.03646174701262894
shd,development,partial-minus-reset-all:recurrence:qrc:partial:recurrence:qrc:all,held,partial-minus-reset-all,recurrence:qrc:partial,recurrence:qrc:all,42,1,0.045348837209302384,0.033377820344874465,0.034933225827190495,0.030693715954309475
shd,development,partial-minus-reset-all:recurrence:qrc:partial:recurrence:qrc:all,held,partial-minus-reset-all,recurrence:qrc:partial,recurrence:qrc:all,42,2,0.035691922354414485,0.026903054618561184,-0.005134347858091526,0.037378094138897366
shd,development,partial-minus-reset-all:recurrence:qrc:partial:recurrence:qrc:all,held,partial-minus-reset-all,recurrence:qrc:partial,recurrence:qrc:all,42,3,0.034220532319391705,0.040116519914860316,0.034246036324670937,0.03452848018379262
shd,development,partial-minus-reset-all:recurrence:qrc:partial:recurrence:qrc:all,held,partial-minus-reset-all,recurrence:qrc:partial,recurrence:qrc:all,44,0,-0.00830449826989621,0.004158936744949604,0.022679782208364307,-0.01078500057720655
shd,development,partial-minus-reset-all:recurrence:qrc:partial:recurrence:qrc:all,held,partial-minus-reset-all,recurrence:qrc:partial,recurrence:qrc:all,44,1,0.022674418604651192,0.0071096604293741095,0.017037316623086607,0.014389127888741082
shd,development,partial-minus-reset-all:recurrence:qrc:partial:recurrence:qrc:all,held,partial-minus-reset-all,recurrence:qrc:partial,recurrence:qrc:all,44,2,-0.0018785222291796133,-0.022730084721603427,-0.033836413199177406,-0.0011964108336657286
shd,development,partial-minus-reset-all:recurrence:qrc:partial:recurrence:qrc:all,held,partial-minus-reset-all,recurrence:qrc:partial,recurrence:qrc:all,44,3,0.005069708491761693,0.00027496917821434597,0.015305201925253975,0.00323753303446761
shd,development,partial-minus-reset-all:recurrence:qrc:partial:recurrence:qrc:all,held,partial-minus-reset-all,recurrence:qrc:partial,recurrence:qrc:all,46,0,0.07612456747404839,0.07829440341036081,0.057789285666318024,0.07237889064048075
shd,development,partial-minus-reset-all:recurrence:qrc:partial:recurrence:qrc:all,held,partial-minus-reset-all,recurrence:qrc:partial,recurrence:qrc:all,46,1,0.03372093023255812,0.022200558222936706,0.044053793738389024,0.021386149830197265
shd,development,partial-minus-reset-all:recurrence:qrc:partial:recurrence:qrc:all,held,partial-minus-reset-all,recurrence:qrc:partial,recurrence:qrc:all,46,2,0.06574827802128996,0.04804530577240507,0.028227085784175543,0.06400367042379806
shd,development,partial-minus-reset-all:recurrence:qrc:partial:recurrence:qrc:all,held,partial-minus-reset-all,recurrence:qrc:partial,recurrence:qrc:all,46,3,-0.0019011406844107182,-0.0005860471346721408,0.012077070841143622,-0.00220094910558577
shd,official,partial-minus-reset-all:recurrence:qrc:partial:recurrence:qrc:all,held,partial-minus-reset-all,recurrence:qrc:partial,recurrence:qrc:all,42,official,0.01810954063604242,0.019608223698709515,0.019571150432379336,0.018131519967514942
shd,official,partial-minus-reset-all:recurrence:qrc:partial:recurrence:qrc:all,held,partial-minus-reset-all,recurrence:qrc:partial,recurrence:qrc:all,44,official,-0.028710247349823304,-0.02996926531334443,-0.035363212043524994,-0.02864829164675009
shd,official,partial-minus-reset-all:recurrence:qrc:partial:recurrence:qrc:all,held,partial-minus-reset-all,recurrence:qrc:partial,recurrence:qrc:all,46,official,0.021643109540635974,0.01856273962388788,0.012452493305657342,0.020873918664616742
shd,confirmation,partial-minus-reset-all:recurrence:crc:partial:recurrence:crc:all,held,partial-minus-reset-all,recurrence:crc:partial,recurrence:crc:all,42,confirmation,0.022577092511013253,0.0371721078708801,0.06308574056020677,0.02444322877107241
shd,confirmation,partial-minus-reset-all:recurrence:crc:partial:recurrence:crc:all,held,partial-minus-reset-all,recurrence:crc:partial,recurrence:crc:all,44,confirmation,0.011013215859030812,0.031837452157636004,0.02591311926174611,0.013407417942753241
shd,confirmation,partial-minus-reset-all:recurrence:crc:partial:recurrence:crc:all,held,partial-minus-reset-all,recurrence:crc:partial,recurrence:crc:all,46,confirmation,0.025881057268722474,0.03389175336837802,0.019896805317984323,0.02798928193880057
shd,development,partial-minus-reset-all:recurrence:crc:partial:recurrence:crc:all,held,partial-minus-reset-all,recurrence:crc:partial,recurrence:crc:all,42,0,0.0048442906574394096,0.002761817919094578,0.038055818227269,0.0020340893253741887
shd,development,partial-minus-reset-all:recurrence:crc:partial:recurrence:crc:all,held,partial-minus-reset-all,recurrence:crc:partial,recurrence:crc:all,42,1,-0.005232558139534937,-0.026340787216048156,-0.019386398161714502,-0.01770286465475901
shd,development,partial-minus-reset-all:recurrence:crc:partial:recurrence:crc:all,held,partial-minus-reset-all,recurrence:crc:partial,recurrence:crc:all,42,2,0.0237946149029431,0.01485936531877241,0.005118654604820749,0.022532241973137856
shd,development,partial-minus-reset-all:recurrence:crc:partial:recurrence:crc:all,held,partial-minus-reset-all,recurrence:crc:partial,recurrence:crc:all,42,3,-0.0012674271229404788,-0.011455882154490227,-0.010130644308557035,-0.0032266016533089026
shd,development,partial-minus-reset-all:recurrence:crc:partial:recurrence:crc:all,held,partial-minus-reset-all,recurrence:crc:partial,recurrence:crc:all,44,0,-0.0027681660899654403,-0.01584663719613233,0.01185697846180267,-0.006420012910282824
shd,development,partial-minus-reset-all:recurrence:crc:partial:recurrence:crc:all,held,partial-minus-reset-all,recurrence:crc:partial,recurrence:crc:all,44,1,-0.008139534883720878,-0.021208349232275547,0.00020473284183297746,-0.022554718809957686
shd,development,partial-minus-reset-all:recurrence:crc:partial:recurrence:crc:all,held,partial-minus-reset-all,recurrence:crc:partial,recurrence:crc:all,44,2,0.021916092673763377,0.020813216937120682,0.039702024490722465,0.017945181537060262
shd,development,partial-minus-reset-all:recurrence:crc:partial:recurrence:crc:all,held,partial-minus-reset-all,recurrence:crc:partial,recurrence:crc:all,44,3,0.013941698352344711,0.007266626510308183,0.01987612391346205,0.012017875112801724
shd,development,partial-minus-reset-all:recurrence:crc:partial:recurrence:crc:all,held,partial-minus-reset-all,recurrence:crc:partial,recurrence:crc:all,46,0,-0.0041522491349481605,-0.00476588390518895,0.011920766531484883,-0.006922040756993542
shd,development,partial-minus-reset-all:recurrence:crc:partial:recurrence:crc:all,held,partial-minus-reset-all,recurrence:crc:partial,recurrence:crc:all,46,1,0.0034883720930233286,-0.0020570600527244354,-0.009336833083038454,-0.0042750599385184
shd,development,partial-minus-reset-all:recurrence:crc:partial:recurrence:crc:all,held,partial-minus-reset-all,recurrence:crc:partial,recurrence:crc:all,46,2,-0.008766437069505306,-0.004683600938646948,0.005241441367365374,-0.008874478349851556
shd,development,partial-minus-reset-all:recurrence:crc:partial:recurrence:crc:all,held,partial-minus-reset-all,recurrence:crc:partial,recurrence:crc:all,46,3,0.005703422053231932,0.008526699093793999,0.04769711678332944,0.003960344159312901
shd,official,partial-minus-reset-all:recurrence:crc:partial:recurrence:crc:all,held,partial-minus-reset-all,recurrence:crc:partial,recurrence:crc:all,42,official,0.00883392226148405,0.00841129208560032,0.006658155579994052,0.008938335885728677
shd,official,partial-minus-reset-all:recurrence:crc:partial:recurrence:crc:all,held,partial-minus-reset-all,recurrence:crc:partial,recurrence:crc:all,44,official,-0.007950530035335746,-0.006397072088161981,-0.00526710778584627,-0.006823412191687583
shd,official,partial-minus-reset-all:recurrence:crc:partial:recurrence:crc:all,held,partial-minus-reset-all,recurrence:crc:partial,recurrence:crc:all,46,official,0.015459363957597172,0.013447363690229364,0.011281648536491273,0.016147002847322844
shd,learning-development,learning-QRC-minus-CRC:comparison:tuned:q6-i2-qrc:n=600:comparison:tuned:q6-i2-crc:n=600,held,learning-QRC-minus-CRC,comparison:tuned:q6-i2-qrc:n=600,comparison:tuned:q6-i2-crc:n=600,42,0,-0.05813148788927336,-0.05819611071341968,-0.07941326565996437,-0.05953489270027401
shd,learning-development,learning-QRC-minus-CRC:comparison:tuned:q6-i2-qrc:n=600:comparison:tuned:q6-i2-crc:n=600,held,learning-QRC-minus-CRC,comparison:tuned:q6-i2-qrc:n=600,comparison:tuned:q6-i2-crc:n=600,42,1,-0.04767441860465116,-0.04935731947960781,-0.06844432474626438,-0.05065891613971474
shd,learning-development,learning-QRC-minus-CRC:comparison:tuned:q6-i2-qrc:n=600:comparison:tuned:q6-i2-crc:n=600,held,learning-QRC-minus-CRC,comparison:tuned:q6-i2-qrc:n=600,comparison:tuned:q6-i2-crc:n=600,42,2,-0.06449592986850344,-0.08051083675502096,-0.10396214497803624,-0.06285392701928305
shd,learning-development,learning-QRC-minus-CRC:comparison:tuned:q6-i2-qrc:n=600:comparison:tuned:q6-i2-crc:n=600,held,learning-QRC-minus-CRC,comparison:tuned:q6-i2-qrc:n=600,comparison:tuned:q6-i2-crc:n=600,42,3,-0.06653992395437264,-0.06866462788228278,-0.04758229109732165,-0.06692625683260062
shd,learning-development,learning-QRC-minus-CRC:comparison:tuned:q6-i2-qrc:n=600:comparison:tuned:q6-i2-crc:n=600,held,learning-QRC-minus-CRC,comparison:tuned:q6-i2-qrc:n=600,comparison:tuned:q6-i2-crc:n=600,44,0,-0.044290657439446324,-0.05322254700723533,-0.04534009974588671,-0.045449690277356236
shd,learning-development,learning-QRC-minus-CRC:comparison:tuned:q6-i2-qrc:n=600:comparison:tuned:q6-i2-crc:n=600,held,learning-QRC-minus-CRC,comparison:tuned:q6-i2-qrc:n=600,comparison:tuned:q6-i2-crc:n=600,44,1,0.0017441860465116088,0.001410029623055753,-0.0029095284701995405,0.005943316963365142
shd,learning-development,learning-QRC-minus-CRC:comparison:tuned:q6-i2-qrc:n=600:comparison:tuned:q6-i2-crc:n=600,held,learning-QRC-minus-CRC,comparison:tuned:q6-i2-qrc:n=600,comparison:tuned:q6-i2-crc:n=600,44,2,-0.02567313713212277,-0.017673919362413026,-0.023541376196474006,-0.029714261239533746
shd,learning-development,learning-QRC-minus-CRC:comparison:tuned:q6-i2-qrc:n=600:comparison:tuned:q6-i2-crc:n=600,held,learning-QRC-minus-CRC,comparison:tuned:q6-i2-qrc:n=600,comparison:tuned:q6-i2-crc:n=600,44,3,-0.07224334600760463,-0.07035672059307857,-0.10092160477186174,-0.07214091356707913
shd,learning-development,learning-QRC-minus-CRC:comparison:tuned:q6-i2-qrc:n=600:comparison:tuned:q6-i2-crc:n=600,held,learning-QRC-minus-CRC,comparison:tuned:q6-i2-qrc:n=600,comparison:tuned:q6-i2-crc:n=600,46,0,-0.08719723183391004,-0.09124968751820794,-0.05596555160105332,-0.09335490562345122
shd,learning-development,learning-QRC-minus-CRC:comparison:tuned:q6-i2-qrc:n=600:comparison:tuned:q6-i2-crc:n=600,held,learning-QRC-minus-CRC,comparison:tuned:q6-i2-qrc:n=600,comparison:tuned:q6-i2-crc:n=600,46,1,-0.05523255813953487,-0.07785963135902735,-0.06226442142627514,-0.0679589315272146
shd,learning-development,learning-QRC-minus-CRC:comparison:tuned:q6-i2-qrc:n=600:comparison:tuned:q6-i2-crc:n=600,held,learning-QRC-minus-CRC,comparison:tuned:q6-i2-qrc:n=600,comparison:tuned:q6-i2-crc:n=600,46,2,-0.02629931120851592,-0.03457549136545712,0.027152146909769415,-0.02786743815396414
shd,learning-development,learning-QRC-minus-CRC:comparison:tuned:q6-i2-qrc:n=600:comparison:tuned:q6-i2-crc:n=600,held,learning-QRC-minus-CRC,comparison:tuned:q6-i2-qrc:n=600,comparison:tuned:q6-i2-crc:n=600,46,3,-0.05133079847908745,-0.055579260832787025,-0.038536195923339234,-0.051780233092934336
shd,learning-development,learning-QRC-minus-CRC:comparison:tuned:q6-i2-qrc:n=2000:comparison:tuned:q6-i2-crc:n=2000,held,learning-QRC-minus-CRC,comparison:tuned:q6-i2-qrc:n=2000,comparison:tuned:q6-i2-crc:n=2000,42,0,-0.07543252595155708,-0.0768328050646262,-0.058474285562227335,-0.08046766183387638
shd,learning-development,learning-QRC-minus-CRC:comparison:tuned:q6-i2-qrc:n=2000:comparison:tuned:q6-i2-crc:n=2000,held,learning-QRC-minus-CRC,comparison:tuned:q6-i2-qrc:n=2000,comparison:tuned:q6-i2-crc:n=2000,42,1,-0.0703488372093023,-0.08982498175668269,-0.0768008619355795,-0.07775192755605798
shd,learning-development,learning-QRC-minus-CRC:comparison:tuned:q6-i2-qrc:n=2000:comparison:tuned:q6-i2-crc:n=2000,held,learning-QRC-minus-CRC,comparison:tuned:q6-i2-qrc:n=2000,comparison:tuned:q6-i2-crc:n=2000,42,2,-0.07075767063243582,-0.07568179409376052,-0.03087758812935315,-0.06938748789494825
shd,learning-development,learning-QRC-minus-CRC:comparison:tuned:q6-i2-qrc:n=2000:comparison:tuned:q6-i2-crc:n=2000,held,learning-QRC-minus-CRC,comparison:tuned:q6-i2-qrc:n=2000,comparison:tuned:q6-i2-crc:n=2000,42,3,-0.06083650190114076,-0.061939980336264855,-0.055954363625101866,-0.06180199121035024
shd,learning-development,learning-QRC-minus-CRC:comparison:tuned:q6-i2-qrc:n=2000:comparison:tuned:q6-i2-crc:n=2000,held,learning-QRC-minus-CRC,comparison:tuned:q6-i2-qrc:n=2000,comparison:tuned:q6-i2-crc:n=2000,44,0,-0.0006920415224913601,0.00376983594724567,-0.011376551874687169,-0.0025480637507902526
shd,learning-development,learning-QRC-minus-CRC:comparison:tuned:q6-i2-qrc:n=2000:comparison:tuned:q6-i2-crc:n=2000,held,learning-QRC-minus-CRC,comparison:tuned:q6-i2-qrc:n=2000,comparison:tuned:q6-i2-crc:n=2000,44,1,-0.0005813953488372214,-0.0014301589412516469,-0.01427428225748939,0.003598225380993081
shd,learning-development,learning-QRC-minus-CRC:comparison:tuned:q6-i2-qrc:n=2000:comparison:tuned:q6-i2-crc:n=2000,held,learning-QRC-minus-CRC,comparison:tuned:q6-i2-qrc:n=2000,comparison:tuned:q6-i2-crc:n=2000,44,2,-0.0031308703819662442,0.00927438591940466,0.024746688174979936,-0.00598917973837465
shd,learning-development,learning-QRC-minus-CRC:comparison:tuned:q6-i2-qrc:n=2000:comparison:tuned:q6-i2-crc:n=2000,held,learning-QRC-minus-CRC,comparison:tuned:q6-i2-qrc:n=2000,comparison:tuned:q6-i2-crc:n=2000,44,3,-0.01584283903675532,0.00018467443345038248,-0.010824729684824064,-0.015307131501901217
shd,learning-development,learning-QRC-minus-CRC:comparison:tuned:q6-i2-qrc:n=2000:comparison:tuned:q6-i2-crc:n=2000,held,learning-QRC-minus-CRC,comparison:tuned:q6-i2-qrc:n=2000,comparison:tuned:q6-i2-crc:n=2000,46,0,-0.09826989619377163,-0.10399357119345132,-0.07151982459181122,-0.10635802851025605
shd,learning-development,learning-QRC-minus-CRC:comparison:tuned:q6-i2-qrc:n=2000:comparison:tuned:q6-i2-crc:n=2000,held,learning-QRC-minus-CRC,comparison:tuned:q6-i2-qrc:n=2000,comparison:tuned:q6-i2-crc:n=2000,46,1,-0.041860465116279055,-0.05930457387164695,-0.026335569058718034,-0.04750811900410551
shd,learning-development,learning-QRC-minus-CRC:comparison:tuned:q6-i2-qrc:n=2000:comparison:tuned:q6-i2-crc:n=2000,held,learning-QRC-minus-CRC,comparison:tuned:q6-i2-qrc:n=2000,comparison:tuned:q6-i2-crc:n=2000,46,2,-0.07576706324358168,-0.0763650015043319,-0.059409931843197206,-0.07681227190545398
shd,learning-development,learning-QRC-minus-CRC:comparison:tuned:q6-i2-qrc:n=2000:comparison:tuned:q6-i2-crc:n=2000,held,learning-QRC-minus-CRC,comparison:tuned:q6-i2-qrc:n=2000,comparison:tuned:q6-i2-crc:n=2000,46,3,-0.06844106463878324,-0.06999997715928807,-0.043655328708046115,-0.06939846701719415
shd,learning-development,learning-QRC-minus-CRC:comparison:tuned:q6-i2-qrc:n=full:comparison:tuned:q6-i2-crc:n=full,held,learning-QRC-minus-CRC,comparison:tuned:q6-i2-qrc:n=full,comparison:tuned:q6-i2-crc:n=full,42,0,-0.0878892733564014,-0.08087127506430153,-0.07364708334203768,-0.0902729949686189
shd,learning-development,learning-QRC-minus-CRC:comparison:tuned:q6-i2-qrc:n=full:comparison:tuned:q6-i2-crc:n=full,held,learning-QRC-minus-CRC,comparison:tuned:q6-i2-qrc:n=full,comparison:tuned:q6-i2-crc:n=full,42,1,-0.06627906976744186,-0.08359407261496687,-0.06874009512674284,-0.07141352346677304
shd,learning-development,learning-QRC-minus-CRC:comparison:tuned:q6-i2-qrc:n=full:comparison:tuned:q6-i2-crc:n=full,held,learning-QRC-minus-CRC,comparison:tuned:q6-i2-qrc:n=full,comparison:tuned:q6-i2-crc:n=full,42,2,-0.044458359423919847,-0.05529504677283004,-0.057069489402554185,-0.04185437590531882
shd,learning-development,learning-QRC-minus-CRC:comparison:tuned:q6-i2-qrc:n=full:comparison:tuned:q6-i2-crc:n=full,held,learning-QRC-minus-CRC,comparison:tuned:q6-i2-qrc:n=full,comparison:tuned:q6-i2-crc:n=full,42,3,-0.06653992395437258,-0.06687383304781302,-0.06623325983945227,-0.06720289823141323
shd,learning-development,learning-QRC-minus-CRC:comparison:tuned:q6-i2-qrc:n=full:comparison:tuned:q6-i2-crc:n=full,held,learning-QRC-minus-CRC,comparison:tuned:q6-i2-qrc:n=full,comparison:tuned:q6-i2-crc:n=full,44,0,0.02906574394463668,0.026544127578384646,0.012664025123817257,0.027210556698357646
shd,learning-development,learning-QRC-minus-CRC:comparison:tuned:q6-i2-qrc:n=full:comparison:tuned:q6-i2-crc:n=full,held,learning-QRC-minus-CRC,comparison:tuned:q6-i2-qrc:n=full,comparison:tuned:q6-i2-crc:n=full,44,1,-0.005232558139534882,-0.0033188364316807384,-0.014208287145236476,-0.0017936612424566123
shd,learning-development,learning-QRC-minus-CRC:comparison:tuned:q6-i2-qrc:n=full:comparison:tuned:q6-i2-crc:n=full,held,learning-QRC-minus-CRC,comparison:tuned:q6-i2-qrc:n=full,comparison:tuned:q6-i2-crc:n=full,44,2,-0.005635566687539062,0.0037451853912603417,0.03694268985014826,-0.0056484774702537655
shd,learning-development,learning-QRC-minus-CRC:comparison:tuned:q6-i2-qrc:n=full:comparison:tuned:q6-i2-crc:n=full,held,learning-QRC-minus-CRC,comparison:tuned:q6-i2-qrc:n=full,comparison:tuned:q6-i2-crc:n=full,44,3,-0.006970849176172411,0.004672929052733754,0.0023868920466985077,-0.006172750201159816
shd,learning-development,learning-QRC-minus-CRC:comparison:tuned:q6-i2-qrc:n=full:comparison:tuned:q6-i2-crc:n=full,held,learning-QRC-minus-CRC,comparison:tuned:q6-i2-qrc:n=full,comparison:tuned:q6-i2-crc:n=full,46,0,-0.0996539792387543,-0.11031655832682175,-0.07918435568145632,-0.11010309270574448
shd,learning-development,learning-QRC-minus-CRC:comparison:tuned:q6-i2-qrc:n=full:comparison:tuned:q6-i2-crc:n=full,held,learning-QRC-minus-CRC,comparison:tuned:q6-i2-qrc:n=full,comparison:tuned:q6-i2-crc:n=full,46,1,-0.037790697674418616,-0.04552671816800258,-0.027033228012590893,-0.039863112096041875
shd,learning-development,learning-QRC-minus-CRC:comparison:tuned:q6-i2-qrc:n=full:comparison:tuned:q6-i2-crc:n=full,held,learning-QRC-minus-CRC,comparison:tuned:q6-i2-qrc:n=full,comparison:tuned:q6-i2-crc:n=full,46,2,-0.06950532247964936,-0.06316001357614365,-0.00883940073505396,-0.07082453212011636
shd,learning-development,learning-QRC-minus-CRC:comparison:tuned:q6-i2-qrc:n=full:comparison:tuned:q6-i2-crc:n=full,held,learning-QRC-minus-CRC,comparison:tuned:q6-i2-qrc:n=full,comparison:tuned:q6-i2-crc:n=full,46,3,-0.06147021546261089,-0.060882105920887386,-0.03842106311705906,-0.06232610568596453
shd,learning-development,learning-QRC-minus-CRC:comparison:tuned:q6-i4-qrc:n=600:comparison:tuned:q6-i4-crc:n=600,held,learning-QRC-minus-CRC,comparison:tuned:q6-i4-qrc:n=600,comparison:tuned:q6-i4-crc:n=600,42,0,0.011072664359861595,0.0008385969451500941,-0.04399311025019914,0.012241643648826295
shd,learning-development,learning-QRC-minus-CRC:comparison:tuned:q6-i4-qrc:n=600:comparison:tuned:q6-i4-crc:n=600,held,learning-QRC-minus-CRC,comparison:tuned:q6-i4-qrc:n=600,comparison:tuned:q6-i4-crc:n=600,42,1,0.02383720930232558,0.019589608751665655,0.05055143254352534,0.019469630893984513
shd,learning-development,learning-QRC-minus-CRC:comparison:tuned:q6-i4-qrc:n=600:comparison:tuned:q6-i4-crc:n=600,held,learning-QRC-minus-CRC,comparison:tuned:q6-i4-qrc:n=600,comparison:tuned:q6-i4-crc:n=600,42,2,0.00062617407639326,-0.01977965199347076,0.0114272764085811,-0.0017018402078071704
shd,learning-development,learning-QRC-minus-CRC:comparison:tuned:q6-i4-qrc:n=600:comparison:tuned:q6-i4-crc:n=600,held,learning-QRC-minus-CRC,comparison:tuned:q6-i4-qrc:n=600,comparison:tuned:q6-i4-crc:n=600,42,3,0.017110266159695797,0.021760368841921673,0.035212182149377824,0.018963560931900214
shd,learning-development,learning-QRC-minus-CRC:comparison:tuned:q6-i4-qrc:n=600:comparison:tuned:q6-i4-crc:n=600,held,learning-QRC-minus-CRC,comparison:tuned:q6-i4-qrc:n=600,comparison:tuned:q6-i4-crc:n=600,44,0,-0.012456747404844315,0.006945077667179167,0.030740179597169126,-0.009308215030617517
shd,learning-development,learning-QRC-minus-CRC:comparison:tuned:q6-i4-qrc:n=600:comparison:tuned:q6-i4-crc:n=600,held,learning-QRC-minus-CRC,comparison:tuned:q6-i4-qrc:n=600,comparison:tuned:q6-i4-crc:n=600,44,1,0.018604651162790697,-0.00543945811676716,-0.0005112233269394806,0.010326445392069117
shd,learning-development,learning-QRC-minus-CRC:comparison:tuned:q6-i4-qrc:n=600:comparison:tuned:q6-i4-crc:n=600,held,learning-QRC-minus-CRC,comparison:tuned:q6-i4-qrc:n=600,comparison:tuned:q6-i4-crc:n=600,44,2,0.044458359423919847,0.009907862134531153,-0.002280703809692586,0.042480063851723815
shd,learning-development,learning-QRC-minus-CRC:comparison:tuned:q6-i4-qrc:n=600:comparison:tuned:q6-i4-crc:n=600,held,learning-QRC-minus-CRC,comparison:tuned:q6-i4-qrc:n=600,comparison:tuned:q6-i4-crc:n=600,44,3,0.036755386565272496,0.04201981704957636,0.07310474677108714,0.03727918069610958
shd,learning-development,learning-QRC-minus-CRC:comparison:tuned:q6-i4-qrc:n=600:comparison:tuned:q6-i4-crc:n=600,held,learning-QRC-minus-CRC,comparison:tuned:q6-i4-qrc:n=600,comparison:tuned:q6-i4-crc:n=600,46,0,0.03806228373702425,0.04291822138090773,0.01181965267215812,0.040669626296020556
shd,learning-development,learning-QRC-minus-CRC:comparison:tuned:q6-i4-qrc:n=600:comparison:tuned:q6-i4-crc:n=600,held,learning-QRC-minus-CRC,comparison:tuned:q6-i4-qrc:n=600,comparison:tuned:q6-i4-crc:n=600,46,1,0.03430232558139534,0.025441331850918125,0.038602111784248994,0.031912852217254095
shd,learning-development,learning-QRC-minus-CRC:comparison:tuned:q6-i4-qrc:n=600:comparison:tuned:q6-i4-crc:n=600,held,learning-QRC-minus-CRC,comparison:tuned:q6-i4-qrc:n=600,comparison:tuned:q6-i4-crc:n=600,46,2,0.07013149655604262,0.04435733279393772,0.03560896338507369,0.06653168082174704
shd,learning-development,learning-QRC-minus-CRC:comparison:tuned:q6-i4-qrc:n=600:comparison:tuned:q6-i4-crc:n=600,held,learning-QRC-minus-CRC,comparison:tuned:q6-i4-qrc:n=600,comparison:tuned:q6-i4-crc:n=600,46,3,0.04752851711026623,0.04383373535567581,0.03656902404582907,0.048668688119170744
shd,learning-development,learning-QRC-minus-CRC:comparison:tuned:q6-i4-qrc:n=2000:comparison:tuned:q6-i4-crc:n=2000,held,learning-QRC-minus-CRC,comparison:tuned:q6-i4-qrc:n=2000,comparison:tuned:q6-i4-crc:n=2000,42,0,0.02006920415224911,0.010593080608882866,-0.058620852959152536,0.023086511246477093
shd,learning-development,learning-QRC-minus-CRC:comparison:tuned:q6-i4-qrc:n=2000:comparison:tuned:q6-i4-crc:n=2000,held,learning-QRC-minus-CRC,comparison:tuned:q6-i4-qrc:n=2000,comparison:tuned:q6-i4-crc:n=2000,42,1,0.0011627906976744429,-0.001563490603915696,0.014866990803537372,-0.004807215638952367
shd,learning-development,learning-QRC-minus-CRC:comparison:tuned:q6-i4-qrc:n=2000:comparison:tuned:q6-i4-crc:n=2000,held,learning-QRC-minus-CRC,comparison:tuned:q6-i4-qrc:n=2000,comparison:tuned:q6-i4-crc:n=2000,42,2,-0.036318096430807745,-0.041313004947510334,0.020679247298063697,-0.03766058966453023
shd,learning-development,learning-QRC-minus-CRC:comparison:tuned:q6-i4-qrc:n=2000:comparison:tuned:q6-i4-crc:n=2000,held,learning-QRC-minus-CRC,comparison:tuned:q6-i4-qrc:n=2000,comparison:tuned:q6-i4-crc:n=2000,42,3,-0.0025348542458808465,0.008414163330580315,0.01766236303431401,-0.001491358322924241
shd,learning-development,learning-QRC-minus-CRC:comparison:tuned:q6-i4-qrc:n=2000:comparison:tuned:q6-i4-crc:n=2000,held,learning-QRC-minus-CRC,comparison:tuned:q6-i4-qrc:n=2000,comparison:tuned:q6-i4-crc:n=2000,44,0,0.00761245674740485,0.023170913241080227,0.03483397410034861,0.012102772934695194
shd,learning-development,learning-QRC-minus-CRC:comparison:tuned:q6-i4-qrc:n=2000:comparison:tuned:q6-i4-crc:n=2000,held,learning-QRC-minus-CRC,comparison:tuned:q6-i4-qrc:n=2000,comparison:tuned:q6-i4-crc:n=2000,44,1,-0.005232558139534937,-0.01273167392233232,0.04088844299616701,-0.008784110808807699
shd,learning-development,learning-QRC-minus-CRC:comparison:tuned:q6-i4-qrc:n=2000:comparison:tuned:q6-i4-crc:n=2000,held,learning-QRC-minus-CRC,comparison:tuned:q6-i4-qrc:n=2000,comparison:tuned:q6-i4-crc:n=2000,44,2,-0.015028177833437684,-0.02886256986729363,-0.03462916254211701,-0.01496061831072304
shd,learning-development,learning-QRC-minus-CRC:comparison:tuned:q6-i4-qrc:n=2000:comparison:tuned:q6-i4-crc:n=2000,held,learning-QRC-minus-CRC,comparison:tuned:q6-i4-qrc:n=2000,comparison:tuned:q6-i4-crc:n=2000,44,3,-0.008871989860583018,-0.001915196514703732,0.0006443581917846553,-0.008536409503622111
shd,learning-development,learning-QRC-minus-CRC:comparison:tuned:q6-i4-qrc:n=2000:comparison:tuned:q6-i4-crc:n=2000,held,learning-QRC-minus-CRC,comparison:tuned:q6-i4-qrc:n=2000,comparison:tuned:q6-i4-crc:n=2000,46,0,0.05328719723183384,0.052268945059383065,-0.01401245987507993,0.05663555689589195
shd,learning-development,learning-QRC-minus-CRC:comparison:tuned:q6-i4-qrc:n=2000:comparison:tuned:q6-i4-crc:n=2000,held,learning-QRC-minus-CRC,comparison:tuned:q6-i4-qrc:n=2000,comparison:tuned:q6-i4-crc:n=2000,46,1,0.0046511627906976605,0.005599157995433313,0.042530506216678865,0.005955685058336158
shd,learning-development,learning-QRC-minus-CRC:comparison:tuned:q6-i4-qrc:n=2000:comparison:tuned:q6-i4-crc:n=2000,held,learning-QRC-minus-CRC,comparison:tuned:q6-i4-qrc:n=2000,comparison:tuned:q6-i4-crc:n=2000,46,2,0.059486537257357586,0.03706180791520597,-0.004429891213191706,0.0557699380106475
shd,learning-development,learning-QRC-minus-CRC:comparison:tuned:q6-i4-qrc:n=2000:comparison:tuned:q6-i4-crc:n=2000,held,learning-QRC-minus-CRC,comparison:tuned:q6-i4-qrc:n=2000,comparison:tuned:q6-i4-crc:n=2000,46,3,0.01520912547528519,0.0061157198939674196,-0.010965027457320642,0.015811475701458577
shd,learning-development,learning-QRC-minus-CRC:comparison:tuned:q6-i4-qrc:n=full:comparison:tuned:q6-i4-crc:n=full,held,learning-QRC-minus-CRC,comparison:tuned:q6-i4-qrc:n=full,comparison:tuned:q6-i4-crc:n=full,42,0,0.0027681660899654403,0.011133754098634374,-0.03875663364500059,0.007067008877391534
shd,learning-development,learning-QRC-minus-CRC:comparison:tuned:q6-i4-qrc:n=full:comparison:tuned:q6-i4-crc:n=full,held,learning-QRC-minus-CRC,comparison:tuned:q6-i4-qrc:n=full,comparison:tuned:q6-i4-crc:n=full,42,1,-0.0011627906976743319,-0.006979923991992321,0.017691976220828742,-0.0030076806815572676
shd,learning-development,learning-QRC-minus-CRC:comparison:tuned:q6-i4-qrc:n=full:comparison:tuned:q6-i4-crc:n=full,held,learning-QRC-minus-CRC,comparison:tuned:q6-i4-qrc:n=full,comparison:tuned:q6-i4-crc:n=full,42,2,-0.04320601127113344,-0.047735597633146054,-0.033765627298781964,-0.04463069125364194
shd,learning-development,learning-QRC-minus-CRC:comparison:tuned:q6-i4-qrc:n=full:comparison:tuned:q6-i4-crc:n=full,held,learning-QRC-minus-CRC,comparison:tuned:q6-i4-qrc:n=full,comparison:tuned:q6-i4-crc:n=full,42,3,-0.0076045627376425395,6.0220717973624716e-05,0.009324498631867129,-0.006155512059904944
shd,learning-development,learning-QRC-minus-CRC:comparison:tuned:q6-i4-qrc:n=full:comparison:tuned:q6-i4-crc:n=full,held,learning-QRC-minus-CRC,comparison:tuned:q6-i4-qrc:n=full,comparison:tuned:q6-i4-crc:n=full,44,0,-0.0034602076124566894,0.013816351374336677,0.011726080360838442,0.0007748210172221492
shd,learning-development,learning-QRC-minus-CRC:comparison:tuned:q6-i4-qrc:n=full:comparison:tuned:q6-i4-crc:n=full,held,learning-QRC-minus-CRC,comparison:tuned:q6-i4-qrc:n=full,comparison:tuned:q6-i4-crc:n=full,44,1,-0.0040697674418604946,-0.017961904272599583,0.03076031600617435,-0.0055777155807015255
shd,learning-development,learning-QRC-minus-CRC:comparison:tuned:q6-i4-qrc:n=full:comparison:tuned:q6-i4-crc:n=full,held,learning-QRC-minus-CRC,comparison:tuned:q6-i4-qrc:n=full,comparison:tuned:q6-i4-crc:n=full,44,2,-0.03193487789605509,-0.05525918764292892,-0.08271655210830842,-0.032735079353134355
shd,learning-development,learning-QRC-minus-CRC:comparison:tuned:q6-i4-qrc:n=full:comparison:tuned:q6-i4-crc:n=full,held,learning-QRC-minus-CRC,comparison:tuned:q6-i4-qrc:n=full,comparison:tuned:q6-i4-crc:n=full,44,3,-0.028517110266159773,-0.022976097978576027,-0.019539636292073448,-0.02889979029937162
shd,learning-development,learning-QRC-minus-CRC:comparison:tuned:q6-i4-qrc:n=full:comparison:tuned:q6-i4-crc:n=full,held,learning-QRC-minus-CRC,comparison:tuned:q6-i4-qrc:n=full,comparison:tuned:q6-i4-crc:n=full,46,0,0.05051903114186851,0.0503551920004679,0.013665899477165455,0.05451802354726598
shd,learning-development,learning-QRC-minus-CRC:comparison:tuned:q6-i4-qrc:n=full:comparison:tuned:q6-i4-crc:n=full,held,learning-QRC-minus-CRC,comparison:tuned:q6-i4-qrc:n=full,comparison:tuned:q6-i4-crc:n=full,46,1,-0.0034883720930233286,-0.00994793127186444,0.024305728076194688,-0.003183438703698138
shd,learning-development,learning-QRC-minus-CRC:comparison:tuned:q6-i4-qrc:n=full:comparison:tuned:q6-i4-crc:n=full,held,learning-QRC-minus-CRC,comparison:tuned:q6-i4-qrc:n=full,comparison:tuned:q6-i4-crc:n=full,46,2,0.045710707576706366,0.025708509978277783,0.007319720114244088,0.04315804660478739
shd,learning-development,learning-QRC-minus-CRC:comparison:tuned:q6-i4-qrc:n=full:comparison:tuned:q6-i4-crc:n=full,held,learning-QRC-minus-CRC,comparison:tuned:q6-i4-qrc:n=full,comparison:tuned:q6-i4-crc:n=full,46,3,-0.005069708491761804,-0.0117557799945478,-0.02197557894074431,-0.0041204393736319345
shd,confirmation,joint-minus-local:observations:qrc2:zz:observations:qrc2:all,held,joint-minus-local,observations:qrc2:zz,observations:qrc2:all,42,confirmation,0.0033039647577093323,0.0019711380880946816,0.009467131231708725,0.0032359379543095423
shd,confirmation,joint-minus-local:observations:qrc2:zz:observations:qrc2:all,held,joint-minus-local,observations:qrc2:zz,observations:qrc2:all,44,confirmation,0.005506607929515406,0.008042491582287759,0.011920034045187489,0.0057071536635270315
shd,confirmation,joint-minus-local:observations:qrc2:zz:observations:qrc2:all,held,joint-minus-local,observations:qrc2:zz,observations:qrc2:all,46,confirmation,-0.002753303964757703,-0.0014526345870411461,-0.0012199041243100561,-0.0026469933962101067
shd,development,joint-minus-local:observations:qrc2:zz:observations:qrc2:all,held,joint-minus-local,observations:qrc2:zz,observations:qrc2:all,42,0,0.015224913494809644,0.01805555293446598,0.015961705906996637,0.015691446319411773
shd,development,joint-minus-local:observations:qrc2:zz:observations:qrc2:all,held,joint-minus-local,observations:qrc2:zz,observations:qrc2:all,42,1,0.0,-0.00031365026621149594,-0.004518395823230714,0.0005536381198608109
shd,development,joint-minus-local:observations:qrc2:zz:observations:qrc2:all,held,joint-minus-local,observations:qrc2:zz,observations:qrc2:all,42,2,0.0025046963055729843,0.0035033328423458854,0.023932161744002034,0.002648119232442514
shd,development,joint-minus-local:observations:qrc2:zz:observations:qrc2:all,held,joint-minus-local,observations:qrc2:zz,observations:qrc2:all,42,3,-0.0006337135614702394,0.0008271902681512566,0.0020465251285625152,-0.00035450377758117213
shd,development,joint-minus-local:observations:qrc2:zz:observations:qrc2:all,held,joint-minus-local,observations:qrc2:zz,observations:qrc2:all,44,0,0.021453287197231885,0.02671051904048971,0.03830021952681162,0.021700421083173882
shd,development,joint-minus-local:observations:qrc2:zz:observations:qrc2:all,held,joint-minus-local,observations:qrc2:zz,observations:qrc2:all,44,1,0.030813953488372126,0.019624384899342595,-0.004899123744638856,0.030077199366918994
shd,development,joint-minus-local:observations:qrc2:zz:observations:qrc2:all,held,joint-minus-local,observations:qrc2:zz,observations:qrc2:all,44,2,-0.0037570444583594487,-5.130986361345791e-06,0.004180084193943556,-0.0021764495092309044
shd,development,joint-minus-local:observations:qrc2:zz:observations:qrc2:all,held,joint-minus-local,observations:qrc2:zz,observations:qrc2:all,44,3,-0.011406844106463865,-0.008745656748955555,-0.013766858395198867,-0.011585732105346302
shd,development,joint-minus-local:observations:qrc2:zz:observations:qrc2:all,held,joint-minus-local,observations:qrc2:zz,observations:qrc2:all,46,0,0.01038062283737029,0.009910330760187713,0.0011638544212056456,0.011259522141682243
shd,development,joint-minus-local:observations:qrc2:zz:observations:qrc2:all,held,joint-minus-local,observations:qrc2:zz,observations:qrc2:all,46,1,0.0046511627906976605,0.006139878116633912,0.01619870025268605,0.004019196242847356
shd,development,joint-minus-local:observations:qrc2:zz:observations:qrc2:all,held,joint-minus-local,observations:qrc2:zz,observations:qrc2:all,46,2,-0.0018785222291796688,-0.001171431665856315,0.0032196936285913136,-0.00192117164678135
shd,development,joint-minus-local:observations:qrc2:zz:observations:qrc2:all,held,joint-minus-local,observations:qrc2:zz,observations:qrc2:all,46,3,0.005069708491761693,0.007552551001878349,0.00403850262577421,0.005330094112293349
shd,official,joint-minus-local:observations:qrc2:zz:observations:qrc2:all,held,joint-minus-local,observations:qrc2:zz,observations:qrc2:all,42,official,0.010159010600706675,0.011275211147452335,0.010195242073781419,0.010042066961636786
shd,official,joint-minus-local:observations:qrc2:zz:observations:qrc2:all,held,joint-minus-local,observations:qrc2:zz,observations:qrc2:all,44,official,0.014134275618374659,0.014893028810011977,0.012277436859472801,0.014289299884989282
shd,official,joint-minus-local:observations:qrc2:zz:observations:qrc2:all,held,joint-minus-local,observations:qrc2:zz,observations:qrc2:all,46,official,0.0004416961130742081,0.002622394658273741,0.002729705062058052,0.0006101459873094628
shd,confirmation,joint-minus-products:observations:qrc2:zz:observations:qrc2:products,held,joint-minus-products,observations:qrc2:zz,observations:qrc2:products,42,confirmation,0.004955947136563887,0.0076045712076247,0.008956852314680464,0.005170727805399844
shd,confirmation,joint-minus-products:observations:qrc2:zz:observations:qrc2:products,held,joint-minus-products,observations:qrc2:zz,observations:qrc2:products,44,confirmation,-0.005506607929515517,-0.0048454104885415905,0.0010959555338549976,-0.0055022601431303775
shd,confirmation,joint-minus-products:observations:qrc2:zz:observations:qrc2:products,held,joint-minus-products,observations:qrc2:zz,observations:qrc2:products,46,confirmation,-0.0022026431718061845,-0.0065693368341882,-0.024996515146842868,-0.0023404322898474827
shd,development,joint-minus-products:observations:qrc2:zz:observations:qrc2:products,held,joint-minus-products,observations:qrc2:zz,observations:qrc2:products,42,0,0.009688581314878875,0.007793569472665018,0.005253979740456938,0.009498508910711245
shd,development,joint-minus-products:observations:qrc2:zz:observations:qrc2:products,held,joint-minus-products,observations:qrc2:zz,observations:qrc2:products,42,1,-0.005232558139534882,-0.006506407713791851,0.0025958874102612883,-0.00412578331170782
shd,development,joint-minus-products:observations:qrc2:zz:observations:qrc2:products,held,joint-minus-products,observations:qrc2:zz,observations:qrc2:products,42,2,0.016280525986224204,0.014163542126904294,0.017824453857972378,0.015487052629609088
shd,development,joint-minus-products:observations:qrc2:zz:observations:qrc2:products,held,joint-minus-products,observations:qrc2:zz,observations:qrc2:products,42,3,0.01457541191381495,0.013950083356171983,0.02417707608473174,0.014836665907625557
shd,development,joint-minus-products:observations:qrc2:zz:observations:qrc2:products,held,joint-minus-products,observations:qrc2:zz,observations:qrc2:products,44,0,0.0006920415224913601,0.005812695444074589,0.006539897303398656,0.003490577900591041
shd,development,joint-minus-products:observations:qrc2:zz:observations:qrc2:products,held,joint-minus-products,observations:qrc2:zz,observations:qrc2:products,44,1,-0.005813953488372048,-0.005482524573046099,-0.002267100387960852,-0.004887558781686285
shd,development,joint-minus-products:observations:qrc2:zz:observations:qrc2:products,held,joint-minus-products,observations:qrc2:zz,observations:qrc2:products,44,2,-0.003130870381966133,-0.001331748850013581,0.0009452633831117385,-0.003452901117875884
shd,development,joint-minus-products:observations:qrc2:zz:observations:qrc2:products,held,joint-minus-products,observations:qrc2:zz,observations:qrc2:products,44,3,-0.010773130544993625,-0.010752474902892883,-0.00413956449216113,-0.010964504909825035
shd,development,joint-minus-products:observations:qrc2:zz:observations:qrc2:products,held,joint-minus-products,observations:qrc2:zz,observations:qrc2:products,46,0,-0.00622837370242213,-0.010200428313695997,-0.04352261260373308,-0.006396934696620504
shd,development,joint-minus-products:observations:qrc2:zz:observations:qrc2:products,held,joint-minus-products,observations:qrc2:zz,observations:qrc2:products,46,1,0.0023255813953488302,0.0020235454962783672,0.006310062024122043,0.002286478861611263
shd,development,joint-minus-products:observations:qrc2:zz:observations:qrc2:products,held,joint-minus-products,observations:qrc2:zz,observations:qrc2:products,46,2,-0.0031308703819661887,-0.0032798652340041423,-0.008633707537957669,-0.0036272130263336755
shd,development,joint-minus-products:observations:qrc2:zz:observations:qrc2:products,held,joint-minus-products,observations:qrc2:zz,observations:qrc2:products,46,3,0.010773130544993625,0.013471078984956808,0.015467520498475107,0.011071923856054044
shd,official,joint-minus-products:observations:qrc2:zz:observations:qrc2:products,held,joint-minus-products,observations:qrc2:zz,observations:qrc2:products,42,official,0.0008833922261484162,0.00016007632495118607,0.0038634135347432874,0.0017420751101783205
shd,official,joint-minus-products:observations:qrc2:zz:observations:qrc2:products,held,joint-minus-products,observations:qrc2:zz,observations:qrc2:products,44,official,0.0035335689045936647,0.004422297865434799,-0.0006501419426815369,0.00356314422261772
shd,official,joint-minus-products:observations:qrc2:zz:observations:qrc2:products,held,joint-minus-products,observations:qrc2:zz,observations:qrc2:products,46,official,-0.0017667844522968323,-0.0012262399607104735,-0.0012407120262570848,-0.0015613271078215307
shd,confirmation,products-minus-local:observations:crc2:products:observations:crc2:all,held,products-minus-local,observations:crc2:products,observations:crc2:all,42,confirmation,-0.0033039647577092768,-0.0071256343938702615,0.02852438478481245,-0.003283804836279991
shd,confirmation,products-minus-local:observations:crc2:products:observations:crc2:all,held,products-minus-local,observations:crc2:products,observations:crc2:all,44,confirmation,0.0022026431718061845,-0.007435070418817968,0.0048508881442898,0.0018854156335609273
shd,confirmation,products-minus-local:observations:crc2:products:observations:crc2:all,held,products-minus-local,observations:crc2:products,observations:crc2:all,46,confirmation,0.00770925110132159,0.009393636972003405,0.04933233294772221,0.008132555014293497
shd,development,products-minus-local:observations:crc2:products:observations:crc2:all,held,products-minus-local,observations:crc2:products,observations:crc2:all,42,0,-0.004844290657439465,0.0009192419410232744,0.0013040590704360144,-0.004113638525065189
shd,development,products-minus-local:observations:crc2:products:observations:crc2:all,held,products-minus-local,observations:crc2:products,observations:crc2:all,42,1,-0.015116279069767424,-0.013536134952307766,0.02301146559002759,-0.01723735052118397
shd,development,products-minus-local:observations:crc2:products:observations:crc2:all,held,products-minus-local,observations:crc2:products,observations:crc2:all,42,2,0.007514088916718842,0.0048012324226118785,-0.06122942585739033,0.007265052252536486
shd,development,products-minus-local:observations:crc2:products:observations:crc2:all,held,products-minus-local,observations:crc2:products,observations:crc2:all,42,3,0.008238276299112834,0.006068435565377783,0.009264772737955673,0.007280117500908678
shd,development,products-minus-local:observations:crc2:products:observations:crc2:all,held,products-minus-local,observations:crc2:products,observations:crc2:all,44,0,-0.00761245674740485,-0.014131529434617596,-0.01701808843710112,-0.006357425325716037
shd,development,products-minus-local:observations:crc2:products:observations:crc2:all,held,products-minus-local,observations:crc2:products,observations:crc2:all,44,1,-0.0017441860465116088,-0.0005204581503749361,0.015002515675667405,-0.0016072666703689231
shd,development,products-minus-local:observations:crc2:products:observations:crc2:all,held,products-minus-local,observations:crc2:products,observations:crc2:all,44,2,0.02128991859737006,0.01741973301109878,0.012278669628244754,0.023578808338728496
shd,development,products-minus-local:observations:crc2:products:observations:crc2:all,held,products-minus-local,observations:crc2:products,observations:crc2:all,44,3,0.0012674271229403677,-0.0029112140382459017,0.03826590766420013,0.0015502395406707947
shd,development,products-minus-local:observations:crc2:products:observations:crc2:all,held,products-minus-local,observations:crc2:products,observations:crc2:all,46,0,-0.039446366782006914,-0.03401334004057266,-0.001600176966059963,-0.03840135903657904
shd,development,products-minus-local:observations:crc2:products:observations:crc2:all,held,products-minus-local,observations:crc2:products,observations:crc2:all,46,1,0.006395348837209325,-0.006369264761610649,-0.0018770874661179215,0.0024342157820350097
shd,development,products-minus-local:observations:crc2:products:observations:crc2:all,held,products-minus-local,observations:crc2:products,observations:crc2:all,46,2,0.011897307451471495,0.0027665853385598904,-0.008366208544407672,0.009735196069565188
shd,development,products-minus-local:observations:crc2:products:observations:crc2:all,held,products-minus-local,observations:crc2:products,observations:crc2:all,46,3,0.011406844106463865,0.009501800222366519,-0.028815452123477026,0.011203448200986676
shd,official,products-minus-local:observations:crc2:products:observations:crc2:all,held,products-minus-local,observations:crc2:products,observations:crc2:all,42,official,-0.009275618374558259,-0.01274487108572564,-0.006099080928518852,-0.009759818553319866
shd,official,products-minus-local:observations:crc2:products:observations:crc2:all,held,products-minus-local,observations:crc2:products,observations:crc2:all,44,official,-0.019876325088339253,-0.025081580399190506,-0.006679581002818957,-0.019506489195661336
shd,official,products-minus-local:observations:crc2:products:observations:crc2:all,held,products-minus-local,observations:crc2:products,observations:crc2:all,46,official,-0.004858657243816289,-0.0023560714727245413,0.016794657374473942,-0.0040236095738519495
shd,confirmation,width24-minus-width18:observations:crc2:width24:observations:crc2:all,held,width24-minus-width18,observations:crc2:width24,observations:crc2:all,42,confirmation,0.030286343612334787,0.03043963249038706,0.048819160147319796,0.030339007572445564
shd,confirmation,width24-minus-width18:observations:crc2:width24:observations:crc2:all,held,width24-minus-width18,observations:crc2:width24,observations:crc2:all,44,confirmation,-0.02753303964757714,-0.052957451647869525,-0.047416376354000866,-0.0283271737745574
shd,confirmation,width24-minus-width18:observations:crc2:width24:observations:crc2:all,held,width24-minus-width18,observations:crc2:width24,observations:crc2:all,46,confirmation,0.03854625550660801,0.05654710488336373,0.10517279194695295,0.03911471247412268
shd,development,width24-minus-width18:observations:crc2:width24:observations:crc2:all,held,width24-minus-width18,observations:crc2:width24,observations:crc2:all,42,0,0.017993079584775085,0.023172708701000078,0.020956602941063884,0.020273495919801987
shd,development,width24-minus-width18:observations:crc2:width24:observations:crc2:all,held,width24-minus-width18,observations:crc2:width24,observations:crc2:all,42,1,0.09534883720930232,0.08251049409002376,0.08409335871017987,0.08323020803126491
shd,development,width24-minus-width18:observations:crc2:width24:observations:crc2:all,held,width24-minus-width18,observations:crc2:width24,observations:crc2:all,42,2,-0.005635566687539173,0.008439273385546842,-0.023936141545019995,-0.004813608442364281
shd,development,width24-minus-width18:observations:crc2:width24:observations:crc2:all,held,width24-minus-width18,observations:crc2:width24,observations:crc2:all,42,3,0.07034220532319391,0.06974675296567978,0.07316048454346258,0.06945514764859423
shd,development,width24-minus-width18:observations:crc2:width24:observations:crc2:all,held,width24-minus-width18,observations:crc2:width24,observations:crc2:all,44,0,-0.10865051903114187,-0.10891086172514097,-0.11444884957120077,-0.1128457166219039
shd,development,width24-minus-width18:observations:crc2:width24:observations:crc2:all,held,width24-minus-width18,observations:crc2:width24,observations:crc2:all,44,1,-0.07558139534883718,-0.06315341074772535,-0.06812674729581264,-0.06905791844715187
shd,development,width24-minus-width18:observations:crc2:width24:observations:crc2:all,held,width24-minus-width18,observations:crc2:width24,observations:crc2:all,44,2,-0.03443957420162802,-0.038154233966659123,-0.06508266253570982,-0.03659488899966956
shd,development,width24-minus-width18:observations:crc2:width24:observations:crc2:all,held,width24-minus-width18,observations:crc2:width24,observations:crc2:all,44,3,-0.04626108998732581,-0.0332051840002493,-0.015439021452335888,-0.046498080202777126
shd,development,width24-minus-width18:observations:crc2:width24:observations:crc2:all,held,width24-minus-width18,observations:crc2:width24,observations:crc2:all,46,0,0.042214532871972354,0.05642720155450648,0.06482820475289447,0.04579583808877147
shd,development,width24-minus-width18:observations:crc2:width24:observations:crc2:all,held,width24-minus-width18,observations:crc2:width24,observations:crc2:all,46,1,0.07558139534883723,0.056727662351633734,0.02839844959720489,0.07572042974789689
shd,development,width24-minus-width18:observations:crc2:width24:observations:crc2:all,held,width24-minus-width18,observations:crc2:width24,observations:crc2:all,46,2,0.06700062617407643,0.06718641793435853,0.0018109774609337825,0.06826747234842556
shd,development,width24-minus-width18:observations:crc2:width24:observations:crc2:all,held,width24-minus-width18,observations:crc2:width24,observations:crc2:all,46,3,0.017743979721166037,0.021621055338198247,-0.02129243181407592,0.016525849373881518
shd,official,width24-minus-width18:observations:crc2:width24:observations:crc2:all,held,width24-minus-width18,observations:crc2:width24,observations:crc2:all,42,official,0.037544169611307465,0.03842921975513469,0.05452597529275238,0.036434520878181775
shd,official,width24-minus-width18:observations:crc2:width24:observations:crc2:all,held,width24-minus-width18,observations:crc2:width24,observations:crc2:all,44,official,-0.03356890459363959,-0.026020758240712483,-0.044535190079893594,-0.0342687104321171
shd,official,width24-minus-width18:observations:crc2:width24:observations:crc2:all,held,width24-minus-width18,observations:crc2:width24,observations:crc2:all,46,official,0.131625441696113,0.13943062678608908,0.12309536056738646,0.12971431079871287
shd,confirmation,joint-QRC-minus-CRC24:observations:qrc2:zz:observations:crc2:width24,held,joint-QRC-minus-CRC24,observations:qrc2:zz,observations:crc2:width24,42,confirmation,0.02753303964757714,0.0306244197352869,0.012601012164320968,0.0262851501191661
shd,confirmation,joint-QRC-minus-CRC24:observations:qrc2:zz:observations:crc2:width24,held,joint-QRC-minus-CRC24,observations:qrc2:zz,observations:crc2:width24,44,confirmation,0.06277533039647576,0.06993146537777933,0.06823817545416966,0.0625648327187216
shd,confirmation,joint-QRC-minus-CRC24:observations:qrc2:zz:observations:crc2:width24,held,joint-QRC-minus-CRC24,observations:qrc2:zz,observations:crc2:width24,46,confirmation,-0.024779735682819437,-0.035649635270832425,-0.05927755533094636,-0.026693948724910266
shd,development,joint-QRC-minus-CRC24:observations:qrc2:zz:observations:crc2:width24,held,joint-QRC-minus-CRC24,observations:qrc2:zz,observations:crc2:width24,42,0,0.05882352941176466,0.04663545711753053,0.06132959454874898,0.06168553601458271
shd,development,joint-QRC-minus-CRC24:observations:qrc2:zz:observations:crc2:width24,held,joint-QRC-minus-CRC24,observations:qrc2:zz,observations:crc2:width24,42,1,-0.03139534883720929,-0.006826070284288166,0.1014863281385684,-0.015529175641596837
shd,development,joint-QRC-minus-CRC24:observations:qrc2:zz:observations:crc2:width24,held,joint-QRC-minus-CRC24,observations:qrc2:zz,observations:crc2:width24,42,2,-0.021916092673763266,-0.03298129835005553,0.00835904011481603,-0.024848579623268474
shd,development,joint-QRC-minus-CRC24:observations:qrc2:zz:observations:crc2:width24,held,joint-QRC-minus-CRC24,observations:qrc2:zz,observations:crc2:width24,42,3,0.0012674271229404788,-0.014784325715786029,0.022231851904345068,-0.00011262674187617616
shd,development,joint-QRC-minus-CRC24:observations:qrc2:zz:observations:crc2:width24,held,joint-QRC-minus-CRC24,observations:qrc2:zz,observations:crc2:width24,44,0,0.13287197231833914,0.13684350931619071,0.13563679718227017,0.13730705410581345
shd,development,joint-QRC-minus-CRC24:observations:qrc2:zz:observations:crc2:width24,held,joint-QRC-minus-CRC24,observations:qrc2:zz,observations:crc2:width24,44,1,0.11162790697674418,0.11747515822259735,0.17191498877664652,0.11196419100786786
shd,development,joint-QRC-minus-CRC24:observations:qrc2:zz:observations:crc2:width24,held,joint-QRC-minus-CRC24,observations:qrc2:zz,observations:crc2:width24,44,2,0.05510331872260488,0.054687862680992294,0.0820993169799401,0.062108532174709574
shd,development,joint-QRC-minus-CRC24:observations:qrc2:zz:observations:crc2:width24,held,joint-QRC-minus-CRC24,observations:qrc2:zz,observations:crc2:width24,44,3,0.00823827629911289,-0.0010283323091081487,-0.0006414999729721371,0.006416842398898948
shd,development,joint-QRC-minus-CRC24:observations:qrc2:zz:observations:crc2:width24,held,joint-QRC-minus-CRC24,observations:qrc2:zz,observations:crc2:width24,46,0,-0.060899653979238744,-0.0669070814945899,-0.013876911293354055,-0.05936989422503253
shd,development,joint-QRC-minus-CRC24:observations:qrc2:zz:observations:crc2:width24,held,joint-QRC-minus-CRC24,observations:qrc2:zz,observations:crc2:width24,46,1,-0.025000000000000022,-0.003691887868656152,0.07359373263491487,-0.019082291986053324
shd,development,joint-QRC-minus-CRC24:observations:qrc2:zz:observations:crc2:width24,held,joint-QRC-minus-CRC24,observations:qrc2:zz,observations:crc2:width24,46,2,-0.06762680025046963,-0.06785190218391912,0.05447194687625856,-0.07127847544911908
shd,development,joint-QRC-minus-CRC24:observations:qrc2:zz:observations:crc2:width24,held,joint-QRC-minus-CRC24,observations:qrc2:zz,observations:crc2:width24,46,3,-0.003168567807351086,-0.011891475075137048,0.009415038430762968,-0.004794128234877237
shd,official,joint-QRC-minus-CRC24:observations:qrc2:zz:observations:crc2:width24,held,joint-QRC-minus-CRC24,observations:qrc2:zz,observations:crc2:width24,42,official,0.028268551236749095,0.03310916676040265,0.026024101098389374,0.02868327910088797
shd,official,joint-QRC-minus-CRC24:observations:qrc2:zz:observations:crc2:width24,held,joint-QRC-minus-CRC24,observations:qrc2:zz,observations:crc2:width24,44,official,0.06757950530035339,0.05961089723956525,0.06716018619485753,0.0682045392308257
shd,official,joint-QRC-minus-CRC24:observations:qrc2:zz:observations:crc2:width24,held,joint-QRC-minus-CRC24,observations:qrc2:zz,observations:crc2:width24,46,official,-0.04770318021201414,-0.050861884912905,-0.03794698073851166,-0.04863993901620489
shd,confirmation,joint-minus-local:observations:qrc4:zz:observations:qrc4:all,held,joint-minus-local,observations:qrc4:zz,observations:qrc4:all,42,confirmation,-0.0022026431718061845,0.0005395123068310248,-0.009425935035402788,-0.0010724490709221879
shd,confirmation,joint-minus-local:observations:qrc4:zz:observations:qrc4:all,held,joint-minus-local,observations:qrc4:zz,observations:qrc4:all,44,confirmation,-0.002753303964757703,-0.003004057861751508,-0.0035606016196799706,-0.0023815625699001863
shd,confirmation,joint-minus-local:observations:qrc4:zz:observations:qrc4:all,held,joint-minus-local,observations:qrc4:zz,observations:qrc4:all,46,confirmation,0.008810572687224627,0.008774853216612089,0.0135987789497376,0.009304898191446642
shd,development,joint-minus-local:observations:qrc4:zz:observations:qrc4:all,held,joint-minus-local,observations:qrc4:zz,observations:qrc4:all,42,0,0.027681660899654015,0.03196214812219289,0.01680575989661448,0.028503654409758494
shd,development,joint-minus-local:observations:qrc4:zz:observations:qrc4:all,held,joint-minus-local,observations:qrc4:zz,observations:qrc4:all,42,1,0.011627906976744151,0.014621061797887691,0.02029166819939493,0.012750878799971
shd,development,joint-minus-local:observations:qrc4:zz:observations:qrc4:all,held,joint-minus-local,observations:qrc4:zz,observations:qrc4:all,42,2,0.011271133375078235,0.012405199027240577,0.019990810952743465,0.012024248620018274
shd,development,joint-minus-local:observations:qrc4:zz:observations:qrc4:all,held,joint-minus-local,observations:qrc4:zz,observations:qrc4:all,42,3,-0.0012674271229404788,0.0015853173189183112,-0.003452514106586091,-0.001710472054609835
shd,development,joint-minus-local:observations:qrc4:zz:observations:qrc4:all,held,joint-minus-local,observations:qrc4:zz,observations:qrc4:all,44,0,0.0048442906574394096,0.005096823683364504,-0.0005390122515270823,0.0049632932721978
shd,development,joint-minus-local:observations:qrc4:zz:observations:qrc4:all,held,joint-minus-local,observations:qrc4:zz,observations:qrc4:all,44,1,0.0011627906976744429,0.00269602460527657,-0.003694175467661376,0.0009982635685337193
shd,development,joint-minus-local:observations:qrc4:zz:observations:qrc4:all,held,joint-minus-local,observations:qrc4:zz,observations:qrc4:all,44,2,0.004383218534752653,0.004506702660841411,0.003588087965959219,0.0039251237390740545
shd,development,joint-minus-local:observations:qrc4:zz:observations:qrc4:all,held,joint-minus-local,observations:qrc4:zz,observations:qrc4:all,44,3,0.0019011406844106071,0.004251904097757553,0.010155415618893437,0.0017440853705883441
shd,development,joint-minus-local:observations:qrc4:zz:observations:qrc4:all,held,joint-minus-local,observations:qrc4:zz,observations:qrc4:all,46,0,0.01384083044982698,0.012556873843956318,0.011559922347329055,0.012933859604736808
shd,development,joint-minus-local:observations:qrc4:zz:observations:qrc4:all,held,joint-minus-local,observations:qrc4:zz,observations:qrc4:all,46,1,0.0,0.004411350813212422,0.013242131380049038,0.0019541293178256813
shd,development,joint-minus-local:observations:qrc4:zz:observations:qrc4:all,held,joint-minus-local,observations:qrc4:zz,observations:qrc4:all,46,2,0.010018785222291826,0.01083160655061799,0.026095927831670918,0.010110280902567603
shd,development,joint-minus-local:observations:qrc4:zz:observations:qrc4:all,held,joint-minus-local,observations:qrc4:zz,observations:qrc4:all,46,3,0.0,0.003204177201098002,0.01615917345129303,-0.0003979993638544288
shd,official,joint-minus-local:observations:qrc4:zz:observations:qrc4:all,held,joint-minus-local,observations:qrc4:zz,observations:qrc4:all,42,official,0.0229681978798586,0.02636389266262784,0.021594055991913663,0.02296287995758517
shd,official,joint-minus-local:observations:qrc4:zz:observations:qrc4:all,held,joint-minus-local,observations:qrc4:zz,observations:qrc4:all,44,official,0.006625441696113121,0.008368343059883099,0.010341638233164474,0.006444244028698032
shd,official,joint-minus-local:observations:qrc4:zz:observations:qrc4:all,held,joint-minus-local,observations:qrc4:zz,observations:qrc4:all,46,official,0.012809187279152034,0.014439327791652912,0.01249927125414807,0.013076905168642794
shd,confirmation,joint-minus-products:observations:qrc4:zz:observations:qrc4:products,held,joint-minus-products,observations:qrc4:zz,observations:qrc4:products,42,confirmation,-0.0033039647577092213,-0.003829912460894036,-0.014505445371976622,-0.0032525561594280994
shd,confirmation,joint-minus-products:observations:qrc4:zz:observations:qrc4:products,held,joint-minus-products,observations:qrc4:zz,observations:qrc4:products,44,confirmation,-0.0038546255506607396,-0.0034970981516956323,-0.003210108107727372,-0.003889953168983773
shd,confirmation,joint-minus-products:observations:qrc4:zz:observations:qrc4:products,held,joint-minus-products,observations:qrc4:zz,observations:qrc4:products,46,confirmation,0.0,-0.0001313307079678916,-0.0005477355023706387,0.0
shd,development,joint-minus-products:observations:qrc4:zz:observations:qrc4:products,held,joint-minus-products,observations:qrc4:zz,observations:qrc4:products,42,0,0.004844290657439521,0.005438562183288864,0.005102396099399553,0.005267819114637695
shd,development,joint-minus-products:observations:qrc4:zz:observations:qrc4:products,held,joint-minus-products,observations:qrc4:zz,observations:qrc4:products,42,1,-0.0029069767441860517,-0.002076068884887372,-0.004091759469729617,-0.0018341554071056865
shd,development,joint-minus-products:observations:qrc4:zz:observations:qrc4:products,held,joint-minus-products,observations:qrc4:zz,observations:qrc4:products,42,2,0.0,0.00016964849243811253,0.0009583236709702625,-8.12540045505572e-05
shd,development,joint-minus-products:observations:qrc4:zz:observations:qrc4:products,held,joint-minus-products,observations:qrc4:zz,observations:qrc4:products,42,3,0.003168567807351086,0.003112502887795743,0.003514927050163652,0.003112471603159639
shd,development,joint-minus-products:observations:qrc4:zz:observations:qrc4:products,held,joint-minus-products,observations:qrc4:zz,observations:qrc4:products,44,0,-0.004844290657439521,-0.005787303442352121,-0.005856412205648365,-0.0047780184783016155
shd,development,joint-minus-products:observations:qrc4:zz:observations:qrc4:products,held,joint-minus-products,observations:qrc4:zz,observations:qrc4:products,44,1,-0.0034883720930232176,-0.004869678183427539,0.000600070692092225,-0.004510310293954489
shd,development,joint-minus-products:observations:qrc4:zz:observations:qrc4:products,held,joint-minus-products,observations:qrc4:zz,observations:qrc4:products,44,2,-0.0018785222291796688,-0.00026189036203960736,0.0025437256382416784,-0.0021739473181648927
shd,development,joint-minus-products:observations:qrc4:zz:observations:qrc4:products,held,joint-minus-products,observations:qrc4:zz,observations:qrc4:products,44,3,-0.0006337135614702394,0.0021886079700120797,0.006999567992896805,-0.0007758925926447668
shd,development,joint-minus-products:observations:qrc4:zz:observations:qrc4:products,held,joint-minus-products,observations:qrc4:zz,observations:qrc4:products,46,0,-0.0006920415224913601,-0.001238443486876739,-0.0019031552264172635,-0.0006808568493564815
shd,development,joint-minus-products:observations:qrc4:zz:observations:qrc4:products,held,joint-minus-products,observations:qrc4:zz,observations:qrc4:products,46,1,0.000581395348837277,0.0007653759552103678,0.00022185611368485958,0.00047169811320768584
shd,development,joint-minus-products:observations:qrc4:zz:observations:qrc4:products,held,joint-minus-products,observations:qrc4:zz,observations:qrc4:products,46,2,0.0006261740763932044,0.0004712402053734799,0.0005577638873661694,0.0005681818181817455
shd,development,joint-minus-products:observations:qrc4:zz:observations:qrc4:products,held,joint-minus-products,observations:qrc4:zz,observations:qrc4:products,46,3,-0.0025348542458808465,-0.003492776095237682,-0.002476136472130519,-0.002509770930823607
shd,official,joint-minus-products:observations:qrc4:zz:observations:qrc4:products,held,joint-minus-products,observations:qrc4:zz,observations:qrc4:products,42,official,0.0008833922261483051,0.000769807975500636,1.2705797942658137e-06,0.0009000117918053219
shd,official,joint-minus-products:observations:qrc4:zz:observations:qrc4:products,held,joint-minus-products,observations:qrc4:zz,observations:qrc4:products,44,official,-0.00662544169611301,-0.006343866181680147,-0.00712145325848712,-0.0065561518170088595
shd,official,joint-minus-products:observations:qrc4:zz:observations:qrc4:products,held,joint-minus-products,observations:qrc4:zz,observations:qrc4:products,46,official,0.0,4.9923404442098196e-05,0.00011646960090938574,0.0
shd,confirmation,products-minus-local:observations:crc4:products:observations:crc4:all,held,products-minus-local,observations:crc4:products,observations:crc4:all,42,confirmation,-0.01651982378854633,-0.020102382255053897,-0.025087049145897877,-0.01693383178659713
shd,confirmation,products-minus-local:observations:crc4:products:observations:crc4:all,held,products-minus-local,observations:crc4:products,observations:crc4:all,44,confirmation,0.004955947136563887,0.008128279882618328,0.013802228316246445,0.004989855894746431
shd,confirmation,products-minus-local:observations:crc4:products:observations:crc4:all,held,products-minus-local,observations:crc4:products,observations:crc4:all,46,confirmation,0.007158590308370072,0.010315416890948503,0.017453714226852712,0.007247073071956489
shd,development,products-minus-local:observations:crc4:products:observations:crc4:all,held,products-minus-local,observations:crc4:products,observations:crc4:all,42,0,0.0006920415224913046,0.0020333178202269764,0.00926300931074403,0.0011652102235911732
shd,development,products-minus-local:observations:crc4:products:observations:crc4:all,held,products-minus-local,observations:crc4:products,observations:crc4:all,42,1,-0.019767441860465085,-0.012413507017492609,-0.026891694373416652,-0.017266978633046492
shd,development,products-minus-local:observations:crc4:products:observations:crc4:all,held,products-minus-local,observations:crc4:products,observations:crc4:all,42,2,0.01440200375704448,0.015325459303766054,0.02617442127482905,0.014759354049594275
shd,development,products-minus-local:observations:crc4:products:observations:crc4:all,held,products-minus-local,observations:crc4:products,observations:crc4:all,42,3,0.005703422053231932,0.010679245096761658,0.00393206956749681,0.0055439021711153336
shd,development,products-minus-local:observations:crc4:products:observations:crc4:all,held,products-minus-local,observations:crc4:products,observations:crc4:all,44,0,-0.010380622837370235,-0.015057413945510023,0.003120346216022196,-0.012127776351167296
shd,development,products-minus-local:observations:crc4:products:observations:crc4:all,held,products-minus-local,observations:crc4:products,observations:crc4:all,44,1,-0.010465116279069764,-0.0070958920994033114,-0.012649225303684286,-0.011308269890252742
shd,development,products-minus-local:observations:crc4:products:observations:crc4:all,held,products-minus-local,observations:crc4:products,observations:crc4:all,44,2,0.018159048215403928,0.020291774132875307,0.007822588029348543,0.018430356911126378
shd,development,products-minus-local:observations:crc4:products:observations:crc4:all,held,products-minus-local,observations:crc4:products,observations:crc4:all,44,3,-0.009505703422053258,-0.011775378185478691,-0.013177677404531796,-0.009584556646734743
shd,development,products-minus-local:observations:crc4:products:observations:crc4:all,held,products-minus-local,observations:crc4:products,observations:crc4:all,46,0,0.00830449826989621,-0.001165171887030858,0.0029613893442933525,0.007916829684905813
shd,development,products-minus-local:observations:crc4:products:observations:crc4:all,held,products-minus-local,observations:crc4:products,observations:crc4:all,46,1,0.006395348837209269,0.015563705823674057,0.017463173551734767,0.010783423576972428
shd,development,products-minus-local:observations:crc4:products:observations:crc4:all,held,products-minus-local,observations:crc4:products,observations:crc4:all,46,2,-0.008766437069505306,0.001521702283239501,0.04482861265849203,-0.011314860118500358
shd,development,products-minus-local:observations:crc4:products:observations:crc4:all,held,products-minus-local,observations:crc4:products,observations:crc4:all,46,3,-0.005703422053231932,-0.00645827525131315,-0.019240242976549027,-0.0056193835312086104
shd,official,products-minus-local:observations:crc4:products:observations:crc4:all,held,products-minus-local,observations:crc4:products,observations:crc4:all,42,official,0.0114840989399293,0.014695219873394172,0.01451244566936194,0.01069463034063689
shd,official,products-minus-local:observations:crc4:products:observations:crc4:all,held,products-minus-local,observations:crc4:products,observations:crc4:all,44,official,0.0026501766784451375,0.0012523271620239473,-0.004524178035433146,0.0030172479934659213
shd,official,products-minus-local:observations:crc4:products:observations:crc4:all,held,products-minus-local,observations:crc4:products,observations:crc4:all,46,official,0.02031802120141346,0.020742453792186755,0.01905368775920524,0.01983314365369615
shd,confirmation,width24-minus-width18:observations:crc4:width24:observations:crc4:all,held,width24-minus-width18,observations:crc4:width24,observations:crc4:all,42,confirmation,-0.03083700440528636,-0.0312556811301421,-0.04781020556116489,-0.029859121134407363
shd,confirmation,width24-minus-width18:observations:crc4:width24:observations:crc4:all,held,width24-minus-width18,observations:crc4:width24,observations:crc4:all,44,confirmation,0.029735682819383324,0.03968887299286339,0.0742435539019991,0.029678437571613037
shd,confirmation,width24-minus-width18:observations:crc4:width24:observations:crc4:all,held,width24-minus-width18,observations:crc4:width24,observations:crc4:all,46,confirmation,-0.022577092511013253,-0.030365610270204235,0.010675610689581116,-0.023588521940955287
shd,development,width24-minus-width18:observations:crc4:width24:observations:crc4:all,held,width24-minus-width18,observations:crc4:width24,observations:crc4:all,42,0,-0.00830449826989621,-0.009161680129081695,0.0025572858931107723,-0.00816154975764416
shd,development,width24-minus-width18:observations:crc4:width24:observations:crc4:all,held,width24-minus-width18,observations:crc4:width24,observations:crc4:all,42,1,-0.02616279069767441,-0.03248634113785065,-0.05934759410481388,-0.0325389186285055
shd,development,width24-minus-width18:observations:crc4:width24:observations:crc4:all,held,width24-minus-width18,observations:crc4:width24,observations:crc4:all,42,2,-0.06261740763932372,-0.0425794244645582,-0.04821630103669394,-0.05899534646956206
shd,development,width24-minus-width18:observations:crc4:width24:observations:crc4:all,held,width24-minus-width18,observations:crc4:width24,observations:crc4:all,42,3,-0.03041825095057027,-0.0275876768301635,0.0119575190341773,-0.03143406391112591
shd,development,width24-minus-width18:observations:crc4:width24:observations:crc4:all,held,width24-minus-width18,observations:crc4:width24,observations:crc4:all,44,0,0.0885813148788927,0.0808918232550756,0.06584884386328838,0.09051935315280235
shd,development,width24-minus-width18:observations:crc4:width24:observations:crc4:all,held,width24-minus-width18,observations:crc4:width24,observations:crc4:all,44,1,0.0011627906976743874,0.02380405323643725,0.025287488261004742,0.005127498089169902
shd,development,width24-minus-width18:observations:crc4:width24:observations:crc4:all,held,width24-minus-width18,observations:crc4:width24,observations:crc4:all,44,2,0.0970569818409518,0.09463510554267618,0.007053743148446534,0.10046901489610177
shd,development,width24-minus-width18:observations:crc4:width24:observations:crc4:all,held,width24-minus-width18,observations:crc4:width24,observations:crc4:all,44,3,0.09442332065906212,0.09643161635993969,0.12426649254397337,0.09566437466529126
shd,development,width24-minus-width18:observations:crc4:width24:observations:crc4:all,held,width24-minus-width18,observations:crc4:width24,observations:crc4:all,46,0,-0.06782006920415229,-0.07489019621378412,-0.034255381578017996,-0.06406567996728618
shd,development,width24-minus-width18:observations:crc4:width24:observations:crc4:all,held,width24-minus-width18,observations:crc4:width24,observations:crc4:all,46,1,-0.024999999999999967,-0.03446731239495954,-0.01164381264612191,-0.03278980984538843
shd,development,width24-minus-width18:observations:crc4:width24:observations:crc4:all,held,width24-minus-width18,observations:crc4:width24,observations:crc4:all,46,2,-0.020037570444583597,-0.014987765909696471,-0.03233359209987563,-0.017510556156487056
shd,development,width24-minus-width18:observations:crc4:width24:observations:crc4:all,held,width24-minus-width18,observations:crc4:width24,observations:crc4:all,46,3,-0.009505703422053147,-0.013599718154091556,0.006772469542098203,-0.009552064120311177
shd,official,width24-minus-width18:observations:crc4:width24:observations:crc4:all,held,width24-minus-width18,observations:crc4:width24,observations:crc4:all,42,official,-0.0004416961130742081,-0.0010189727879713617,-0.0013796054100035926,-0.001394386160807004
shd,official,width24-minus-width18:observations:crc4:width24:observations:crc4:all,held,width24-minus-width18,observations:crc4:width24,observations:crc4:all,44,official,0.06492932862190803,0.06676143837922277,0.07026492024282782,0.06537989717623094
shd,official,width24-minus-width18:observations:crc4:width24:observations:crc4:all,held,width24-minus-width18,observations:crc4:width24,observations:crc4:all,46,official,-0.018992932862190837,-0.017947734876005206,-0.009436422641102005,-0.01906248062646909
shd,confirmation,joint-QRC-minus-CRC24:observations:qrc4:zz:observations:crc4:width24,held,joint-QRC-minus-CRC24,observations:qrc4:zz,observations:crc4:width24,42,confirmation,0.0033039647577092213,0.010393937183118762,-0.003098758493119469,0.0018399187530032668
shd,confirmation,joint-QRC-minus-CRC24:observations:qrc4:zz:observations:crc4:width24,held,joint-QRC-minus-CRC24,observations:qrc4:zz,observations:crc4:width24,44,confirmation,0.013766519823788514,0.001900771752450181,-0.05792873936689413,0.012691961619020309
shd,confirmation,joint-QRC-minus-CRC24:observations:qrc4:zz:observations:crc4:width24,held,joint-QRC-minus-CRC24,observations:qrc4:zz,observations:crc4:width24,46,confirmation,0.03414096916299558,0.026954271404252994,-0.005975127921822643,0.03351483262196886
shd,development,joint-QRC-minus-CRC24:observations:qrc4:zz:observations:crc4:width24,held,joint-QRC-minus-CRC24,observations:qrc4:zz,observations:crc4:width24,42,0,0.1031141868512111,0.11130996055323716,0.10135818403422764,0.10705940876558295
shd,development,joint-QRC-minus-CRC24:observations:qrc4:zz:observations:crc4:width24,held,joint-QRC-minus-CRC24,observations:qrc4:zz,observations:crc4:width24,42,1,0.07732558139534884,0.10987190125183649,0.11374830088223076,0.09852827460999058
shd,development,joint-QRC-minus-CRC24:observations:qrc4:zz:observations:crc4:width24,held,joint-QRC-minus-CRC24,observations:qrc4:zz,observations:crc4:width24,42,2,-0.007514088916718842,-0.019123911616905354,-0.0005477839430672038,-0.010694803673144626
shd,development,joint-QRC-minus-CRC24:observations:qrc4:zz:observations:crc4:width24,held,joint-QRC-minus-CRC24,observations:qrc4:zz,observations:crc4:width24,42,3,-0.00823827629911289,0.003910330425124564,-0.02716481953865768,-0.008834023671780544
shd,development,joint-QRC-minus-CRC24:observations:qrc4:zz:observations:crc4:width24,held,joint-QRC-minus-CRC24,observations:qrc4:zz,observations:crc4:width24,44,0,0.09411764705882353,0.08929520059091617,0.07910393194890508,0.09762410313954628
shd,development,joint-QRC-minus-CRC24:observations:qrc4:zz:observations:crc4:width24,held,joint-QRC-minus-CRC24,observations:qrc4:zz,observations:crc4:width24,44,1,0.061627906976744196,0.06690049938853937,0.09978551582579026,0.0592850536364376
shd,development,joint-QRC-minus-CRC24:observations:qrc4:zz:observations:crc4:width24,held,joint-QRC-minus-CRC24,observations:qrc4:zz,observations:crc4:width24,44,2,-0.09142141515341262,-0.0693406688062489,0.024212165192013302,-0.10453492465431236
shd,development,joint-QRC-minus-CRC24:observations:qrc4:zz:observations:crc4:width24,held,joint-QRC-minus-CRC24,observations:qrc4:zz,observations:crc4:width24,44,3,-0.003168567807351086,0.0027745942150189107,-0.02080350892109295,-0.0022162248324687495
shd,development,joint-QRC-minus-CRC24:observations:qrc4:zz:observations:crc4:width24,held,joint-QRC-minus-CRC24,observations:qrc4:zz,observations:crc4:width24,46,0,0.10173010380622838,0.10490780467978322,0.015418737498308799,0.1086488431247945
shd,development,joint-QRC-minus-CRC24:observations:qrc4:zz:observations:crc4:width24,held,joint-QRC-minus-CRC24,observations:qrc4:zz,observations:crc4:width24,46,1,0.03197674418604651,0.04613481454183033,-0.00021643348392297312,0.04047609837612176
shd,development,joint-QRC-minus-CRC24:observations:qrc4:zz:observations:crc4:width24,held,joint-QRC-minus-CRC24,observations:qrc4:zz,observations:crc4:width24,46,2,0.051346274264245484,0.05237357635563317,0.046637284051374794,0.04833011362591061
shd,development,joint-QRC-minus-CRC24:observations:qrc4:zz:observations:crc4:width24,held,joint-QRC-minus-CRC24,observations:qrc4:zz,observations:crc4:width24,46,3,0.03738910012674268,0.04565321774903741,0.03219666268300492,0.037812490307425506
shd,official,joint-QRC-minus-CRC24:observations:qrc4:zz:observations:crc4:width24,held,joint-QRC-minus-CRC24,observations:qrc4:zz,observations:crc4:width24,42,official,0.019876325088339142,0.02382529249430665,0.03418362998411917,0.019574849087576673
shd,official,joint-QRC-minus-CRC24:observations:qrc4:zz:observations:crc4:width24,held,joint-QRC-minus-CRC24,observations:qrc4:zz,observations:crc4:width24,44,official,-0.0022084805653709294,-0.004535955828874005,-0.004095292900246239,-0.002547783829435657
shd,official,joint-QRC-minus-CRC24:observations:qrc4:zz:observations:crc4:width24,held,joint-QRC-minus-CRC24,observations:qrc4:zz,observations:crc4:width24,46,official,0.021643109540636085,0.024165315151550404,0.008482688756884516,0.020761555379508523
shd,mapping-development,mapping-QRC-minus-CRC:mapping-paired:i2:legacy:qrc:mapping-paired:i2:legacy:crc,held,mapping-QRC-minus-CRC,mapping-paired:i2:legacy:qrc,mapping-paired:i2:legacy:crc,42,0,0.018685121107266472,0.035020138830530734,0.03802085188218435,0.022903971300881343
shd,mapping-development,mapping-QRC-minus-CRC:mapping-paired:i2:legacy:qrc:mapping-paired:i2:legacy:crc,held,mapping-QRC-minus-CRC,mapping-paired:i2:legacy:qrc,mapping-paired:i2:legacy:crc,42,1,0.048837209302325574,0.05943261472012315,0.10128275721469832,0.05460607329344866
shd,mapping-development,mapping-QRC-minus-CRC:mapping-paired:i2:legacy:qrc:mapping-paired:i2:legacy:crc,held,mapping-QRC-minus-CRC,mapping-paired:i2:legacy:qrc,mapping-paired:i2:legacy:crc,42,2,0.018159048215403872,0.011664399406207504,0.006024672566194933,0.01552435559849119
shd,mapping-development,mapping-QRC-minus-CRC:mapping-paired:i2:legacy:qrc:mapping-paired:i2:legacy:crc,held,mapping-QRC-minus-CRC,mapping-paired:i2:legacy:qrc,mapping-paired:i2:legacy:crc,42,3,0.05703422053231938,0.08796686076896976,0.10100962344743214,0.056401429848231655
shd,mapping-development,mapping-QRC-minus-CRC:mapping-paired:i2:legacy:qrc:mapping-paired:i2:legacy:crc,held,mapping-QRC-minus-CRC,mapping-paired:i2:legacy:qrc,mapping-paired:i2:legacy:crc,44,0,-0.018685121107266445,0.013222344828267923,0.0325720351622501,-0.013768565840526298
shd,mapping-development,mapping-QRC-minus-CRC:mapping-paired:i2:legacy:qrc:mapping-paired:i2:legacy:crc,held,mapping-QRC-minus-CRC,mapping-paired:i2:legacy:qrc,mapping-paired:i2:legacy:crc,44,1,0.05639534883720926,0.049693418784066745,-0.04596224834029,0.06830204758812031
shd,mapping-development,mapping-QRC-minus-CRC:mapping-paired:i2:legacy:qrc:mapping-paired:i2:legacy:crc,held,mapping-QRC-minus-CRC,mapping-paired:i2:legacy:qrc,mapping-paired:i2:legacy:crc,44,2,-0.0018785222291797243,-0.016842573324081733,-0.08016633514805388,-0.010279011786235692
shd,mapping-development,mapping-QRC-minus-CRC:mapping-paired:i2:legacy:qrc:mapping-paired:i2:legacy:crc,held,mapping-QRC-minus-CRC,mapping-paired:i2:legacy:qrc,mapping-paired:i2:legacy:crc,44,3,0.037389100126742736,0.06821508585396008,0.09609086741982803,0.03928930050753948
shd,mapping-development,mapping-QRC-minus-CRC:mapping-paired:i2:legacy:qrc:mapping-paired:i2:legacy:crc,held,mapping-QRC-minus-CRC,mapping-paired:i2:legacy:qrc,mapping-paired:i2:legacy:crc,46,0,-0.0020761245674740247,0.01001124660278474,-0.0022829363551179482,0.0020577352957427963
shd,mapping-development,mapping-QRC-minus-CRC:mapping-paired:i2:legacy:qrc:mapping-paired:i2:legacy:crc,held,mapping-QRC-minus-CRC,mapping-paired:i2:legacy:qrc,mapping-paired:i2:legacy:crc,46,1,0.028488372093023295,0.04690649274707939,0.04209732550008488,0.03036932555990307
shd,mapping-development,mapping-QRC-minus-CRC:mapping-paired:i2:legacy:qrc:mapping-paired:i2:legacy:crc,held,mapping-QRC-minus-CRC,mapping-paired:i2:legacy:qrc,mapping-paired:i2:legacy:crc,46,2,-0.0012523481527864644,0.012852528000147079,-0.0016736411348440283,-0.001447521566326132
shd,mapping-development,mapping-QRC-minus-CRC:mapping-paired:i2:legacy:qrc:mapping-paired:i2:legacy:crc,held,mapping-QRC-minus-CRC,mapping-paired:i2:legacy:qrc,mapping-paired:i2:legacy:crc,46,3,0.03802281368821292,0.056773561817252294,0.05064218516379804,0.039455019993960616
shd,mapping-development,mapping-QRC-minus-CRC:mapping-paired:i2:pooling:qrc:mapping-paired:i2:pooling:crc,held,mapping-QRC-minus-CRC,mapping-paired:i2:pooling:qrc,mapping-paired:i2:pooling:crc,42,0,0.061591695501730104,0.05175261288406463,0.06632449158281623,0.06626758561497292
shd,mapping-development,mapping-QRC-minus-CRC:mapping-paired:i2:pooling:qrc:mapping-paired:i2:pooling:crc,held,mapping-QRC-minus-CRC,mapping-paired:i2:pooling:qrc,mapping-paired:i2:pooling:crc,42,1,0.06395348837209303,0.07599807407194709,0.19009808267197897,0.06714739426980726
shd,mapping-development,mapping-QRC-minus-CRC:mapping-paired:i2:pooling:qrc:mapping-paired:i2:pooling:crc,held,mapping-QRC-minus-CRC,mapping-paired:i2:pooling:qrc,mapping-paired:i2:pooling:crc,42,2,-0.030056355666875423,-0.028045357806854576,-0.039509263174206,-0.03231030729807527
shd,mapping-development,mapping-QRC-minus-CRC:mapping-paired:i2:pooling:qrc:mapping-paired:i2:pooling:crc,held,mapping-QRC-minus-CRC,mapping-paired:i2:pooling:qrc,mapping-paired:i2:pooling:crc,42,3,0.07224334600760463,0.054135236981742496,0.09334581131924513,0.06969702468429922
shd,mapping-development,mapping-QRC-minus-CRC:mapping-paired:i2:pooling:qrc:mapping-paired:i2:pooling:crc,held,mapping-QRC-minus-CRC,mapping-paired:i2:pooling:qrc,mapping-paired:i2:pooling:crc,44,0,0.002768166089965385,0.001222128550560031,-0.017112271915742217,0.002760916400735669
shd,mapping-development,mapping-QRC-minus-CRC:mapping-paired:i2:pooling:qrc:mapping-paired:i2:pooling:crc,held,mapping-QRC-minus-CRC,mapping-paired:i2:pooling:qrc,mapping-paired:i2:pooling:crc,44,1,0.005232558139534882,0.03469736257552941,0.10868736522547273,0.012829073193797003
shd,mapping-development,mapping-QRC-minus-CRC:mapping-paired:i2:pooling:qrc:mapping-paired:i2:pooling:crc,held,mapping-QRC-minus-CRC,mapping-paired:i2:pooling:qrc,mapping-paired:i2:pooling:crc,44,2,0.024420788979336305,0.016538759700694516,0.012836570250286727,0.027690092684270917
shd,mapping-development,mapping-QRC-minus-CRC:mapping-paired:i2:pooling:qrc:mapping-paired:i2:pooling:crc,held,mapping-QRC-minus-CRC,mapping-paired:i2:pooling:qrc,mapping-paired:i2:pooling:crc,44,3,-0.026615969581749055,-0.025487859560401893,-0.0023136630301091587,-0.028495505698531876
shd,mapping-development,mapping-QRC-minus-CRC:mapping-paired:i2:pooling:qrc:mapping-paired:i2:pooling:crc,held,mapping-QRC-minus-CRC,mapping-paired:i2:pooling:qrc,mapping-paired:i2:pooling:crc,46,0,-0.02906574394463668,-0.02039021070027114,0.04978743903833477,-0.024833578277943302
shd,mapping-development,mapping-QRC-minus-CRC:mapping-paired:i2:pooling:qrc:mapping-paired:i2:pooling:crc,held,mapping-QRC-minus-CRC,mapping-paired:i2:pooling:qrc,mapping-paired:i2:pooling:crc,46,1,0.04593023255813955,0.04689589636634367,0.0857934819794337,0.05261894151899621
shd,mapping-development,mapping-QRC-minus-CRC:mapping-paired:i2:pooling:qrc:mapping-paired:i2:pooling:crc,held,mapping-QRC-minus-CRC,mapping-paired:i2:pooling:qrc,mapping-paired:i2:pooling:crc,46,2,0.0012523481527864644,0.0005059474162957267,0.05306323070860103,-0.0010898314539121712
shd,mapping-development,mapping-QRC-minus-CRC:mapping-paired:i2:pooling:qrc:mapping-paired:i2:pooling:crc,held,mapping-QRC-minus-CRC,mapping-paired:i2:pooling:qrc,mapping-paired:i2:pooling:crc,46,3,0.009505703422053258,0.00217702926118285,-0.01591589600908716,0.006401627026710932
shd,mapping-development,mapping-minus-anchor:mapping-paired:i2:pooling:qrc:mapping-paired:i2:legacy:qrc,held,mapping-minus-anchor,mapping-paired:i2:pooling:qrc,mapping-paired:i2:legacy:qrc,42,0,0.15916955017301038,0.139929901376327,0.17465612098278743,0.16049084408748765
shd,mapping-development,mapping-minus-anchor:mapping-paired:i2:pooling:qrc:mapping-paired:i2:legacy:qrc,held,mapping-minus-anchor,mapping-paired:i2:pooling:qrc,mapping-paired:i2:legacy:qrc,42,1,0.11162790697674418,0.11192757640357065,0.16453482455092017,0.10422252629815598
shd,mapping-development,mapping-minus-anchor:mapping-paired:i2:pooling:qrc:mapping-paired:i2:legacy:qrc,held,mapping-minus-anchor,mapping-paired:i2:pooling:qrc,mapping-paired:i2:legacy:qrc,42,2,0.1834690043832185,0.18475833516809098,0.183313881879678,0.18535077217474782
shd,mapping-development,mapping-minus-anchor:mapping-paired:i2:pooling:qrc:mapping-paired:i2:legacy:qrc,held,mapping-minus-anchor,mapping-paired:i2:pooling:qrc,mapping-paired:i2:legacy:qrc,42,3,0.1508238276299113,0.11613816997313775,0.08573570697966948,0.15147386098908217
shd,mapping-development,mapping-minus-anchor:mapping-paired:i2:pooling:qrc:mapping-paired:i2:legacy:qrc,held,mapping-minus-anchor,mapping-paired:i2:pooling:qrc,mapping-paired:i2:legacy:qrc,44,0,0.1792387543252595,0.15649195751153736,0.10009967160110994,0.17846923344197177
shd,mapping-development,mapping-minus-anchor:mapping-paired:i2:pooling:qrc:mapping-paired:i2:legacy:qrc,held,mapping-minus-anchor,mapping-paired:i2:pooling:qrc,mapping-paired:i2:legacy:qrc,44,1,0.06976744186046513,0.08905316693093168,0.13011690592241093,0.05597262926487473
shd,mapping-development,mapping-minus-anchor:mapping-paired:i2:pooling:qrc:mapping-paired:i2:legacy:qrc,held,mapping-minus-anchor,mapping-paired:i2:pooling:qrc,mapping-paired:i2:legacy:qrc,44,2,0.22479649342517222,0.2199735937226372,0.20486641027843894,0.23808766101865653
shd,mapping-development,mapping-minus-anchor:mapping-paired:i2:pooling:qrc:mapping-paired:i2:legacy:qrc,held,mapping-minus-anchor,mapping-paired:i2:pooling:qrc,mapping-paired:i2:legacy:qrc,44,3,0.11089987325728773,0.09360523904628121,0.05954102197085509,0.1106968951170147
shd,mapping-development,mapping-minus-anchor:mapping-paired:i2:pooling:qrc:mapping-paired:i2:legacy:qrc,held,mapping-minus-anchor,mapping-paired:i2:pooling:qrc,mapping-paired:i2:legacy:qrc,46,0,0.08650519031141865,0.07836520086754115,0.10950230911101677,0.08575928314747192
shd,mapping-development,mapping-minus-anchor:mapping-paired:i2:pooling:qrc:mapping-paired:i2:legacy:qrc,held,mapping-minus-anchor,mapping-paired:i2:pooling:qrc,mapping-paired:i2:legacy:qrc,46,1,0.07906976744186045,0.09443788832709621,0.1094083407239217,0.08291897092344419
shd,mapping-development,mapping-minus-anchor:mapping-paired:i2:pooling:qrc:mapping-paired:i2:legacy:qrc,held,mapping-minus-anchor,mapping-paired:i2:pooling:qrc,mapping-paired:i2:legacy:qrc,46,2,0.1934877896055103,0.1836491668607455,0.23298913869622084,0.19242558759468759
shd,mapping-development,mapping-minus-anchor:mapping-paired:i2:pooling:qrc:mapping-paired:i2:legacy:qrc,held,mapping-minus-anchor,mapping-paired:i2:pooling:qrc,mapping-paired:i2:legacy:qrc,46,3,0.1248415716096325,0.10316049169237745,0.07937131046923979,0.12406935758477361
shd,mapping-development,mapping-minus-anchor:mapping-paired:i2:pooling:crc:mapping-paired:i2:legacy:crc,held,mapping-minus-anchor,mapping-paired:i2:pooling:crc,mapping-paired:i2:legacy:crc,42,0,0.11626297577854675,0.1231974273227931,0.14635248128215556,0.11712722977339607
shd,mapping-development,mapping-minus-anchor:mapping-paired:i2:pooling:crc:mapping-paired:i2:legacy:crc,held,mapping-minus-anchor,mapping-paired:i2:pooling:crc,mapping-paired:i2:legacy:crc,42,1,0.09651162790697673,0.09536211705174671,0.07571949909363951,0.09168120532179738
shd,mapping-development,mapping-minus-anchor:mapping-paired:i2:pooling:crc:mapping-paired:i2:legacy:crc,held,mapping-minus-anchor,mapping-paired:i2:pooling:crc,mapping-paired:i2:legacy:crc,42,2,0.2316844082654978,0.22446809238115306,0.22884781762007894,0.23318543507131428
shd,mapping-development,mapping-minus-anchor:mapping-paired:i2:pooling:crc:mapping-paired:i2:legacy:crc,held,mapping-minus-anchor,mapping-paired:i2:pooling:crc,mapping-paired:i2:legacy:crc,42,3,0.13561470215462607,0.149969793760365,0.09339951910785649,0.1381782661530146
shd,mapping-development,mapping-minus-anchor:mapping-paired:i2:pooling:crc:mapping-paired:i2:legacy:crc,held,mapping-minus-anchor,mapping-paired:i2:pooling:crc,mapping-paired:i2:legacy:crc,44,0,0.15778546712802766,0.16849217378924525,0.14978397867910226,0.1619397512007098
shd,mapping-development,mapping-minus-anchor:mapping-paired:i2:pooling:crc:mapping-paired:i2:legacy:crc,held,mapping-minus-anchor,mapping-paired:i2:pooling:crc,mapping-paired:i2:legacy:crc,44,1,0.1209302325581395,0.10404922313946902,-0.024532707643351803,0.11144560365919803
shd,mapping-development,mapping-minus-anchor:mapping-paired:i2:pooling:crc:mapping-paired:i2:legacy:crc,held,mapping-minus-anchor,mapping-paired:i2:pooling:crc,mapping-paired:i2:legacy:crc,44,2,0.1984971822166562,0.18659226069786095,0.11186350488009833,0.20011855654814992
shd,mapping-development,mapping-minus-anchor:mapping-paired:i2:pooling:crc:mapping-paired:i2:legacy:crc,held,mapping-minus-anchor,mapping-paired:i2:pooling:crc,mapping-paired:i2:legacy:crc,44,3,0.17490494296577952,0.18730818446064318,0.15794555242079228,0.17848170132308605
shd,mapping-development,mapping-minus-anchor:mapping-paired:i2:pooling:crc:mapping-paired:i2:legacy:crc,held,mapping-minus-anchor,mapping-paired:i2:pooling:crc,mapping-paired:i2:legacy:crc,46,0,0.1134948096885813,0.10876665817059702,0.057431933717564054,0.11265059672115801
shd,mapping-development,mapping-minus-anchor:mapping-paired:i2:pooling:crc:mapping-paired:i2:legacy:crc,held,mapping-minus-anchor,mapping-paired:i2:pooling:crc,mapping-paired:i2:legacy:crc,46,1,0.061627906976744196,0.09444848470783193,0.06571218424457287,0.06066935496435105
shd,mapping-development,mapping-minus-anchor:mapping-paired:i2:pooling:crc:mapping-paired:i2:legacy:crc,held,mapping-minus-anchor,mapping-paired:i2:pooling:crc,mapping-paired:i2:legacy:crc,46,2,0.19098309329993737,0.19599574744459686,0.1782522668527758,0.19206789748227363
shd,mapping-development,mapping-minus-anchor:mapping-paired:i2:pooling:crc:mapping-paired:i2:legacy:crc,held,mapping-minus-anchor,mapping-paired:i2:pooling:crc,mapping-paired:i2:legacy:crc,46,3,0.15335868187579216,0.1577570242484469,0.14592939164212498,0.1571227505520233
shd,mapping-development,mapping-minus-anchor:mapping-paired:i2:pooling:projection:mapping-paired:i2:legacy:projection,held,mapping-minus-anchor,mapping-paired:i2:pooling:projection,mapping-paired:i2:legacy:projection,42,0,0.16332179930795848,0.15656204192449755,0.08370961256485565,0.17063952450573688
shd,mapping-development,mapping-minus-anchor:mapping-paired:i2:pooling:projection:mapping-paired:i2:legacy:projection,held,mapping-minus-anchor,mapping-paired:i2:pooling:projection,mapping-paired:i2:legacy:projection,42,1,0.08488372093023255,0.07111171684733142,-0.027779275472227305,0.09243579087267889
shd,mapping-development,mapping-minus-anchor:mapping-paired:i2:pooling:projection:mapping-paired:i2:legacy:projection,held,mapping-minus-anchor,mapping-paired:i2:pooling:projection,mapping-paired:i2:legacy:projection,42,2,0.18847839699436442,0.18645700112091962,0.11030448671326692,0.19150103142285524
shd,mapping-development,mapping-minus-anchor:mapping-paired:i2:pooling:projection:mapping-paired:i2:legacy:projection,held,mapping-minus-anchor,mapping-paired:i2:pooling:projection,mapping-paired:i2:legacy:projection,42,3,0.12927756653992395,0.12976920500811745,0.18684091147828952,0.1287201981219931
shd,mapping-development,mapping-minus-anchor:mapping-paired:i2:pooling:projection:mapping-paired:i2:legacy:projection,held,mapping-minus-anchor,mapping-paired:i2:pooling:projection,mapping-paired:i2:legacy:projection,44,0,0.16332179930795848,0.15656204192449755,0.08370961256485565,0.17063952450573688
shd,mapping-development,mapping-minus-anchor:mapping-paired:i2:pooling:projection:mapping-paired:i2:legacy:projection,held,mapping-minus-anchor,mapping-paired:i2:pooling:projection,mapping-paired:i2:legacy:projection,44,1,0.08488372093023255,0.07111171684733142,-0.027779275472227305,0.09243579087267889
shd,mapping-development,mapping-minus-anchor:mapping-paired:i2:pooling:projection:mapping-paired:i2:legacy:projection,held,mapping-minus-anchor,mapping-paired:i2:pooling:projection,mapping-paired:i2:legacy:projection,44,2,0.18847839699436442,0.18645700112091962,0.11030448671326692,0.19150103142285524
shd,mapping-development,mapping-minus-anchor:mapping-paired:i2:pooling:projection:mapping-paired:i2:legacy:projection,held,mapping-minus-anchor,mapping-paired:i2:pooling:projection,mapping-paired:i2:legacy:projection,44,3,0.12927756653992395,0.12976920500811745,0.18684091147828952,0.1287201981219931
shd,mapping-development,mapping-minus-anchor:mapping-paired:i2:pooling:projection:mapping-paired:i2:legacy:projection,held,mapping-minus-anchor,mapping-paired:i2:pooling:projection,mapping-paired:i2:legacy:projection,46,0,0.16332179930795848,0.15656204192449755,0.08370961256485565,0.17063952450573688
shd,mapping-development,mapping-minus-anchor:mapping-paired:i2:pooling:projection:mapping-paired:i2:legacy:projection,held,mapping-minus-anchor,mapping-paired:i2:pooling:projection,mapping-paired:i2:legacy:projection,46,1,0.08488372093023255,0.07111171684733142,-0.027779275472227305,0.09243579087267889
shd,mapping-development,mapping-minus-anchor:mapping-paired:i2:pooling:projection:mapping-paired:i2:legacy:projection,held,mapping-minus-anchor,mapping-paired:i2:pooling:projection,mapping-paired:i2:legacy:projection,46,2,0.18847839699436442,0.18645700112091962,0.11030448671326692,0.19150103142285524
shd,mapping-development,mapping-minus-anchor:mapping-paired:i2:pooling:projection:mapping-paired:i2:legacy:projection,held,mapping-minus-anchor,mapping-paired:i2:pooling:projection,mapping-paired:i2:legacy:projection,46,3,0.12927756653992395,0.12976920500811745,0.18684091147828952,0.1287201981219931
shd,mapping-development,mapping-QRC-minus-CRC:mapping-paired:i4:legacy:qrc:mapping-paired:i4:legacy:crc,held,mapping-QRC-minus-CRC,mapping-paired:i4:legacy:qrc,mapping-paired:i4:legacy:crc,42,0,0.11557093425605536,0.11771077985489464,0.20895973901884107,0.11938446425977395
shd,mapping-development,mapping-QRC-minus-CRC:mapping-paired:i4:legacy:qrc:mapping-paired:i4:legacy:crc,held,mapping-QRC-minus-CRC,mapping-paired:i4:legacy:qrc,mapping-paired:i4:legacy:crc,42,1,0.06220930232558142,0.07403620994108445,0.1366078572258997,0.0714958587868667
shd,mapping-development,mapping-QRC-minus-CRC:mapping-paired:i4:legacy:qrc:mapping-paired:i4:legacy:crc,held,mapping-QRC-minus-CRC,mapping-paired:i4:legacy:qrc,mapping-paired:i4:legacy:crc,42,2,-0.0018785222291797243,-0.015003809113987576,-0.026865302555616588,-0.003595345904215508
shd,mapping-development,mapping-QRC-minus-CRC:mapping-paired:i4:legacy:qrc:mapping-paired:i4:legacy:crc,held,mapping-QRC-minus-CRC,mapping-paired:i4:legacy:qrc,mapping-paired:i4:legacy:crc,42,3,0.013941698352344711,0.02335337326886372,0.09532254203080648,0.013065259606679647
shd,mapping-development,mapping-QRC-minus-CRC:mapping-paired:i4:legacy:qrc:mapping-paired:i4:legacy:crc,held,mapping-QRC-minus-CRC,mapping-paired:i4:legacy:qrc,mapping-paired:i4:legacy:crc,44,0,0.09826989619377163,0.11466761149512245,0.13071378597625594,0.10605424797462426
shd,mapping-development,mapping-QRC-minus-CRC:mapping-paired:i4:legacy:qrc:mapping-paired:i4:legacy:crc,held,mapping-QRC-minus-CRC,mapping-paired:i4:legacy:qrc,mapping-paired:i4:legacy:crc,44,1,0.08488372093023255,0.10240398799119185,0.08116711060214216,0.09209369188589739
shd,mapping-development,mapping-QRC-minus-CRC:mapping-paired:i4:legacy:qrc:mapping-paired:i4:legacy:crc,held,mapping-QRC-minus-CRC,mapping-paired:i4:legacy:qrc,mapping-paired:i4:legacy:crc,44,2,0.03882279273638073,0.04971387952679668,0.03846179865659871,0.03233492271179472
shd,mapping-development,mapping-QRC-minus-CRC:mapping-paired:i4:legacy:qrc:mapping-paired:i4:legacy:crc,held,mapping-QRC-minus-CRC,mapping-paired:i4:legacy:qrc,mapping-paired:i4:legacy:crc,44,3,0.01584283903675543,0.018413070119778274,0.052154522293329286,0.0179140013262592
shd,mapping-development,mapping-QRC-minus-CRC:mapping-paired:i4:legacy:qrc:mapping-paired:i4:legacy:crc,held,mapping-QRC-minus-CRC,mapping-paired:i4:legacy:qrc,mapping-paired:i4:legacy:crc,46,0,0.0920415224913495,0.10104932098678737,0.10823650511866345,0.09440083262915727
shd,mapping-development,mapping-QRC-minus-CRC:mapping-paired:i4:legacy:qrc:mapping-paired:i4:legacy:crc,held,mapping-QRC-minus-CRC,mapping-paired:i4:legacy:qrc,mapping-paired:i4:legacy:crc,46,1,0.023255813953488358,0.01812244655949563,0.020946844743260695,0.026358968197033483
shd,mapping-development,mapping-QRC-minus-CRC:mapping-paired:i4:legacy:qrc:mapping-paired:i4:legacy:crc,held,mapping-QRC-minus-CRC,mapping-paired:i4:legacy:qrc,mapping-paired:i4:legacy:crc,46,2,-0.0037570444583594487,-0.010467652760220603,0.00649411744424333,-0.0056279827432579865
shd,mapping-development,mapping-QRC-minus-CRC:mapping-paired:i4:legacy:qrc:mapping-paired:i4:legacy:crc,held,mapping-QRC-minus-CRC,mapping-paired:i4:legacy:qrc,mapping-paired:i4:legacy:crc,46,3,0.026615969581749055,0.0236861525757191,0.061006279218255965,0.02679263863923037
shd,mapping-development,mapping-QRC-minus-CRC:mapping-paired:i4:pooling:qrc:mapping-paired:i4:pooling:crc,held,mapping-QRC-minus-CRC,mapping-paired:i4:pooling:qrc,mapping-paired:i4:pooling:crc,42,0,0.06712802768166087,0.07018613230196258,0.08710971003072393,0.0703942045981803
shd,mapping-development,mapping-QRC-minus-CRC:mapping-paired:i4:pooling:qrc:mapping-paired:i4:pooling:crc,held,mapping-QRC-minus-CRC,mapping-paired:i4:pooling:qrc,mapping-paired:i4:pooling:crc,42,1,0.03953488372093028,0.06276449831609815,0.034109038578021944,0.05323847718151409
shd,mapping-development,mapping-QRC-minus-CRC:mapping-paired:i4:pooling:qrc:mapping-paired:i4:pooling:crc,held,mapping-QRC-minus-CRC,mapping-paired:i4:pooling:qrc,mapping-paired:i4:pooling:crc,42,2,-0.0814026299311208,-0.07410853510870413,-0.06875489593250461,-0.08171439876272496
shd,mapping-development,mapping-QRC-minus-CRC:mapping-paired:i4:pooling:qrc:mapping-paired:i4:pooling:crc,held,mapping-QRC-minus-CRC,mapping-paired:i4:pooling:qrc,mapping-paired:i4:pooling:crc,42,3,-0.03738910012674268,-0.025262663723957246,-0.01175478639789429,-0.03855761552829662
shd,mapping-development,mapping-QRC-minus-CRC:mapping-paired:i4:pooling:qrc:mapping-paired:i4:pooling:crc,held,mapping-QRC-minus-CRC,mapping-paired:i4:pooling:qrc,mapping-paired:i4:pooling:crc,44,0,0.17785467128027682,0.16509020016262727,0.14549178806372054,0.18318016302015083
shd,mapping-development,mapping-QRC-minus-CRC:mapping-paired:i4:pooling:qrc:mapping-paired:i4:pooling:crc,held,mapping-QRC-minus-CRC,mapping-paired:i4:pooling:qrc,mapping-paired:i4:pooling:crc,44,1,0.06162790697674414,0.08800852801970005,0.12876717955445638,0.06341428815707378
shd,mapping-development,mapping-QRC-minus-CRC:mapping-paired:i4:pooling:qrc:mapping-paired:i4:pooling:crc,held,mapping-QRC-minus-CRC,mapping-paired:i4:pooling:qrc,mapping-paired:i4:pooling:crc,44,2,0.00125234815278652,0.020787734075585873,0.027677820374500617,-0.007991033497284639
shd,mapping-development,mapping-QRC-minus-CRC:mapping-paired:i4:pooling:qrc:mapping-paired:i4:pooling:crc,held,mapping-QRC-minus-CRC,mapping-paired:i4:pooling:qrc,mapping-paired:i4:pooling:crc,44,3,0.08935361216730042,0.09495430647720104,0.09330756800398698,0.09170406446223417
shd,mapping-development,mapping-QRC-minus-CRC:mapping-paired:i4:pooling:qrc:mapping-paired:i4:pooling:crc,held,mapping-QRC-minus-CRC,mapping-paired:i4:pooling:qrc,mapping-paired:i4:pooling:crc,46,0,0.02006920415224911,0.017460734622042784,-0.030396566427038252,0.03164930355277151
shd,mapping-development,mapping-QRC-minus-CRC:mapping-paired:i4:pooling:qrc:mapping-paired:i4:pooling:crc,held,mapping-QRC-minus-CRC,mapping-paired:i4:pooling:qrc,mapping-paired:i4:pooling:crc,46,1,0.006976744186046546,0.007256151333658367,-0.02510237751009392,0.00573215921290765
shd,mapping-development,mapping-QRC-minus-CRC:mapping-paired:i4:pooling:qrc:mapping-paired:i4:pooling:crc,held,mapping-QRC-minus-CRC,mapping-paired:i4:pooling:qrc,mapping-paired:i4:pooling:crc,46,2,0.02128991859737006,0.026554203895318707,-0.011792235880171753,0.02070927656685595
shd,mapping-development,mapping-QRC-minus-CRC:mapping-paired:i4:pooling:qrc:mapping-paired:i4:pooling:crc,held,mapping-QRC-minus-CRC,mapping-paired:i4:pooling:qrc,mapping-paired:i4:pooling:crc,46,3,0.027883396704689534,0.028849322393847854,0.02280995877381009,0.028658425550968758
shd,mapping-development,mapping-minus-anchor:mapping-paired:i4:pooling:qrc:mapping-paired:i4:legacy:qrc,held,mapping-minus-anchor,mapping-paired:i4:pooling:qrc,mapping-paired:i4:legacy:qrc,42,0,0.07612456747404844,0.08113758428551576,0.017537021034040867,0.07743295016005602
shd,mapping-development,mapping-minus-anchor:mapping-paired:i4:pooling:qrc:mapping-paired:i4:legacy:qrc,held,mapping-minus-anchor,mapping-paired:i4:pooling:qrc,mapping-paired:i4:legacy:qrc,42,1,0.13604651162790699,0.1401701833119004,0.020960035308559,0.14294122719570818
shd,mapping-development,mapping-minus-anchor:mapping-paired:i4:pooling:qrc:mapping-paired:i4:legacy:qrc,held,mapping-minus-anchor,mapping-paired:i4:pooling:qrc,mapping-paired:i4:legacy:qrc,42,2,0.06261740763932377,0.08778168978527784,0.07451351710740972,0.06749715411589641
shd,mapping-development,mapping-minus-anchor:mapping-paired:i4:pooling:qrc:mapping-paired:i4:legacy:qrc,held,mapping-minus-anchor,mapping-paired:i4:pooling:qrc,mapping-paired:i4:legacy:qrc,42,3,0.11216730038022815,0.12255887087600564,0.04419016941122722,0.11321176320495252
shd,mapping-development,mapping-minus-anchor:mapping-paired:i4:pooling:qrc:mapping-paired:i4:legacy:qrc,held,mapping-minus-anchor,mapping-paired:i4:pooling:qrc,mapping-paired:i4:legacy:qrc,44,0,0.13079584775086506,0.12519389944901815,0.078866564048235,0.13251279700338903
shd,mapping-development,mapping-minus-anchor:mapping-paired:i4:pooling:qrc:mapping-paired:i4:legacy:qrc,held,mapping-minus-anchor,mapping-paired:i4:pooling:qrc,mapping-paired:i4:legacy:qrc,44,1,0.13139534883720927,0.14859789601460227,0.18980836557566833,0.13208418792003968
shd,mapping-development,mapping-minus-anchor:mapping-paired:i4:pooling:qrc:mapping-paired:i4:legacy:qrc,held,mapping-minus-anchor,mapping-paired:i4:pooling:qrc,mapping-paired:i4:legacy:qrc,44,2,0.06324358171571698,0.10724025263014947,0.15080322703450832,0.06005245000737591
shd,mapping-development,mapping-minus-anchor:mapping-paired:i4:pooling:qrc:mapping-paired:i4:legacy:qrc,held,mapping-minus-anchor,mapping-paired:i4:pooling:qrc,mapping-paired:i4:legacy:qrc,44,3,0.11660329531051966,0.12620258280981883,0.10628465642887708,0.11770105716805834
shd,mapping-development,mapping-minus-anchor:mapping-paired:i4:pooling:qrc:mapping-paired:i4:legacy:qrc,held,mapping-minus-anchor,mapping-paired:i4:pooling:qrc,mapping-paired:i4:legacy:qrc,46,0,0.05813148788927336,0.05251983822629558,-0.00040528761568969784,0.06262293217865172
shd,mapping-development,mapping-minus-anchor:mapping-paired:i4:pooling:qrc:mapping-paired:i4:legacy:qrc,held,mapping-minus-anchor,mapping-paired:i4:pooling:qrc,mapping-paired:i4:legacy:qrc,46,1,0.15000000000000002,0.1646076079984426,0.07663964492279107,0.1592140089099282
shd,mapping-development,mapping-minus-anchor:mapping-paired:i4:pooling:qrc:mapping-paired:i4:legacy:qrc,held,mapping-minus-anchor,mapping-paired:i4:pooling:qrc,mapping-paired:i4:legacy:qrc,46,2,0.1540388227927364,0.17567685790800824,0.10248273081906845,0.16020394566113721
shd,mapping-development,mapping-minus-anchor:mapping-paired:i4:pooling:qrc:mapping-paired:i4:legacy:qrc,held,mapping-minus-anchor,mapping-paired:i4:pooling:qrc,mapping-paired:i4:legacy:qrc,46,3,0.11913814955640051,0.1277995956857383,0.06602165539957838,0.12068325357571286
shd,mapping-development,mapping-minus-anchor:mapping-paired:i4:pooling:crc:mapping-paired:i4:legacy:crc,held,mapping-minus-anchor,mapping-paired:i4:pooling:crc,mapping-paired:i4:legacy:crc,42,0,0.12456747404844293,0.12866223183844783,0.139387050022158,0.12642320982164967
shd,mapping-development,mapping-minus-anchor:mapping-paired:i4:pooling:crc:mapping-paired:i4:legacy:crc,held,mapping-minus-anchor,mapping-paired:i4:pooling:crc,mapping-paired:i4:legacy:crc,42,1,0.15872093023255812,0.1514418949368867,0.12345885395643674,0.1611986088010608
shd,mapping-development,mapping-minus-anchor:mapping-paired:i4:pooling:crc:mapping-paired:i4:legacy:crc,held,mapping-minus-anchor,mapping-paired:i4:pooling:crc,mapping-paired:i4:legacy:crc,42,2,0.14214151534126485,0.1468864157799944,0.11640311048429774,0.14561620697440586
shd,mapping-development,mapping-minus-anchor:mapping-paired:i4:pooling:crc:mapping-paired:i4:legacy:crc,held,mapping-minus-anchor,mapping-paired:i4:pooling:crc,mapping-paired:i4:legacy:crc,42,3,0.16349809885931554,0.1711749078688266,0.151267497839928,0.16483463833992879
shd,mapping-development,mapping-minus-anchor:mapping-paired:i4:pooling:crc:mapping-paired:i4:legacy:crc,held,mapping-minus-anchor,mapping-paired:i4:pooling:crc,mapping-paired:i4:legacy:crc,44,0,0.05121107266435987,0.07477131078151333,0.0640885619607704,0.055386881957862455
shd,mapping-development,mapping-minus-anchor:mapping-paired:i4:pooling:crc:mapping-paired:i4:legacy:crc,held,mapping-minus-anchor,mapping-paired:i4:pooling:crc,mapping-paired:i4:legacy:crc,44,1,0.15465116279069768,0.16299335598609407,0.1422082966233541,0.16076359164886328
shd,mapping-development,mapping-minus-anchor:mapping-paired:i4:pooling:crc:mapping-paired:i4:legacy:crc,held,mapping-minus-anchor,mapping-paired:i4:pooling:crc,mapping-paired:i4:legacy:crc,44,2,0.10081402629931119,0.13616639808136027,0.16158720531660642,0.10037840621645527
shd,mapping-development,mapping-minus-anchor:mapping-paired:i4:pooling:crc:mapping-paired:i4:legacy:crc,held,mapping-minus-anchor,mapping-paired:i4:pooling:crc,mapping-paired:i4:legacy:crc,44,3,0.04309252217997467,0.04966134645239606,0.06513161071821938,0.04391099403208337
shd,mapping-development,mapping-minus-anchor:mapping-paired:i4:pooling:crc:mapping-paired:i4:legacy:crc,held,mapping-minus-anchor,mapping-paired:i4:pooling:crc,mapping-paired:i4:legacy:crc,46,0,0.13010380622837375,0.13610842459104017,0.138227783930012,0.12537446125503748
shd,mapping-development,mapping-minus-anchor:mapping-paired:i4:pooling:crc:mapping-paired:i4:legacy:crc,held,mapping-minus-anchor,mapping-paired:i4:pooling:crc,mapping-paired:i4:legacy:crc,46,1,0.16627906976744183,0.17547390322427986,0.12268886717614569,0.17984081789405404
shd,mapping-development,mapping-minus-anchor:mapping-paired:i4:pooling:crc:mapping-paired:i4:legacy:crc,held,mapping-minus-anchor,mapping-paired:i4:pooling:crc,mapping-paired:i4:legacy:crc,46,2,0.1289918597370069,0.13865500125246893,0.12076908414348353,0.13386668635102328
shd,mapping-development,mapping-minus-anchor:mapping-paired:i4:pooling:crc:mapping-paired:i4:legacy:crc,held,mapping-minus-anchor,mapping-paired:i4:pooling:crc,mapping-paired:i4:legacy:crc,46,3,0.11787072243346003,0.12263642586760953,0.10421797584402426,0.11881746666397447
shd,mapping-development,mapping-minus-anchor:mapping-paired:i4:pooling:projection:mapping-paired:i4:legacy:projection,held,mapping-minus-anchor,mapping-paired:i4:pooling:projection,mapping-paired:i4:legacy:projection,42,0,0.1224913494809689,0.11663701929668124,0.059515231581015626,0.12086173958621516
shd,mapping-development,mapping-minus-anchor:mapping-paired:i4:pooling:projection:mapping-paired:i4:legacy:projection,held,mapping-minus-anchor,mapping-paired:i4:pooling:projection,mapping-paired:i4:legacy:projection,42,1,0.1453488372093023,0.15475418217959214,0.1680247666155369,0.14391214241040007
shd,mapping-development,mapping-minus-anchor:mapping-paired:i4:pooling:projection:mapping-paired:i4:legacy:projection,held,mapping-minus-anchor,mapping-paired:i4:pooling:projection,mapping-paired:i4:legacy:projection,42,2,0.11083281152160301,0.1150000330040622,0.13557956963717682,0.11670480875549682
shd,mapping-development,mapping-minus-anchor:mapping-paired:i4:pooling:projection:mapping-paired:i4:legacy:projection,held,mapping-minus-anchor,mapping-paired:i4:pooling:projection,mapping-paired:i4:legacy:projection,42,3,0.08808618504436,0.09448260221904325,0.06923267675616251,0.0885402726851946
shd,mapping-development,mapping-minus-anchor:mapping-paired:i4:pooling:projection:mapping-paired:i4:legacy:projection,held,mapping-minus-anchor,mapping-paired:i4:pooling:projection,mapping-paired:i4:legacy:projection,44,0,0.1224913494809689,0.11663701929668124,0.059515231581015626,0.12086173958621516
shd,mapping-development,mapping-minus-anchor:mapping-paired:i4:pooling:projection:mapping-paired:i4:legacy:projection,held,mapping-minus-anchor,mapping-paired:i4:pooling:projection,mapping-paired:i4:legacy:projection,44,1,0.1453488372093023,0.15475418217959214,0.1680247666155369,0.14391214241040007
shd,mapping-development,mapping-minus-anchor:mapping-paired:i4:pooling:projection:mapping-paired:i4:legacy:projection,held,mapping-minus-anchor,mapping-paired:i4:pooling:projection,mapping-paired:i4:legacy:projection,44,2,0.11083281152160301,0.1150000330040622,0.13557956963717682,0.11670480875549682
shd,mapping-development,mapping-minus-anchor:mapping-paired:i4:pooling:projection:mapping-paired:i4:legacy:projection,held,mapping-minus-anchor,mapping-paired:i4:pooling:projection,mapping-paired:i4:legacy:projection,44,3,0.08808618504436,0.09448260221904325,0.06923267675616251,0.0885402726851946
shd,mapping-development,mapping-minus-anchor:mapping-paired:i4:pooling:projection:mapping-paired:i4:legacy:projection,held,mapping-minus-anchor,mapping-paired:i4:pooling:projection,mapping-paired:i4:legacy:projection,46,0,0.1224913494809689,0.11663701929668124,0.059515231581015626,0.12086173958621516
shd,mapping-development,mapping-minus-anchor:mapping-paired:i4:pooling:projection:mapping-paired:i4:legacy:projection,held,mapping-minus-anchor,mapping-paired:i4:pooling:projection,mapping-paired:i4:legacy:projection,46,1,0.1453488372093023,0.15475418217959214,0.1680247666155369,0.14391214241040007
shd,mapping-development,mapping-minus-anchor:mapping-paired:i4:pooling:projection:mapping-paired:i4:legacy:projection,held,mapping-minus-anchor,mapping-paired:i4:pooling:projection,mapping-paired:i4:legacy:projection,46,2,0.11083281152160301,0.1150000330040622,0.13557956963717682,0.11670480875549682
shd,mapping-development,mapping-minus-anchor:mapping-paired:i4:pooling:projection:mapping-paired:i4:legacy:projection,held,mapping-minus-anchor,mapping-paired:i4:pooling:projection,mapping-paired:i4:legacy:projection,46,3,0.08808618504436,0.09448260221904325,0.06923267675616251,0.0885402726851946
dvs,confirmation,QRC-minus-CRC:comparison:fixed:q4-i2-qrc:comparison:fixed:q4-i2-crc,held,QRC-minus-CRC,comparison:fixed:q4-i2-qrc,comparison:fixed:q4-i2-crc,42,confirmation,-0.06598984771573602,-0.08533669243463515,-0.050578508558873136,-0.06625074272133091
dvs,confirmation,QRC-minus-CRC:comparison:fixed:q4-i2-qrc:comparison:fixed:q4-i2-crc,held,QRC-minus-CRC,comparison:fixed:q4-i2-qrc,comparison:fixed:q4-i2-crc,44,confirmation,0.07106598984771573,0.07685323374081937,0.06637911348195036,0.07130124777183611
dvs,confirmation,QRC-minus-CRC:comparison:fixed:q4-i2-qrc:comparison:fixed:q4-i2-crc,held,QRC-minus-CRC,comparison:fixed:q4-i2-qrc,comparison:fixed:q4-i2-crc,46,confirmation,0.030456852791878153,0.025574888366265314,0.04029160048540381,0.030005941770647526
dvs,development,QRC-minus-CRC:comparison:fixed:q4-i2-qrc:comparison:fixed:q4-i2-crc,held,QRC-minus-CRC,comparison:fixed:q4-i2-qrc,comparison:fixed:q4-i2-crc,42,0,0.030303030303030276,0.037392290733600286,0.05595438455810575,0.030303030303030387
dvs,development,QRC-minus-CRC:comparison:fixed:q4-i2-qrc:comparison:fixed:q4-i2-crc,held,QRC-minus-CRC,comparison:fixed:q4-i2-qrc,comparison:fixed:q4-i2-crc,42,1,0.0,0.0037834179409381163,0.014534886972354666,5.551115123125783e-17
dvs,development,QRC-minus-CRC:comparison:fixed:q4-i2-qrc:comparison:fixed:q4-i2-crc,held,QRC-minus-CRC,comparison:fixed:q4-i2-qrc,comparison:fixed:q4-i2-crc,42,2,-0.051948051948051965,-0.05790563290623468,-0.03663802441174069,-0.051948051948051854
dvs,development,QRC-minus-CRC:comparison:fixed:q4-i2-qrc:comparison:fixed:q4-i2-crc,held,QRC-minus-CRC,comparison:fixed:q4-i2-qrc,comparison:fixed:q4-i2-crc,42,3,-0.09090909090909094,-0.09671052160727767,-0.08995338713886414,-0.09090909090909094
dvs,development,QRC-minus-CRC:comparison:fixed:q4-i2-qrc:comparison:fixed:q4-i2-crc,held,QRC-minus-CRC,comparison:fixed:q4-i2-qrc,comparison:fixed:q4-i2-crc,44,0,0.06060606060606055,0.06342668621116226,0.0899154995921787,0.06060606060606072
dvs,development,QRC-minus-CRC:comparison:fixed:q4-i2-qrc:comparison:fixed:q4-i2-crc,held,QRC-minus-CRC,comparison:fixed:q4-i2-qrc,comparison:fixed:q4-i2-crc,44,1,-0.07024793388429751,-0.0863214091509486,-0.0971265883761635,-0.07024793388429751
dvs,development,QRC-minus-CRC:comparison:fixed:q4-i2-qrc:comparison:fixed:q4-i2-crc,held,QRC-minus-CRC,comparison:fixed:q4-i2-qrc,comparison:fixed:q4-i2-crc,44,2,0.0692640692640693,0.06317579558040815,0.07008226000320844,0.0692640692640692
dvs,development,QRC-minus-CRC:comparison:fixed:q4-i2-qrc:comparison:fixed:q4-i2-crc,held,QRC-minus-CRC,comparison:fixed:q4-i2-qrc,comparison:fixed:q4-i2-crc,44,3,0.020979020979020935,0.0034106907046809187,-0.016595772186577262,0.020979020979021046
dvs,development,QRC-minus-CRC:comparison:fixed:q4-i2-qrc:comparison:fixed:q4-i2-crc,held,QRC-minus-CRC,comparison:fixed:q4-i2-qrc,comparison:fixed:q4-i2-crc,46,0,0.045454545454545414,0.055856109861120384,0.06845422426894088,0.045454545454545414
dvs,development,QRC-minus-CRC:comparison:fixed:q4-i2-qrc:comparison:fixed:q4-i2-crc,held,QRC-minus-CRC,comparison:fixed:q4-i2-qrc,comparison:fixed:q4-i2-crc,46,1,-0.01652892561983471,-0.013478018638574507,0.0014055528339231849,-0.016528925619834878
dvs,development,QRC-minus-CRC:comparison:fixed:q4-i2-qrc:comparison:fixed:q4-i2-crc,held,QRC-minus-CRC,comparison:fixed:q4-i2-qrc,comparison:fixed:q4-i2-crc,46,2,0.021645021645021634,0.0166183334415555,0.04057972704508361,0.02164502164502169
dvs,development,QRC-minus-CRC:comparison:fixed:q4-i2-qrc:comparison:fixed:q4-i2-crc,held,QRC-minus-CRC,comparison:fixed:q4-i2-qrc,comparison:fixed:q4-i2-crc,46,3,-0.11188811188811187,-0.1269110396135078,-0.13059315164930152,-0.11188811188811199
dvs,official,QRC-minus-CRC:comparison:fixed:q4-i2-qrc:comparison:fixed:q4-i2-crc,held,QRC-minus-CRC,comparison:fixed:q4-i2-qrc,comparison:fixed:q4-i2-crc,42,official,0.0,0.007822746890266075,-0.004752919819250634,0.0
dvs,official,QRC-minus-CRC:comparison:fixed:q4-i2-qrc:comparison:fixed:q4-i2-crc,held,QRC-minus-CRC,comparison:fixed:q4-i2-qrc,comparison:fixed:q4-i2-crc,44,official,0.037878787878787845,0.03695496556331146,-0.0013535007998944915,0.037878787878787845
dvs,official,QRC-minus-CRC:comparison:fixed:q4-i2-qrc:comparison:fixed:q4-i2-crc,held,QRC-minus-CRC,comparison:fixed:q4-i2-qrc,comparison:fixed:q4-i2-crc,46,official,-0.08712121212121215,-0.08353321203355463,-0.0756805855466991,-0.08712121212121215
dvs,confirmation,QRC-minus-CRC:comparison:fixed12:q4-i2-qrc:comparison:fixed12:q4-i2-crc,held,QRC-minus-CRC,comparison:fixed12:q4-i2-qrc,comparison:fixed12:q4-i2-crc,42,confirmation,-0.06598984771573602,-0.08533669243463515,-0.050578508558873136,-0.06625074272133091
dvs,confirmation,QRC-minus-CRC:comparison:fixed12:q4-i2-qrc:comparison:fixed12:q4-i2-crc,held,QRC-minus-CRC,comparison:fixed12:q4-i2-qrc,comparison:fixed12:q4-i2-crc,44,confirmation,0.07106598984771573,0.07685323374081937,0.06637911348195036,0.07130124777183611
dvs,confirmation,QRC-minus-CRC:comparison:fixed12:q4-i2-qrc:comparison:fixed12:q4-i2-crc,held,QRC-minus-CRC,comparison:fixed12:q4-i2-qrc,comparison:fixed12:q4-i2-crc,46,confirmation,0.030456852791878153,0.025574888366265314,0.04029160048540381,0.030005941770647526
dvs,development,QRC-minus-CRC:comparison:fixed12:q4-i2-qrc:comparison:fixed12:q4-i2-crc,held,QRC-minus-CRC,comparison:fixed12:q4-i2-qrc,comparison:fixed12:q4-i2-crc,42,0,0.030303030303030276,0.037392290733600286,0.05595438455810575,0.030303030303030387
dvs,development,QRC-minus-CRC:comparison:fixed12:q4-i2-qrc:comparison:fixed12:q4-i2-crc,held,QRC-minus-CRC,comparison:fixed12:q4-i2-qrc,comparison:fixed12:q4-i2-crc,42,1,0.0,0.0037834179409381163,0.014534886972354666,5.551115123125783e-17
dvs,development,QRC-minus-CRC:comparison:fixed12:q4-i2-qrc:comparison:fixed12:q4-i2-crc,held,QRC-minus-CRC,comparison:fixed12:q4-i2-qrc,comparison:fixed12:q4-i2-crc,42,2,-0.051948051948051965,-0.05790563290623468,-0.03663802441174069,-0.051948051948051854
dvs,development,QRC-minus-CRC:comparison:fixed12:q4-i2-qrc:comparison:fixed12:q4-i2-crc,held,QRC-minus-CRC,comparison:fixed12:q4-i2-qrc,comparison:fixed12:q4-i2-crc,42,3,-0.09090909090909094,-0.09671052160727767,-0.08995338713886414,-0.09090909090909094
dvs,development,QRC-minus-CRC:comparison:fixed12:q4-i2-qrc:comparison:fixed12:q4-i2-crc,held,QRC-minus-CRC,comparison:fixed12:q4-i2-qrc,comparison:fixed12:q4-i2-crc,44,0,0.06060606060606055,0.06342668621116226,0.0899154995921787,0.06060606060606072
dvs,development,QRC-minus-CRC:comparison:fixed12:q4-i2-qrc:comparison:fixed12:q4-i2-crc,held,QRC-minus-CRC,comparison:fixed12:q4-i2-qrc,comparison:fixed12:q4-i2-crc,44,1,-0.07024793388429751,-0.0863214091509486,-0.0971265883761635,-0.07024793388429751
dvs,development,QRC-minus-CRC:comparison:fixed12:q4-i2-qrc:comparison:fixed12:q4-i2-crc,held,QRC-minus-CRC,comparison:fixed12:q4-i2-qrc,comparison:fixed12:q4-i2-crc,44,2,0.0692640692640693,0.06317579558040815,0.07008226000320844,0.0692640692640692
dvs,development,QRC-minus-CRC:comparison:fixed12:q4-i2-qrc:comparison:fixed12:q4-i2-crc,held,QRC-minus-CRC,comparison:fixed12:q4-i2-qrc,comparison:fixed12:q4-i2-crc,44,3,0.020979020979020935,0.0034106907046809187,-0.016595772186577262,0.020979020979021046
dvs,development,QRC-minus-CRC:comparison:fixed12:q4-i2-qrc:comparison:fixed12:q4-i2-crc,held,QRC-minus-CRC,comparison:fixed12:q4-i2-qrc,comparison:fixed12:q4-i2-crc,46,0,0.045454545454545414,0.055856109861120384,0.06845422426894088,0.045454545454545414
dvs,development,QRC-minus-CRC:comparison:fixed12:q4-i2-qrc:comparison:fixed12:q4-i2-crc,held,QRC-minus-CRC,comparison:fixed12:q4-i2-qrc,comparison:fixed12:q4-i2-crc,46,1,-0.01652892561983471,-0.013478018638574507,0.0014055528339231849,-0.016528925619834878
dvs,development,QRC-minus-CRC:comparison:fixed12:q4-i2-qrc:comparison:fixed12:q4-i2-crc,held,QRC-minus-CRC,comparison:fixed12:q4-i2-qrc,comparison:fixed12:q4-i2-crc,46,2,0.021645021645021634,0.0166183334415555,0.04057972704508361,0.02164502164502169
dvs,development,QRC-minus-CRC:comparison:fixed12:q4-i2-qrc:comparison:fixed12:q4-i2-crc,held,QRC-minus-CRC,comparison:fixed12:q4-i2-qrc,comparison:fixed12:q4-i2-crc,46,3,-0.11188811188811187,-0.1269110396135078,-0.13059315164930152,-0.11188811188811199
dvs,official,QRC-minus-CRC:comparison:fixed12:q4-i2-qrc:comparison:fixed12:q4-i2-crc,held,QRC-minus-CRC,comparison:fixed12:q4-i2-qrc,comparison:fixed12:q4-i2-crc,42,official,0.0,0.007822746890266075,-0.004752919819250634,0.0
dvs,official,QRC-minus-CRC:comparison:fixed12:q4-i2-qrc:comparison:fixed12:q4-i2-crc,held,QRC-minus-CRC,comparison:fixed12:q4-i2-qrc,comparison:fixed12:q4-i2-crc,44,official,0.037878787878787845,0.03695496556331146,-0.0013535007998944915,0.037878787878787845
dvs,official,QRC-minus-CRC:comparison:fixed12:q4-i2-qrc:comparison:fixed12:q4-i2-crc,held,QRC-minus-CRC,comparison:fixed12:q4-i2-qrc,comparison:fixed12:q4-i2-crc,46,official,-0.08712121212121215,-0.08353321203355463,-0.0756805855466991,-0.08712121212121215
dvs,confirmation,QRC-minus-CRC:comparison:tuned:q4-i2-qrc:comparison:tuned:q4-i2-crc,held,QRC-minus-CRC,comparison:tuned:q4-i2-qrc,comparison:tuned:q4-i2-crc,42,confirmation,-0.005076142131979711,0.008522819629016909,0.013578224508026593,-0.004753416518122333
dvs,confirmation,QRC-minus-CRC:comparison:tuned:q4-i2-qrc:comparison:tuned:q4-i2-crc,held,QRC-minus-CRC,comparison:tuned:q4-i2-qrc,comparison:tuned:q4-i2-crc,44,confirmation,-0.02030456852791873,-0.017184774769504974,-0.014121471855882084,-0.02109328579916825
dvs,confirmation,QRC-minus-CRC:comparison:tuned:q4-i2-qrc:comparison:tuned:q4-i2-crc,held,QRC-minus-CRC,comparison:tuned:q4-i2-qrc,comparison:tuned:q4-i2-crc,46,confirmation,0.045685279187817285,0.05901708975653597,0.06516228239138444,0.045751633986928164
dvs,development,QRC-minus-CRC:comparison:tuned:q4-i2-qrc:comparison:tuned:q4-i2-crc,held,QRC-minus-CRC,comparison:tuned:q4-i2-qrc,comparison:tuned:q4-i2-crc,42,0,-0.037878787878787956,-0.04521275987372331,-0.04352870575957368,-0.03787878787878807
dvs,development,QRC-minus-CRC:comparison:tuned:q4-i2-qrc:comparison:tuned:q4-i2-crc,held,QRC-minus-CRC,comparison:tuned:q4-i2-qrc,comparison:tuned:q4-i2-crc,42,1,-0.04132231404958675,-0.03613547833417313,-0.04022017421081592,-0.04132231404958675
dvs,development,QRC-minus-CRC:comparison:tuned:q4-i2-qrc:comparison:tuned:q4-i2-crc,held,QRC-minus-CRC,comparison:tuned:q4-i2-qrc,comparison:tuned:q4-i2-crc,42,2,-0.03463203463203468,-0.04432051118661395,-0.019593680034610705,-0.03463203463203457
dvs,development,QRC-minus-CRC:comparison:tuned:q4-i2-qrc:comparison:tuned:q4-i2-crc,held,QRC-minus-CRC,comparison:tuned:q4-i2-qrc,comparison:tuned:q4-i2-crc,42,3,-0.07692307692307698,-0.07053419644328729,-0.09534527318763542,-0.07692307692307698
dvs,development,QRC-minus-CRC:comparison:tuned:q4-i2-qrc:comparison:tuned:q4-i2-crc,held,QRC-minus-CRC,comparison:tuned:q4-i2-qrc,comparison:tuned:q4-i2-crc,44,0,0.018939393939393923,0.023822158536535465,0.006407944177323377,0.018939393939393923
dvs,development,QRC-minus-CRC:comparison:tuned:q4-i2-qrc:comparison:tuned:q4-i2-crc,held,QRC-minus-CRC,comparison:tuned:q4-i2-qrc,comparison:tuned:q4-i2-crc,44,1,-0.05785123966942152,-0.042292956927441394,-0.050189474570842996,-0.057851239669421406
dvs,development,QRC-minus-CRC:comparison:tuned:q4-i2-qrc:comparison:tuned:q4-i2-crc,held,QRC-minus-CRC,comparison:tuned:q4-i2-qrc,comparison:tuned:q4-i2-crc,44,2,0.008658008658008698,0.015313796379190614,0.01572767772112771,0.008658008658008476
dvs,development,QRC-minus-CRC:comparison:tuned:q4-i2-qrc:comparison:tuned:q4-i2-crc,held,QRC-minus-CRC,comparison:tuned:q4-i2-qrc,comparison:tuned:q4-i2-crc,44,3,-0.14685314685314682,-0.161930796793207,-0.18039754363283778,-0.14685314685314682
dvs,development,QRC-minus-CRC:comparison:tuned:q4-i2-qrc:comparison:tuned:q4-i2-crc,held,QRC-minus-CRC,comparison:tuned:q4-i2-qrc,comparison:tuned:q4-i2-crc,46,0,0.018939393939393923,0.017584962230912105,0.026240205136931483,0.018939393939394034
dvs,development,QRC-minus-CRC:comparison:tuned:q4-i2-qrc:comparison:tuned:q4-i2-crc,held,QRC-minus-CRC,comparison:tuned:q4-i2-qrc,comparison:tuned:q4-i2-crc,46,1,0.0,0.008193469344218829,-0.012185857418288926,-1.1102230246251565e-16
dvs,development,QRC-minus-CRC:comparison:tuned:q4-i2-qrc:comparison:tuned:q4-i2-crc,held,QRC-minus-CRC,comparison:tuned:q4-i2-qrc,comparison:tuned:q4-i2-crc,46,2,-0.017316017316017285,-0.013483698646816866,-0.001173394258166205,-0.017316017316017285
dvs,development,QRC-minus-CRC:comparison:tuned:q4-i2-qrc:comparison:tuned:q4-i2-crc,held,QRC-minus-CRC,comparison:tuned:q4-i2-qrc,comparison:tuned:q4-i2-crc,46,3,-0.07692307692307698,-0.06111600031378117,-0.09035560399196763,-0.07692307692307687
dvs,official,QRC-minus-CRC:comparison:tuned:q4-i2-qrc:comparison:tuned:q4-i2-crc,held,QRC-minus-CRC,comparison:tuned:q4-i2-qrc,comparison:tuned:q4-i2-crc,42,official,-0.04924242424242431,-0.03535328383877101,-0.03019287778271551,-0.04924242424242409
dvs,official,QRC-minus-CRC:comparison:tuned:q4-i2-qrc:comparison:tuned:q4-i2-crc,held,QRC-minus-CRC,comparison:tuned:q4-i2-qrc,comparison:tuned:q4-i2-crc,44,official,-0.053030303030303094,-0.04082027797198162,-0.03828741960931126,-0.053030303030303094
dvs,official,QRC-minus-CRC:comparison:tuned:q4-i2-qrc:comparison:tuned:q4-i2-crc,held,QRC-minus-CRC,comparison:tuned:q4-i2-qrc,comparison:tuned:q4-i2-crc,46,official,-0.030303030303030276,-0.01734750047054301,-0.01842364416176545,-0.030303030303030276
dvs,confirmation,tuned-minus-fixed:comparison:tuned:q4-i2-qrc:comparison:fixed:q4-i2-qrc,held,tuned-minus-fixed,comparison:tuned:q4-i2-qrc,comparison:fixed:q4-i2-qrc,42,confirmation,0.055837563451776706,0.07801984008171814,0.04058613749095663,0.05614973262032097
dvs,confirmation,tuned-minus-fixed:comparison:tuned:q4-i2-qrc:comparison:fixed:q4-i2-qrc,held,tuned-minus-fixed,comparison:tuned:q4-i2-qrc,comparison:fixed:q4-i2-qrc,44,confirmation,-0.025380710659898442,-0.017580523845992735,-0.021902274453792336,-0.025549613784907943
dvs,confirmation,tuned-minus-fixed:comparison:tuned:q4-i2-qrc:comparison:fixed:q4-i2-qrc,held,tuned-minus-fixed,comparison:tuned:q4-i2-qrc,comparison:fixed:q4-i2-qrc,46,confirmation,0.0,0.004358423703149428,-0.013498343688108871,0.0002970885323828609
dvs,development,tuned-minus-fixed:comparison:tuned:q4-i2-qrc:comparison:fixed:q4-i2-qrc,held,tuned-minus-fixed,comparison:tuned:q4-i2-qrc,comparison:fixed:q4-i2-qrc,42,0,-0.030303030303030276,-0.03550589275027993,-0.05370094907999978,-0.030303030303030498
dvs,development,tuned-minus-fixed:comparison:tuned:q4-i2-qrc:comparison:fixed:q4-i2-qrc,held,tuned-minus-fixed,comparison:tuned:q4-i2-qrc,comparison:fixed:q4-i2-qrc,42,1,0.02066115702479343,0.02504047360227274,0.007502724109374026,0.020661157024793375
dvs,development,tuned-minus-fixed:comparison:tuned:q4-i2-qrc:comparison:fixed:q4-i2-qrc,held,tuned-minus-fixed,comparison:tuned:q4-i2-qrc,comparison:fixed:q4-i2-qrc,42,2,0.04329004329004327,0.041278030935305965,0.04867452577588005,0.04329004329004338
dvs,development,tuned-minus-fixed:comparison:tuned:q4-i2-qrc:comparison:fixed:q4-i2-qrc,held,tuned-minus-fixed,comparison:tuned:q4-i2-qrc,comparison:fixed:q4-i2-qrc,42,3,0.013986013986013957,0.016039291026310187,0.002217816114523097,0.013986013986013957
dvs,development,tuned-minus-fixed:comparison:tuned:q4-i2-qrc:comparison:fixed:q4-i2-qrc,held,tuned-minus-fixed,comparison:tuned:q4-i2-qrc,comparison:fixed:q4-i2-qrc,44,0,-0.022727272727272707,-0.005163048754371791,-0.03622358365381706,-0.022727272727272818
dvs,development,tuned-minus-fixed:comparison:tuned:q4-i2-qrc:comparison:fixed:q4-i2-qrc,held,tuned-minus-fixed,comparison:tuned:q4-i2-qrc,comparison:fixed:q4-i2-qrc,44,1,0.02892561983471076,0.03927582610273367,0.054545022517929365,0.02892561983471076
dvs,development,tuned-minus-fixed:comparison:tuned:q4-i2-qrc:comparison:fixed:q4-i2-qrc,held,tuned-minus-fixed,comparison:tuned:q4-i2-qrc,comparison:fixed:q4-i2-qrc,44,2,0.017316017316017285,0.03330097365357432,0.03555185552753748,0.017316017316017285
dvs,development,tuned-minus-fixed:comparison:tuned:q4-i2-qrc:comparison:fixed:q4-i2-qrc,held,tuned-minus-fixed,comparison:tuned:q4-i2-qrc,comparison:fixed:q4-i2-qrc,44,3,-0.0839160839160839,-0.08252705572224694,-0.06885853771584138,-0.0839160839160839
dvs,development,tuned-minus-fixed:comparison:tuned:q4-i2-qrc:comparison:fixed:q4-i2-qrc,held,tuned-minus-fixed,comparison:tuned:q4-i2-qrc,comparison:fixed:q4-i2-qrc,46,0,-0.011363636363636354,-0.01564270941620516,-0.023150339509026785,-0.011363636363636131
dvs,development,tuned-minus-fixed:comparison:tuned:q4-i2-qrc:comparison:fixed:q4-i2-qrc,held,tuned-minus-fixed,comparison:tuned:q4-i2-qrc,comparison:fixed:q4-i2-qrc,46,1,0.028925619834710703,0.027988137023402526,0.03284368586928299,0.02892561983471087
dvs,development,tuned-minus-fixed:comparison:tuned:q4-i2-qrc:comparison:fixed:q4-i2-qrc,held,tuned-minus-fixed,comparison:tuned:q4-i2-qrc,comparison:fixed:q4-i2-qrc,46,2,-0.0043290043290042934,0.0032686592924381364,-0.0010059797137661475,-0.0043290043290044045
dvs,development,tuned-minus-fixed:comparison:tuned:q4-i2-qrc:comparison:fixed:q4-i2-qrc,held,tuned-minus-fixed,comparison:tuned:q4-i2-qrc,comparison:fixed:q4-i2-qrc,46,3,0.006993006993006978,0.029123949445335362,0.027368724561237956,0.0069930069930072
dvs,official,tuned-minus-fixed:comparison:tuned:q4-i2-qrc:comparison:fixed:q4-i2-qrc,held,tuned-minus-fixed,comparison:tuned:q4-i2-qrc,comparison:fixed:q4-i2-qrc,42,official,-0.045454545454545525,-0.035072471581533815,-0.02049115812121627,-0.0454545454545453
dvs,official,tuned-minus-fixed:comparison:tuned:q4-i2-qrc:comparison:fixed:q4-i2-qrc,held,tuned-minus-fixed,comparison:tuned:q4-i2-qrc,comparison:fixed:q4-i2-qrc,44,official,-0.018939393939393923,-0.008749581328067135,0.0008337449643297523,-0.018939393939393923
dvs,official,tuned-minus-fixed:comparison:tuned:q4-i2-qrc:comparison:fixed:q4-i2-qrc,held,tuned-minus-fixed,comparison:tuned:q4-i2-qrc,comparison:fixed:q4-i2-qrc,46,official,0.018939393939393923,0.028746730799459497,0.01732360511636355,0.018939393939393923
dvs,confirmation,natural-minus-fixed12:comparison:fixed:q4-i2-qrc:comparison:fixed12:q4-i2-qrc,held,natural-minus-fixed12,comparison:fixed:q4-i2-qrc,comparison:fixed12:q4-i2-qrc,42,confirmation,0.0,0.0,0.0,0.0
dvs,confirmation,natural-minus-fixed12:comparison:fixed:q4-i2-qrc:comparison:fixed12:q4-i2-qrc,held,natural-minus-fixed12,comparison:fixed:q4-i2-qrc,comparison:fixed12:q4-i2-qrc,44,confirmation,0.0,0.0,0.0,0.0
dvs,confirmation,natural-minus-fixed12:comparison:fixed:q4-i2-qrc:comparison:fixed12:q4-i2-qrc,held,natural-minus-fixed12,comparison:fixed:q4-i2-qrc,comparison:fixed12:q4-i2-qrc,46,confirmation,0.0,0.0,0.0,0.0
dvs,development,natural-minus-fixed12:comparison:fixed:q4-i2-qrc:comparison:fixed12:q4-i2-qrc,held,natural-minus-fixed12,comparison:fixed:q4-i2-qrc,comparison:fixed12:q4-i2-qrc,42,0,0.0,0.0,0.0,0.0
dvs,development,natural-minus-fixed12:comparison:fixed:q4-i2-qrc:comparison:fixed12:q4-i2-qrc,held,natural-minus-fixed12,comparison:fixed:q4-i2-qrc,comparison:fixed12:q4-i2-qrc,42,1,0.0,0.0,0.0,0.0
dvs,development,natural-minus-fixed12:comparison:fixed:q4-i2-qrc:comparison:fixed12:q4-i2-qrc,held,natural-minus-fixed12,comparison:fixed:q4-i2-qrc,comparison:fixed12:q4-i2-qrc,42,2,0.0,0.0,0.0,0.0
dvs,development,natural-minus-fixed12:comparison:fixed:q4-i2-qrc:comparison:fixed12:q4-i2-qrc,held,natural-minus-fixed12,comparison:fixed:q4-i2-qrc,comparison:fixed12:q4-i2-qrc,42,3,0.0,0.0,0.0,0.0
dvs,development,natural-minus-fixed12:comparison:fixed:q4-i2-qrc:comparison:fixed12:q4-i2-qrc,held,natural-minus-fixed12,comparison:fixed:q4-i2-qrc,comparison:fixed12:q4-i2-qrc,44,0,0.0,0.0,0.0,0.0
dvs,development,natural-minus-fixed12:comparison:fixed:q4-i2-qrc:comparison:fixed12:q4-i2-qrc,held,natural-minus-fixed12,comparison:fixed:q4-i2-qrc,comparison:fixed12:q4-i2-qrc,44,1,0.0,0.0,0.0,0.0
dvs,development,natural-minus-fixed12:comparison:fixed:q4-i2-qrc:comparison:fixed12:q4-i2-qrc,held,natural-minus-fixed12,comparison:fixed:q4-i2-qrc,comparison:fixed12:q4-i2-qrc,44,2,0.0,0.0,0.0,0.0
dvs,development,natural-minus-fixed12:comparison:fixed:q4-i2-qrc:comparison:fixed12:q4-i2-qrc,held,natural-minus-fixed12,comparison:fixed:q4-i2-qrc,comparison:fixed12:q4-i2-qrc,44,3,0.0,0.0,0.0,0.0
dvs,development,natural-minus-fixed12:comparison:fixed:q4-i2-qrc:comparison:fixed12:q4-i2-qrc,held,natural-minus-fixed12,comparison:fixed:q4-i2-qrc,comparison:fixed12:q4-i2-qrc,46,0,0.0,0.0,0.0,0.0
dvs,development,natural-minus-fixed12:comparison:fixed:q4-i2-qrc:comparison:fixed12:q4-i2-qrc,held,natural-minus-fixed12,comparison:fixed:q4-i2-qrc,comparison:fixed12:q4-i2-qrc,46,1,0.0,0.0,0.0,0.0
dvs,development,natural-minus-fixed12:comparison:fixed:q4-i2-qrc:comparison:fixed12:q4-i2-qrc,held,natural-minus-fixed12,comparison:fixed:q4-i2-qrc,comparison:fixed12:q4-i2-qrc,46,2,0.0,0.0,0.0,0.0
dvs,development,natural-minus-fixed12:comparison:fixed:q4-i2-qrc:comparison:fixed12:q4-i2-qrc,held,natural-minus-fixed12,comparison:fixed:q4-i2-qrc,comparison:fixed12:q4-i2-qrc,46,3,0.0,0.0,0.0,0.0
dvs,official,natural-minus-fixed12:comparison:fixed:q4-i2-qrc:comparison:fixed12:q4-i2-qrc,held,natural-minus-fixed12,comparison:fixed:q4-i2-qrc,comparison:fixed12:q4-i2-qrc,42,official,0.0,0.0,0.0,0.0
dvs,official,natural-minus-fixed12:comparison:fixed:q4-i2-qrc:comparison:fixed12:q4-i2-qrc,held,natural-minus-fixed12,comparison:fixed:q4-i2-qrc,comparison:fixed12:q4-i2-qrc,44,official,0.0,0.0,0.0,0.0
dvs,official,natural-minus-fixed12:comparison:fixed:q4-i2-qrc:comparison:fixed12:q4-i2-qrc,held,natural-minus-fixed12,comparison:fixed:q4-i2-qrc,comparison:fixed12:q4-i2-qrc,46,official,0.0,0.0,0.0,0.0
dvs,confirmation,reservoir-minus-projection:comparison:fixed:q4-i2-qrc:comparison:projection:i2,held,reservoir-minus-projection,comparison:fixed:q4-i2-qrc,comparison:projection:i2,42,confirmation,0.1725888324873096,0.19646544855054388,0.19921048382602707,0.17231134878193705
dvs,confirmation,reservoir-minus-projection:comparison:fixed:q4-i2-qrc:comparison:projection:i2,held,reservoir-minus-projection,comparison:fixed:q4-i2-qrc,comparison:projection:i2,44,confirmation,0.20812182741116747,0.24018517391381083,0.21057199664983656,0.20796197266785504
dvs,confirmation,reservoir-minus-projection:comparison:fixed:q4-i2-qrc:comparison:projection:i2,held,reservoir-minus-projection,comparison:fixed:q4-i2-qrc,comparison:projection:i2,46,confirmation,0.2284263959390863,0.27169176176403204,0.2529084662120114,0.22786690433749252
dvs,development,reservoir-minus-projection:comparison:fixed:q4-i2-qrc:comparison:projection:i2,held,reservoir-minus-projection,comparison:fixed:q4-i2-qrc,comparison:projection:i2,42,0,0.1969696969696969,0.2213292555860576,0.15452492227041298,0.19696969696969702
dvs,development,reservoir-minus-projection:comparison:fixed:q4-i2-qrc:comparison:projection:i2,held,reservoir-minus-projection,comparison:fixed:q4-i2-qrc,comparison:projection:i2,42,1,0.09090909090909088,0.1196091889292768,0.08985985888393311,0.09090909090909094
dvs,development,reservoir-minus-projection:comparison:fixed:q4-i2-qrc:comparison:projection:i2,held,reservoir-minus-projection,comparison:fixed:q4-i2-qrc,comparison:projection:i2,42,2,0.07792207792207789,0.10773762694776406,0.09400344401126248,0.07792207792207789
dvs,development,reservoir-minus-projection:comparison:fixed:q4-i2-qrc:comparison:projection:i2,held,reservoir-minus-projection,comparison:fixed:q4-i2-qrc,comparison:projection:i2,42,3,0.1048951048951049,0.14192714591453914,0.17135415558579087,0.10489510489510484
dvs,development,reservoir-minus-projection:comparison:fixed:q4-i2-qrc:comparison:projection:i2,held,reservoir-minus-projection,comparison:fixed:q4-i2-qrc,comparison:projection:i2,44,0,0.19318181818181812,0.20456289488967166,0.14945896510939533,0.19318181818181823
dvs,development,reservoir-minus-projection:comparison:fixed:q4-i2-qrc:comparison:projection:i2,held,reservoir-minus-projection,comparison:fixed:q4-i2-qrc,comparison:projection:i2,44,1,0.09090909090909088,0.11146464382603782,0.06236368675644577,0.09090909090909088
dvs,development,reservoir-minus-projection:comparison:fixed:q4-i2-qrc:comparison:projection:i2,held,reservoir-minus-projection,comparison:fixed:q4-i2-qrc,comparison:projection:i2,44,2,0.09956709956709958,0.12443719648768836,0.0984794549364536,0.09956709956709947
dvs,development,reservoir-minus-projection:comparison:fixed:q4-i2-qrc:comparison:projection:i2,held,reservoir-minus-projection,comparison:fixed:q4-i2-qrc,comparison:projection:i2,44,3,0.16083916083916083,0.19847816144980934,0.21464264071919575,0.16083916083916078
dvs,development,reservoir-minus-projection:comparison:fixed:q4-i2-qrc:comparison:projection:i2,held,reservoir-minus-projection,comparison:fixed:q4-i2-qrc,comparison:projection:i2,46,0,0.18939393939393934,0.21441082741544887,0.14193681844518863,0.18939393939393934
dvs,development,reservoir-minus-projection:comparison:fixed:q4-i2-qrc:comparison:projection:i2,held,reservoir-minus-projection,comparison:fixed:q4-i2-qrc,comparison:projection:i2,46,1,0.10330578512396693,0.13480582553763726,0.09489809486705436,0.10330578512396676
dvs,development,reservoir-minus-projection:comparison:fixed:q4-i2-qrc:comparison:projection:i2,held,reservoir-minus-projection,comparison:fixed:q4-i2-qrc,comparison:projection:i2,46,2,0.10389610389610388,0.1404794760906104,0.13220487846351425,0.10389610389610388
dvs,development,reservoir-minus-projection:comparison:fixed:q4-i2-qrc:comparison:projection:i2,held,reservoir-minus-projection,comparison:fixed:q4-i2-qrc,comparison:projection:i2,46,3,0.1048951048951049,0.1413324857268521,0.16044800416458166,0.10489510489510473
dvs,official,reservoir-minus-projection:comparison:fixed:q4-i2-qrc:comparison:projection:i2,held,reservoir-minus-projection,comparison:fixed:q4-i2-qrc,comparison:projection:i2,42,official,0.21212121212121215,0.25235884337095327,0.23142266110884174,0.21212121212121204
dvs,official,reservoir-minus-projection:comparison:fixed:q4-i2-qrc:comparison:projection:i2,held,reservoir-minus-projection,comparison:fixed:q4-i2-qrc,comparison:projection:i2,44,official,0.18181818181818177,0.21781254535930783,0.19472948573118348,0.18181818181818177
dvs,official,reservoir-minus-projection:comparison:fixed:q4-i2-qrc:comparison:projection:i2,held,reservoir-minus-projection,comparison:fixed:q4-i2-qrc,comparison:projection:i2,46,official,0.14015151515151514,0.17700372587843932,0.17954183127858864,0.14015151515151514
dvs,confirmation,tuned-minus-fixed:comparison:tuned:q4-i2-crc:comparison:fixed:q4-i2-crc,held,tuned-minus-fixed,comparison:tuned:q4-i2-crc,comparison:fixed:q4-i2-crc,42,confirmation,-0.0050761421319796,-0.015839671981933923,-0.0235705955759431,-0.005347593582887611
dvs,confirmation,tuned-minus-fixed:comparison:tuned:q4-i2-crc:comparison:fixed:q4-i2-crc,held,tuned-minus-fixed,comparison:tuned:q4-i2-crc,comparison:fixed:q4-i2-crc,44,confirmation,0.06598984771573602,0.07645748466433161,0.058598310884040106,0.06684491978609641
dvs,confirmation,tuned-minus-fixed:comparison:tuned:q4-i2-crc:comparison:fixed:q4-i2-crc,held,tuned-minus-fixed,comparison:tuned:q4-i2-crc,comparison:fixed:q4-i2-crc,46,confirmation,-0.015228426395939132,-0.029083777687121226,-0.0383690255940895,-0.015448603683897777
dvs,development,tuned-minus-fixed:comparison:tuned:q4-i2-crc:comparison:fixed:q4-i2-crc,held,tuned-minus-fixed,comparison:tuned:q4-i2-crc,comparison:fixed:q4-i2-crc,42,0,0.037878787878787956,0.04709915785704366,0.04578214123767965,0.037878787878787956
dvs,development,tuned-minus-fixed:comparison:tuned:q4-i2-crc:comparison:fixed:q4-i2-crc,held,tuned-minus-fixed,comparison:tuned:q4-i2-crc,comparison:fixed:q4-i2-crc,42,1,0.06198347107438018,0.06495936987738399,0.06225778529254461,0.06198347107438018
dvs,development,tuned-minus-fixed:comparison:tuned:q4-i2-crc:comparison:fixed:q4-i2-crc,held,tuned-minus-fixed,comparison:tuned:q4-i2-crc,comparison:fixed:q4-i2-crc,42,2,0.025974025974025983,0.027692909215685235,0.03163018139875007,0.025974025974026094
dvs,development,tuned-minus-fixed:comparison:tuned:q4-i2-crc:comparison:fixed:q4-i2-crc,held,tuned-minus-fixed,comparison:tuned:q4-i2-crc,comparison:fixed:q4-i2-crc,42,3,0.0,-0.01013703413768019,0.007609702163294374,0.0
dvs,development,tuned-minus-fixed:comparison:tuned:q4-i2-crc:comparison:fixed:q4-i2-crc,held,tuned-minus-fixed,comparison:tuned:q4-i2-crc,comparison:fixed:q4-i2-crc,44,0,0.018939393939393923,0.03444147892025501,0.04728397176103827,0.018939393939393978
dvs,development,tuned-minus-fixed:comparison:tuned:q4-i2-crc:comparison:fixed:q4-i2-crc,held,tuned-minus-fixed,comparison:tuned:q4-i2-crc,comparison:fixed:q4-i2-crc,44,1,0.016528925619834767,-0.00475262612077354,0.007607908712608857,0.016528925619834656
dvs,development,tuned-minus-fixed:comparison:tuned:q4-i2-crc:comparison:fixed:q4-i2-crc,held,tuned-minus-fixed,comparison:tuned:q4-i2-crc,comparison:fixed:q4-i2-crc,44,2,0.07792207792207789,0.08116297285479185,0.08990643780961821,0.077922077922078
dvs,development,tuned-minus-fixed:comparison:tuned:q4-i2-crc:comparison:fixed:q4-i2-crc,held,tuned-minus-fixed,comparison:tuned:q4-i2-crc,comparison:fixed:q4-i2-crc,44,3,0.08391608391608385,0.08281443177564096,0.09494323373041913,0.08391608391608396
dvs,development,tuned-minus-fixed:comparison:tuned:q4-i2-crc:comparison:fixed:q4-i2-crc,held,tuned-minus-fixed,comparison:tuned:q4-i2-crc,comparison:fixed:q4-i2-crc,46,0,0.015151515151515138,0.02262843821400312,0.01906367962298261,0.015151515151515249
dvs,development,tuned-minus-fixed:comparison:tuned:q4-i2-crc:comparison:fixed:q4-i2-crc,held,tuned-minus-fixed,comparison:tuned:q4-i2-crc,comparison:fixed:q4-i2-crc,46,1,0.012396694214875992,0.00631664904060919,0.0464350961214951,0.012396694214876103
dvs,development,tuned-minus-fixed:comparison:tuned:q4-i2-crc:comparison:fixed:q4-i2-crc,held,tuned-minus-fixed,comparison:tuned:q4-i2-crc,comparison:fixed:q4-i2-crc,46,2,0.034632034632034625,0.0333706913808105,0.04074714158948367,0.03463203463203457
dvs,development,tuned-minus-fixed:comparison:tuned:q4-i2-crc:comparison:fixed:q4-i2-crc,held,tuned-minus-fixed,comparison:tuned:q4-i2-crc,comparison:fixed:q4-i2-crc,46,3,-0.027972027972027913,-0.03667108985439127,-0.012868823096095938,-0.027972027972027913
dvs,official,tuned-minus-fixed:comparison:tuned:q4-i2-crc:comparison:fixed:q4-i2-crc,held,tuned-minus-fixed,comparison:tuned:q4-i2-crc,comparison:fixed:q4-i2-crc,42,official,0.0037878787878787845,0.00810355914750327,0.004948799842248608,0.0037878787878787845
dvs,official,tuned-minus-fixed:comparison:tuned:q4-i2-crc:comparison:fixed:q4-i2-crc,held,tuned-minus-fixed,comparison:tuned:q4-i2-crc,comparison:fixed:q4-i2-crc,44,official,0.07196969696969702,0.06902566220722595,0.03776766377374652,0.07196969696969702
dvs,official,tuned-minus-fixed:comparison:tuned:q4-i2-crc:comparison:fixed:q4-i2-crc,held,tuned-minus-fixed,comparison:tuned:q4-i2-crc,comparison:fixed:q4-i2-crc,46,official,-0.037878787878787956,-0.03743898076355212,-0.0399333362685701,-0.037878787878787956
dvs,confirmation,natural-minus-fixed12:comparison:fixed:q4-i2-crc:comparison:fixed12:q4-i2-crc,held,natural-minus-fixed12,comparison:fixed:q4-i2-crc,comparison:fixed12:q4-i2-crc,42,confirmation,0.0,0.0,0.0,0.0
dvs,confirmation,natural-minus-fixed12:comparison:fixed:q4-i2-crc:comparison:fixed12:q4-i2-crc,held,natural-minus-fixed12,comparison:fixed:q4-i2-crc,comparison:fixed12:q4-i2-crc,44,confirmation,0.0,0.0,0.0,0.0
dvs,confirmation,natural-minus-fixed12:comparison:fixed:q4-i2-crc:comparison:fixed12:q4-i2-crc,held,natural-minus-fixed12,comparison:fixed:q4-i2-crc,comparison:fixed12:q4-i2-crc,46,confirmation,0.0,0.0,0.0,0.0
dvs,development,natural-minus-fixed12:comparison:fixed:q4-i2-crc:comparison:fixed12:q4-i2-crc,held,natural-minus-fixed12,comparison:fixed:q4-i2-crc,comparison:fixed12:q4-i2-crc,42,0,0.0,0.0,0.0,0.0
dvs,development,natural-minus-fixed12:comparison:fixed:q4-i2-crc:comparison:fixed12:q4-i2-crc,held,natural-minus-fixed12,comparison:fixed:q4-i2-crc,comparison:fixed12:q4-i2-crc,42,1,0.0,0.0,0.0,0.0
dvs,development,natural-minus-fixed12:comparison:fixed:q4-i2-crc:comparison:fixed12:q4-i2-crc,held,natural-minus-fixed12,comparison:fixed:q4-i2-crc,comparison:fixed12:q4-i2-crc,42,2,0.0,0.0,0.0,0.0
dvs,development,natural-minus-fixed12:comparison:fixed:q4-i2-crc:comparison:fixed12:q4-i2-crc,held,natural-minus-fixed12,comparison:fixed:q4-i2-crc,comparison:fixed12:q4-i2-crc,42,3,0.0,0.0,0.0,0.0
dvs,development,natural-minus-fixed12:comparison:fixed:q4-i2-crc:comparison:fixed12:q4-i2-crc,held,natural-minus-fixed12,comparison:fixed:q4-i2-crc,comparison:fixed12:q4-i2-crc,44,0,0.0,0.0,0.0,0.0
dvs,development,natural-minus-fixed12:comparison:fixed:q4-i2-crc:comparison:fixed12:q4-i2-crc,held,natural-minus-fixed12,comparison:fixed:q4-i2-crc,comparison:fixed12:q4-i2-crc,44,1,0.0,0.0,0.0,0.0
dvs,development,natural-minus-fixed12:comparison:fixed:q4-i2-crc:comparison:fixed12:q4-i2-crc,held,natural-minus-fixed12,comparison:fixed:q4-i2-crc,comparison:fixed12:q4-i2-crc,44,2,0.0,0.0,0.0,0.0
dvs,development,natural-minus-fixed12:comparison:fixed:q4-i2-crc:comparison:fixed12:q4-i2-crc,held,natural-minus-fixed12,comparison:fixed:q4-i2-crc,comparison:fixed12:q4-i2-crc,44,3,0.0,0.0,0.0,0.0
dvs,development,natural-minus-fixed12:comparison:fixed:q4-i2-crc:comparison:fixed12:q4-i2-crc,held,natural-minus-fixed12,comparison:fixed:q4-i2-crc,comparison:fixed12:q4-i2-crc,46,0,0.0,0.0,0.0,0.0
dvs,development,natural-minus-fixed12:comparison:fixed:q4-i2-crc:comparison:fixed12:q4-i2-crc,held,natural-minus-fixed12,comparison:fixed:q4-i2-crc,comparison:fixed12:q4-i2-crc,46,1,0.0,0.0,0.0,0.0
dvs,development,natural-minus-fixed12:comparison:fixed:q4-i2-crc:comparison:fixed12:q4-i2-crc,held,natural-minus-fixed12,comparison:fixed:q4-i2-crc,comparison:fixed12:q4-i2-crc,46,2,0.0,0.0,0.0,0.0
dvs,development,natural-minus-fixed12:comparison:fixed:q4-i2-crc:comparison:fixed12:q4-i2-crc,held,natural-minus-fixed12,comparison:fixed:q4-i2-crc,comparison:fixed12:q4-i2-crc,46,3,0.0,0.0,0.0,0.0
dvs,official,natural-minus-fixed12:comparison:fixed:q4-i2-crc:comparison:fixed12:q4-i2-crc,held,natural-minus-fixed12,comparison:fixed:q4-i2-crc,comparison:fixed12:q4-i2-crc,42,official,0.0,0.0,0.0,0.0
dvs,official,natural-minus-fixed12:comparison:fixed:q4-i2-crc:comparison:fixed12:q4-i2-crc,held,natural-minus-fixed12,comparison:fixed:q4-i2-crc,comparison:fixed12:q4-i2-crc,44,official,0.0,0.0,0.0,0.0
dvs,official,natural-minus-fixed12:comparison:fixed:q4-i2-crc:comparison:fixed12:q4-i2-crc,held,natural-minus-fixed12,comparison:fixed:q4-i2-crc,comparison:fixed12:q4-i2-crc,46,official,0.0,0.0,0.0,0.0
dvs,confirmation,reservoir-minus-projection:comparison:fixed:q4-i2-crc:comparison:projection:i2,held,reservoir-minus-projection,comparison:fixed:q4-i2-crc,comparison:projection:i2,42,confirmation,0.23857868020304562,0.28180214098517903,0.2497889923849002,0.23856209150326796
dvs,confirmation,reservoir-minus-projection:comparison:fixed:q4-i2-crc:comparison:projection:i2,held,reservoir-minus-projection,comparison:fixed:q4-i2-crc,comparison:projection:i2,44,confirmation,0.13705583756345174,0.16333194017299146,0.1441928831678862,0.13666072489601894
dvs,confirmation,reservoir-minus-projection:comparison:fixed:q4-i2-crc:comparison:projection:i2,held,reservoir-minus-projection,comparison:fixed:q4-i2-crc,comparison:projection:i2,46,confirmation,0.19796954314720816,0.24611687339776672,0.2126168657266076,0.197860962566845
dvs,development,reservoir-minus-projection:comparison:fixed:q4-i2-crc:comparison:projection:i2,held,reservoir-minus-projection,comparison:fixed:q4-i2-crc,comparison:projection:i2,42,0,0.16666666666666663,0.1839369648524573,0.09857053771230723,0.16666666666666663
dvs,development,reservoir-minus-projection:comparison:fixed:q4-i2-crc:comparison:projection:i2,held,reservoir-minus-projection,comparison:fixed:q4-i2-crc,comparison:projection:i2,42,1,0.09090909090909088,0.11582577098833868,0.07532497191157844,0.09090909090909088
dvs,development,reservoir-minus-projection:comparison:fixed:q4-i2-crc:comparison:projection:i2,held,reservoir-minus-projection,comparison:fixed:q4-i2-crc,comparison:projection:i2,42,2,0.12987012987012986,0.16564325985399875,0.13064146842300317,0.12987012987012975
dvs,development,reservoir-minus-projection:comparison:fixed:q4-i2-crc:comparison:projection:i2,held,reservoir-minus-projection,comparison:fixed:q4-i2-crc,comparison:projection:i2,42,3,0.19580419580419584,0.2386376675218168,0.261307542724655,0.19580419580419578
dvs,development,reservoir-minus-projection:comparison:fixed:q4-i2-crc:comparison:projection:i2,held,reservoir-minus-projection,comparison:fixed:q4-i2-crc,comparison:projection:i2,44,0,0.13257575757575757,0.1411362086785094,0.05954346551721662,0.1325757575757575
dvs,development,reservoir-minus-projection:comparison:fixed:q4-i2-crc:comparison:projection:i2,held,reservoir-minus-projection,comparison:fixed:q4-i2-crc,comparison:projection:i2,44,1,0.1611570247933884,0.19778605297698643,0.15949027513260927,0.1611570247933884
dvs,development,reservoir-minus-projection:comparison:fixed:q4-i2-crc:comparison:projection:i2,held,reservoir-minus-projection,comparison:fixed:q4-i2-crc,comparison:projection:i2,44,2,0.030303030303030276,0.06126140090728022,0.028397194933245162,0.030303030303030276
dvs,development,reservoir-minus-projection:comparison:fixed:q4-i2-crc:comparison:projection:i2,held,reservoir-minus-projection,comparison:fixed:q4-i2-crc,comparison:projection:i2,44,3,0.1398601398601399,0.19506747074512842,0.23123841290577302,0.13986013986013973
dvs,development,reservoir-minus-projection:comparison:fixed:q4-i2-crc:comparison:projection:i2,held,reservoir-minus-projection,comparison:fixed:q4-i2-crc,comparison:projection:i2,46,0,0.14393939393939392,0.15855471755432848,0.07348259417624775,0.14393939393939392
dvs,development,reservoir-minus-projection:comparison:fixed:q4-i2-crc:comparison:projection:i2,held,reservoir-minus-projection,comparison:fixed:q4-i2-crc,comparison:projection:i2,46,1,0.11983471074380164,0.14828384417621177,0.09349254203313118,0.11983471074380164
dvs,development,reservoir-minus-projection:comparison:fixed:q4-i2-crc:comparison:projection:i2,held,reservoir-minus-projection,comparison:fixed:q4-i2-crc,comparison:projection:i2,46,2,0.08225108225108224,0.1238611426490549,0.09162515141843064,0.08225108225108219
dvs,development,reservoir-minus-projection:comparison:fixed:q4-i2-crc:comparison:projection:i2,held,reservoir-minus-projection,comparison:fixed:q4-i2-crc,comparison:projection:i2,46,3,0.21678321678321677,0.2682435253403599,0.2910411558138832,0.21678321678321671
dvs,official,reservoir-minus-projection:comparison:fixed:q4-i2-crc:comparison:projection:i2,held,reservoir-minus-projection,comparison:fixed:q4-i2-crc,comparison:projection:i2,42,official,0.21212121212121215,0.2445360964806872,0.23617558092809238,0.21212121212121204
dvs,official,reservoir-minus-projection:comparison:fixed:q4-i2-crc:comparison:projection:i2,held,reservoir-minus-projection,comparison:fixed:q4-i2-crc,comparison:projection:i2,44,official,0.14393939393939392,0.18085757979599637,0.19608298653107797,0.14393939393939392
dvs,official,reservoir-minus-projection:comparison:fixed:q4-i2-crc:comparison:projection:i2,held,reservoir-minus-projection,comparison:fixed:q4-i2-crc,comparison:projection:i2,46,official,0.2272727272727273,0.26053693791199395,0.25522241682528773,0.2272727272727273
dvs,confirmation,QRC-minus-CRC:comparison:fixed:q6-i2-qrc:comparison:fixed:q6-i2-crc,held,QRC-minus-CRC,comparison:fixed:q6-i2-qrc,comparison:fixed:q6-i2-crc,42,confirmation,0.0,-0.01259403737361986,-0.026816624704049885,-0.0005941770647651667
dvs,confirmation,QRC-minus-CRC:comparison:fixed:q6-i2-qrc:comparison:fixed:q6-i2-crc,held,QRC-minus-CRC,comparison:fixed:q6-i2-qrc,comparison:fixed:q6-i2-crc,44,confirmation,0.005076142131979711,0.0027777698968646236,-0.012608020968294498,0.004159239453357055
dvs,confirmation,QRC-minus-CRC:comparison:fixed:q6-i2-qrc:comparison:fixed:q6-i2-crc,held,QRC-minus-CRC,comparison:fixed:q6-i2-qrc,comparison:fixed:q6-i2-crc,46,confirmation,-0.015228426395939021,-0.03545254249431318,-0.01902271305898373,-0.015151515151515138
dvs,development,QRC-minus-CRC:comparison:fixed:q6-i2-qrc:comparison:fixed:q6-i2-crc,held,QRC-minus-CRC,comparison:fixed:q6-i2-qrc,comparison:fixed:q6-i2-crc,42,0,0.037878787878787845,0.0444198886663576,0.04687426331383071,0.037878787878787734
dvs,development,QRC-minus-CRC:comparison:fixed:q6-i2-qrc:comparison:fixed:q6-i2-crc,held,QRC-minus-CRC,comparison:fixed:q6-i2-qrc,comparison:fixed:q6-i2-crc,42,1,-0.06611570247933879,-0.06148214972785471,-0.038268150887963426,-0.06611570247933868
dvs,development,QRC-minus-CRC:comparison:fixed:q6-i2-qrc:comparison:fixed:q6-i2-crc,held,QRC-minus-CRC,comparison:fixed:q6-i2-qrc,comparison:fixed:q6-i2-crc,42,2,0.05627705627705626,0.05240353875736847,0.05994872729248962,0.05627705627705626
dvs,development,QRC-minus-CRC:comparison:fixed:q6-i2-qrc:comparison:fixed:q6-i2-crc,held,QRC-minus-CRC,comparison:fixed:q6-i2-qrc,comparison:fixed:q6-i2-crc,42,3,-0.1328671328671328,-0.13322889930028936,-0.12023060202767488,-0.13286713286713303
dvs,development,QRC-minus-CRC:comparison:fixed:q6-i2-qrc:comparison:fixed:q6-i2-crc,held,QRC-minus-CRC,comparison:fixed:q6-i2-qrc,comparison:fixed:q6-i2-crc,44,0,-0.02651515151515149,-0.01557891294572733,0.004457222070858524,-0.02651515151515127
dvs,development,QRC-minus-CRC:comparison:fixed:q6-i2-qrc:comparison:fixed:q6-i2-crc,held,QRC-minus-CRC,comparison:fixed:q6-i2-qrc,comparison:fixed:q6-i2-crc,44,1,-0.016528925619834767,-0.01965280255392199,-0.00378963592402326,-0.016528925619834878
dvs,development,QRC-minus-CRC:comparison:fixed:q6-i2-qrc:comparison:fixed:q6-i2-crc,held,QRC-minus-CRC,comparison:fixed:q6-i2-qrc,comparison:fixed:q6-i2-crc,44,2,-0.004329004329004349,0.008758863421799323,-0.011448445829145393,-0.0043290043290042934
dvs,development,QRC-minus-CRC:comparison:fixed:q6-i2-qrc:comparison:fixed:q6-i2-crc,held,QRC-minus-CRC,comparison:fixed:q6-i2-qrc,comparison:fixed:q6-i2-crc,44,3,-0.1048951048951049,-0.12550071318540457,-0.12987668896759796,-0.10489510489510478
dvs,development,QRC-minus-CRC:comparison:fixed:q6-i2-qrc:comparison:fixed:q6-i2-crc,held,QRC-minus-CRC,comparison:fixed:q6-i2-qrc,comparison:fixed:q6-i2-crc,46,0,0.015151515151515138,0.01481489200106223,0.03725041268180512,0.015151515151515138
dvs,development,QRC-minus-CRC:comparison:fixed:q6-i2-qrc:comparison:fixed:q6-i2-crc,held,QRC-minus-CRC,comparison:fixed:q6-i2-qrc,comparison:fixed:q6-i2-crc,46,1,-0.02892561983471076,-0.0361833019577672,-0.021980754738283537,-0.028925619834710703
dvs,development,QRC-minus-CRC:comparison:fixed:q6-i2-qrc:comparison:fixed:q6-i2-crc,held,QRC-minus-CRC,comparison:fixed:q6-i2-qrc,comparison:fixed:q6-i2-crc,46,2,-0.0043290043290042934,-0.03084236662428913,-0.02058295240113428,-0.0043290043290042934
dvs,development,QRC-minus-CRC:comparison:fixed:q6-i2-qrc:comparison:fixed:q6-i2-crc,held,QRC-minus-CRC,comparison:fixed:q6-i2-qrc,comparison:fixed:q6-i2-crc,46,3,-0.1258741258741259,-0.1292020735431288,-0.11087975614248569,-0.12587412587412594
dvs,official,QRC-minus-CRC:comparison:fixed:q6-i2-qrc:comparison:fixed:q6-i2-crc,held,QRC-minus-CRC,comparison:fixed:q6-i2-qrc,comparison:fixed:q6-i2-crc,42,official,-0.026515151515151603,-0.015035880751432695,-0.058176337420258406,-0.02651515151515149
dvs,official,QRC-minus-CRC:comparison:fixed:q6-i2-qrc:comparison:fixed:q6-i2-crc,held,QRC-minus-CRC,comparison:fixed:q6-i2-qrc,comparison:fixed:q6-i2-crc,44,official,0.011363636363636354,0.01643944411286713,0.041886033949079304,0.011363636363636243
dvs,official,QRC-minus-CRC:comparison:fixed:q6-i2-qrc:comparison:fixed:q6-i2-crc,held,QRC-minus-CRC,comparison:fixed:q6-i2-qrc,comparison:fixed:q6-i2-crc,46,official,-0.037878787878787956,-0.049301701742900605,-0.04043684034325756,-0.037878787878787845
dvs,confirmation,QRC-minus-CRC:comparison:fixed12:q6-i2-qrc:comparison:fixed12:q6-i2-crc,held,QRC-minus-CRC,comparison:fixed12:q6-i2-qrc,comparison:fixed12:q6-i2-crc,42,confirmation,0.010152284263959421,-0.0021663888976213297,0.0001025405570861393,0.009506833036244777
dvs,confirmation,QRC-minus-CRC:comparison:fixed12:q6-i2-qrc:comparison:fixed12:q6-i2-crc,held,QRC-minus-CRC,comparison:fixed12:q6-i2-qrc,comparison:fixed12:q6-i2-crc,44,confirmation,0.050761421319796995,0.06404308695017474,0.05637202264166885,0.051099227569815886
dvs,confirmation,QRC-minus-CRC:comparison:fixed12:q6-i2-qrc:comparison:fixed12:q6-i2-crc,held,QRC-minus-CRC,comparison:fixed12:q6-i2-qrc,comparison:fixed12:q6-i2-crc,46,confirmation,-0.045685279187817285,-0.06387589198837423,-0.05934603031377239,-0.045454545454545414
dvs,development,QRC-minus-CRC:comparison:fixed12:q6-i2-qrc:comparison:fixed12:q6-i2-crc,held,QRC-minus-CRC,comparison:fixed12:q6-i2-qrc,comparison:fixed12:q6-i2-crc,42,0,0.037878787878787956,0.04794232741499771,0.05076152621581154,0.037878787878787956
dvs,development,QRC-minus-CRC:comparison:fixed12:q6-i2-qrc:comparison:fixed12:q6-i2-crc,held,QRC-minus-CRC,comparison:fixed12:q6-i2-qrc,comparison:fixed12:q6-i2-crc,42,1,0.008264462809917383,0.01395609420818017,0.029492026939324567,0.008264462809917439
dvs,development,QRC-minus-CRC:comparison:fixed12:q6-i2-qrc:comparison:fixed12:q6-i2-crc,held,QRC-minus-CRC,comparison:fixed12:q6-i2-qrc,comparison:fixed12:q6-i2-crc,42,2,-0.0043290043290042934,-0.009719586450930628,0.0249796434811137,-0.0043290043290042934
dvs,development,QRC-minus-CRC:comparison:fixed12:q6-i2-qrc:comparison:fixed12:q6-i2-crc,held,QRC-minus-CRC,comparison:fixed12:q6-i2-qrc,comparison:fixed12:q6-i2-crc,42,3,-0.07692307692307698,-0.08746526484811079,-0.04455632477726479,-0.07692307692307687
dvs,development,QRC-minus-CRC:comparison:fixed12:q6-i2-qrc:comparison:fixed12:q6-i2-crc,held,QRC-minus-CRC,comparison:fixed12:q6-i2-qrc,comparison:fixed12:q6-i2-crc,44,0,0.0492424242424242,0.0740902647250839,0.10257899029042872,0.049242424242424365
dvs,development,QRC-minus-CRC:comparison:fixed12:q6-i2-qrc:comparison:fixed12:q6-i2-crc,held,QRC-minus-CRC,comparison:fixed12:q6-i2-qrc,comparison:fixed12:q6-i2-crc,44,1,-0.016528925619834656,-0.015637094506992466,-0.0051411960151056535,-0.016528925619834767
dvs,development,QRC-minus-CRC:comparison:fixed12:q6-i2-qrc:comparison:fixed12:q6-i2-crc,held,QRC-minus-CRC,comparison:fixed12:q6-i2-qrc,comparison:fixed12:q6-i2-crc,44,2,0.04329004329004332,0.053417205021782266,0.05900414759225314,0.04329004329004327
dvs,development,QRC-minus-CRC:comparison:fixed12:q6-i2-qrc:comparison:fixed12:q6-i2-crc,held,QRC-minus-CRC,comparison:fixed12:q6-i2-qrc,comparison:fixed12:q6-i2-crc,44,3,-0.027972027972028024,-0.041331534675096204,-0.04622342789078804,-0.027972027972027802
dvs,development,QRC-minus-CRC:comparison:fixed12:q6-i2-qrc:comparison:fixed12:q6-i2-crc,held,QRC-minus-CRC,comparison:fixed12:q6-i2-qrc,comparison:fixed12:q6-i2-crc,46,0,0.0,-0.0038145564081167316,0.027358796220777304,0.0
dvs,development,QRC-minus-CRC:comparison:fixed12:q6-i2-qrc:comparison:fixed12:q6-i2-crc,held,QRC-minus-CRC,comparison:fixed12:q6-i2-qrc,comparison:fixed12:q6-i2-crc,46,1,-0.0537190082644628,-0.05615520900612886,-0.021787695292480147,-0.05371900826446291
dvs,development,QRC-minus-CRC:comparison:fixed12:q6-i2-qrc:comparison:fixed12:q6-i2-crc,held,QRC-minus-CRC,comparison:fixed12:q6-i2-qrc,comparison:fixed12:q6-i2-crc,46,2,0.0,-0.02519738294647572,-0.0024066048688564656,0.0
dvs,development,QRC-minus-CRC:comparison:fixed12:q6-i2-qrc:comparison:fixed12:q6-i2-crc,held,QRC-minus-CRC,comparison:fixed12:q6-i2-qrc,comparison:fixed12:q6-i2-crc,46,3,-0.22377622377622375,-0.2482808374235389,-0.24072253504071695,-0.2237762237762238
dvs,official,QRC-minus-CRC:comparison:fixed12:q6-i2-qrc:comparison:fixed12:q6-i2-crc,held,QRC-minus-CRC,comparison:fixed12:q6-i2-qrc,comparison:fixed12:q6-i2-crc,42,official,-0.026515151515151603,-0.02102124858611165,-0.032777091612056775,-0.02651515151515138
dvs,official,QRC-minus-CRC:comparison:fixed12:q6-i2-qrc:comparison:fixed12:q6-i2-crc,held,QRC-minus-CRC,comparison:fixed12:q6-i2-qrc,comparison:fixed12:q6-i2-crc,44,official,-0.015151515151515138,-0.012129438983115692,-0.02473877989979001,-0.015151515151515194
dvs,official,QRC-minus-CRC:comparison:fixed12:q6-i2-qrc:comparison:fixed12:q6-i2-crc,held,QRC-minus-CRC,comparison:fixed12:q6-i2-qrc,comparison:fixed12:q6-i2-crc,46,official,-0.11742424242424243,-0.12525848094769776,-0.10419150337670258,-0.11742424242424254
dvs,confirmation,QRC-minus-CRC:comparison:tuned:q6-i2-qrc:comparison:tuned:q6-i2-crc,held,QRC-minus-CRC,comparison:tuned:q6-i2-qrc,comparison:tuned:q6-i2-crc,42,confirmation,0.030456852791878153,0.03456987253676369,0.03709350337603867,0.02941176470588236
dvs,confirmation,QRC-minus-CRC:comparison:tuned:q6-i2-qrc:comparison:tuned:q6-i2-crc,held,QRC-minus-CRC,comparison:tuned:q6-i2-qrc,comparison:tuned:q6-i2-crc,44,confirmation,0.015228426395939132,0.021811760089673338,0.012288530203134362,0.0148544266191325
dvs,confirmation,QRC-minus-CRC:comparison:tuned:q6-i2-qrc:comparison:tuned:q6-i2-crc,held,QRC-minus-CRC,comparison:tuned:q6-i2-qrc,comparison:tuned:q6-i2-crc,46,confirmation,-0.02030456852791873,-0.02466724652531782,-0.01142237390086731,-0.02049910873440286
dvs,development,QRC-minus-CRC:comparison:tuned:q6-i2-qrc:comparison:tuned:q6-i2-crc,held,QRC-minus-CRC,comparison:tuned:q6-i2-qrc,comparison:tuned:q6-i2-crc,42,0,-0.045454545454545525,-0.04381642683472087,-0.04367339878482035,-0.045454545454545636
dvs,development,QRC-minus-CRC:comparison:tuned:q6-i2-qrc:comparison:tuned:q6-i2-crc,held,QRC-minus-CRC,comparison:tuned:q6-i2-qrc,comparison:tuned:q6-i2-crc,42,1,-0.05785123966942146,-0.05071964947577112,-0.038088936604611656,-0.05785123966942146
dvs,development,QRC-minus-CRC:comparison:tuned:q6-i2-qrc:comparison:tuned:q6-i2-crc,held,QRC-minus-CRC,comparison:tuned:q6-i2-qrc,comparison:tuned:q6-i2-crc,42,2,-0.012987012987012991,-0.018298280787544585,-0.011916717460915827,-0.012987012987012991
dvs,development,QRC-minus-CRC:comparison:tuned:q6-i2-qrc:comparison:tuned:q6-i2-crc,held,QRC-minus-CRC,comparison:tuned:q6-i2-qrc,comparison:tuned:q6-i2-crc,42,3,-0.12587412587412583,-0.1375377445233864,-0.14145496316548944,-0.12587412587412605
dvs,development,QRC-minus-CRC:comparison:tuned:q6-i2-qrc:comparison:tuned:q6-i2-crc,held,QRC-minus-CRC,comparison:tuned:q6-i2-qrc,comparison:tuned:q6-i2-crc,44,0,-0.07196969696969702,-0.06843651383598837,-0.046059004791062286,-0.0719696969696968
dvs,development,QRC-minus-CRC:comparison:tuned:q6-i2-qrc:comparison:tuned:q6-i2-crc,held,QRC-minus-CRC,comparison:tuned:q6-i2-qrc,comparison:tuned:q6-i2-crc,44,1,-0.004132231404958664,-0.0040645286012800375,0.0016837402363716336,-0.004132231404958664
dvs,development,QRC-minus-CRC:comparison:tuned:q6-i2-qrc:comparison:tuned:q6-i2-crc,held,QRC-minus-CRC,comparison:tuned:q6-i2-qrc,comparison:tuned:q6-i2-crc,44,2,-0.03896103896103892,-0.03921697495891602,-0.0394192895786315,-0.03896103896103892
dvs,development,QRC-minus-CRC:comparison:tuned:q6-i2-qrc:comparison:tuned:q6-i2-crc,held,QRC-minus-CRC,comparison:tuned:q6-i2-qrc,comparison:tuned:q6-i2-crc,44,3,-0.09790209790209792,-0.10750281139946327,-0.11358813497850917,-0.09790209790209803
dvs,development,QRC-minus-CRC:comparison:tuned:q6-i2-qrc:comparison:tuned:q6-i2-crc,held,QRC-minus-CRC,comparison:tuned:q6-i2-qrc,comparison:tuned:q6-i2-crc,46,0,-0.05681818181818188,-0.0689672406349755,-0.04231244045749438,-0.05681818181818188
dvs,development,QRC-minus-CRC:comparison:tuned:q6-i2-qrc:comparison:tuned:q6-i2-crc,held,QRC-minus-CRC,comparison:tuned:q6-i2-qrc,comparison:tuned:q6-i2-crc,46,1,-0.11983471074380164,-0.12216979712721615,-0.09999932146022306,-0.11983471074380164
dvs,development,QRC-minus-CRC:comparison:tuned:q6-i2-qrc:comparison:tuned:q6-i2-crc,held,QRC-minus-CRC,comparison:tuned:q6-i2-qrc,comparison:tuned:q6-i2-crc,46,2,-0.07359307359307365,-0.09973138845459179,-0.09044271581456942,-0.07359307359307354
dvs,development,QRC-minus-CRC:comparison:tuned:q6-i2-qrc:comparison:tuned:q6-i2-crc,held,QRC-minus-CRC,comparison:tuned:q6-i2-qrc,comparison:tuned:q6-i2-crc,46,3,-0.14685314685314682,-0.1495573817905222,-0.16713114638597082,-0.14685314685314688
dvs,official,QRC-minus-CRC:comparison:tuned:q6-i2-qrc:comparison:tuned:q6-i2-crc,held,QRC-minus-CRC,comparison:tuned:q6-i2-qrc,comparison:tuned:q6-i2-crc,42,official,-0.053030303030303094,-0.04646750121424792,-0.03992675488517583,-0.053030303030303094
dvs,official,QRC-minus-CRC:comparison:tuned:q6-i2-qrc:comparison:tuned:q6-i2-crc,held,QRC-minus-CRC,comparison:tuned:q6-i2-qrc,comparison:tuned:q6-i2-crc,44,official,-0.022727272727272818,-0.017497848513809755,0.01297345052078036,-0.022727272727272818
dvs,official,QRC-minus-CRC:comparison:tuned:q6-i2-qrc:comparison:tuned:q6-i2-crc,held,QRC-minus-CRC,comparison:tuned:q6-i2-qrc,comparison:tuned:q6-i2-crc,46,official,-0.053030303030303094,-0.05650914510109606,-0.038946080688147755,-0.05303030303030298
dvs,confirmation,tuned-minus-fixed:comparison:tuned:q6-i2-qrc:comparison:fixed:q6-i2-qrc,held,tuned-minus-fixed,comparison:tuned:q6-i2-qrc,comparison:fixed:q6-i2-qrc,42,confirmation,0.0,0.0,0.0,0.0
dvs,confirmation,tuned-minus-fixed:comparison:tuned:q6-i2-qrc:comparison:fixed:q6-i2-qrc,held,tuned-minus-fixed,comparison:tuned:q6-i2-qrc,comparison:fixed:q6-i2-qrc,44,confirmation,0.0,0.0,0.0,0.0
dvs,confirmation,tuned-minus-fixed:comparison:tuned:q6-i2-qrc:comparison:fixed:q6-i2-qrc,held,tuned-minus-fixed,comparison:tuned:q6-i2-qrc,comparison:fixed:q6-i2-qrc,46,confirmation,0.0,0.0,0.0,0.0
dvs,development,tuned-minus-fixed:comparison:tuned:q6-i2-qrc:comparison:fixed:q6-i2-qrc,held,tuned-minus-fixed,comparison:tuned:q6-i2-qrc,comparison:fixed:q6-i2-qrc,42,0,0.0,0.0,0.0,0.0
dvs,development,tuned-minus-fixed:comparison:tuned:q6-i2-qrc:comparison:fixed:q6-i2-qrc,held,tuned-minus-fixed,comparison:tuned:q6-i2-qrc,comparison:fixed:q6-i2-qrc,42,1,0.0,0.0,0.0,0.0
dvs,development,tuned-minus-fixed:comparison:tuned:q6-i2-qrc:comparison:fixed:q6-i2-qrc,held,tuned-minus-fixed,comparison:tuned:q6-i2-qrc,comparison:fixed:q6-i2-qrc,42,2,0.0,0.0,0.0,0.0
dvs,development,tuned-minus-fixed:comparison:tuned:q6-i2-qrc:comparison:fixed:q6-i2-qrc,held,tuned-minus-fixed,comparison:tuned:q6-i2-qrc,comparison:fixed:q6-i2-qrc,42,3,0.0,0.0,0.0,0.0
dvs,development,tuned-minus-fixed:comparison:tuned:q6-i2-qrc:comparison:fixed:q6-i2-qrc,held,tuned-minus-fixed,comparison:tuned:q6-i2-qrc,comparison:fixed:q6-i2-qrc,44,0,0.0,0.0,0.0,0.0
dvs,development,tuned-minus-fixed:comparison:tuned:q6-i2-qrc:comparison:fixed:q6-i2-qrc,held,tuned-minus-fixed,comparison:tuned:q6-i2-qrc,comparison:fixed:q6-i2-qrc,44,1,0.0,0.0,0.0,0.0
dvs,development,tuned-minus-fixed:comparison:tuned:q6-i2-qrc:comparison:fixed:q6-i2-qrc,held,tuned-minus-fixed,comparison:tuned:q6-i2-qrc,comparison:fixed:q6-i2-qrc,44,2,0.0,0.0,0.0,0.0
dvs,development,tuned-minus-fixed:comparison:tuned:q6-i2-qrc:comparison:fixed:q6-i2-qrc,held,tuned-minus-fixed,comparison:tuned:q6-i2-qrc,comparison:fixed:q6-i2-qrc,44,3,0.0,0.0,0.0,0.0
dvs,development,tuned-minus-fixed:comparison:tuned:q6-i2-qrc:comparison:fixed:q6-i2-qrc,held,tuned-minus-fixed,comparison:tuned:q6-i2-qrc,comparison:fixed:q6-i2-qrc,46,0,0.0,0.0,0.0,0.0
dvs,development,tuned-minus-fixed:comparison:tuned:q6-i2-qrc:comparison:fixed:q6-i2-qrc,held,tuned-minus-fixed,comparison:tuned:q6-i2-qrc,comparison:fixed:q6-i2-qrc,46,1,0.0,0.0,0.0,0.0
dvs,development,tuned-minus-fixed:comparison:tuned:q6-i2-qrc:comparison:fixed:q6-i2-qrc,held,tuned-minus-fixed,comparison:tuned:q6-i2-qrc,comparison:fixed:q6-i2-qrc,46,2,0.0,0.0,0.0,0.0
dvs,development,tuned-minus-fixed:comparison:tuned:q6-i2-qrc:comparison:fixed:q6-i2-qrc,held,tuned-minus-fixed,comparison:tuned:q6-i2-qrc,comparison:fixed:q6-i2-qrc,46,3,0.0,0.0,0.0,0.0
dvs,official,tuned-minus-fixed:comparison:tuned:q6-i2-qrc:comparison:fixed:q6-i2-qrc,held,tuned-minus-fixed,comparison:tuned:q6-i2-qrc,comparison:fixed:q6-i2-qrc,42,official,0.0,0.0,0.0,0.0
dvs,official,tuned-minus-fixed:comparison:tuned:q6-i2-qrc:comparison:fixed:q6-i2-qrc,held,tuned-minus-fixed,comparison:tuned:q6-i2-qrc,comparison:fixed:q6-i2-qrc,44,official,0.0,0.0,0.0,0.0
dvs,official,tuned-minus-fixed:comparison:tuned:q6-i2-qrc:comparison:fixed:q6-i2-qrc,held,tuned-minus-fixed,comparison:tuned:q6-i2-qrc,comparison:fixed:q6-i2-qrc,46,official,0.0,0.0,0.0,0.0
dvs,confirmation,natural-minus-fixed12:comparison:fixed:q6-i2-qrc:comparison:fixed12:q6-i2-qrc,held,natural-minus-fixed12,comparison:fixed:q6-i2-qrc,comparison:fixed12:q6-i2-qrc,42,confirmation,-0.010152284263959421,-0.0073637356507483265,-0.028895633749462135,-0.010101010101009944
dvs,confirmation,natural-minus-fixed12:comparison:fixed:q6-i2-qrc:comparison:fixed12:q6-i2-qrc,held,natural-minus-fixed12,comparison:fixed:q6-i2-qrc,comparison:fixed12:q6-i2-qrc,44,confirmation,0.040609137055837574,0.045396369632837996,0.029355377092492252,0.04040404040404033
dvs,confirmation,natural-minus-fixed12:comparison:fixed:q6-i2-qrc:comparison:fixed12:q6-i2-qrc,held,natural-minus-fixed12,comparison:fixed:q6-i2-qrc,comparison:fixed12:q6-i2-qrc,46,confirmation,0.035532994923857864,0.034121106583130334,0.038156894546631515,0.03535353535353525
dvs,development,natural-minus-fixed12:comparison:fixed:q6-i2-qrc:comparison:fixed12:q6-i2-qrc,held,natural-minus-fixed12,comparison:fixed:q6-i2-qrc,comparison:fixed12:q6-i2-qrc,42,0,-0.015151515151515249,-0.016348681937704335,-0.023206723201522395,-0.01515151515151536
dvs,development,natural-minus-fixed12:comparison:fixed:q6-i2-qrc:comparison:fixed12:q6-i2-qrc,held,natural-minus-fixed12,comparison:fixed:q6-i2-qrc,comparison:fixed12:q6-i2-qrc,42,1,-0.004132231404958664,-0.003592708061324612,-0.009699904460109154,-0.0041322314049587194
dvs,development,natural-minus-fixed12:comparison:fixed:q6-i2-qrc:comparison:fixed12:q6-i2-qrc,held,natural-minus-fixed12,comparison:fixed:q6-i2-qrc,comparison:fixed12:q6-i2-qrc,42,2,-0.02164502164502169,-0.02645957935085108,-0.041860938488989974,-0.021645021645021578
dvs,development,natural-minus-fixed12:comparison:fixed:q6-i2-qrc:comparison:fixed12:q6-i2-qrc,held,natural-minus-fixed12,comparison:fixed:q6-i2-qrc,comparison:fixed12:q6-i2-qrc,42,3,-0.013986013986013957,-0.002069106409516408,-0.027403564006434844,-0.013986013986014179
dvs,development,natural-minus-fixed12:comparison:fixed:q6-i2-qrc:comparison:fixed12:q6-i2-qrc,held,natural-minus-fixed12,comparison:fixed:q6-i2-qrc,comparison:fixed12:q6-i2-qrc,44,0,-0.011363636363636354,-0.013995560064539947,-0.02290809606317623,-0.011363636363636354
dvs,development,natural-minus-fixed12:comparison:fixed:q6-i2-qrc:comparison:fixed12:q6-i2-qrc,held,natural-minus-fixed12,comparison:fixed:q6-i2-qrc,comparison:fixed12:q6-i2-qrc,44,1,-0.012396694214876103,-0.02185190084476485,-0.029137153774080105,-0.012396694214875992
dvs,development,natural-minus-fixed12:comparison:fixed:q6-i2-qrc:comparison:fixed12:q6-i2-qrc,held,natural-minus-fixed12,comparison:fixed:q6-i2-qrc,comparison:fixed12:q6-i2-qrc,44,2,-0.004329004329004349,-0.009842598175774153,-0.01519499572194044,-0.0043290043290042934
dvs,development,natural-minus-fixed12:comparison:fixed:q6-i2-qrc:comparison:fixed12:q6-i2-qrc,held,natural-minus-fixed12,comparison:fixed:q6-i2-qrc,comparison:fixed12:q6-i2-qrc,44,3,0.006993006993006978,0.001500794854237708,-0.008318449227539992,0.006993006993006867
dvs,development,natural-minus-fixed12:comparison:fixed:q6-i2-qrc:comparison:fixed12:q6-i2-qrc,held,natural-minus-fixed12,comparison:fixed:q6-i2-qrc,comparison:fixed12:q6-i2-qrc,46,0,0.011363636363636354,0.011690133669951641,0.005426232197763392,0.011363636363636354
dvs,development,natural-minus-fixed12:comparison:fixed:q6-i2-qrc:comparison:fixed12:q6-i2-qrc,held,natural-minus-fixed12,comparison:fixed:q6-i2-qrc,comparison:fixed12:q6-i2-qrc,46,1,0.008264462809917328,0.007182383949086046,-0.0017898853812164939,0.008264462809917439
dvs,development,natural-minus-fixed12:comparison:fixed:q6-i2-qrc:comparison:fixed12:q6-i2-qrc,held,natural-minus-fixed12,comparison:fixed:q6-i2-qrc,comparison:fixed12:q6-i2-qrc,46,2,0.008658008658008642,0.007159665696119588,0.0004039196567890979,0.008658008658008698
dvs,development,natural-minus-fixed12:comparison:fixed:q6-i2-qrc:comparison:fixed12:q6-i2-qrc,held,natural-minus-fixed12,comparison:fixed:q6-i2-qrc,comparison:fixed12:q6-i2-qrc,46,3,0.0839160839160839,0.10635089471671183,0.1143682578755818,0.0839160839160839
dvs,official,natural-minus-fixed12:comparison:fixed:q6-i2-qrc:comparison:fixed12:q6-i2-qrc,held,natural-minus-fixed12,comparison:fixed:q6-i2-qrc,comparison:fixed12:q6-i2-qrc,42,official,-0.007575757575757569,-0.0034831924926943536,0.0002714219220791847,-0.007575757575757569
dvs,official,natural-minus-fixed12:comparison:fixed:q6-i2-qrc:comparison:fixed12:q6-i2-qrc,held,natural-minus-fixed12,comparison:fixed:q6-i2-qrc,comparison:fixed12:q6-i2-qrc,44,official,0.06439393939393934,0.06650509761023604,0.07808501921927202,0.06439393939393939
dvs,official,natural-minus-fixed12:comparison:fixed:q6-i2-qrc:comparison:fixed12:q6-i2-qrc,held,natural-minus-fixed12,comparison:fixed:q6-i2-qrc,comparison:fixed12:q6-i2-qrc,46,official,0.05303030303030298,0.0587388356626759,0.04982063409941606,0.053030303030303094
dvs,confirmation,reservoir-minus-projection:comparison:fixed:q6-i2-qrc:comparison:projection:i2,held,reservoir-minus-projection,comparison:fixed:q6-i2-qrc,comparison:projection:i2,42,confirmation,0.23857868020304562,0.27227201643680937,0.22099589919252421,0.2379679144385028
dvs,confirmation,reservoir-minus-projection:comparison:fixed:q6-i2-qrc:comparison:projection:i2,held,reservoir-minus-projection,comparison:fixed:q6-i2-qrc,comparison:projection:i2,44,confirmation,0.2284263959390863,0.2727713967560042,0.2299202829020473,0.22816399286987515
dvs,confirmation,reservoir-minus-projection:comparison:fixed:q6-i2-qrc:comparison:projection:i2,held,reservoir-minus-projection,comparison:fixed:q6-i2-qrc,comparison:projection:i2,46,confirmation,0.18781725888324874,0.21636208799252282,0.19142772995946672,0.18775995246583482
dvs,development,reservoir-minus-projection:comparison:fixed:q6-i2-qrc:comparison:projection:i2,held,reservoir-minus-projection,comparison:fixed:q6-i2-qrc,comparison:projection:i2,42,0,0.18939393939393934,0.21553061032975068,0.12612534072659637,0.18939393939393923
dvs,development,reservoir-minus-projection:comparison:fixed:q6-i2-qrc:comparison:projection:i2,held,reservoir-minus-projection,comparison:fixed:q6-i2-qrc,comparison:projection:i2,42,1,0.0950413223140496,0.12618915713519424,0.09511709439079385,0.0950413223140496
dvs,development,reservoir-minus-projection:comparison:fixed:q6-i2-qrc:comparison:projection:i2,held,reservoir-minus-projection,comparison:fixed:q6-i2-qrc,comparison:projection:i2,42,2,0.10389610389610388,0.12946409405221704,0.1137601734151269,0.10389610389610388
dvs,development,reservoir-minus-projection:comparison:fixed:q6-i2-qrc:comparison:projection:i2,held,reservoir-minus-projection,comparison:fixed:q6-i2-qrc,comparison:projection:i2,42,3,0.1048951048951049,0.1491032962641896,0.18934765394095537,0.10489510489510473
dvs,development,reservoir-minus-projection:comparison:fixed:q6-i2-qrc:comparison:projection:i2,held,reservoir-minus-projection,comparison:fixed:q6-i2-qrc,comparison:projection:i2,44,0,0.17045454545454541,0.20123091333905335,0.1392143597444691,0.17045454545454553
dvs,development,reservoir-minus-projection:comparison:fixed:q6-i2-qrc:comparison:projection:i2,held,reservoir-minus-projection,comparison:fixed:q6-i2-qrc,comparison:projection:i2,44,1,0.13223140495867763,0.1602970576252291,0.1252119253434235,0.13223140495867763
dvs,development,reservoir-minus-projection:comparison:fixed:q6-i2-qrc:comparison:projection:i2,held,reservoir-minus-projection,comparison:fixed:q6-i2-qrc,comparison:projection:i2,44,2,0.06926406926406925,0.10483600775328833,0.07220634680355786,0.06926406926406925
dvs,development,reservoir-minus-projection:comparison:fixed:q6-i2-qrc:comparison:projection:i2,held,reservoir-minus-projection,comparison:fixed:q6-i2-qrc,comparison:projection:i2,44,3,0.11888111888111885,0.15523673092426993,0.17669653578744499,0.1188811188811188
dvs,development,reservoir-minus-projection:comparison:fixed:q6-i2-qrc:comparison:projection:i2,held,reservoir-minus-projection,comparison:fixed:q6-i2-qrc,comparison:projection:i2,46,0,0.15530303030303028,0.1664302948161634,0.10626762259478845,0.15530303030303028
dvs,development,reservoir-minus-projection:comparison:fixed:q6-i2-qrc:comparison:projection:i2,held,reservoir-minus-projection,comparison:fixed:q6-i2-qrc,comparison:projection:i2,46,1,0.07438016528925617,0.09931101911916895,0.06991496135943454,0.07438016528925617
dvs,development,reservoir-minus-projection:comparison:fixed:q6-i2-qrc:comparison:projection:i2,held,reservoir-minus-projection,comparison:fixed:q6-i2-qrc,comparison:projection:i2,46,2,0.09090909090909088,0.10582342539869877,0.08962246620636327,0.09090909090909088
dvs,development,reservoir-minus-projection:comparison:fixed:q6-i2-qrc:comparison:projection:i2,held,reservoir-minus-projection,comparison:fixed:q6-i2-qrc,comparison:projection:i2,46,3,0.07692307692307693,0.12631358263353282,0.16468687864874804,0.07692307692307682
dvs,official,reservoir-minus-projection:comparison:fixed:q6-i2-qrc:comparison:projection:i2,held,reservoir-minus-projection,comparison:fixed:q6-i2-qrc,comparison:projection:i2,42,official,0.17803030303030298,0.2200316554018812,0.2036699112381148,0.1780303030303031
dvs,official,reservoir-minus-projection:comparison:fixed:q6-i2-qrc:comparison:projection:i2,held,reservoir-minus-projection,comparison:fixed:q6-i2-qrc,comparison:projection:i2,44,official,0.19318181818181812,0.23523323842311672,0.24942922585056,0.19318181818181812
dvs,official,reservoir-minus-projection:comparison:fixed:q6-i2-qrc:comparison:projection:i2,held,reservoir-minus-projection,comparison:fixed:q6-i2-qrc,comparison:projection:i2,46,official,0.16287878787878785,0.1940172926269721,0.20085154754800122,0.16287878787878785
dvs,confirmation,tuned-minus-fixed:comparison:tuned:q6-i2-crc:comparison:fixed:q6-i2-crc,held,tuned-minus-fixed,comparison:tuned:q6-i2-crc,comparison:fixed:q6-i2-crc,42,confirmation,-0.030456852791878153,-0.04716390991038355,-0.06391012808008856,-0.030005941770647526
dvs,confirmation,tuned-minus-fixed:comparison:tuned:q6-i2-crc:comparison:fixed:q6-i2-crc,held,tuned-minus-fixed,comparison:tuned:q6-i2-crc,comparison:fixed:q6-i2-crc,44,confirmation,-0.010152284263959421,-0.019033990192808714,-0.02489655117142886,-0.010695187165775444
dvs,confirmation,tuned-minus-fixed:comparison:tuned:q6-i2-crc:comparison:fixed:q6-i2-crc,held,tuned-minus-fixed,comparison:tuned:q6-i2-crc,comparison:fixed:q6-i2-crc,46,confirmation,0.005076142131979711,-0.010785295968995356,-0.00760033915811642,0.005347593582887722
dvs,development,tuned-minus-fixed:comparison:tuned:q6-i2-crc:comparison:fixed:q6-i2-crc,held,tuned-minus-fixed,comparison:tuned:q6-i2-crc,comparison:fixed:q6-i2-crc,42,0,0.08333333333333337,0.08823631550107847,0.09054766209865106,0.08333333333333337
dvs,development,tuned-minus-fixed:comparison:tuned:q6-i2-crc:comparison:fixed:q6-i2-crc,held,tuned-minus-fixed,comparison:tuned:q6-i2-crc,comparison:fixed:q6-i2-crc,42,1,-0.008264462809917328,-0.010762500252083584,-0.0001792142833517696,-0.008264462809917217
dvs,development,tuned-minus-fixed:comparison:tuned:q6-i2-crc:comparison:fixed:q6-i2-crc,held,tuned-minus-fixed,comparison:tuned:q6-i2-crc,comparison:fixed:q6-i2-crc,42,2,0.06926406926406925,0.07070181954491306,0.07186544475340545,0.06926406926406925
dvs,development,tuned-minus-fixed:comparison:tuned:q6-i2-crc:comparison:fixed:q6-i2-crc,held,tuned-minus-fixed,comparison:tuned:q6-i2-crc,comparison:fixed:q6-i2-crc,42,3,-0.006993006993006978,0.004308845223097046,0.021224361137814562,-0.006993006993006978
dvs,development,tuned-minus-fixed:comparison:tuned:q6-i2-crc:comparison:fixed:q6-i2-crc,held,tuned-minus-fixed,comparison:tuned:q6-i2-crc,comparison:fixed:q6-i2-crc,44,0,0.045454545454545525,0.052857600890261036,0.05051622686192081,0.045454545454545525
dvs,development,tuned-minus-fixed:comparison:tuned:q6-i2-crc:comparison:fixed:q6-i2-crc,held,tuned-minus-fixed,comparison:tuned:q6-i2-crc,comparison:fixed:q6-i2-crc,44,1,-0.012396694214876103,-0.015588273952641951,-0.005473376160394894,-0.012396694214876214
dvs,development,tuned-minus-fixed:comparison:tuned:q6-i2-crc:comparison:fixed:q6-i2-crc,held,tuned-minus-fixed,comparison:tuned:q6-i2-crc,comparison:fixed:q6-i2-crc,44,2,0.03463203463203457,0.04797583838071534,0.027970843749486107,0.034632034632034625
dvs,development,tuned-minus-fixed:comparison:tuned:q6-i2-crc:comparison:fixed:q6-i2-crc,held,tuned-minus-fixed,comparison:tuned:q6-i2-crc,comparison:fixed:q6-i2-crc,44,3,-0.006993006993006978,-0.017997901785941295,-0.016288553989088794,-0.006993006993006756
dvs,development,tuned-minus-fixed:comparison:tuned:q6-i2-crc:comparison:fixed:q6-i2-crc,held,tuned-minus-fixed,comparison:tuned:q6-i2-crc,comparison:fixed:q6-i2-crc,46,0,0.07196969696969702,0.08378213263603773,0.0795628531392995,0.07196969696969702
dvs,development,tuned-minus-fixed:comparison:tuned:q6-i2-crc:comparison:fixed:q6-i2-crc,held,tuned-minus-fixed,comparison:tuned:q6-i2-crc,comparison:fixed:q6-i2-crc,46,1,0.09090909090909088,0.08598649516944895,0.07801856672193952,0.09090909090909094
dvs,development,tuned-minus-fixed:comparison:tuned:q6-i2-crc:comparison:fixed:q6-i2-crc,held,tuned-minus-fixed,comparison:tuned:q6-i2-crc,comparison:fixed:q6-i2-crc,46,2,0.06926406926406936,0.06888902183030265,0.06985976341343514,0.06926406926406925
dvs,development,tuned-minus-fixed:comparison:tuned:q6-i2-crc:comparison:fixed:q6-i2-crc,held,tuned-minus-fixed,comparison:tuned:q6-i2-crc,comparison:fixed:q6-i2-crc,46,3,0.020979020979020935,0.0203553082473934,0.05625139024348513,0.020979020979020935
dvs,official,tuned-minus-fixed:comparison:tuned:q6-i2-crc:comparison:fixed:q6-i2-crc,held,tuned-minus-fixed,comparison:tuned:q6-i2-crc,comparison:fixed:q6-i2-crc,42,official,0.02651515151515149,0.031431620462815224,-0.018249582535082576,0.026515151515151603
dvs,official,tuned-minus-fixed:comparison:tuned:q6-i2-crc:comparison:fixed:q6-i2-crc,held,tuned-minus-fixed,comparison:tuned:q6-i2-crc,comparison:fixed:q6-i2-crc,44,official,0.03409090909090917,0.033937292626676885,0.028912583428298944,0.03409090909090906
dvs,official,tuned-minus-fixed:comparison:tuned:q6-i2-crc:comparison:fixed:q6-i2-crc,held,tuned-minus-fixed,comparison:tuned:q6-i2-crc,comparison:fixed:q6-i2-crc,46,official,0.015151515151515138,0.007207443358195453,-0.001490759655109808,0.015151515151515138
dvs,confirmation,natural-minus-fixed12:comparison:fixed:q6-i2-crc:comparison:fixed12:q6-i2-crc,held,natural-minus-fixed12,comparison:fixed:q6-i2-crc,comparison:fixed12:q6-i2-crc,42,confirmation,0.0,0.0030639128252502035,-0.0019764684883261108,0.0
dvs,confirmation,natural-minus-fixed12:comparison:fixed:q6-i2-crc:comparison:fixed12:q6-i2-crc,held,natural-minus-fixed12,comparison:fixed:q6-i2-crc,comparison:fixed12:q6-i2-crc,44,confirmation,0.08629441624365486,0.10666168668614812,0.0983354207024556,0.08734402852049916
dvs,confirmation,natural-minus-fixed12:comparison:fixed:q6-i2-crc:comparison:fixed12:q6-i2-crc,held,natural-minus-fixed12,comparison:fixed:q6-i2-crc,comparison:fixed12:q6-i2-crc,46,confirmation,0.0050761421319796,0.0056977570890692775,-0.002166422708157145,0.005050505050504972
dvs,development,natural-minus-fixed12:comparison:fixed:q6-i2-crc:comparison:fixed12:q6-i2-crc,held,natural-minus-fixed12,comparison:fixed:q6-i2-crc,comparison:fixed12:q6-i2-crc,42,0,-0.015151515151515138,-0.012826243189064224,-0.01931946029954157,-0.015151515151515138
dvs,development,natural-minus-fixed12:comparison:fixed:q6-i2-crc:comparison:fixed12:q6-i2-crc,held,natural-minus-fixed12,comparison:fixed:q6-i2-crc,comparison:fixed12:q6-i2-crc,42,1,0.07024793388429751,0.07184553587471026,0.05806027336717884,0.0702479338842974
dvs,development,natural-minus-fixed12:comparison:fixed:q6-i2-crc:comparison:fixed12:q6-i2-crc,held,natural-minus-fixed12,comparison:fixed:q6-i2-crc,comparison:fixed12:q6-i2-crc,42,2,-0.08225108225108224,-0.08858270455915018,-0.0768300223003659,-0.08225108225108213
dvs,development,natural-minus-fixed12:comparison:fixed:q6-i2-crc:comparison:fixed12:q6-i2-crc,held,natural-minus-fixed12,comparison:fixed:q6-i2-crc,comparison:fixed12:q6-i2-crc,42,3,0.04195804195804187,0.04369452804266216,0.04827071324397525,0.04195804195804198
dvs,development,natural-minus-fixed12:comparison:fixed:q6-i2-crc:comparison:fixed12:q6-i2-crc,held,natural-minus-fixed12,comparison:fixed:q6-i2-crc,comparison:fixed12:q6-i2-crc,44,0,0.06439393939393934,0.07567361760627128,0.07521367215639396,0.06439393939393928
dvs,development,natural-minus-fixed12:comparison:fixed:q6-i2-crc:comparison:fixed12:q6-i2-crc,held,natural-minus-fixed12,comparison:fixed:q6-i2-crc,comparison:fixed12:q6-i2-crc,44,1,-0.012396694214875992,-0.017836192797835326,-0.030488713865162498,-0.01239669421487588
dvs,development,natural-minus-fixed12:comparison:fixed:q6-i2-crc:comparison:fixed12:q6-i2-crc,held,natural-minus-fixed12,comparison:fixed:q6-i2-crc,comparison:fixed12:q6-i2-crc,44,2,0.04329004329004332,0.03481574342420879,0.055257597699458094,0.04329004329004327
dvs,development,natural-minus-fixed12:comparison:fixed:q6-i2-crc:comparison:fixed12:q6-i2-crc,held,natural-minus-fixed12,comparison:fixed:q6-i2-crc,comparison:fixed12:q6-i2-crc,44,3,0.08391608391608385,0.08566997336454607,0.07533481184926993,0.08391608391608385
dvs,development,natural-minus-fixed12:comparison:fixed:q6-i2-crc:comparison:fixed12:q6-i2-crc,held,natural-minus-fixed12,comparison:fixed:q6-i2-crc,comparison:fixed12:q6-i2-crc,46,0,-0.0037878787878787845,-0.00693931473922732,-0.004465384263264427,-0.0037878787878787845
dvs,development,natural-minus-fixed12:comparison:fixed:q6-i2-crc:comparison:fixed12:q6-i2-crc,held,natural-minus-fixed12,comparison:fixed:q6-i2-crc,comparison:fixed12:q6-i2-crc,46,1,-0.01652892561983471,-0.012789523099275613,-0.0015968259354131042,-0.016528925619834767
dvs,development,natural-minus-fixed12:comparison:fixed:q6-i2-crc:comparison:fixed12:q6-i2-crc,held,natural-minus-fixed12,comparison:fixed:q6-i2-crc,comparison:fixed12:q6-i2-crc,46,2,0.012987012987012936,0.012804649373932997,0.018580267189066912,0.012987012987012991
dvs,development,natural-minus-fixed12:comparison:fixed:q6-i2-crc:comparison:fixed12:q6-i2-crc,held,natural-minus-fixed12,comparison:fixed:q6-i2-crc,comparison:fixed12:q6-i2-crc,46,3,-0.013986013986013957,-0.01272786916369828,-0.015474521022649457,-0.013986013986013957
dvs,official,natural-minus-fixed12:comparison:fixed:q6-i2-crc:comparison:fixed12:q6-i2-crc,held,natural-minus-fixed12,comparison:fixed:q6-i2-crc,comparison:fixed12:q6-i2-crc,42,official,-0.007575757575757569,-0.00946856032737331,0.025670667730280816,-0.007575757575757458
dvs,official,natural-minus-fixed12:comparison:fixed:q6-i2-crc:comparison:fixed12:q6-i2-crc,held,natural-minus-fixed12,comparison:fixed:q6-i2-crc,comparison:fixed12:q6-i2-crc,44,official,0.037878787878787845,0.03793621451425322,0.01146020537040271,0.037878787878787956
dvs,official,natural-minus-fixed12:comparison:fixed:q6-i2-crc:comparison:fixed12:q6-i2-crc,held,natural-minus-fixed12,comparison:fixed:q6-i2-crc,comparison:fixed12:q6-i2-crc,46,official,-0.02651515151515149,-0.01721794354212125,-0.013934028934028952,-0.026515151515151603
dvs,confirmation,reservoir-minus-projection:comparison:fixed:q6-i2-crc:comparison:projection:i2,held,reservoir-minus-projection,comparison:fixed:q6-i2-crc,comparison:projection:i2,42,confirmation,0.23857868020304562,0.28486605381042923,0.2478125238965741,0.23856209150326796
dvs,confirmation,reservoir-minus-projection:comparison:fixed:q6-i2-crc:comparison:projection:i2,held,reservoir-minus-projection,comparison:fixed:q6-i2-crc,comparison:projection:i2,44,confirmation,0.2233502538071066,0.2699936268591396,0.2425283038703418,0.2240047534165181
dvs,confirmation,reservoir-minus-projection:comparison:fixed:q6-i2-crc:comparison:projection:i2,held,reservoir-minus-projection,comparison:fixed:q6-i2-crc,comparison:projection:i2,46,confirmation,0.20304568527918776,0.251814630486836,0.21045044301845045,0.20291146761734996
dvs,development,reservoir-minus-projection:comparison:fixed:q6-i2-crc:comparison:projection:i2,held,reservoir-minus-projection,comparison:fixed:q6-i2-crc,comparison:projection:i2,42,0,0.1515151515151515,0.17111072166339308,0.07925107741276566,0.1515151515151515
dvs,development,reservoir-minus-projection:comparison:fixed:q6-i2-crc:comparison:projection:i2,held,reservoir-minus-projection,comparison:fixed:q6-i2-crc,comparison:projection:i2,42,1,0.1611570247933884,0.18767130686304895,0.13338524527875728,0.16115702479338828
dvs,development,reservoir-minus-projection:comparison:fixed:q6-i2-crc:comparison:projection:i2,held,reservoir-minus-projection,comparison:fixed:q6-i2-crc,comparison:projection:i2,42,2,0.047619047619047616,0.07706055529484857,0.053811446122637274,0.047619047619047616
dvs,development,reservoir-minus-projection:comparison:fixed:q6-i2-crc:comparison:projection:i2,held,reservoir-minus-projection,comparison:fixed:q6-i2-crc,comparison:projection:i2,42,3,0.2377622377622377,0.28233219556447897,0.30957825596863026,0.23776223776223776
dvs,development,reservoir-minus-projection:comparison:fixed:q6-i2-crc:comparison:projection:i2,held,reservoir-minus-projection,comparison:fixed:q6-i2-crc,comparison:projection:i2,44,0,0.1969696969696969,0.21680982628478068,0.13475713767361058,0.1969696969696968
dvs,development,reservoir-minus-projection:comparison:fixed:q6-i2-crc:comparison:projection:i2,held,reservoir-minus-projection,comparison:fixed:q6-i2-crc,comparison:projection:i2,44,1,0.1487603305785124,0.1799498601791511,0.12900156126744677,0.1487603305785125
dvs,development,reservoir-minus-projection:comparison:fixed:q6-i2-crc:comparison:projection:i2,held,reservoir-minus-projection,comparison:fixed:q6-i2-crc,comparison:projection:i2,44,2,0.0735930735930736,0.096077144331489,0.08365479263270326,0.07359307359307354
dvs,development,reservoir-minus-projection:comparison:fixed:q6-i2-crc:comparison:projection:i2,held,reservoir-minus-projection,comparison:fixed:q6-i2-crc,comparison:projection:i2,44,3,0.22377622377622375,0.2807374441096745,0.30657322475504295,0.22377622377622358
dvs,development,reservoir-minus-projection:comparison:fixed:q6-i2-crc:comparison:projection:i2,held,reservoir-minus-projection,comparison:fixed:q6-i2-crc,comparison:projection:i2,46,0,0.14015151515151514,0.15161540281510116,0.06901720991298332,0.14015151515151514
dvs,development,reservoir-minus-projection:comparison:fixed:q6-i2-crc:comparison:projection:i2,held,reservoir-minus-projection,comparison:fixed:q6-i2-crc,comparison:projection:i2,46,1,0.10330578512396693,0.13549432107693615,0.09189571609771807,0.10330578512396688
dvs,development,reservoir-minus-projection:comparison:fixed:q6-i2-crc:comparison:projection:i2,held,reservoir-minus-projection,comparison:fixed:q6-i2-crc,comparison:projection:i2,46,2,0.09523809523809518,0.1366657920229879,0.11020541860749755,0.09523809523809518
dvs,development,reservoir-minus-projection:comparison:fixed:q6-i2-crc:comparison:projection:i2,held,reservoir-minus-projection,comparison:fixed:q6-i2-crc,comparison:projection:i2,46,3,0.2027972027972028,0.2555156561766616,0.2755666347912337,0.20279720279720276
dvs,official,reservoir-minus-projection:comparison:fixed:q6-i2-crc:comparison:projection:i2,held,reservoir-minus-projection,comparison:fixed:q6-i2-crc,comparison:projection:i2,42,official,0.20454545454545459,0.23506753615331388,0.2618462486583732,0.20454545454545459
dvs,official,reservoir-minus-projection:comparison:fixed:q6-i2-crc:comparison:projection:i2,held,reservoir-minus-projection,comparison:fixed:q6-i2-crc,comparison:projection:i2,44,official,0.18181818181818177,0.2187937943102496,0.20754319190148068,0.18181818181818188
dvs,official,reservoir-minus-projection:comparison:fixed:q6-i2-crc:comparison:projection:i2,held,reservoir-minus-projection,comparison:fixed:q6-i2-crc,comparison:projection:i2,46,official,0.2007575757575758,0.2433189943698727,0.24128838789125878,0.2007575757575757
dvs,confirmation,QRC-minus-CRC:comparison:fixed:q6-i4-qrc:comparison:fixed:q6-i4-crc,held,QRC-minus-CRC,comparison:fixed:q6-i4-qrc,comparison:fixed:q6-i4-crc,42,confirmation,-0.015228426395939132,-0.01273792370049065,-0.006462525080594306,-0.01455733808674986
dvs,confirmation,QRC-minus-CRC:comparison:fixed:q6-i4-qrc:comparison:fixed:q6-i4-crc,held,QRC-minus-CRC,comparison:fixed:q6-i4-qrc,comparison:fixed:q6-i4-crc,44,confirmation,0.07614213197969544,0.07828052994058377,0.061113258991353336,0.07664884135472372
dvs,confirmation,QRC-minus-CRC:comparison:fixed:q6-i4-qrc:comparison:fixed:q6-i4-crc,held,QRC-minus-CRC,comparison:fixed:q6-i4-qrc,comparison:fixed:q6-i4-crc,46,confirmation,-0.050761421319796884,-0.04376400434910044,-0.026363505551148525,-0.04961378490790247
dvs,development,QRC-minus-CRC:comparison:fixed:q6-i4-qrc:comparison:fixed:q6-i4-crc,held,QRC-minus-CRC,comparison:fixed:q6-i4-qrc,comparison:fixed:q6-i4-crc,42,0,-0.022727272727272707,-0.003373973525493068,-0.032220023413762955,-0.022727272727272707
dvs,development,QRC-minus-CRC:comparison:fixed:q6-i4-qrc:comparison:fixed:q6-i4-crc,held,QRC-minus-CRC,comparison:fixed:q6-i4-qrc,comparison:fixed:q6-i4-crc,42,1,-0.016528925619834767,-0.028603407282915883,-0.0502102474545586,-0.016528925619834545
dvs,development,QRC-minus-CRC:comparison:fixed:q6-i4-qrc:comparison:fixed:q6-i4-crc,held,QRC-minus-CRC,comparison:fixed:q6-i4-qrc,comparison:fixed:q6-i4-crc,42,2,-0.017316017316017285,-0.020690032949476245,-0.018701873116306778,-0.017316017316017396
dvs,development,QRC-minus-CRC:comparison:fixed:q6-i4-qrc:comparison:fixed:q6-i4-crc,held,QRC-minus-CRC,comparison:fixed:q6-i4-qrc,comparison:fixed:q6-i4-crc,42,3,0.0,0.0023056265185200653,-0.001129752600340761,0.0
dvs,development,QRC-minus-CRC:comparison:fixed:q6-i4-qrc:comparison:fixed:q6-i4-crc,held,QRC-minus-CRC,comparison:fixed:q6-i4-qrc,comparison:fixed:q6-i4-crc,44,0,0.018939393939393923,0.043368763645690644,0.009160935817276838,0.01893939393939381
dvs,development,QRC-minus-CRC:comparison:fixed:q6-i4-qrc:comparison:fixed:q6-i4-crc,held,QRC-minus-CRC,comparison:fixed:q6-i4-qrc,comparison:fixed:q6-i4-crc,44,1,0.03305785123966942,0.023421790926888564,0.026963964893247705,0.03305785123966942
dvs,development,QRC-minus-CRC:comparison:fixed:q6-i4-qrc:comparison:fixed:q6-i4-crc,held,QRC-minus-CRC,comparison:fixed:q6-i4-qrc,comparison:fixed:q6-i4-crc,44,2,0.08225108225108235,0.08381773245916135,0.07663955205735595,0.08225108225108213
dvs,development,QRC-minus-CRC:comparison:fixed:q6-i4-qrc:comparison:fixed:q6-i4-crc,held,QRC-minus-CRC,comparison:fixed:q6-i4-qrc,comparison:fixed:q6-i4-crc,44,3,-0.027972027972028024,-0.028261781113527062,-0.04098982568233922,-0.027972027972028135
dvs,development,QRC-minus-CRC:comparison:fixed:q6-i4-qrc:comparison:fixed:q6-i4-crc,held,QRC-minus-CRC,comparison:fixed:q6-i4-qrc,comparison:fixed:q6-i4-crc,46,0,-0.05681818181818177,-0.039213019130105664,-0.06751064981927013,-0.05681818181818188
dvs,development,QRC-minus-CRC:comparison:fixed:q6-i4-qrc:comparison:fixed:q6-i4-crc,held,QRC-minus-CRC,comparison:fixed:q6-i4-qrc,comparison:fixed:q6-i4-crc,46,1,0.004132231404958664,0.0021724515925003463,-0.008461897351246361,0.004132231404958775
dvs,development,QRC-minus-CRC:comparison:fixed:q6-i4-qrc:comparison:fixed:q6-i4-crc,held,QRC-minus-CRC,comparison:fixed:q6-i4-qrc,comparison:fixed:q6-i4-crc,46,2,0.02164502164502169,0.02044533666762205,0.03096625278538989,0.021645021645021578
dvs,development,QRC-minus-CRC:comparison:fixed:q6-i4-qrc:comparison:fixed:q6-i4-crc,held,QRC-minus-CRC,comparison:fixed:q6-i4-qrc,comparison:fixed:q6-i4-crc,46,3,-0.07692307692307698,-0.08895715534396198,-0.07761748055865725,-0.07692307692307698
dvs,official,QRC-minus-CRC:comparison:fixed:q6-i4-qrc:comparison:fixed:q6-i4-crc,held,QRC-minus-CRC,comparison:fixed:q6-i4-qrc,comparison:fixed:q6-i4-crc,42,official,-0.0757575757575758,-0.0763666862548874,-0.07963433696021949,-0.0757575757575758
dvs,official,QRC-minus-CRC:comparison:fixed:q6-i4-qrc:comparison:fixed:q6-i4-crc,held,QRC-minus-CRC,comparison:fixed:q6-i4-qrc,comparison:fixed:q6-i4-crc,44,official,0.045454545454545414,0.05962909534508032,0.04301692459587203,0.045454545454545414
dvs,official,QRC-minus-CRC:comparison:fixed:q6-i4-qrc:comparison:fixed:q6-i4-crc,held,QRC-minus-CRC,comparison:fixed:q6-i4-qrc,comparison:fixed:q6-i4-crc,46,official,0.007575757575757569,0.009519989588466449,0.006246233229106779,0.007575757575757569
dvs,confirmation,QRC-minus-CRC:comparison:fixed12:q6-i4-qrc:comparison:fixed12:q6-i4-crc,held,QRC-minus-CRC,comparison:fixed12:q6-i4-qrc,comparison:fixed12:q6-i4-crc,42,confirmation,-0.025380710659898442,-0.022717993615826493,-0.01773280937719446,-0.024955436720142554
dvs,confirmation,QRC-minus-CRC:comparison:fixed12:q6-i4-qrc:comparison:fixed12:q6-i4-crc,held,QRC-minus-CRC,comparison:fixed12:q6-i4-qrc,comparison:fixed12:q6-i4-crc,44,confirmation,-0.030456852791878153,-0.030551525050875217,-0.01993254936358757,-0.02911467617349972
dvs,confirmation,QRC-minus-CRC:comparison:fixed12:q6-i4-qrc:comparison:fixed12:q6-i4-crc,held,QRC-minus-CRC,comparison:fixed12:q6-i4-qrc,comparison:fixed12:q6-i4-crc,46,confirmation,-0.045685279187817285,-0.032927441893263354,-0.04824400248930827,-0.04426619132501486
dvs,development,QRC-minus-CRC:comparison:fixed12:q6-i4-qrc:comparison:fixed12:q6-i4-crc,held,QRC-minus-CRC,comparison:fixed12:q6-i4-qrc,comparison:fixed12:q6-i4-crc,42,0,-0.0037878787878787845,0.01052308209270525,-0.019298239788882565,-0.0037878787878788955
dvs,development,QRC-minus-CRC:comparison:fixed12:q6-i4-qrc:comparison:fixed12:q6-i4-crc,held,QRC-minus-CRC,comparison:fixed12:q6-i4-qrc,comparison:fixed12:q6-i4-crc,42,1,0.016528925619834767,0.015579715451725429,0.009537474908240418,0.016528925619834767
dvs,development,QRC-minus-CRC:comparison:fixed12:q6-i4-qrc:comparison:fixed12:q6-i4-crc,held,QRC-minus-CRC,comparison:fixed12:q6-i4-qrc,comparison:fixed12:q6-i4-crc,42,2,-0.05627705627705637,-0.054588971429867406,-0.03926024512325621,-0.05627705627705626
dvs,development,QRC-minus-CRC:comparison:fixed12:q6-i4-qrc:comparison:fixed12:q6-i4-crc,held,QRC-minus-CRC,comparison:fixed12:q6-i4-qrc,comparison:fixed12:q6-i4-crc,42,3,-0.08391608391608396,-0.0878633788560057,-0.06889716047470062,-0.08391608391608407
dvs,development,QRC-minus-CRC:comparison:fixed12:q6-i4-qrc:comparison:fixed12:q6-i4-crc,held,QRC-minus-CRC,comparison:fixed12:q6-i4-qrc,comparison:fixed12:q6-i4-crc,44,0,0.045454545454545414,0.05864114815308474,0.03724772911354679,0.045454545454545414
dvs,development,QRC-minus-CRC:comparison:fixed12:q6-i4-qrc:comparison:fixed12:q6-i4-crc,held,QRC-minus-CRC,comparison:fixed12:q6-i4-qrc,comparison:fixed12:q6-i4-crc,44,1,-0.012396694214875992,-0.017683026687770775,-0.026352940587674123,-0.012396694214876103
dvs,development,QRC-minus-CRC:comparison:fixed12:q6-i4-qrc:comparison:fixed12:q6-i4-crc,held,QRC-minus-CRC,comparison:fixed12:q6-i4-qrc,comparison:fixed12:q6-i4-crc,44,2,-0.017316017316017396,-0.016470520882824413,-0.0011588521251503225,-0.017316017316017396
dvs,development,QRC-minus-CRC:comparison:fixed12:q6-i4-qrc:comparison:fixed12:q6-i4-crc,held,QRC-minus-CRC,comparison:fixed12:q6-i4-qrc,comparison:fixed12:q6-i4-crc,44,3,-0.05594405594405594,-0.058705626016534396,-0.05311191333918608,-0.05594405594405594
dvs,development,QRC-minus-CRC:comparison:fixed12:q6-i4-qrc:comparison:fixed12:q6-i4-crc,held,QRC-minus-CRC,comparison:fixed12:q6-i4-qrc,comparison:fixed12:q6-i4-crc,46,0,-0.06439393939393934,-0.04744056017647613,-0.052675981418350615,-0.06439393939393945
dvs,development,QRC-minus-CRC:comparison:fixed12:q6-i4-qrc:comparison:fixed12:q6-i4-crc,held,QRC-minus-CRC,comparison:fixed12:q6-i4-qrc,comparison:fixed12:q6-i4-crc,46,1,-0.0826446280991735,-0.08827882898691886,-0.10283185797133021,-0.08264462809917361
dvs,development,QRC-minus-CRC:comparison:fixed12:q6-i4-qrc:comparison:fixed12:q6-i4-crc,held,QRC-minus-CRC,comparison:fixed12:q6-i4-qrc,comparison:fixed12:q6-i4-crc,46,2,-0.051948051948051965,-0.05157651034951283,-0.04264546670511893,-0.05194805194805174
dvs,development,QRC-minus-CRC:comparison:fixed12:q6-i4-qrc:comparison:fixed12:q6-i4-crc,held,QRC-minus-CRC,comparison:fixed12:q6-i4-qrc,comparison:fixed12:q6-i4-crc,46,3,-0.05594405594405594,-0.08139535621749061,-0.0379971421767088,-0.05594405594405605
dvs,official,QRC-minus-CRC:comparison:fixed12:q6-i4-qrc:comparison:fixed12:q6-i4-crc,held,QRC-minus-CRC,comparison:fixed12:q6-i4-qrc,comparison:fixed12:q6-i4-crc,42,official,-0.06439393939393934,-0.061919404453798954,-0.05563420550603271,-0.06439393939393956
dvs,official,QRC-minus-CRC:comparison:fixed12:q6-i4-qrc:comparison:fixed12:q6-i4-crc,held,QRC-minus-CRC,comparison:fixed12:q6-i4-qrc,comparison:fixed12:q6-i4-crc,44,official,-0.06060606060606055,-0.060788168491597294,-0.07419385392346234,-0.060606060606060774
dvs,official,QRC-minus-CRC:comparison:fixed12:q6-i4-qrc:comparison:fixed12:q6-i4-crc,held,QRC-minus-CRC,comparison:fixed12:q6-i4-qrc,comparison:fixed12:q6-i4-crc,46,official,-0.02651515151515149,-0.02315370984396059,-0.025391393790579198,-0.02651515151515149
dvs,confirmation,QRC-minus-CRC:comparison:tuned:q6-i4-qrc:comparison:tuned:q6-i4-crc,held,QRC-minus-CRC,comparison:tuned:q6-i4-qrc,comparison:tuned:q6-i4-crc,42,confirmation,-0.02030456852791873,-0.016850883983314913,-0.03224747588053556,-0.019607843137254832
dvs,confirmation,QRC-minus-CRC:comparison:tuned:q6-i4-qrc:comparison:tuned:q6-i4-crc,held,QRC-minus-CRC,comparison:tuned:q6-i4-qrc,comparison:tuned:q6-i4-crc,44,confirmation,0.040609137055837574,0.04281712908423119,0.03968911783037021,0.04129530600118825
dvs,confirmation,QRC-minus-CRC:comparison:tuned:q6-i4-qrc:comparison:tuned:q6-i4-crc,held,QRC-minus-CRC,comparison:tuned:q6-i4-qrc,comparison:tuned:q6-i4-crc,46,confirmation,-0.055837563451776595,-0.04542993363518988,-0.033582557793084056,-0.054070112893642275
dvs,development,QRC-minus-CRC:comparison:tuned:q6-i4-qrc:comparison:tuned:q6-i4-crc,held,QRC-minus-CRC,comparison:tuned:q6-i4-qrc,comparison:tuned:q6-i4-crc,42,0,-0.09090909090909094,-0.08352864004311344,-0.08100867510695375,-0.09090909090909105
dvs,development,QRC-minus-CRC:comparison:tuned:q6-i4-qrc:comparison:tuned:q6-i4-crc,held,QRC-minus-CRC,comparison:tuned:q6-i4-qrc,comparison:tuned:q6-i4-crc,42,1,-0.07024793388429751,-0.08226071215672781,-0.08362852340033289,-0.0702479338842974
dvs,development,QRC-minus-CRC:comparison:tuned:q6-i4-qrc:comparison:tuned:q6-i4-crc,held,QRC-minus-CRC,comparison:tuned:q6-i4-qrc,comparison:tuned:q6-i4-crc,42,2,-0.06493506493506485,-0.0667075921851773,-0.060907096506298775,-0.06493506493506485
dvs,development,QRC-minus-CRC:comparison:tuned:q6-i4-qrc:comparison:tuned:q6-i4-crc,held,QRC-minus-CRC,comparison:tuned:q6-i4-qrc,comparison:tuned:q6-i4-crc,42,3,0.03496503496503489,0.03877661146005451,0.026366852102146177,0.03496503496503489
dvs,development,QRC-minus-CRC:comparison:tuned:q6-i4-qrc:comparison:tuned:q6-i4-crc,held,QRC-minus-CRC,comparison:tuned:q6-i4-qrc,comparison:tuned:q6-i4-crc,44,0,-0.018939393939393923,-0.01052907043233453,0.004075782888488866,-0.018939393939394034
dvs,development,QRC-minus-CRC:comparison:tuned:q6-i4-qrc:comparison:tuned:q6-i4-crc,held,QRC-minus-CRC,comparison:tuned:q6-i4-qrc,comparison:tuned:q6-i4-crc,44,1,-0.05371900826446274,-0.060905691708509235,-0.053181665739703954,-0.05371900826446285
dvs,development,QRC-minus-CRC:comparison:tuned:q6-i4-qrc:comparison:tuned:q6-i4-crc,held,QRC-minus-CRC,comparison:tuned:q6-i4-qrc,comparison:tuned:q6-i4-crc,44,2,0.030303030303030387,0.034763849884903664,0.03590920548292775,0.030303030303030387
dvs,development,QRC-minus-CRC:comparison:tuned:q6-i4-qrc:comparison:tuned:q6-i4-crc,held,QRC-minus-CRC,comparison:tuned:q6-i4-qrc,comparison:tuned:q6-i4-crc,44,3,-0.006993006993006978,-0.0042400733455654205,-0.0063750569098163234,-0.006993006993006978
dvs,development,QRC-minus-CRC:comparison:tuned:q6-i4-qrc:comparison:tuned:q6-i4-crc,held,QRC-minus-CRC,comparison:tuned:q6-i4-qrc,comparison:tuned:q6-i4-crc,46,0,-0.05303030303030298,-0.05098033057024598,-0.05491364819661193,-0.05303030303030298
dvs,development,QRC-minus-CRC:comparison:tuned:q6-i4-qrc:comparison:tuned:q6-i4-crc,held,QRC-minus-CRC,comparison:tuned:q6-i4-qrc,comparison:tuned:q6-i4-crc,46,1,-0.04958677685950408,-0.05417188106430049,-0.06358184536309286,-0.04958677685950408
dvs,development,QRC-minus-CRC:comparison:tuned:q6-i4-qrc:comparison:tuned:q6-i4-crc,held,QRC-minus-CRC,comparison:tuned:q6-i4-qrc,comparison:tuned:q6-i4-crc,46,2,0.05627705627705626,0.0541711516932335,0.04359447037203312,0.05627705627705626
dvs,development,QRC-minus-CRC:comparison:tuned:q6-i4-qrc:comparison:tuned:q6-i4-crc,held,QRC-minus-CRC,comparison:tuned:q6-i4-qrc,comparison:tuned:q6-i4-crc,46,3,-0.06293706293706303,-0.07703830790787314,-0.06119223913341565,-0.06293706293706303
dvs,official,QRC-minus-CRC:comparison:tuned:q6-i4-qrc:comparison:tuned:q6-i4-crc,held,QRC-minus-CRC,comparison:tuned:q6-i4-qrc,comparison:tuned:q6-i4-crc,42,official,-0.09090909090909094,-0.09209998062476288,-0.08082734048416285,-0.09090909090909072
dvs,official,QRC-minus-CRC:comparison:tuned:q6-i4-qrc:comparison:tuned:q6-i4-crc,held,QRC-minus-CRC,comparison:tuned:q6-i4-qrc,comparison:tuned:q6-i4-crc,44,official,-0.07954545454545459,-0.07860046516675623,-0.0759015838004582,-0.07954545454545459
dvs,official,QRC-minus-CRC:comparison:tuned:q6-i4-qrc:comparison:tuned:q6-i4-crc,held,QRC-minus-CRC,comparison:tuned:q6-i4-qrc,comparison:tuned:q6-i4-crc,46,official,0.0,0.00046174545094557207,-0.0065523213890177345,0.0
dvs,confirmation,tuned-minus-fixed:comparison:tuned:q6-i4-qrc:comparison:fixed:q6-i4-qrc,held,tuned-minus-fixed,comparison:tuned:q6-i4-qrc,comparison:fixed:q6-i4-qrc,42,confirmation,0.0,0.0,0.0,0.0
dvs,confirmation,tuned-minus-fixed:comparison:tuned:q6-i4-qrc:comparison:fixed:q6-i4-qrc,held,tuned-minus-fixed,comparison:tuned:q6-i4-qrc,comparison:fixed:q6-i4-qrc,44,confirmation,0.0,0.0,0.0,0.0
dvs,confirmation,tuned-minus-fixed:comparison:tuned:q6-i4-qrc:comparison:fixed:q6-i4-qrc,held,tuned-minus-fixed,comparison:tuned:q6-i4-qrc,comparison:fixed:q6-i4-qrc,46,confirmation,0.0,0.0,0.0,0.0
dvs,development,tuned-minus-fixed:comparison:tuned:q6-i4-qrc:comparison:fixed:q6-i4-qrc,held,tuned-minus-fixed,comparison:tuned:q6-i4-qrc,comparison:fixed:q6-i4-qrc,42,0,0.0,0.0,0.0,0.0
dvs,development,tuned-minus-fixed:comparison:tuned:q6-i4-qrc:comparison:fixed:q6-i4-qrc,held,tuned-minus-fixed,comparison:tuned:q6-i4-qrc,comparison:fixed:q6-i4-qrc,42,1,0.0,0.0,0.0,0.0
dvs,development,tuned-minus-fixed:comparison:tuned:q6-i4-qrc:comparison:fixed:q6-i4-qrc,held,tuned-minus-fixed,comparison:tuned:q6-i4-qrc,comparison:fixed:q6-i4-qrc,42,2,0.0,0.0,0.0,0.0
dvs,development,tuned-minus-fixed:comparison:tuned:q6-i4-qrc:comparison:fixed:q6-i4-qrc,held,tuned-minus-fixed,comparison:tuned:q6-i4-qrc,comparison:fixed:q6-i4-qrc,42,3,0.0,0.0,0.0,0.0
dvs,development,tuned-minus-fixed:comparison:tuned:q6-i4-qrc:comparison:fixed:q6-i4-qrc,held,tuned-minus-fixed,comparison:tuned:q6-i4-qrc,comparison:fixed:q6-i4-qrc,44,0,0.0,0.0,0.0,0.0
dvs,development,tuned-minus-fixed:comparison:tuned:q6-i4-qrc:comparison:fixed:q6-i4-qrc,held,tuned-minus-fixed,comparison:tuned:q6-i4-qrc,comparison:fixed:q6-i4-qrc,44,1,0.0,0.0,0.0,0.0
dvs,development,tuned-minus-fixed:comparison:tuned:q6-i4-qrc:comparison:fixed:q6-i4-qrc,held,tuned-minus-fixed,comparison:tuned:q6-i4-qrc,comparison:fixed:q6-i4-qrc,44,2,0.0,0.0,0.0,0.0
dvs,development,tuned-minus-fixed:comparison:tuned:q6-i4-qrc:comparison:fixed:q6-i4-qrc,held,tuned-minus-fixed,comparison:tuned:q6-i4-qrc,comparison:fixed:q6-i4-qrc,44,3,0.0,0.0,0.0,0.0
dvs,development,tuned-minus-fixed:comparison:tuned:q6-i4-qrc:comparison:fixed:q6-i4-qrc,held,tuned-minus-fixed,comparison:tuned:q6-i4-qrc,comparison:fixed:q6-i4-qrc,46,0,0.0,0.0,0.0,0.0
dvs,development,tuned-minus-fixed:comparison:tuned:q6-i4-qrc:comparison:fixed:q6-i4-qrc,held,tuned-minus-fixed,comparison:tuned:q6-i4-qrc,comparison:fixed:q6-i4-qrc,46,1,0.0,0.0,0.0,0.0
dvs,development,tuned-minus-fixed:comparison:tuned:q6-i4-qrc:comparison:fixed:q6-i4-qrc,held,tuned-minus-fixed,comparison:tuned:q6-i4-qrc,comparison:fixed:q6-i4-qrc,46,2,0.0,0.0,0.0,0.0
dvs,development,tuned-minus-fixed:comparison:tuned:q6-i4-qrc:comparison:fixed:q6-i4-qrc,held,tuned-minus-fixed,comparison:tuned:q6-i4-qrc,comparison:fixed:q6-i4-qrc,46,3,0.0,0.0,0.0,0.0
dvs,official,tuned-minus-fixed:comparison:tuned:q6-i4-qrc:comparison:fixed:q6-i4-qrc,held,tuned-minus-fixed,comparison:tuned:q6-i4-qrc,comparison:fixed:q6-i4-qrc,42,official,0.0,0.0,0.0,0.0
dvs,official,tuned-minus-fixed:comparison:tuned:q6-i4-qrc:comparison:fixed:q6-i4-qrc,held,tuned-minus-fixed,comparison:tuned:q6-i4-qrc,comparison:fixed:q6-i4-qrc,44,official,0.0,0.0,0.0,0.0
dvs,official,tuned-minus-fixed:comparison:tuned:q6-i4-qrc:comparison:fixed:q6-i4-qrc,held,tuned-minus-fixed,comparison:tuned:q6-i4-qrc,comparison:fixed:q6-i4-qrc,46,official,0.0,0.0,0.0,0.0
dvs,confirmation,natural-minus-fixed12:comparison:fixed:q6-i4-qrc:comparison:fixed12:q6-i4-qrc,held,natural-minus-fixed12,comparison:fixed:q6-i4-qrc,comparison:fixed12:q6-i4-qrc,42,confirmation,0.025380710659898442,0.027971276578087734,0.027023681252502096,0.025549613784907832
dvs,confirmation,natural-minus-fixed12:comparison:fixed:q6-i4-qrc:comparison:fixed12:q6-i4-qrc,held,natural-minus-fixed12,comparison:fixed:q6-i4-qrc,comparison:fixed12:q6-i4-qrc,44,confirmation,0.07614213197969544,0.07853579600809912,0.05333549272076421,0.07605466428995844
dvs,confirmation,natural-minus-fixed12:comparison:fixed:q6-i4-qrc:comparison:fixed12:q6-i4-qrc,held,natural-minus-fixed12,comparison:fixed:q6-i4-qrc,comparison:fixed12:q6-i4-qrc,46,confirmation,0.015228426395939132,0.01750297852982674,0.02018924820412238,0.0148544266191325
dvs,development,natural-minus-fixed12:comparison:fixed:q6-i4-qrc:comparison:fixed12:q6-i4-qrc,held,natural-minus-fixed12,comparison:fixed:q6-i4-qrc,comparison:fixed12:q6-i4-qrc,42,0,0.018939393939393923,0.020950122369222446,0.01786733690767539,0.01893939393939381
dvs,development,natural-minus-fixed12:comparison:fixed:q6-i4-qrc:comparison:fixed12:q6-i4-qrc,held,natural-minus-fixed12,comparison:fixed:q6-i4-qrc,comparison:fixed12:q6-i4-qrc,42,1,0.008264462809917328,0.0012024286998782996,-0.0047274503769421106,0.008264462809917439
dvs,development,natural-minus-fixed12:comparison:fixed:q6-i4-qrc:comparison:fixed12:q6-i4-qrc,held,natural-minus-fixed12,comparison:fixed:q6-i4-qrc,comparison:fixed12:q6-i4-qrc,42,2,0.04329004329004338,0.0388597216527784,0.033868511624924436,0.043290043290043156
dvs,development,natural-minus-fixed12:comparison:fixed:q6-i4-qrc:comparison:fixed12:q6-i4-qrc,held,natural-minus-fixed12,comparison:fixed:q6-i4-qrc,comparison:fixed12:q6-i4-qrc,42,3,0.0699300699300699,0.07283576067587272,0.05421071798077148,0.06993006993007
dvs,development,natural-minus-fixed12:comparison:fixed:q6-i4-qrc:comparison:fixed12:q6-i4-qrc,held,natural-minus-fixed12,comparison:fixed:q6-i4-qrc,comparison:fixed12:q6-i4-qrc,44,0,0.007575757575757569,0.008175097441949553,0.0199582846665195,0.007575757575757458
dvs,development,natural-minus-fixed12:comparison:fixed:q6-i4-qrc:comparison:fixed12:q6-i4-qrc,held,natural-minus-fixed12,comparison:fixed:q6-i4-qrc,comparison:fixed12:q6-i4-qrc,44,1,0.02066115702479343,0.014080777972393266,0.015889248467703343,0.02066115702479332
dvs,development,natural-minus-fixed12:comparison:fixed:q6-i4-qrc:comparison:fixed12:q6-i4-qrc,held,natural-minus-fixed12,comparison:fixed:q6-i4-qrc,comparison:fixed12:q6-i4-qrc,44,2,0.06926406926406936,0.06933223302711167,0.054576731024098546,0.06926406926406936
dvs,development,natural-minus-fixed12:comparison:fixed:q6-i4-qrc:comparison:fixed12:q6-i4-qrc,held,natural-minus-fixed12,comparison:fixed:q6-i4-qrc,comparison:fixed12:q6-i4-qrc,44,3,0.04195804195804187,0.04530082777082356,0.05361242293060464,0.04195804195804176
dvs,development,natural-minus-fixed12:comparison:fixed:q6-i4-qrc:comparison:fixed12:q6-i4-qrc,held,natural-minus-fixed12,comparison:fixed:q6-i4-qrc,comparison:fixed12:q6-i4-qrc,46,0,0.03409090909090906,0.03680376576627675,0.03292699672927335,0.03409090909090917
dvs,development,natural-minus-fixed12:comparison:fixed:q6-i4-qrc:comparison:fixed12:q6-i4-qrc,held,natural-minus-fixed12,comparison:fixed:q6-i4-qrc,comparison:fixed12:q6-i4-qrc,46,1,0.07438016528925617,0.0759791229023764,0.06915528080668665,0.07438016528925628
dvs,development,natural-minus-fixed12:comparison:fixed:q6-i4-qrc:comparison:fixed12:q6-i4-qrc,held,natural-minus-fixed12,comparison:fixed:q6-i4-qrc,comparison:fixed12:q6-i4-qrc,46,2,0.05627705627705626,0.05940604880720257,0.05775360428618015,0.05627705627705604
dvs,development,natural-minus-fixed12:comparison:fixed:q6-i4-qrc:comparison:fixed12:q6-i4-qrc,held,natural-minus-fixed12,comparison:fixed:q6-i4-qrc,comparison:fixed12:q6-i4-qrc,46,3,0.020979020979020935,0.03276344345309856,-0.0016840100044435147,0.020979020979021046
dvs,official,natural-minus-fixed12:comparison:fixed:q6-i4-qrc:comparison:fixed12:q6-i4-qrc,held,natural-minus-fixed12,comparison:fixed:q6-i4-qrc,comparison:fixed12:q6-i4-qrc,42,official,0.018939393939393923,0.01997553045551803,0.017379543788139773,0.018939393939394145
dvs,official,natural-minus-fixed12:comparison:fixed:q6-i4-qrc:comparison:fixed12:q6-i4-qrc,held,natural-minus-fixed12,comparison:fixed:q6-i4-qrc,comparison:fixed12:q6-i4-qrc,44,official,0.0492424242424242,0.05457165175731926,0.057393162493064365,0.0492424242424242
dvs,official,natural-minus-fixed12:comparison:fixed:q6-i4-qrc:comparison:fixed12:q6-i4-qrc,held,natural-minus-fixed12,comparison:fixed:q6-i4-qrc,comparison:fixed12:q6-i4-qrc,46,official,0.03409090909090906,0.039527890613027084,0.0200191177794683,0.03409090909090906
dvs,confirmation,reservoir-minus-projection:comparison:fixed:q6-i4-qrc:comparison:projection:i4,held,reservoir-minus-projection,comparison:fixed:q6-i4-qrc,comparison:projection:i4,42,confirmation,0.17766497461928932,0.1976667193728009,0.15760685361910298,0.1776589423648247
dvs,confirmation,reservoir-minus-projection:comparison:fixed:q6-i4-qrc:comparison:projection:i4,held,reservoir-minus-projection,comparison:fixed:q6-i4-qrc,comparison:projection:i4,44,confirmation,0.19289340101522845,0.2096186750478557,0.16345344840768183,0.1931075460487225
dvs,confirmation,reservoir-minus-projection:comparison:fixed:q6-i4-qrc:comparison:projection:i4,held,reservoir-minus-projection,comparison:fixed:q6-i4-qrc,comparison:projection:i4,46,confirmation,0.14720812182741116,0.17067748587137788,0.14070857187562003,0.14765300059417708
dvs,development,reservoir-minus-projection:comparison:fixed:q6-i4-qrc:comparison:projection:i4,held,reservoir-minus-projection,comparison:fixed:q6-i4-qrc,comparison:projection:i4,42,0,0.15909090909090906,0.18280471449892954,0.16046924117187655,0.15909090909090906
dvs,development,reservoir-minus-projection:comparison:fixed:q6-i4-qrc:comparison:projection:i4,held,reservoir-minus-projection,comparison:fixed:q6-i4-qrc,comparison:projection:i4,42,1,0.12396694214876036,0.13473426627954144,0.12654644854909358,0.12396694214876036
dvs,development,reservoir-minus-projection:comparison:fixed:q6-i4-qrc:comparison:projection:i4,held,reservoir-minus-projection,comparison:fixed:q6-i4-qrc,comparison:projection:i4,42,2,0.1601731601731602,0.15674923299326482,0.14020752012463733,0.1601731601731602
dvs,development,reservoir-minus-projection:comparison:fixed:q6-i4-qrc:comparison:projection:i4,held,reservoir-minus-projection,comparison:fixed:q6-i4-qrc,comparison:projection:i4,42,3,0.2027972027972027,0.21761085561999205,0.1985757737587177,0.2027972027972028
dvs,development,reservoir-minus-projection:comparison:fixed:q6-i4-qrc:comparison:projection:i4,held,reservoir-minus-projection,comparison:fixed:q6-i4-qrc,comparison:projection:i4,44,0,0.15530303030303028,0.17871697120185503,0.16785441922201627,0.15530303030303028
dvs,development,reservoir-minus-projection:comparison:fixed:q6-i4-qrc:comparison:projection:i4,held,reservoir-minus-projection,comparison:fixed:q6-i4-qrc,comparison:projection:i4,44,1,0.14049586776859513,0.15408125300971798,0.15333555628331508,0.1404958677685949
dvs,development,reservoir-minus-projection:comparison:fixed:q6-i4-qrc:comparison:projection:i4,held,reservoir-minus-projection,comparison:fixed:q6-i4-qrc,comparison:projection:i4,44,2,0.18614718614718617,0.18779507820077357,0.16990568879759282,0.18614718614718617
dvs,development,reservoir-minus-projection:comparison:fixed:q6-i4-qrc:comparison:projection:i4,held,reservoir-minus-projection,comparison:fixed:q6-i4-qrc,comparison:projection:i4,44,3,0.14685314685314677,0.15915797211581728,0.15849047284453976,0.14685314685314665
dvs,development,reservoir-minus-projection:comparison:fixed:q6-i4-qrc:comparison:projection:i4,held,reservoir-minus-projection,comparison:fixed:q6-i4-qrc,comparison:projection:i4,46,0,0.15909090909090906,0.17852285949266788,0.1579933513140528,0.15909090909090917
dvs,development,reservoir-minus-projection:comparison:fixed:q6-i4-qrc:comparison:projection:i4,held,reservoir-minus-projection,comparison:fixed:q6-i4-qrc,comparison:projection:i4,46,1,0.1446280991735538,0.16007404418001225,0.14364258362706328,0.14462809917355368
dvs,development,reservoir-minus-projection:comparison:fixed:q6-i4-qrc:comparison:projection:i4,held,reservoir-minus-projection,comparison:fixed:q6-i4-qrc,comparison:projection:i4,46,2,0.19047619047619047,0.18879046022063317,0.17459956005090027,0.19047619047619047
dvs,development,reservoir-minus-projection:comparison:fixed:q6-i4-qrc:comparison:projection:i4,held,reservoir-minus-projection,comparison:fixed:q6-i4-qrc,comparison:projection:i4,46,3,0.15384615384615374,0.15645901007534302,0.14701581411052267,0.15384615384615385
dvs,official,reservoir-minus-projection:comparison:fixed:q6-i4-qrc:comparison:projection:i4,held,reservoir-minus-projection,comparison:fixed:q6-i4-qrc,comparison:projection:i4,42,official,0.17803030303030298,0.19046038854513125,0.16358844482685397,0.1780303030303031
dvs,official,reservoir-minus-projection:comparison:fixed:q6-i4-qrc:comparison:projection:i4,held,reservoir-minus-projection,comparison:fixed:q6-i4-qrc,comparison:projection:i4,44,official,0.19318181818181812,0.20826389997913775,0.17538946484846463,0.193181818181818
dvs,official,reservoir-minus-projection:comparison:fixed:q6-i4-qrc:comparison:projection:i4,held,reservoir-minus-projection,comparison:fixed:q6-i4-qrc,comparison:projection:i4,46,official,0.2196969696969696,0.2345030019299329,0.19948553354719611,0.2196969696969696
dvs,confirmation,tuned-minus-fixed:comparison:tuned:q6-i4-crc:comparison:fixed:q6-i4-crc,held,tuned-minus-fixed,comparison:tuned:q6-i4-crc,comparison:fixed:q6-i4-crc,42,confirmation,0.0050761421319796,0.004112960282824263,0.025784950799941253,0.005050505050504972
dvs,confirmation,tuned-minus-fixed:comparison:tuned:q6-i4-crc:comparison:fixed:q6-i4-crc,held,tuned-minus-fixed,comparison:tuned:q6-i4-crc,comparison:fixed:q6-i4-crc,44,confirmation,0.035532994923857864,0.03546340085635258,0.021424141160983123,0.03535353535353547
dvs,confirmation,tuned-minus-fixed:comparison:tuned:q6-i4-crc:comparison:fixed:q6-i4-crc,held,tuned-minus-fixed,comparison:tuned:q6-i4-crc,comparison:fixed:q6-i4-crc,46,confirmation,0.005076142131979711,0.0016659292860894404,0.007219052241935531,0.004456327985739805
dvs,development,tuned-minus-fixed:comparison:tuned:q6-i4-crc:comparison:fixed:q6-i4-crc,held,tuned-minus-fixed,comparison:tuned:q6-i4-crc,comparison:fixed:q6-i4-crc,42,0,0.06818181818181823,0.08015466651762038,0.0487886516931908,0.06818181818181834
dvs,development,tuned-minus-fixed:comparison:tuned:q6-i4-crc:comparison:fixed:q6-i4-crc,held,tuned-minus-fixed,comparison:tuned:q6-i4-crc,comparison:fixed:q6-i4-crc,42,1,0.05371900826446274,0.05365730487381193,0.03341827594577429,0.05371900826446285
dvs,development,tuned-minus-fixed:comparison:tuned:q6-i4-crc:comparison:fixed:q6-i4-crc,held,tuned-minus-fixed,comparison:tuned:q6-i4-crc,comparison:fixed:q6-i4-crc,42,2,0.04761904761904756,0.046017559235701055,0.042205223389992,0.04761904761904745
dvs,development,tuned-minus-fixed:comparison:tuned:q6-i4-crc:comparison:fixed:q6-i4-crc,held,tuned-minus-fixed,comparison:tuned:q6-i4-crc,comparison:fixed:q6-i4-crc,42,3,-0.03496503496503489,-0.036470984941534446,-0.027496604702486938,-0.03496503496503489
dvs,development,tuned-minus-fixed:comparison:tuned:q6-i4-crc:comparison:fixed:q6-i4-crc,held,tuned-minus-fixed,comparison:tuned:q6-i4-crc,comparison:fixed:q6-i4-crc,44,0,0.037878787878787845,0.053897834078025175,0.005085152928787973,0.037878787878787845
dvs,development,tuned-minus-fixed:comparison:tuned:q6-i4-crc:comparison:fixed:q6-i4-crc,held,tuned-minus-fixed,comparison:tuned:q6-i4-crc,comparison:fixed:q6-i4-crc,44,1,0.08677685950413216,0.0843274826353978,0.08014563063295166,0.08677685950413228
dvs,development,tuned-minus-fixed:comparison:tuned:q6-i4-crc:comparison:fixed:q6-i4-crc,held,tuned-minus-fixed,comparison:tuned:q6-i4-crc,comparison:fixed:q6-i4-crc,44,2,0.051948051948051965,0.04905388257425769,0.0407303465744282,0.05194805194805174
dvs,development,tuned-minus-fixed:comparison:tuned:q6-i4-crc:comparison:fixed:q6-i4-crc,held,tuned-minus-fixed,comparison:tuned:q6-i4-crc,comparison:fixed:q6-i4-crc,44,3,-0.020979020979021046,-0.024021707767961642,-0.0346147687725229,-0.020979020979021157
dvs,development,tuned-minus-fixed:comparison:tuned:q6-i4-crc:comparison:fixed:q6-i4-crc,held,tuned-minus-fixed,comparison:tuned:q6-i4-crc,comparison:fixed:q6-i4-crc,46,0,-0.0037878787878787845,0.011767311440140316,-0.0125970016226582,-0.0037878787878788955
dvs,development,tuned-minus-fixed:comparison:tuned:q6-i4-crc:comparison:fixed:q6-i4-crc,held,tuned-minus-fixed,comparison:tuned:q6-i4-crc,comparison:fixed:q6-i4-crc,46,1,0.05371900826446274,0.05634433265680083,0.0551199480118465,0.05371900826446285
dvs,development,tuned-minus-fixed:comparison:tuned:q6-i4-crc:comparison:fixed:q6-i4-crc,held,tuned-minus-fixed,comparison:tuned:q6-i4-crc,comparison:fixed:q6-i4-crc,46,2,-0.03463203463203457,-0.03372581502561145,-0.012628217586643231,-0.03463203463203468
dvs,development,tuned-minus-fixed:comparison:tuned:q6-i4-crc:comparison:fixed:q6-i4-crc,held,tuned-minus-fixed,comparison:tuned:q6-i4-crc,comparison:fixed:q6-i4-crc,46,3,-0.013986013986013957,-0.011918847436088842,-0.0164252414252416,-0.013986013986013957
dvs,official,tuned-minus-fixed:comparison:tuned:q6-i4-crc:comparison:fixed:q6-i4-crc,held,tuned-minus-fixed,comparison:tuned:q6-i4-crc,comparison:fixed:q6-i4-crc,42,official,0.015151515151515138,0.015733294369875472,0.001193003523943359,0.015151515151514916
dvs,official,tuned-minus-fixed:comparison:tuned:q6-i4-crc:comparison:fixed:q6-i4-crc,held,tuned-minus-fixed,comparison:tuned:q6-i4-crc,comparison:fixed:q6-i4-crc,44,official,0.125,0.13822956051183655,0.11891850839633022,0.125
dvs,official,tuned-minus-fixed:comparison:tuned:q6-i4-crc:comparison:fixed:q6-i4-crc,held,tuned-minus-fixed,comparison:tuned:q6-i4-crc,comparison:fixed:q6-i4-crc,46,official,0.007575757575757569,0.009058244137520877,0.012798554618124514,0.007575757575757569
dvs,confirmation,natural-minus-fixed12:comparison:fixed:q6-i4-crc:comparison:fixed12:q6-i4-crc,held,natural-minus-fixed12,comparison:fixed:q6-i4-crc,comparison:fixed12:q6-i4-crc,42,confirmation,0.015228426395939132,0.01799120666275189,0.015753396955901944,0.015151515151515138
dvs,confirmation,natural-minus-fixed12:comparison:fixed:q6-i4-crc:comparison:fixed12:q6-i4-crc,held,natural-minus-fixed12,comparison:fixed:q6-i4-crc,comparison:fixed12:q6-i4-crc,44,confirmation,-0.030456852791878153,-0.03029625898335986,-0.027710315634176697,-0.029708853238265
dvs,confirmation,natural-minus-fixed12:comparison:fixed:q6-i4-crc:comparison:fixed12:q6-i4-crc,held,natural-minus-fixed12,comparison:fixed:q6-i4-crc,comparison:fixed12:q6-i4-crc,46,confirmation,0.02030456852791873,0.028339540985663825,-0.001691248734037365,0.02020202020202011
dvs,development,natural-minus-fixed12:comparison:fixed:q6-i4-crc:comparison:fixed12:q6-i4-crc,held,natural-minus-fixed12,comparison:fixed:q6-i4-crc,comparison:fixed12:q6-i4-crc,42,0,0.037878787878787845,0.03484717798742076,0.03078912053255578,0.03787878787878762
dvs,development,natural-minus-fixed12:comparison:fixed:q6-i4-crc:comparison:fixed12:q6-i4-crc,held,natural-minus-fixed12,comparison:fixed:q6-i4-crc,comparison:fixed12:q6-i4-crc,42,1,0.04132231404958686,0.04538555143451961,0.055020271985856906,0.04132231404958675
dvs,development,natural-minus-fixed12:comparison:fixed:q6-i4-crc:comparison:fixed12:q6-i4-crc,held,natural-minus-fixed12,comparison:fixed:q6-i4-crc,comparison:fixed12:q6-i4-crc,42,2,0.0043290043290042934,0.00496078317238724,0.013310139617975003,0.0043290043290042934
dvs,development,natural-minus-fixed12:comparison:fixed:q6-i4-crc:comparison:fixed12:q6-i4-crc,held,natural-minus-fixed12,comparison:fixed:q6-i4-crc,comparison:fixed12:q6-i4-crc,42,3,-0.013986013986014068,-0.01733324469865305,-0.01355668989358838,-0.013986013986014068
dvs,development,natural-minus-fixed12:comparison:fixed:q6-i4-crc:comparison:fixed12:q6-i4-crc,held,natural-minus-fixed12,comparison:fixed:q6-i4-crc,comparison:fixed12:q6-i4-crc,44,0,0.03409090909090906,0.02344748194934365,0.04804507796278945,0.03409090909090906
dvs,development,natural-minus-fixed12:comparison:fixed:q6-i4-crc:comparison:fixed12:q6-i4-crc,held,natural-minus-fixed12,comparison:fixed:q6-i4-crc,comparison:fixed12:q6-i4-crc,44,1,-0.024793388429751984,-0.027024039642266073,-0.037427657013218485,-0.024793388429752206
dvs,development,natural-minus-fixed12:comparison:fixed:q6-i4-crc:comparison:fixed12:q6-i4-crc,held,natural-minus-fixed12,comparison:fixed:q6-i4-crc,comparison:fixed12:q6-i4-crc,44,2,-0.030303030303030387,-0.0309560203148741,-0.02322167315840773,-0.030303030303030165
dvs,development,natural-minus-fixed12:comparison:fixed:q6-i4-crc:comparison:fixed12:q6-i4-crc,held,natural-minus-fixed12,comparison:fixed:q6-i4-crc,comparison:fixed12:q6-i4-crc,44,3,0.013986013986013957,0.014856982867816226,0.041490335273757784,0.013986013986013957
dvs,development,natural-minus-fixed12:comparison:fixed:q6-i4-crc:comparison:fixed12:q6-i4-crc,held,natural-minus-fixed12,comparison:fixed:q6-i4-crc,comparison:fixed12:q6-i4-crc,46,0,0.02651515151515149,0.028576224719906285,0.047761665130192865,0.026515151515151603
dvs,development,natural-minus-fixed12:comparison:fixed:q6-i4-crc:comparison:fixed12:q6-i4-crc,held,natural-minus-fixed12,comparison:fixed:q6-i4-crc,comparison:fixed12:q6-i4-crc,46,1,-0.012396694214875992,-0.014472157677042796,-0.0252146798133972,-0.012396694214876103
dvs,development,natural-minus-fixed12:comparison:fixed:q6-i4-crc:comparison:fixed12:q6-i4-crc,held,natural-minus-fixed12,comparison:fixed:q6-i4-crc,comparison:fixed12:q6-i4-crc,46,2,-0.017316017316017396,-0.012615798209932305,-0.01585811520432867,-0.017316017316017285
dvs,development,natural-minus-fixed12:comparison:fixed:q6-i4-crc:comparison:fixed12:q6-i4-crc,held,natural-minus-fixed12,comparison:fixed:q6-i4-crc,comparison:fixed12:q6-i4-crc,46,3,0.04195804195804198,0.04032524257956993,0.037936328377504935,0.04195804195804198
dvs,official,natural-minus-fixed12:comparison:fixed:q6-i4-crc:comparison:fixed12:q6-i4-crc,held,natural-minus-fixed12,comparison:fixed:q6-i4-crc,comparison:fixed12:q6-i4-crc,42,official,0.030303030303030387,0.03442281225660648,0.04137967524232655,0.030303030303030387
dvs,official,natural-minus-fixed12:comparison:fixed:q6-i4-crc:comparison:fixed12:q6-i4-crc,held,natural-minus-fixed12,comparison:fixed:q6-i4-crc,comparison:fixed12:q6-i4-crc,44,official,-0.05681818181818177,-0.06584561207935835,-0.059817616026270004,-0.05681818181818199
dvs,official,natural-minus-fixed12:comparison:fixed:q6-i4-crc:comparison:fixed12:q6-i4-crc,held,natural-minus-fixed12,comparison:fixed:q6-i4-crc,comparison:fixed12:q6-i4-crc,46,official,0.0,0.006854191180600044,-0.011618509240217678,0.0
dvs,confirmation,reservoir-minus-projection:comparison:fixed:q6-i4-crc:comparison:projection:i4,held,reservoir-minus-projection,comparison:fixed:q6-i4-crc,comparison:projection:i4,42,confirmation,0.19289340101522845,0.21040464307329154,0.1640693786996973,0.19221628045157457
dvs,confirmation,reservoir-minus-projection:comparison:fixed:q6-i4-crc:comparison:projection:i4,held,reservoir-minus-projection,comparison:fixed:q6-i4-crc,comparison:projection:i4,44,confirmation,0.11675126903553301,0.13133814510727193,0.1023401894163285,0.11645870469399877
dvs,confirmation,reservoir-minus-projection:comparison:fixed:q6-i4-crc:comparison:projection:i4,held,reservoir-minus-projection,comparison:fixed:q6-i4-crc,comparison:projection:i4,46,confirmation,0.19796954314720805,0.21444149022047831,0.16707207742676855,0.19726678550207954
dvs,development,reservoir-minus-projection:comparison:fixed:q6-i4-crc:comparison:projection:i4,held,reservoir-minus-projection,comparison:fixed:q6-i4-crc,comparison:projection:i4,42,0,0.18181818181818177,0.1861786880244226,0.1926892645856395,0.18181818181818177
dvs,development,reservoir-minus-projection:comparison:fixed:q6-i4-crc:comparison:projection:i4,held,reservoir-minus-projection,comparison:fixed:q6-i4-crc,comparison:projection:i4,42,1,0.14049586776859513,0.16333767356245732,0.17675669600365218,0.1404958677685949
dvs,development,reservoir-minus-projection:comparison:fixed:q6-i4-crc:comparison:projection:i4,held,reservoir-minus-projection,comparison:fixed:q6-i4-crc,comparison:projection:i4,42,2,0.17748917748917747,0.17743926594274106,0.1589093932409441,0.17748917748917759
dvs,development,reservoir-minus-projection:comparison:fixed:q6-i4-crc:comparison:projection:i4,held,reservoir-minus-projection,comparison:fixed:q6-i4-crc,comparison:projection:i4,42,3,0.2027972027972027,0.21530522910147198,0.19970552635905847,0.2027972027972028
dvs,development,reservoir-minus-projection:comparison:fixed:q6-i4-crc:comparison:projection:i4,held,reservoir-minus-projection,comparison:fixed:q6-i4-crc,comparison:projection:i4,44,0,0.13636363636363635,0.1353482075561644,0.15869348340473943,0.13636363636363646
dvs,development,reservoir-minus-projection:comparison:fixed:q6-i4-crc:comparison:projection:i4,held,reservoir-minus-projection,comparison:fixed:q6-i4-crc,comparison:projection:i4,44,1,0.1074380165289257,0.13065946208282941,0.12637159139006737,0.10743801652892548
dvs,development,reservoir-minus-projection:comparison:fixed:q6-i4-crc:comparison:projection:i4,held,reservoir-minus-projection,comparison:fixed:q6-i4-crc,comparison:projection:i4,44,2,0.10389610389610382,0.10397734574161221,0.09326613674023687,0.10389610389610404
dvs,development,reservoir-minus-projection:comparison:fixed:q6-i4-crc:comparison:projection:i4,held,reservoir-minus-projection,comparison:fixed:q6-i4-crc,comparison:projection:i4,44,3,0.1748251748251748,0.18741975322934434,0.19948029852687899,0.1748251748251748
dvs,development,reservoir-minus-projection:comparison:fixed:q6-i4-crc:comparison:projection:i4,held,reservoir-minus-projection,comparison:fixed:q6-i4-crc,comparison:projection:i4,46,0,0.21590909090909083,0.21773587862277355,0.22550400113332292,0.21590909090909105
dvs,development,reservoir-minus-projection:comparison:fixed:q6-i4-crc:comparison:projection:i4,held,reservoir-minus-projection,comparison:fixed:q6-i4-crc,comparison:projection:i4,46,1,0.14049586776859513,0.1579015925875119,0.15210448097830964,0.1404958677685949
dvs,development,reservoir-minus-projection:comparison:fixed:q6-i4-crc:comparison:projection:i4,held,reservoir-minus-projection,comparison:fixed:q6-i4-crc,comparison:projection:i4,46,2,0.16883116883116878,0.16834512355301112,0.14363330726551038,0.1688311688311689
dvs,development,reservoir-minus-projection:comparison:fixed:q6-i4-crc:comparison:projection:i4,held,reservoir-minus-projection,comparison:fixed:q6-i4-crc,comparison:projection:i4,46,3,0.23076923076923073,0.245416165419305,0.22463329466917992,0.23076923076923084
dvs,official,reservoir-minus-projection:comparison:fixed:q6-i4-crc:comparison:projection:i4,held,reservoir-minus-projection,comparison:fixed:q6-i4-crc,comparison:projection:i4,42,official,0.2537878787878788,0.26682707480001866,0.24322278178707346,0.2537878787878789
dvs,official,reservoir-minus-projection:comparison:fixed:q6-i4-crc:comparison:projection:i4,held,reservoir-minus-projection,comparison:fixed:q6-i4-crc,comparison:projection:i4,44,official,0.1477272727272727,0.14863480463405743,0.1323725402525926,0.1477272727272726
dvs,official,reservoir-minus-projection:comparison:fixed:q6-i4-crc:comparison:projection:i4,held,reservoir-minus-projection,comparison:fixed:q6-i4-crc,comparison:projection:i4,46,official,0.21212121212121204,0.22498301234146645,0.19323930031808934,0.21212121212121204
dvs,confirmation,QRC-minus-CRC:comparison:fixed:q8-i2-qrc:comparison:fixed:q8-i2-crc,held,QRC-minus-CRC,comparison:fixed:q8-i2-qrc,comparison:fixed:q8-i2-crc,42,confirmation,0.020304568527918843,0.018947105071572157,-0.016519983206586097,0.02049910873440297
dvs,confirmation,QRC-minus-CRC:comparison:fixed:q8-i2-qrc:comparison:fixed:q8-i2-crc,held,QRC-minus-CRC,comparison:fixed:q8-i2-qrc,comparison:fixed:q8-i2-crc,44,confirmation,0.005076142131979711,0.01094102009803255,-0.027130613494249944,0.005941770647652889
dvs,confirmation,QRC-minus-CRC:comparison:fixed:q8-i2-qrc:comparison:fixed:q8-i2-crc,held,QRC-minus-CRC,comparison:fixed:q8-i2-qrc,comparison:fixed:q8-i2-crc,46,confirmation,-0.06598984771573613,-0.06617391126340577,-0.10376918462484808,-0.06595365418894827
dvs,development,QRC-minus-CRC:comparison:fixed:q8-i2-qrc:comparison:fixed:q8-i2-crc,held,QRC-minus-CRC,comparison:fixed:q8-i2-qrc,comparison:fixed:q8-i2-crc,42,0,-0.026515151515151603,-0.02495732052647892,-0.00825176902980096,-0.026515151515151603
dvs,development,QRC-minus-CRC:comparison:fixed:q8-i2-qrc:comparison:fixed:q8-i2-crc,held,QRC-minus-CRC,comparison:fixed:q8-i2-qrc,comparison:fixed:q8-i2-crc,42,1,-0.07024793388429745,-0.06392045816230357,-0.06719444294098376,-0.07024793388429756
dvs,development,QRC-minus-CRC:comparison:fixed:q8-i2-qrc:comparison:fixed:q8-i2-crc,held,QRC-minus-CRC,comparison:fixed:q8-i2-qrc,comparison:fixed:q8-i2-crc,42,2,0.017316017316017285,0.01659282677712104,0.014545222374230615,0.017316017316017174
dvs,development,QRC-minus-CRC:comparison:fixed:q8-i2-qrc:comparison:fixed:q8-i2-crc,held,QRC-minus-CRC,comparison:fixed:q8-i2-qrc,comparison:fixed:q8-i2-crc,42,3,-0.1048951048951049,-0.10723282195271278,-0.10749783295167481,-0.10489510489510478
dvs,development,QRC-minus-CRC:comparison:fixed:q8-i2-qrc:comparison:fixed:q8-i2-crc,held,QRC-minus-CRC,comparison:fixed:q8-i2-qrc,comparison:fixed:q8-i2-crc,44,0,0.04924242424242431,0.0693819658617143,0.07548166059529693,0.0492424242424242
dvs,development,QRC-minus-CRC:comparison:fixed:q8-i2-qrc:comparison:fixed:q8-i2-crc,held,QRC-minus-CRC,comparison:fixed:q8-i2-qrc,comparison:fixed:q8-i2-crc,44,1,0.008264462809917439,0.00796275125041268,0.002794381334558227,0.008264462809917439
dvs,development,QRC-minus-CRC:comparison:fixed:q8-i2-qrc:comparison:fixed:q8-i2-crc,held,QRC-minus-CRC,comparison:fixed:q8-i2-qrc,comparison:fixed:q8-i2-crc,44,2,0.06060606060606066,0.06506291716142676,0.059432320590129706,0.06060606060606055
dvs,development,QRC-minus-CRC:comparison:fixed:q8-i2-qrc:comparison:fixed:q8-i2-crc,held,QRC-minus-CRC,comparison:fixed:q8-i2-qrc,comparison:fixed:q8-i2-crc,44,3,-0.04195804195804198,-0.037915566124594235,0.009033769261042046,-0.04195804195804187
dvs,development,QRC-minus-CRC:comparison:fixed:q8-i2-qrc:comparison:fixed:q8-i2-crc,held,QRC-minus-CRC,comparison:fixed:q8-i2-qrc,comparison:fixed:q8-i2-crc,46,0,-0.022727272727272707,-0.022198784926553583,-0.01455087990569126,-0.022727272727272707
dvs,development,QRC-minus-CRC:comparison:fixed:q8-i2-qrc:comparison:fixed:q8-i2-crc,held,QRC-minus-CRC,comparison:fixed:q8-i2-qrc,comparison:fixed:q8-i2-crc,46,1,-0.03719008264462803,-0.03456239721648252,-0.03285771095768131,-0.03719008264462814
dvs,development,QRC-minus-CRC:comparison:fixed:q8-i2-qrc:comparison:fixed:q8-i2-crc,held,QRC-minus-CRC,comparison:fixed:q8-i2-qrc,comparison:fixed:q8-i2-crc,46,2,-0.008658008658008642,0.00011454047741071838,-0.02787125983147898,-0.008658008658008698
dvs,development,QRC-minus-CRC:comparison:fixed:q8-i2-qrc:comparison:fixed:q8-i2-crc,held,QRC-minus-CRC,comparison:fixed:q8-i2-qrc,comparison:fixed:q8-i2-crc,46,3,-0.09790209790209786,-0.09559169245953414,-0.09215670029067169,-0.09790209790209786
dvs,official,QRC-minus-CRC:comparison:fixed:q8-i2-qrc:comparison:fixed:q8-i2-crc,held,QRC-minus-CRC,comparison:fixed:q8-i2-qrc,comparison:fixed:q8-i2-crc,42,official,0.0037878787878787845,0.009663186969390059,-0.01834015176702075,0.0037878787878787845
dvs,official,QRC-minus-CRC:comparison:fixed:q8-i2-qrc:comparison:fixed:q8-i2-crc,held,QRC-minus-CRC,comparison:fixed:q8-i2-qrc,comparison:fixed:q8-i2-crc,44,official,0.018939393939394034,0.04143280055147569,0.033424414901707444,0.018939393939394034
dvs,official,QRC-minus-CRC:comparison:fixed:q8-i2-qrc:comparison:fixed:q8-i2-crc,held,QRC-minus-CRC,comparison:fixed:q8-i2-qrc,comparison:fixed:q8-i2-crc,46,official,-0.0037878787878787845,0.006629799226091193,-0.01203797374779636,-0.0037878787878788955
dvs,confirmation,QRC-minus-CRC:comparison:fixed12:q8-i2-qrc:comparison:fixed12:q8-i2-crc,held,QRC-minus-CRC,comparison:fixed12:q8-i2-qrc,comparison:fixed12:q8-i2-crc,42,confirmation,-0.06598984771573602,-0.0678803034766925,-0.056764144945963046,-0.0662507427213308
dvs,confirmation,QRC-minus-CRC:comparison:fixed12:q8-i2-qrc:comparison:fixed12:q8-i2-crc,held,QRC-minus-CRC,comparison:fixed12:q8-i2-qrc,comparison:fixed12:q8-i2-crc,44,confirmation,0.08121827411167515,0.0957663212516297,0.06403586811131834,0.08140225787284616
dvs,confirmation,QRC-minus-CRC:comparison:fixed12:q8-i2-qrc:comparison:fixed12:q8-i2-crc,held,QRC-minus-CRC,comparison:fixed12:q8-i2-qrc,comparison:fixed12:q8-i2-crc,46,confirmation,-0.010152284263959421,-0.02221130690688289,-0.0023352776579271817,-0.010101010101010055
dvs,development,QRC-minus-CRC:comparison:fixed12:q8-i2-qrc:comparison:fixed12:q8-i2-crc,held,QRC-minus-CRC,comparison:fixed12:q8-i2-qrc,comparison:fixed12:q8-i2-crc,42,0,0.04924242424242431,0.06568311091748213,0.08579002884097164,0.04924242424242431
dvs,development,QRC-minus-CRC:comparison:fixed12:q8-i2-qrc:comparison:fixed12:q8-i2-crc,held,QRC-minus-CRC,comparison:fixed12:q8-i2-qrc,comparison:fixed12:q8-i2-crc,42,1,-0.04132231404958675,-0.03751917808925037,-0.006114925098333113,-0.041322314049586806
dvs,development,QRC-minus-CRC:comparison:fixed12:q8-i2-qrc:comparison:fixed12:q8-i2-crc,held,QRC-minus-CRC,comparison:fixed12:q8-i2-qrc,comparison:fixed12:q8-i2-crc,42,2,-0.038961038961038974,-0.03605572896617465,-0.011472404760947796,-0.03896103896103886
dvs,development,QRC-minus-CRC:comparison:fixed12:q8-i2-qrc:comparison:fixed12:q8-i2-crc,held,QRC-minus-CRC,comparison:fixed12:q8-i2-qrc,comparison:fixed12:q8-i2-crc,42,3,-0.08391608391608396,-0.08502373814765529,-0.09529934836717846,-0.08391608391608396
dvs,development,QRC-minus-CRC:comparison:fixed12:q8-i2-qrc:comparison:fixed12:q8-i2-crc,held,QRC-minus-CRC,comparison:fixed12:q8-i2-qrc,comparison:fixed12:q8-i2-crc,44,0,0.03409090909090906,0.05068926887259545,0.06077939752826911,0.034090909090909116
dvs,development,QRC-minus-CRC:comparison:fixed12:q8-i2-qrc:comparison:fixed12:q8-i2-crc,held,QRC-minus-CRC,comparison:fixed12:q8-i2-qrc,comparison:fixed12:q8-i2-crc,44,1,-0.024793388429752095,-0.031721477367445794,-0.03783724337915617,-0.024793388429752095
dvs,development,QRC-minus-CRC:comparison:fixed12:q8-i2-qrc:comparison:fixed12:q8-i2-crc,held,QRC-minus-CRC,comparison:fixed12:q8-i2-qrc,comparison:fixed12:q8-i2-crc,44,2,0.12121212121212127,0.12029874157601533,0.12507779750281495,0.12121212121212116
dvs,development,QRC-minus-CRC:comparison:fixed12:q8-i2-qrc:comparison:fixed12:q8-i2-crc,held,QRC-minus-CRC,comparison:fixed12:q8-i2-qrc,comparison:fixed12:q8-i2-crc,44,3,0.027972027972027913,0.020823400676381776,0.03669602226302626,0.027972027972028024
dvs,development,QRC-minus-CRC:comparison:fixed12:q8-i2-qrc:comparison:fixed12:q8-i2-crc,held,QRC-minus-CRC,comparison:fixed12:q8-i2-qrc,comparison:fixed12:q8-i2-crc,46,0,-0.037878787878787845,-0.03425434314399667,-0.0197419032880482,-0.0378787878787879
dvs,development,QRC-minus-CRC:comparison:fixed12:q8-i2-qrc:comparison:fixed12:q8-i2-crc,held,QRC-minus-CRC,comparison:fixed12:q8-i2-qrc,comparison:fixed12:q8-i2-crc,46,1,-0.049586776859504134,-0.049574768895056964,-0.03194021150601023,-0.04958677685950408
dvs,development,QRC-minus-CRC:comparison:fixed12:q8-i2-qrc:comparison:fixed12:q8-i2-crc,held,QRC-minus-CRC,comparison:fixed12:q8-i2-qrc,comparison:fixed12:q8-i2-crc,46,2,-0.047619047619047616,-0.059104448638118756,-0.07628001174410137,-0.047619047619047616
dvs,development,QRC-minus-CRC:comparison:fixed12:q8-i2-qrc:comparison:fixed12:q8-i2-crc,held,QRC-minus-CRC,comparison:fixed12:q8-i2-qrc,comparison:fixed12:q8-i2-crc,46,3,-0.21678321678321677,-0.2339648225672728,-0.20808118649027751,-0.21678321678321683
dvs,official,QRC-minus-CRC:comparison:fixed12:q8-i2-qrc:comparison:fixed12:q8-i2-crc,held,QRC-minus-CRC,comparison:fixed12:q8-i2-qrc,comparison:fixed12:q8-i2-crc,42,official,-0.04166666666666674,-0.028834345148964102,-0.015535031494300133,-0.04166666666666652
dvs,official,QRC-minus-CRC:comparison:fixed12:q8-i2-qrc:comparison:fixed12:q8-i2-crc,held,QRC-minus-CRC,comparison:fixed12:q8-i2-qrc,comparison:fixed12:q8-i2-crc,44,official,0.06818181818181823,0.07537691188398088,0.045162390160221166,0.06818181818181812
dvs,official,QRC-minus-CRC:comparison:fixed12:q8-i2-qrc:comparison:fixed12:q8-i2-crc,held,QRC-minus-CRC,comparison:fixed12:q8-i2-qrc,comparison:fixed12:q8-i2-crc,46,official,-0.15151515151515155,-0.14895877033244687,-0.16879590466427974,-0.15151515151515155
dvs,confirmation,QRC-minus-CRC:comparison:tuned:q8-i2-qrc:comparison:tuned:q8-i2-crc,held,QRC-minus-CRC,comparison:tuned:q8-i2-qrc,comparison:tuned:q8-i2-crc,42,confirmation,-0.02030456852791873,-0.02506008156420758,-0.017967298517537755,-0.02020202020202011
dvs,confirmation,QRC-minus-CRC:comparison:tuned:q8-i2-qrc:comparison:tuned:q8-i2-crc,held,QRC-minus-CRC,comparison:tuned:q8-i2-qrc,comparison:tuned:q8-i2-crc,44,confirmation,-0.005076142131979711,-0.00633680368901568,-0.005613702168206114,-0.004753416518122555
dvs,confirmation,QRC-minus-CRC:comparison:tuned:q8-i2-qrc:comparison:tuned:q8-i2-crc,held,QRC-minus-CRC,comparison:tuned:q8-i2-qrc,comparison:tuned:q8-i2-crc,46,confirmation,-0.07614213197969544,-0.07873329191444434,-0.08399534149327914,-0.07635175282234108
dvs,development,QRC-minus-CRC:comparison:tuned:q8-i2-qrc:comparison:tuned:q8-i2-crc,held,QRC-minus-CRC,comparison:tuned:q8-i2-qrc,comparison:tuned:q8-i2-crc,42,0,-0.0757575757575758,-0.08174047443543353,-0.06546964769398134,-0.0757575757575758
dvs,development,QRC-minus-CRC:comparison:tuned:q8-i2-qrc:comparison:tuned:q8-i2-crc,held,QRC-minus-CRC,comparison:tuned:q8-i2-qrc,comparison:tuned:q8-i2-crc,42,1,-0.0537190082644628,-0.0453658775546239,-0.04278926089029744,-0.0537190082644628
dvs,development,QRC-minus-CRC:comparison:tuned:q8-i2-qrc:comparison:tuned:q8-i2-crc,held,QRC-minus-CRC,comparison:tuned:q8-i2-qrc,comparison:tuned:q8-i2-crc,42,2,-0.04329004329004338,-0.055337726673420295,-0.07264557285061735,-0.04329004329004327
dvs,development,QRC-minus-CRC:comparison:tuned:q8-i2-qrc:comparison:tuned:q8-i2-crc,held,QRC-minus-CRC,comparison:tuned:q8-i2-qrc,comparison:tuned:q8-i2-crc,42,3,-0.020979020979020935,-0.024877323969057952,-0.03452140355813316,-0.020979020979020824
dvs,development,QRC-minus-CRC:comparison:tuned:q8-i2-qrc:comparison:tuned:q8-i2-crc,held,QRC-minus-CRC,comparison:tuned:q8-i2-qrc,comparison:tuned:q8-i2-crc,44,0,-0.0037878787878787845,-0.0017185382321354137,0.00018796669823062384,-0.0037878787878788955
dvs,development,QRC-minus-CRC:comparison:tuned:q8-i2-qrc:comparison:tuned:q8-i2-crc,held,QRC-minus-CRC,comparison:tuned:q8-i2-qrc,comparison:tuned:q8-i2-crc,44,1,-0.06198347107438018,-0.06277385629710219,-0.05164009814509929,-0.06198347107438018
dvs,development,QRC-minus-CRC:comparison:tuned:q8-i2-qrc:comparison:tuned:q8-i2-crc,held,QRC-minus-CRC,comparison:tuned:q8-i2-qrc,comparison:tuned:q8-i2-crc,44,2,0.008658008658008698,0.0057118692680864225,-0.002564819464024648,0.008658008658008698
dvs,development,QRC-minus-CRC:comparison:tuned:q8-i2-qrc:comparison:tuned:q8-i2-crc,held,QRC-minus-CRC,comparison:tuned:q8-i2-qrc,comparison:tuned:q8-i2-crc,44,3,-0.006993006993006978,-0.0050523839602562015,0.008594495548111092,-0.006993006993006867
dvs,development,QRC-minus-CRC:comparison:tuned:q8-i2-qrc:comparison:tuned:q8-i2-crc,held,QRC-minus-CRC,comparison:tuned:q8-i2-qrc,comparison:tuned:q8-i2-crc,46,0,-0.06060606060606066,-0.07028415255309561,-0.06823596214315308,-0.06060606060606055
dvs,development,QRC-minus-CRC:comparison:tuned:q8-i2-qrc:comparison:tuned:q8-i2-crc,held,QRC-minus-CRC,comparison:tuned:q8-i2-qrc,comparison:tuned:q8-i2-crc,46,1,-0.07024793388429745,-0.0570015358641755,-0.03297391976717445,-0.07024793388429745
dvs,development,QRC-minus-CRC:comparison:tuned:q8-i2-qrc:comparison:tuned:q8-i2-crc,held,QRC-minus-CRC,comparison:tuned:q8-i2-qrc,comparison:tuned:q8-i2-crc,46,2,-0.03463203463203457,-0.03088928485171971,-0.05110780163191475,-0.034632034632034625
dvs,development,QRC-minus-CRC:comparison:tuned:q8-i2-qrc:comparison:tuned:q8-i2-crc,held,QRC-minus-CRC,comparison:tuned:q8-i2-qrc,comparison:tuned:q8-i2-crc,46,3,-0.13986013986013984,-0.13486353428128928,-0.15468794230755956,-0.13986013986013984
dvs,official,QRC-minus-CRC:comparison:tuned:q8-i2-qrc:comparison:tuned:q8-i2-crc,held,QRC-minus-CRC,comparison:tuned:q8-i2-qrc,comparison:tuned:q8-i2-crc,42,official,-0.00757575757575768,0.004022071293302121,-0.002529842542581817,-0.007575757575757791
dvs,official,QRC-minus-CRC:comparison:tuned:q8-i2-qrc:comparison:tuned:q8-i2-crc,held,QRC-minus-CRC,comparison:tuned:q8-i2-qrc,comparison:tuned:q8-i2-crc,44,official,-0.015151515151515138,-0.0060619739359053515,-0.008898013657590353,-0.015151515151515027
dvs,official,QRC-minus-CRC:comparison:tuned:q8-i2-qrc:comparison:tuned:q8-i2-crc,held,QRC-minus-CRC,comparison:tuned:q8-i2-qrc,comparison:tuned:q8-i2-crc,46,official,-0.053030303030303094,-0.045305109774849694,-0.04598466462927764,-0.053030303030303094
dvs,confirmation,tuned-minus-fixed:comparison:tuned:q8-i2-qrc:comparison:fixed:q8-i2-qrc,held,tuned-minus-fixed,comparison:tuned:q8-i2-qrc,comparison:fixed:q8-i2-qrc,42,confirmation,0.0,0.0,0.0,0.0
dvs,confirmation,tuned-minus-fixed:comparison:tuned:q8-i2-qrc:comparison:fixed:q8-i2-qrc,held,tuned-minus-fixed,comparison:tuned:q8-i2-qrc,comparison:fixed:q8-i2-qrc,44,confirmation,0.0,0.0,0.0,0.0
dvs,confirmation,tuned-minus-fixed:comparison:tuned:q8-i2-qrc:comparison:fixed:q8-i2-qrc,held,tuned-minus-fixed,comparison:tuned:q8-i2-qrc,comparison:fixed:q8-i2-qrc,46,confirmation,0.0,0.0,0.0,0.0
dvs,development,tuned-minus-fixed:comparison:tuned:q8-i2-qrc:comparison:fixed:q8-i2-qrc,held,tuned-minus-fixed,comparison:tuned:q8-i2-qrc,comparison:fixed:q8-i2-qrc,42,0,0.0,0.0,0.0,0.0
dvs,development,tuned-minus-fixed:comparison:tuned:q8-i2-qrc:comparison:fixed:q8-i2-qrc,held,tuned-minus-fixed,comparison:tuned:q8-i2-qrc,comparison:fixed:q8-i2-qrc,42,1,0.0,0.0,0.0,0.0
dvs,development,tuned-minus-fixed:comparison:tuned:q8-i2-qrc:comparison:fixed:q8-i2-qrc,held,tuned-minus-fixed,comparison:tuned:q8-i2-qrc,comparison:fixed:q8-i2-qrc,42,2,0.0,0.0,0.0,0.0
dvs,development,tuned-minus-fixed:comparison:tuned:q8-i2-qrc:comparison:fixed:q8-i2-qrc,held,tuned-minus-fixed,comparison:tuned:q8-i2-qrc,comparison:fixed:q8-i2-qrc,42,3,0.0,0.0,0.0,0.0
dvs,development,tuned-minus-fixed:comparison:tuned:q8-i2-qrc:comparison:fixed:q8-i2-qrc,held,tuned-minus-fixed,comparison:tuned:q8-i2-qrc,comparison:fixed:q8-i2-qrc,44,0,0.0,0.0,0.0,0.0
dvs,development,tuned-minus-fixed:comparison:tuned:q8-i2-qrc:comparison:fixed:q8-i2-qrc,held,tuned-minus-fixed,comparison:tuned:q8-i2-qrc,comparison:fixed:q8-i2-qrc,44,1,0.0,0.0,0.0,0.0
dvs,development,tuned-minus-fixed:comparison:tuned:q8-i2-qrc:comparison:fixed:q8-i2-qrc,held,tuned-minus-fixed,comparison:tuned:q8-i2-qrc,comparison:fixed:q8-i2-qrc,44,2,0.0,0.0,0.0,0.0
dvs,development,tuned-minus-fixed:comparison:tuned:q8-i2-qrc:comparison:fixed:q8-i2-qrc,held,tuned-minus-fixed,comparison:tuned:q8-i2-qrc,comparison:fixed:q8-i2-qrc,44,3,0.0,0.0,0.0,0.0
dvs,development,tuned-minus-fixed:comparison:tuned:q8-i2-qrc:comparison:fixed:q8-i2-qrc,held,tuned-minus-fixed,comparison:tuned:q8-i2-qrc,comparison:fixed:q8-i2-qrc,46,0,0.0,0.0,0.0,0.0
dvs,development,tuned-minus-fixed:comparison:tuned:q8-i2-qrc:comparison:fixed:q8-i2-qrc,held,tuned-minus-fixed,comparison:tuned:q8-i2-qrc,comparison:fixed:q8-i2-qrc,46,1,0.0,0.0,0.0,0.0
dvs,development,tuned-minus-fixed:comparison:tuned:q8-i2-qrc:comparison:fixed:q8-i2-qrc,held,tuned-minus-fixed,comparison:tuned:q8-i2-qrc,comparison:fixed:q8-i2-qrc,46,2,0.0,0.0,0.0,0.0
dvs,development,tuned-minus-fixed:comparison:tuned:q8-i2-qrc:comparison:fixed:q8-i2-qrc,held,tuned-minus-fixed,comparison:tuned:q8-i2-qrc,comparison:fixed:q8-i2-qrc,46,3,0.0,0.0,0.0,0.0
dvs,official,tuned-minus-fixed:comparison:tuned:q8-i2-qrc:comparison:fixed:q8-i2-qrc,held,tuned-minus-fixed,comparison:tuned:q8-i2-qrc,comparison:fixed:q8-i2-qrc,42,official,0.0,0.0,0.0,0.0
dvs,official,tuned-minus-fixed:comparison:tuned:q8-i2-qrc:comparison:fixed:q8-i2-qrc,held,tuned-minus-fixed,comparison:tuned:q8-i2-qrc,comparison:fixed:q8-i2-qrc,44,official,0.0,0.0,0.0,0.0
dvs,official,tuned-minus-fixed:comparison:tuned:q8-i2-qrc:comparison:fixed:q8-i2-qrc,held,tuned-minus-fixed,comparison:tuned:q8-i2-qrc,comparison:fixed:q8-i2-qrc,46,official,0.0,0.0,0.0,0.0
dvs,confirmation,natural-minus-fixed12:comparison:fixed:q8-i2-qrc:comparison:fixed12:q8-i2-qrc,held,natural-minus-fixed12,comparison:fixed:q8-i2-qrc,comparison:fixed12:q8-i2-qrc,42,confirmation,0.08629441624365486,0.08463712938857038,0.06570340433976785,0.08615567439096838
dvs,confirmation,natural-minus-fixed12:comparison:fixed:q8-i2-qrc:comparison:fixed12:q8-i2-qrc,held,natural-minus-fixed12,comparison:fixed:q8-i2-qrc,comparison:fixed12:q8-i2-qrc,44,confirmation,0.035532994923857864,0.0355970601575859,0.047080609449030475,0.035947712418300526
dvs,confirmation,natural-minus-fixed12:comparison:fixed:q8-i2-qrc:comparison:fixed12:q8-i2-qrc,held,natural-minus-fixed12,comparison:fixed:q8-i2-qrc,comparison:fixed12:q8-i2-qrc,46,confirmation,-0.020304568527918843,-0.01353953377248518,-0.04767987991445655,-0.02049910873440297
dvs,development,natural-minus-fixed12:comparison:fixed:q8-i2-qrc:comparison:fixed12:q8-i2-qrc,held,natural-minus-fixed12,comparison:fixed:q8-i2-qrc,comparison:fixed12:q8-i2-qrc,42,0,-0.04166666666666674,-0.05229016617420801,-0.0529370359279101,-0.04166666666666674
dvs,development,natural-minus-fixed12:comparison:fixed:q8-i2-qrc:comparison:fixed12:q8-i2-qrc,held,natural-minus-fixed12,comparison:fixed:q8-i2-qrc,comparison:fixed12:q8-i2-qrc,42,1,0.04545454545454547,0.05055379793246467,0.02075490163727306,0.045454545454545414
dvs,development,natural-minus-fixed12:comparison:fixed:q8-i2-qrc:comparison:fixed12:q8-i2-qrc,held,natural-minus-fixed12,comparison:fixed:q8-i2-qrc,comparison:fixed12:q8-i2-qrc,42,2,0.04329004329004327,0.03897554591912439,0.018605664512359343,0.04329004329004327
dvs,development,natural-minus-fixed12:comparison:fixed:q8-i2-qrc:comparison:fixed12:q8-i2-qrc,held,natural-minus-fixed12,comparison:fixed:q8-i2-qrc,comparison:fixed12:q8-i2-qrc,42,3,0.034965034965035,0.04024746178782579,0.055088892328548966,0.03496503496503511
dvs,development,natural-minus-fixed12:comparison:fixed:q8-i2-qrc:comparison:fixed12:q8-i2-qrc,held,natural-minus-fixed12,comparison:fixed:q8-i2-qrc,comparison:fixed12:q8-i2-qrc,44,0,0.03409090909090917,0.039588936859972446,0.03772571613437581,0.03409090909090906
dvs,development,natural-minus-fixed12:comparison:fixed:q8-i2-qrc:comparison:fixed12:q8-i2-qrc,held,natural-minus-fixed12,comparison:fixed:q8-i2-qrc,comparison:fixed12:q8-i2-qrc,44,1,0.008264462809917439,0.007430144108250714,0.01753731685763582,0.008264462809917439
dvs,development,natural-minus-fixed12:comparison:fixed:q8-i2-qrc:comparison:fixed12:q8-i2-qrc,held,natural-minus-fixed12,comparison:fixed:q8-i2-qrc,comparison:fixed12:q8-i2-qrc,44,2,0.012987012987012991,0.019304030456853916,0.02452258158250642,0.012987012987012991
dvs,development,natural-minus-fixed12:comparison:fixed:q8-i2-qrc:comparison:fixed12:q8-i2-qrc,held,natural-minus-fixed12,comparison:fixed:q8-i2-qrc,comparison:fixed12:q8-i2-qrc,44,3,-0.006993006993006978,-0.001873457993927019,0.004529842977297083,-0.006993006993006867
dvs,development,natural-minus-fixed12:comparison:fixed:q8-i2-qrc:comparison:fixed12:q8-i2-qrc,held,natural-minus-fixed12,comparison:fixed:q8-i2-qrc,comparison:fixed12:q8-i2-qrc,46,0,0.037878787878787845,0.03754173881455375,0.03089037577030268,0.03787878787878801
dvs,development,natural-minus-fixed12:comparison:fixed:q8-i2-qrc:comparison:fixed12:q8-i2-qrc,held,natural-minus-fixed12,comparison:fixed:q8-i2-qrc,comparison:fixed12:q8-i2-qrc,46,1,0.024793388429752095,0.034953345596403396,0.04406570656519215,0.02479338842975204
dvs,development,natural-minus-fixed12:comparison:fixed:q8-i2-qrc:comparison:fixed12:q8-i2-qrc,held,natural-minus-fixed12,comparison:fixed:q8-i2-qrc,comparison:fixed12:q8-i2-qrc,46,2,0.038961038961038974,0.04714948496096477,0.05299226681405167,0.038961038961038974
dvs,development,natural-minus-fixed12:comparison:fixed:q8-i2-qrc:comparison:fixed12:q8-i2-qrc,held,natural-minus-fixed12,comparison:fixed:q8-i2-qrc,comparison:fixed12:q8-i2-qrc,46,3,0.06993006993006995,0.08923812830371936,0.0648161248639717,0.06993006993007
dvs,official,natural-minus-fixed12:comparison:fixed:q8-i2-qrc:comparison:fixed12:q8-i2-qrc,held,natural-minus-fixed12,comparison:fixed:q8-i2-qrc,comparison:fixed12:q8-i2-qrc,42,official,0.022727272727272707,0.02239872453473435,-0.007829127345776454,0.022727272727272596
dvs,official,natural-minus-fixed12:comparison:fixed:q8-i2-qrc:comparison:fixed12:q8-i2-qrc,held,natural-minus-fixed12,comparison:fixed:q8-i2-qrc,comparison:fixed12:q8-i2-qrc,44,official,-0.0037878787878787845,-0.0008303948792574012,-0.0008795962145634606,-0.0037878787878786735
dvs,official,natural-minus-fixed12:comparison:fixed:q8-i2-qrc:comparison:fixed12:q8-i2-qrc,held,natural-minus-fixed12,comparison:fixed:q8-i2-qrc,comparison:fixed12:q8-i2-qrc,46,official,0.11742424242424238,0.1284828332338871,0.13616388224756826,0.11742424242424238
dvs,confirmation,reservoir-minus-projection:comparison:fixed:q8-i2-qrc:comparison:projection:i2,held,reservoir-minus-projection,comparison:fixed:q8-i2-qrc,comparison:projection:i2,42,confirmation,0.25888324873096447,0.2985589668970569,0.258728251778705,0.25846702317290554
dvs,confirmation,reservoir-minus-projection:comparison:fixed:q8-i2-qrc:comparison:projection:i2,held,reservoir-minus-projection,comparison:fixed:q8-i2-qrc,comparison:projection:i2,44,confirmation,0.25380710659898476,0.29469532158220707,0.255309360728235,0.2540106951871656
dvs,confirmation,reservoir-minus-projection:comparison:fixed:q8-i2-qrc:comparison:projection:i2,held,reservoir-minus-projection,comparison:fixed:q8-i2-qrc,comparison:projection:i2,46,confirmation,0.1675126903553299,0.21036603271839865,0.16260170815422387,0.16726084373143196
dvs,development,reservoir-minus-projection:comparison:fixed:q8-i2-qrc:comparison:projection:i2,held,reservoir-minus-projection,comparison:fixed:q8-i2-qrc,comparison:projection:i2,42,0,0.1742424242424242,0.19732990959573143,0.13142353062536877,0.1742424242424242
dvs,development,reservoir-minus-projection:comparison:fixed:q8-i2-qrc:comparison:projection:i2,held,reservoir-minus-projection,comparison:fixed:q8-i2-qrc,comparison:projection:i2,42,1,0.0950413223140496,0.12886039083155298,0.08996494845051839,0.09504132231404949
dvs,development,reservoir-minus-projection:comparison:fixed:q8-i2-qrc:comparison:projection:i2,held,reservoir-minus-projection,comparison:fixed:q8-i2-qrc,comparison:projection:i2,42,2,0.13419913419913415,0.1685630768069485,0.13777472817441472,0.13419913419913415
dvs,development,reservoir-minus-projection:comparison:fixed:q8-i2-qrc:comparison:projection:i2,held,reservoir-minus-projection,comparison:fixed:q8-i2-qrc,comparison:projection:i2,42,3,0.14685314685314688,0.1938613911619873,0.2210970866860255,0.14685314685314693
dvs,development,reservoir-minus-projection:comparison:fixed:q8-i2-qrc:comparison:projection:i2,held,reservoir-minus-projection,comparison:fixed:q8-i2-qrc,comparison:projection:i2,44,0,0.2007575757575758,0.2314144144110773,0.15804857917986154,0.2007575757575757
dvs,development,reservoir-minus-projection:comparison:fixed:q8-i2-qrc:comparison:projection:i2,held,reservoir-minus-projection,comparison:fixed:q8-i2-qrc,comparison:projection:i2,44,1,0.14462809917355374,0.17349471971779135,0.13919034861108892,0.14462809917355374
dvs,development,reservoir-minus-projection:comparison:fixed:q8-i2-qrc:comparison:projection:i2,held,reservoir-minus-projection,comparison:fixed:q8-i2-qrc,comparison:projection:i2,44,2,0.16450216450216454,0.20086417294014947,0.17799757401856653,0.16450216450216443
dvs,development,reservoir-minus-projection:comparison:fixed:q8-i2-qrc:comparison:projection:i2,held,reservoir-minus-projection,comparison:fixed:q8-i2-qrc,comparison:projection:i2,44,3,0.16083916083916083,0.21401741342758318,0.27246427814609636,0.1608391608391609
dvs,development,reservoir-minus-projection:comparison:fixed:q8-i2-qrc:comparison:projection:i2,held,reservoir-minus-projection,comparison:fixed:q8-i2-qrc,comparison:projection:i2,46,0,0.14393939393939392,0.16184211322488556,0.08463106665850223,0.14393939393939403
dvs,development,reservoir-minus-projection:comparison:fixed:q8-i2-qrc:comparison:projection:i2,held,reservoir-minus-projection,comparison:fixed:q8-i2-qrc,comparison:projection:i2,46,1,0.0950413223140496,0.1336624208775582,0.1056180370923131,0.0950413223140496
dvs,development,reservoir-minus-projection:comparison:fixed:q8-i2-qrc:comparison:projection:i2,held,reservoir-minus-projection,comparison:fixed:q8-i2-qrc,comparison:projection:i2,46,2,0.0735930735930736,0.11190617897190092,0.06833740648838094,0.07359307359307354
dvs,development,reservoir-minus-projection:comparison:fixed:q8-i2-qrc:comparison:projection:i2,held,reservoir-minus-projection,comparison:fixed:q8-i2-qrc,comparison:projection:i2,46,3,0.06993006993006995,0.12351683107680644,0.14777609418757737,0.0699300699300699
dvs,official,reservoir-minus-projection:comparison:fixed:q8-i2-qrc:comparison:projection:i2,held,reservoir-minus-projection,comparison:fixed:q8-i2-qrc,comparison:projection:i2,42,official,0.19318181818181812,0.23810047586645744,0.2128114220880158,0.19318181818181812
dvs,official,reservoir-minus-projection:comparison:fixed:q8-i2-qrc:comparison:projection:i2,held,reservoir-minus-projection,comparison:fixed:q8-i2-qrc,comparison:projection:i2,44,official,0.20833333333333337,0.25540409680071985,0.24036578047673568,0.20833333333333337
dvs,official,reservoir-minus-projection:comparison:fixed:q8-i2-qrc:comparison:projection:i2,held,reservoir-minus-projection,comparison:fixed:q8-i2-qrc,comparison:projection:i2,46,official,0.19318181818181812,0.24006100081343418,0.22259039440857625,0.19318181818181812
dvs,confirmation,tuned-minus-fixed:comparison:tuned:q8-i2-crc:comparison:fixed:q8-i2-crc,held,tuned-minus-fixed,comparison:tuned:q8-i2-crc,comparison:fixed:q8-i2-crc,42,confirmation,0.040609137055837574,0.04400718663577974,0.0014473153109516579,0.04070112893642308
dvs,confirmation,tuned-minus-fixed:comparison:tuned:q8-i2-crc:comparison:fixed:q8-i2-crc,held,tuned-minus-fixed,comparison:tuned:q8-i2-crc,comparison:fixed:q8-i2-crc,44,confirmation,0.010152284263959421,0.01727782378704823,-0.02151691132604383,0.010695187165775444
dvs,confirmation,tuned-minus-fixed:comparison:tuned:q8-i2-crc:comparison:fixed:q8-i2-crc,held,tuned-minus-fixed,comparison:tuned:q8-i2-crc,comparison:fixed:q8-i2-crc,46,confirmation,0.01015228426395931,0.012559380651038565,-0.019773843131568936,0.010398098633392805
dvs,development,tuned-minus-fixed:comparison:tuned:q8-i2-crc:comparison:fixed:q8-i2-crc,held,tuned-minus-fixed,comparison:tuned:q8-i2-crc,comparison:fixed:q8-i2-crc,42,0,0.0492424242424242,0.05678315390895461,0.05721787866418038,0.0492424242424242
dvs,development,tuned-minus-fixed:comparison:tuned:q8-i2-crc:comparison:fixed:q8-i2-crc,held,tuned-minus-fixed,comparison:tuned:q8-i2-crc,comparison:fixed:q8-i2-crc,42,1,-0.016528925619834656,-0.01855458060767967,-0.024405182050686314,-0.016528925619834767
dvs,development,tuned-minus-fixed:comparison:tuned:q8-i2-crc:comparison:fixed:q8-i2-crc,held,tuned-minus-fixed,comparison:tuned:q8-i2-crc,comparison:fixed:q8-i2-crc,42,2,0.06060606060606066,0.07193055345054133,0.08719079522484796,0.06060606060606044
dvs,development,tuned-minus-fixed:comparison:tuned:q8-i2-crc:comparison:fixed:q8-i2-crc,held,tuned-minus-fixed,comparison:tuned:q8-i2-crc,comparison:fixed:q8-i2-crc,42,3,-0.08391608391608396,-0.08235549798365482,-0.07297642939354165,-0.08391608391608396
dvs,development,tuned-minus-fixed:comparison:tuned:q8-i2-crc:comparison:fixed:q8-i2-crc,held,tuned-minus-fixed,comparison:tuned:q8-i2-crc,comparison:fixed:q8-i2-crc,44,0,0.053030303030303094,0.07110050409384971,0.0752936938970663,0.053030303030303094
dvs,development,tuned-minus-fixed:comparison:tuned:q8-i2-crc:comparison:fixed:q8-i2-crc,held,tuned-minus-fixed,comparison:tuned:q8-i2-crc,comparison:fixed:q8-i2-crc,44,1,0.07024793388429762,0.07073660754751487,0.054434479479657516,0.07024793388429762
dvs,development,tuned-minus-fixed:comparison:tuned:q8-i2-crc:comparison:fixed:q8-i2-crc,held,tuned-minus-fixed,comparison:tuned:q8-i2-crc,comparison:fixed:q8-i2-crc,44,2,0.051948051948051965,0.059351047893340336,0.061997140054154354,0.051948051948051854
dvs,development,tuned-minus-fixed:comparison:tuned:q8-i2-crc:comparison:fixed:q8-i2-crc,held,tuned-minus-fixed,comparison:tuned:q8-i2-crc,comparison:fixed:q8-i2-crc,44,3,-0.034965034965035,-0.032863182164338034,0.0004392737129309543,-0.034965034965035
dvs,development,tuned-minus-fixed:comparison:tuned:q8-i2-crc:comparison:fixed:q8-i2-crc,held,tuned-minus-fixed,comparison:tuned:q8-i2-crc,comparison:fixed:q8-i2-crc,46,0,0.037878787878787956,0.04808536762654203,0.05368508223746182,0.037878787878787845
dvs,development,tuned-minus-fixed:comparison:tuned:q8-i2-crc:comparison:fixed:q8-i2-crc,held,tuned-minus-fixed,comparison:tuned:q8-i2-crc,comparison:fixed:q8-i2-crc,46,1,0.03305785123966942,0.02243913864769298,0.00011620880949314571,0.03305785123966931
dvs,development,tuned-minus-fixed:comparison:tuned:q8-i2-crc:comparison:fixed:q8-i2-crc,held,tuned-minus-fixed,comparison:tuned:q8-i2-crc,comparison:fixed:q8-i2-crc,46,2,0.025974025974025927,0.03100382532913043,0.023236541800435773,0.025974025974025927
dvs,development,tuned-minus-fixed:comparison:tuned:q8-i2-crc:comparison:fixed:q8-i2-crc,held,tuned-minus-fixed,comparison:tuned:q8-i2-crc,comparison:fixed:q8-i2-crc,46,3,0.04195804195804198,0.03927184182175514,0.06253124201688787,0.04195804195804198
dvs,official,tuned-minus-fixed:comparison:tuned:q8-i2-crc:comparison:fixed:q8-i2-crc,held,tuned-minus-fixed,comparison:tuned:q8-i2-crc,comparison:fixed:q8-i2-crc,42,official,0.011363636363636465,0.005641115676087938,-0.015810309224438934,0.011363636363636576
dvs,official,tuned-minus-fixed:comparison:tuned:q8-i2-crc:comparison:fixed:q8-i2-crc,held,tuned-minus-fixed,comparison:tuned:q8-i2-crc,comparison:fixed:q8-i2-crc,44,official,0.03409090909090917,0.04749477448738104,0.0423224285592978,0.03409090909090906
dvs,official,tuned-minus-fixed:comparison:tuned:q8-i2-crc:comparison:fixed:q8-i2-crc,held,tuned-minus-fixed,comparison:tuned:q8-i2-crc,comparison:fixed:q8-i2-crc,46,official,0.04924242424242431,0.05193490900094089,0.03394669088148128,0.0492424242424242
dvs,confirmation,natural-minus-fixed12:comparison:fixed:q8-i2-crc:comparison:fixed12:q8-i2-crc,held,natural-minus-fixed12,comparison:fixed:q8-i2-crc,comparison:fixed12:q8-i2-crc,42,confirmation,0.0,-0.002190279159694275,0.025459242600390897,-0.0005941770647653888
dvs,confirmation,natural-minus-fixed12:comparison:fixed:q8-i2-crc:comparison:fixed12:q8-i2-crc,held,natural-minus-fixed12,comparison:fixed:q8-i2-crc,comparison:fixed12:q8-i2-crc,44,confirmation,0.1116751269035533,0.12042236131118306,0.13824709105459876,0.1114081996434938
dvs,confirmation,natural-minus-fixed12:comparison:fixed:q8-i2-crc:comparison:fixed12:q8-i2-crc,held,natural-minus-fixed12,comparison:fixed:q8-i2-crc,comparison:fixed12:q8-i2-crc,46,confirmation,0.035532994923857864,0.030423070584037704,0.05375402705246435,0.03535353535353525
dvs,development,natural-minus-fixed12:comparison:fixed:q8-i2-crc:comparison:fixed12:q8-i2-crc,held,natural-minus-fixed12,comparison:fixed:q8-i2-crc,comparison:fixed12:q8-i2-crc,42,0,0.03409090909090917,0.03835026526975305,0.0411047619428625,0.03409090909090917
dvs,development,natural-minus-fixed12:comparison:fixed:q8-i2-crc:comparison:fixed12:q8-i2-crc,held,natural-minus-fixed12,comparison:fixed:q8-i2-crc,comparison:fixed12:q8-i2-crc,42,1,0.07438016528925617,0.07695507800551787,0.0818344194799237,0.07438016528925617
dvs,development,natural-minus-fixed12:comparison:fixed:q8-i2-crc:comparison:fixed12:q8-i2-crc,held,natural-minus-fixed12,comparison:fixed:q8-i2-crc,comparison:fixed12:q8-i2-crc,42,2,-0.012987012987012991,-0.0136730098241713,-0.007411962622819068,-0.01298701298701277
dvs,development,natural-minus-fixed12:comparison:fixed:q8-i2-crc:comparison:fixed12:q8-i2-crc,held,natural-minus-fixed12,comparison:fixed:q8-i2-crc,comparison:fixed12:q8-i2-crc,42,3,0.05594405594405594,0.06245654559288327,0.06728737691304532,0.05594405594405594
dvs,development,natural-minus-fixed12:comparison:fixed:q8-i2-crc:comparison:fixed12:q8-i2-crc,held,natural-minus-fixed12,comparison:fixed:q8-i2-crc,comparison:fixed12:q8-i2-crc,44,0,0.018939393939393923,0.020896239870853595,0.023023453067347988,0.018939393939393978
dvs,development,natural-minus-fixed12:comparison:fixed:q8-i2-crc:comparison:fixed12:q8-i2-crc,held,natural-minus-fixed12,comparison:fixed:q8-i2-crc,comparison:fixed12:q8-i2-crc,44,1,-0.024793388429752095,-0.03225408450960776,-0.023094307856078578,-0.024793388429752095
dvs,development,natural-minus-fixed12:comparison:fixed:q8-i2-crc:comparison:fixed12:q8-i2-crc,held,natural-minus-fixed12,comparison:fixed:q8-i2-crc,comparison:fixed12:q8-i2-crc,44,2,0.0735930735930736,0.07453985487144249,0.09016805849519166,0.0735930735930736
dvs,development,natural-minus-fixed12:comparison:fixed:q8-i2-crc:comparison:fixed12:q8-i2-crc,held,natural-minus-fixed12,comparison:fixed:q8-i2-crc,comparison:fixed12:q8-i2-crc,44,3,0.06293706293706292,0.05686550880704899,0.0321920959792813,0.06293706293706303
dvs,development,natural-minus-fixed12:comparison:fixed:q8-i2-crc:comparison:fixed12:q8-i2-crc,held,natural-minus-fixed12,comparison:fixed:q8-i2-crc,comparison:fixed12:q8-i2-crc,46,0,0.022727272727272707,0.025486180597110664,0.02569935238794574,0.022727272727272818
dvs,development,natural-minus-fixed12:comparison:fixed:q8-i2-crc:comparison:fixed12:q8-i2-crc,held,natural-minus-fixed12,comparison:fixed:q8-i2-crc,comparison:fixed12:q8-i2-crc,46,1,0.012396694214875992,0.019940973917828952,0.04498320601686323,0.012396694214876103
dvs,development,natural-minus-fixed12:comparison:fixed:q8-i2-crc:comparison:fixed12:q8-i2-crc,held,natural-minus-fixed12,comparison:fixed:q8-i2-crc,comparison:fixed12:q8-i2-crc,46,2,0.0,-0.012069504154564703,0.004583514901429275,5.551115123125783e-17
dvs,development,natural-minus-fixed12:comparison:fixed:q8-i2-crc:comparison:fixed12:q8-i2-crc,held,natural-minus-fixed12,comparison:fixed:q8-i2-crc,comparison:fixed12:q8-i2-crc,46,3,-0.04895104895104896,-0.04913500180401931,-0.05110836133563412,-0.04895104895104896
dvs,official,natural-minus-fixed12:comparison:fixed:q8-i2-crc:comparison:fixed12:q8-i2-crc,held,natural-minus-fixed12,comparison:fixed:q8-i2-crc,comparison:fixed12:q8-i2-crc,42,official,-0.022727272727272818,-0.016098807583619812,-0.005024007073055836,-0.022727272727272707
dvs,official,natural-minus-fixed12:comparison:fixed:q8-i2-crc:comparison:fixed12:q8-i2-crc,held,natural-minus-fixed12,comparison:fixed:q8-i2-crc,comparison:fixed12:q8-i2-crc,44,official,0.045454545454545414,0.03311371645324779,0.010858379043950261,0.045454545454545414
dvs,official,natural-minus-fixed12:comparison:fixed:q8-i2-crc:comparison:fixed12:q8-i2-crc,held,natural-minus-fixed12,comparison:fixed:q8-i2-crc,comparison:fixed12:q8-i2-crc,46,official,-0.030303030303030387,-0.027105736324650964,-0.02059404866891512,-0.030303030303030276
dvs,confirmation,reservoir-minus-projection:comparison:fixed:q8-i2-crc:comparison:projection:i2,held,reservoir-minus-projection,comparison:fixed:q8-i2-crc,comparison:projection:i2,42,confirmation,0.23857868020304562,0.27961186182548475,0.2752482349852911,0.23796791443850257
dvs,confirmation,reservoir-minus-projection:comparison:fixed:q8-i2-crc:comparison:projection:i2,held,reservoir-minus-projection,comparison:fixed:q8-i2-crc,comparison:projection:i2,44,confirmation,0.24873096446700504,0.2837543014841745,0.28243997422248496,0.24806892453951274
dvs,confirmation,reservoir-minus-projection:comparison:fixed:q8-i2-crc:comparison:projection:i2,held,reservoir-minus-projection,comparison:fixed:q8-i2-crc,comparison:projection:i2,46,confirmation,0.23350253807106602,0.2765399439818044,0.26637089277907194,0.23321449792038024
dvs,development,reservoir-minus-projection:comparison:fixed:q8-i2-crc:comparison:projection:i2,held,reservoir-minus-projection,comparison:fixed:q8-i2-crc,comparison:projection:i2,42,0,0.2007575757575758,0.22228723012221036,0.13967529965516973,0.2007575757575758
dvs,development,reservoir-minus-projection:comparison:fixed:q8-i2-crc:comparison:projection:i2,held,reservoir-minus-projection,comparison:fixed:q8-i2-crc,comparison:projection:i2,42,1,0.16528925619834706,0.19278084899385656,0.15715939139150215,0.16528925619834706
dvs,development,reservoir-minus-projection:comparison:fixed:q8-i2-crc:comparison:projection:i2,held,reservoir-minus-projection,comparison:fixed:q8-i2-crc,comparison:projection:i2,42,2,0.11688311688311687,0.15197025002982745,0.1232295058001841,0.11688311688311698
dvs,development,reservoir-minus-projection:comparison:fixed:q8-i2-crc:comparison:projection:i2,held,reservoir-minus-projection,comparison:fixed:q8-i2-crc,comparison:projection:i2,42,3,0.2517482517482518,0.3010942131147001,0.3285949196377003,0.2517482517482517
dvs,development,reservoir-minus-projection:comparison:fixed:q8-i2-crc:comparison:projection:i2,held,reservoir-minus-projection,comparison:fixed:q8-i2-crc,comparison:projection:i2,44,0,0.1515151515151515,0.162032448549363,0.08256691858456461,0.1515151515151515
dvs,development,reservoir-minus-projection:comparison:fixed:q8-i2-crc:comparison:projection:i2,held,reservoir-minus-projection,comparison:fixed:q8-i2-crc,comparison:projection:i2,44,1,0.1363636363636363,0.16553196846737867,0.1363959672765307,0.1363636363636363
dvs,development,reservoir-minus-projection:comparison:fixed:q8-i2-crc:comparison:projection:i2,held,reservoir-minus-projection,comparison:fixed:q8-i2-crc,comparison:projection:i2,44,2,0.10389610389610388,0.1358012557787227,0.11856525342843682,0.10389610389610388
dvs,development,reservoir-minus-projection:comparison:fixed:q8-i2-crc:comparison:projection:i2,held,reservoir-minus-projection,comparison:fixed:q8-i2-crc,comparison:projection:i2,44,3,0.2027972027972028,0.2519329795521774,0.2634305088850543,0.20279720279720276
dvs,development,reservoir-minus-projection:comparison:fixed:q8-i2-crc:comparison:projection:i2,held,reservoir-minus-projection,comparison:fixed:q8-i2-crc,comparison:projection:i2,46,0,0.16666666666666663,0.18404089815143915,0.09918194656419349,0.16666666666666674
dvs,development,reservoir-minus-projection:comparison:fixed:q8-i2-crc:comparison:projection:i2,held,reservoir-minus-projection,comparison:fixed:q8-i2-crc,comparison:projection:i2,46,1,0.13223140495867763,0.16822481809404072,0.1384757480499944,0.13223140495867775
dvs,development,reservoir-minus-projection:comparison:fixed:q8-i2-crc:comparison:projection:i2,held,reservoir-minus-projection,comparison:fixed:q8-i2-crc,comparison:projection:i2,46,2,0.08225108225108224,0.1117916384944902,0.09620866631985991,0.08225108225108224
dvs,development,reservoir-minus-projection:comparison:fixed:q8-i2-crc:comparison:projection:i2,held,reservoir-minus-projection,comparison:fixed:q8-i2-crc,comparison:projection:i2,46,3,0.1678321678321678,0.21910852353634058,0.23993279447824906,0.16783216783216776
dvs,official,reservoir-minus-projection:comparison:fixed:q8-i2-crc:comparison:projection:i2,held,reservoir-minus-projection,comparison:fixed:q8-i2-crc,comparison:projection:i2,42,official,0.18939393939393934,0.22843728889706738,0.23115157385503654,0.18939393939393934
dvs,official,reservoir-minus-projection:comparison:fixed:q8-i2-crc:comparison:projection:i2,held,reservoir-minus-projection,comparison:fixed:q8-i2-crc,comparison:projection:i2,44,official,0.18939393939393934,0.21397129624924416,0.20694136557502824,0.18939393939393934
dvs,official,reservoir-minus-projection:comparison:fixed:q8-i2-crc:comparison:projection:i2,held,reservoir-minus-projection,comparison:fixed:q8-i2-crc,comparison:projection:i2,46,official,0.1969696969696969,0.23343120158734298,0.2346283681563726,0.19696969696969702
dvs,confirmation,QRC-minus-CRC:comparison:fixed:q8-i4-qrc:comparison:fixed:q8-i4-crc,held,QRC-minus-CRC,comparison:fixed:q8-i4-qrc,comparison:fixed:q8-i4-crc,42,confirmation,0.035532994923857864,0.04112299469311076,0.051360249725379115,0.03624480095068339
dvs,confirmation,QRC-minus-CRC:comparison:fixed:q8-i4-qrc:comparison:fixed:q8-i4-crc,held,QRC-minus-CRC,comparison:fixed:q8-i4-qrc,comparison:fixed:q8-i4-crc,44,confirmation,0.060913705583756306,0.06333331727414893,0.05545741072072152,0.06120023767082594
dvs,confirmation,QRC-minus-CRC:comparison:fixed:q8-i4-qrc:comparison:fixed:q8-i4-crc,held,QRC-minus-CRC,comparison:fixed:q8-i4-qrc,comparison:fixed:q8-i4-crc,46,confirmation,0.0,0.00010370456152997143,0.008950081019459044,0.0002970885323826389
dvs,development,QRC-minus-CRC:comparison:fixed:q8-i4-qrc:comparison:fixed:q8-i4-crc,held,QRC-minus-CRC,comparison:fixed:q8-i4-qrc,comparison:fixed:q8-i4-crc,42,0,-0.04166666666666663,-0.022191465961818202,-0.02350596221181467,-0.04166666666666674
dvs,development,QRC-minus-CRC:comparison:fixed:q8-i4-qrc:comparison:fixed:q8-i4-crc,held,QRC-minus-CRC,comparison:fixed:q8-i4-qrc,comparison:fixed:q8-i4-crc,42,1,-0.02892561983471076,-0.030133205825435994,-0.024376819825293605,-0.02892561983471076
dvs,development,QRC-minus-CRC:comparison:fixed:q8-i4-qrc:comparison:fixed:q8-i4-crc,held,QRC-minus-CRC,comparison:fixed:q8-i4-qrc,comparison:fixed:q8-i4-crc,42,2,-0.017316017316017285,-0.01090021727973045,0.005375247409703854,-0.017316017316017174
dvs,development,QRC-minus-CRC:comparison:fixed:q8-i4-qrc:comparison:fixed:q8-i4-crc,held,QRC-minus-CRC,comparison:fixed:q8-i4-qrc,comparison:fixed:q8-i4-crc,42,3,-0.020979020979020935,-0.023976224681878877,-0.016385886840432295,-0.020979020979021046
dvs,development,QRC-minus-CRC:comparison:fixed:q8-i4-qrc:comparison:fixed:q8-i4-crc,held,QRC-minus-CRC,comparison:fixed:q8-i4-qrc,comparison:fixed:q8-i4-crc,44,0,-0.022727272727272707,-0.006677826619681859,-0.030029946655018902,-0.022727272727272707
dvs,development,QRC-minus-CRC:comparison:fixed:q8-i4-qrc:comparison:fixed:q8-i4-crc,held,QRC-minus-CRC,comparison:fixed:q8-i4-qrc,comparison:fixed:q8-i4-crc,44,1,-0.02892561983471076,-0.02775293816715152,-0.03903768662048834,-0.02892561983471076
dvs,development,QRC-minus-CRC:comparison:fixed:q8-i4-qrc:comparison:fixed:q8-i4-crc,held,QRC-minus-CRC,comparison:fixed:q8-i4-qrc,comparison:fixed:q8-i4-crc,44,2,0.030303030303030276,0.03745594082919357,0.04677684614985045,0.030303030303030387
dvs,development,QRC-minus-CRC:comparison:fixed:q8-i4-qrc:comparison:fixed:q8-i4-crc,held,QRC-minus-CRC,comparison:fixed:q8-i4-qrc,comparison:fixed:q8-i4-crc,44,3,-0.05594405594405594,-0.056374072421503385,-0.054176750166055054,-0.05594405594405594
dvs,development,QRC-minus-CRC:comparison:fixed:q8-i4-qrc:comparison:fixed:q8-i4-crc,held,QRC-minus-CRC,comparison:fixed:q8-i4-qrc,comparison:fixed:q8-i4-crc,46,0,-0.018939393939393923,0.0006538935311795058,-0.010930004489641876,-0.01893939393939381
dvs,development,QRC-minus-CRC:comparison:fixed:q8-i4-qrc:comparison:fixed:q8-i4-crc,held,QRC-minus-CRC,comparison:fixed:q8-i4-qrc,comparison:fixed:q8-i4-crc,46,1,0.0,-0.0048173029984366345,-0.03679906829934665,0.0
dvs,development,QRC-minus-CRC:comparison:fixed:q8-i4-qrc:comparison:fixed:q8-i4-crc,held,QRC-minus-CRC,comparison:fixed:q8-i4-qrc,comparison:fixed:q8-i4-crc,46,2,-0.021645021645021578,-0.031113696750908915,-0.03843710584437099,-0.021645021645021578
dvs,development,QRC-minus-CRC:comparison:fixed:q8-i4-qrc:comparison:fixed:q8-i4-crc,held,QRC-minus-CRC,comparison:fixed:q8-i4-qrc,comparison:fixed:q8-i4-crc,46,3,-0.11188811188811187,-0.11320206373770525,-0.1015434728670025,-0.11188811188811187
dvs,official,QRC-minus-CRC:comparison:fixed:q8-i4-qrc:comparison:fixed:q8-i4-crc,held,QRC-minus-CRC,comparison:fixed:q8-i4-qrc,comparison:fixed:q8-i4-crc,42,official,0.0037878787878787845,0.0037173734288427074,-0.011726182193496637,0.0037878787878787845
dvs,official,QRC-minus-CRC:comparison:fixed:q8-i4-qrc:comparison:fixed:q8-i4-crc,held,QRC-minus-CRC,comparison:fixed:q8-i4-qrc,comparison:fixed:q8-i4-crc,44,official,-0.011363636363636465,-0.011028519087329602,-0.013671546528499334,-0.011363636363636576
dvs,official,QRC-minus-CRC:comparison:fixed:q8-i4-qrc:comparison:fixed:q8-i4-crc,held,QRC-minus-CRC,comparison:fixed:q8-i4-qrc,comparison:fixed:q8-i4-crc,46,official,-0.026515151515151603,-0.024668118389619353,-0.01873722855504867,-0.02651515151515149
dvs,confirmation,QRC-minus-CRC:comparison:fixed12:q8-i4-qrc:comparison:fixed12:q8-i4-crc,held,QRC-minus-CRC,comparison:fixed12:q8-i4-qrc,comparison:fixed12:q8-i4-crc,42,confirmation,0.0,0.005127799361545615,0.006287870821363839,0.0008912655971479166
dvs,confirmation,QRC-minus-CRC:comparison:fixed12:q8-i4-qrc:comparison:fixed12:q8-i4-crc,held,QRC-minus-CRC,comparison:fixed12:q8-i4-qrc,comparison:fixed12:q8-i4-crc,44,confirmation,0.02030456852791873,0.01945609923830982,0.008768383859397044,0.020202020202020332
dvs,confirmation,QRC-minus-CRC:comparison:fixed12:q8-i4-qrc:comparison:fixed12:q8-i4-crc,held,QRC-minus-CRC,comparison:fixed12:q8-i4-qrc,comparison:fixed12:q8-i4-crc,46,confirmation,-0.12182741116751272,-0.11286725119922636,-0.11096135061283485,-0.12150920974450385
dvs,development,QRC-minus-CRC:comparison:fixed12:q8-i4-qrc:comparison:fixed12:q8-i4-crc,held,QRC-minus-CRC,comparison:fixed12:q8-i4-qrc,comparison:fixed12:q8-i4-crc,42,0,0.018939393939393923,0.03430952758688588,0.012498843791486247,0.01893939393939381
dvs,development,QRC-minus-CRC:comparison:fixed12:q8-i4-qrc:comparison:fixed12:q8-i4-crc,held,QRC-minus-CRC,comparison:fixed12:q8-i4-qrc,comparison:fixed12:q8-i4-crc,42,1,0.02066115702479343,0.016750188412386402,0.02588150404122236,0.02066115702479332
dvs,development,QRC-minus-CRC:comparison:fixed12:q8-i4-qrc:comparison:fixed12:q8-i4-crc,held,QRC-minus-CRC,comparison:fixed12:q8-i4-qrc,comparison:fixed12:q8-i4-crc,42,2,-0.012987012987012991,-0.011189391804144133,-0.001775231639256969,-0.012987012987012991
dvs,development,QRC-minus-CRC:comparison:fixed12:q8-i4-qrc:comparison:fixed12:q8-i4-crc,held,QRC-minus-CRC,comparison:fixed12:q8-i4-qrc,comparison:fixed12:q8-i4-crc,42,3,-0.11888111888111896,-0.12916583217396926,-0.1114521841794569,-0.11888111888111907
dvs,development,QRC-minus-CRC:comparison:fixed12:q8-i4-qrc:comparison:fixed12:q8-i4-crc,held,QRC-minus-CRC,comparison:fixed12:q8-i4-qrc,comparison:fixed12:q8-i4-crc,44,0,0.05303030303030298,0.059500890384049265,0.04722766806344514,0.05303030303030287
dvs,development,QRC-minus-CRC:comparison:fixed12:q8-i4-qrc:comparison:fixed12:q8-i4-crc,held,QRC-minus-CRC,comparison:fixed12:q8-i4-qrc,comparison:fixed12:q8-i4-crc,44,1,0.0,-0.007911170641331955,-0.007788499850069797,-1.1102230246251565e-16
dvs,development,QRC-minus-CRC:comparison:fixed12:q8-i4-qrc:comparison:fixed12:q8-i4-crc,held,QRC-minus-CRC,comparison:fixed12:q8-i4-qrc,comparison:fixed12:q8-i4-crc,44,2,0.051948051948051965,0.050887513294024855,0.050502708000964125,0.051948051948051965
dvs,development,QRC-minus-CRC:comparison:fixed12:q8-i4-qrc:comparison:fixed12:q8-i4-crc,held,QRC-minus-CRC,comparison:fixed12:q8-i4-qrc,comparison:fixed12:q8-i4-crc,44,3,-0.05594405594405594,-0.05715991411619259,-0.058661295626536214,-0.05594405594405594
dvs,development,QRC-minus-CRC:comparison:fixed12:q8-i4-qrc:comparison:fixed12:q8-i4-crc,held,QRC-minus-CRC,comparison:fixed12:q8-i4-qrc,comparison:fixed12:q8-i4-crc,46,0,-0.0719696969696969,-0.04891265406047762,-0.04266191388035978,-0.07196969696969702
dvs,development,QRC-minus-CRC:comparison:fixed12:q8-i4-qrc:comparison:fixed12:q8-i4-crc,held,QRC-minus-CRC,comparison:fixed12:q8-i4-qrc,comparison:fixed12:q8-i4-crc,46,1,-0.06611570247933884,-0.0696143130232123,-0.08672894705108869,-0.06611570247933884
dvs,development,QRC-minus-CRC:comparison:fixed12:q8-i4-qrc:comparison:fixed12:q8-i4-crc,held,QRC-minus-CRC,comparison:fixed12:q8-i4-qrc,comparison:fixed12:q8-i4-crc,46,2,-0.1385281385281386,-0.13391687888745385,-0.12908099924700378,-0.1385281385281384
dvs,development,QRC-minus-CRC:comparison:fixed12:q8-i4-qrc:comparison:fixed12:q8-i4-crc,held,QRC-minus-CRC,comparison:fixed12:q8-i4-qrc,comparison:fixed12:q8-i4-crc,46,3,-0.11888111888111885,-0.13141918329324642,-0.12016569289296564,-0.11888111888111896
dvs,official,QRC-minus-CRC:comparison:fixed12:q8-i4-qrc:comparison:fixed12:q8-i4-crc,held,QRC-minus-CRC,comparison:fixed12:q8-i4-qrc,comparison:fixed12:q8-i4-crc,42,official,-0.05303030303030298,-0.04966618938142686,-0.046271022123760996,-0.053030303030303094
dvs,official,QRC-minus-CRC:comparison:fixed12:q8-i4-qrc:comparison:fixed12:q8-i4-crc,held,QRC-minus-CRC,comparison:fixed12:q8-i4-qrc,comparison:fixed12:q8-i4-crc,44,official,-0.0037878787878787845,-0.0030661864923611226,-0.019380166429011414,-0.0037878787878787845
dvs,official,QRC-minus-CRC:comparison:fixed12:q8-i4-qrc:comparison:fixed12:q8-i4-crc,held,QRC-minus-CRC,comparison:fixed12:q8-i4-qrc,comparison:fixed12:q8-i4-crc,46,official,-0.03409090909090906,-0.029133270930646105,-0.02374655899367173,-0.03409090909090895
dvs,confirmation,QRC-minus-CRC:comparison:tuned:q8-i4-qrc:comparison:tuned:q8-i4-crc,held,QRC-minus-CRC,comparison:tuned:q8-i4-qrc,comparison:tuned:q8-i4-crc,42,confirmation,0.010152284263959421,0.015671673158303978,0.013824751803220736,0.011289364230540833
dvs,confirmation,QRC-minus-CRC:comparison:tuned:q8-i4-qrc:comparison:tuned:q8-i4-crc,held,QRC-minus-CRC,comparison:tuned:q8-i4-qrc,comparison:tuned:q8-i4-crc,44,confirmation,0.035532994923857864,0.034075639533579394,0.01788245720549886,0.03594771241830086
dvs,confirmation,QRC-minus-CRC:comparison:tuned:q8-i4-qrc:comparison:tuned:q8-i4-crc,held,QRC-minus-CRC,comparison:tuned:q8-i4-qrc,comparison:tuned:q8-i4-crc,46,confirmation,-0.015228426395939132,-0.01055867434956459,-0.005293277094816418,-0.01426024955436711
dvs,development,QRC-minus-CRC:comparison:tuned:q8-i4-qrc:comparison:tuned:q8-i4-crc,held,QRC-minus-CRC,comparison:tuned:q8-i4-qrc,comparison:tuned:q8-i4-crc,42,0,-0.09848484848484851,-0.09352399537042833,-0.08179856987163847,-0.09848484848484851
dvs,development,QRC-minus-CRC:comparison:tuned:q8-i4-qrc:comparison:tuned:q8-i4-crc,held,QRC-minus-CRC,comparison:tuned:q8-i4-qrc,comparison:tuned:q8-i4-crc,42,1,-0.07438016528925617,-0.0756759460881945,-0.07014500653411138,-0.07438016528925606
dvs,development,QRC-minus-CRC:comparison:tuned:q8-i4-qrc:comparison:tuned:q8-i4-crc,held,QRC-minus-CRC,comparison:tuned:q8-i4-qrc,comparison:tuned:q8-i4-crc,42,2,-0.05627705627705626,-0.05030742100763286,-0.03322514356488282,-0.05627705627705615
dvs,development,QRC-minus-CRC:comparison:tuned:q8-i4-qrc:comparison:tuned:q8-i4-crc,held,QRC-minus-CRC,comparison:tuned:q8-i4-qrc,comparison:tuned:q8-i4-crc,42,3,-0.03496503496503489,-0.03810788740266802,-0.028883972533705227,-0.034965034965035
dvs,development,QRC-minus-CRC:comparison:tuned:q8-i4-qrc:comparison:tuned:q8-i4-crc,held,QRC-minus-CRC,comparison:tuned:q8-i4-qrc,comparison:tuned:q8-i4-crc,44,0,-0.03409090909090906,-0.029217622201946347,-0.022454360973888754,-0.03409090909090906
dvs,development,QRC-minus-CRC:comparison:tuned:q8-i4-qrc:comparison:tuned:q8-i4-crc,held,QRC-minus-CRC,comparison:tuned:q8-i4-qrc,comparison:tuned:q8-i4-crc,44,1,-0.012396694214875992,-0.019733652830988047,-0.036628254774205615,-0.012396694214875992
dvs,development,QRC-minus-CRC:comparison:tuned:q8-i4-qrc:comparison:tuned:q8-i4-crc,held,QRC-minus-CRC,comparison:tuned:q8-i4-qrc,comparison:tuned:q8-i4-crc,44,2,0.0,0.00686235936423385,0.01708205771596838,0.0
dvs,development,QRC-minus-CRC:comparison:tuned:q8-i4-qrc:comparison:tuned:q8-i4-crc,held,QRC-minus-CRC,comparison:tuned:q8-i4-qrc,comparison:tuned:q8-i4-crc,44,3,-0.027972027972028024,-0.02286925917156246,-0.023552806373661972,-0.027972027972027802
dvs,development,QRC-minus-CRC:comparison:tuned:q8-i4-qrc:comparison:tuned:q8-i4-crc,held,QRC-minus-CRC,comparison:tuned:q8-i4-qrc,comparison:tuned:q8-i4-crc,46,0,-0.07196969696969702,-0.06652120333378286,-0.06255782610700067,-0.0719696969696969
dvs,development,QRC-minus-CRC:comparison:tuned:q8-i4-qrc:comparison:tuned:q8-i4-crc,held,QRC-minus-CRC,comparison:tuned:q8-i4-qrc,comparison:tuned:q8-i4-crc,46,1,-0.04132231404958675,-0.04996234777815056,-0.06935192102208387,-0.04132231404958686
dvs,development,QRC-minus-CRC:comparison:tuned:q8-i4-qrc:comparison:tuned:q8-i4-crc,held,QRC-minus-CRC,comparison:tuned:q8-i4-qrc,comparison:tuned:q8-i4-crc,46,2,-0.07792207792207784,-0.08434523350111656,-0.08351909671868152,-0.07792207792207784
dvs,development,QRC-minus-CRC:comparison:tuned:q8-i4-qrc:comparison:tuned:q8-i4-crc,held,QRC-minus-CRC,comparison:tuned:q8-i4-qrc,comparison:tuned:q8-i4-crc,46,3,-0.09790209790209792,-0.09910983130418882,-0.0921127298132648,-0.09790209790209792
dvs,official,QRC-minus-CRC:comparison:tuned:q8-i4-qrc:comparison:tuned:q8-i4-crc,held,QRC-minus-CRC,comparison:tuned:q8-i4-qrc,comparison:tuned:q8-i4-crc,42,official,-0.018939393939394034,-0.019703377381161458,-0.025422591224833924,-0.01893939393939381
dvs,official,QRC-minus-CRC:comparison:tuned:q8-i4-qrc:comparison:tuned:q8-i4-crc,held,QRC-minus-CRC,comparison:tuned:q8-i4-qrc,comparison:tuned:q8-i4-crc,44,official,0.018939393939393923,0.016633887728342622,0.006820646194294899,0.0189393939393937
dvs,official,QRC-minus-CRC:comparison:tuned:q8-i4-qrc:comparison:tuned:q8-i4-crc,held,QRC-minus-CRC,comparison:tuned:q8-i4-qrc,comparison:tuned:q8-i4-crc,46,official,-0.022727272727272818,-0.02201241513735175,-0.013409465747031946,-0.022727272727272707
dvs,confirmation,tuned-minus-fixed:comparison:tuned:q8-i4-qrc:comparison:fixed:q8-i4-qrc,held,tuned-minus-fixed,comparison:tuned:q8-i4-qrc,comparison:fixed:q8-i4-qrc,42,confirmation,0.0,0.0,0.0,0.0
dvs,confirmation,tuned-minus-fixed:comparison:tuned:q8-i4-qrc:comparison:fixed:q8-i4-qrc,held,tuned-minus-fixed,comparison:tuned:q8-i4-qrc,comparison:fixed:q8-i4-qrc,44,confirmation,0.0,0.0,0.0,0.0
dvs,confirmation,tuned-minus-fixed:comparison:tuned:q8-i4-qrc:comparison:fixed:q8-i4-qrc,held,tuned-minus-fixed,comparison:tuned:q8-i4-qrc,comparison:fixed:q8-i4-qrc,46,confirmation,0.0,0.0,0.0,0.0
dvs,development,tuned-minus-fixed:comparison:tuned:q8-i4-qrc:comparison:fixed:q8-i4-qrc,held,tuned-minus-fixed,comparison:tuned:q8-i4-qrc,comparison:fixed:q8-i4-qrc,42,0,0.0,0.0,0.0,0.0
dvs,development,tuned-minus-fixed:comparison:tuned:q8-i4-qrc:comparison:fixed:q8-i4-qrc,held,tuned-minus-fixed,comparison:tuned:q8-i4-qrc,comparison:fixed:q8-i4-qrc,42,1,0.0,0.0,0.0,0.0
dvs,development,tuned-minus-fixed:comparison:tuned:q8-i4-qrc:comparison:fixed:q8-i4-qrc,held,tuned-minus-fixed,comparison:tuned:q8-i4-qrc,comparison:fixed:q8-i4-qrc,42,2,0.0,0.0,0.0,0.0
dvs,development,tuned-minus-fixed:comparison:tuned:q8-i4-qrc:comparison:fixed:q8-i4-qrc,held,tuned-minus-fixed,comparison:tuned:q8-i4-qrc,comparison:fixed:q8-i4-qrc,42,3,0.0,0.0,0.0,0.0
dvs,development,tuned-minus-fixed:comparison:tuned:q8-i4-qrc:comparison:fixed:q8-i4-qrc,held,tuned-minus-fixed,comparison:tuned:q8-i4-qrc,comparison:fixed:q8-i4-qrc,44,0,0.0,0.0,0.0,0.0
dvs,development,tuned-minus-fixed:comparison:tuned:q8-i4-qrc:comparison:fixed:q8-i4-qrc,held,tuned-minus-fixed,comparison:tuned:q8-i4-qrc,comparison:fixed:q8-i4-qrc,44,1,0.0,0.0,0.0,0.0
dvs,development,tuned-minus-fixed:comparison:tuned:q8-i4-qrc:comparison:fixed:q8-i4-qrc,held,tuned-minus-fixed,comparison:tuned:q8-i4-qrc,comparison:fixed:q8-i4-qrc,44,2,0.0,0.0,0.0,0.0
dvs,development,tuned-minus-fixed:comparison:tuned:q8-i4-qrc:comparison:fixed:q8-i4-qrc,held,tuned-minus-fixed,comparison:tuned:q8-i4-qrc,comparison:fixed:q8-i4-qrc,44,3,0.0,0.0,0.0,0.0
dvs,development,tuned-minus-fixed:comparison:tuned:q8-i4-qrc:comparison:fixed:q8-i4-qrc,held,tuned-minus-fixed,comparison:tuned:q8-i4-qrc,comparison:fixed:q8-i4-qrc,46,0,0.0,0.0,0.0,0.0
dvs,development,tuned-minus-fixed:comparison:tuned:q8-i4-qrc:comparison:fixed:q8-i4-qrc,held,tuned-minus-fixed,comparison:tuned:q8-i4-qrc,comparison:fixed:q8-i4-qrc,46,1,0.0,0.0,0.0,0.0
dvs,development,tuned-minus-fixed:comparison:tuned:q8-i4-qrc:comparison:fixed:q8-i4-qrc,held,tuned-minus-fixed,comparison:tuned:q8-i4-qrc,comparison:fixed:q8-i4-qrc,46,2,0.0,0.0,0.0,0.0
dvs,development,tuned-minus-fixed:comparison:tuned:q8-i4-qrc:comparison:fixed:q8-i4-qrc,held,tuned-minus-fixed,comparison:tuned:q8-i4-qrc,comparison:fixed:q8-i4-qrc,46,3,0.0,0.0,0.0,0.0
dvs,official,tuned-minus-fixed:comparison:tuned:q8-i4-qrc:comparison:fixed:q8-i4-qrc,held,tuned-minus-fixed,comparison:tuned:q8-i4-qrc,comparison:fixed:q8-i4-qrc,42,official,0.0,0.0,0.0,0.0
dvs,official,tuned-minus-fixed:comparison:tuned:q8-i4-qrc:comparison:fixed:q8-i4-qrc,held,tuned-minus-fixed,comparison:tuned:q8-i4-qrc,comparison:fixed:q8-i4-qrc,44,official,0.0,0.0,0.0,0.0
dvs,official,tuned-minus-fixed:comparison:tuned:q8-i4-qrc:comparison:fixed:q8-i4-qrc,held,tuned-minus-fixed,comparison:tuned:q8-i4-qrc,comparison:fixed:q8-i4-qrc,46,official,0.0,0.0,0.0,0.0
dvs,confirmation,natural-minus-fixed12:comparison:fixed:q8-i4-qrc:comparison:fixed12:q8-i4-qrc,held,natural-minus-fixed12,comparison:fixed:q8-i4-qrc,comparison:fixed12:q8-i4-qrc,42,confirmation,0.035532994923857864,0.03658601284199359,0.03651859836070359,0.03565062388591811
dvs,confirmation,natural-minus-fixed12:comparison:fixed:q8-i4-qrc:comparison:fixed12:q8-i4-qrc,held,natural-minus-fixed12,comparison:fixed:q8-i4-qrc,comparison:fixed12:q8-i4-qrc,44,confirmation,0.06598984771573602,0.06874227479926309,0.0596783047870002,0.0668449197860963
dvs,confirmation,natural-minus-fixed12:comparison:fixed:q8-i4-qrc:comparison:fixed12:q8-i4-qrc,held,natural-minus-fixed12,comparison:fixed:q8-i4-qrc,comparison:fixed12:q8-i4-qrc,46,confirmation,0.1116751269035533,0.11084365555032583,0.08329038850569948,0.11170528817587644
dvs,development,natural-minus-fixed12:comparison:fixed:q8-i4-qrc:comparison:fixed12:q8-i4-qrc,held,natural-minus-fixed12,comparison:fixed:q8-i4-qrc,comparison:fixed12:q8-i4-qrc,42,0,0.007575757575757569,0.009114168395969902,0.012007311438277712,0.007575757575757458
dvs,development,natural-minus-fixed12:comparison:fixed:q8-i4-qrc:comparison:fixed12:q8-i4-qrc,held,natural-minus-fixed12,comparison:fixed:q8-i4-qrc,comparison:fixed12:q8-i4-qrc,42,1,0.024793388429752095,0.025092529484035064,0.009090626654855827,0.024793388429752206
dvs,development,natural-minus-fixed12:comparison:fixed:q8-i4-qrc:comparison:fixed12:q8-i4-qrc,held,natural-minus-fixed12,comparison:fixed:q8-i4-qrc,comparison:fixed12:q8-i4-qrc,42,2,0.012987012987012991,0.014894638343176614,0.023580161438127578,0.012987012987012991
dvs,development,natural-minus-fixed12:comparison:fixed:q8-i4-qrc:comparison:fixed12:q8-i4-qrc,held,natural-minus-fixed12,comparison:fixed:q8-i4-qrc,comparison:fixed12:q8-i4-qrc,42,3,0.06993006993007,0.07535394095226389,0.07360619178800998,0.06993006993007
dvs,development,natural-minus-fixed12:comparison:fixed:q8-i4-qrc:comparison:fixed12:q8-i4-qrc,held,natural-minus-fixed12,comparison:fixed:q8-i4-qrc,comparison:fixed12:q8-i4-qrc,44,0,0.030303030303030276,0.036447526638022754,0.03053249536387359,0.030303030303030387
dvs,development,natural-minus-fixed12:comparison:fixed:q8-i4-qrc:comparison:fixed12:q8-i4-qrc,held,natural-minus-fixed12,comparison:fixed:q8-i4-qrc,comparison:fixed12:q8-i4-qrc,44,1,0.04132231404958686,0.04061280145635782,0.025988414048486064,0.04132231404958686
dvs,development,natural-minus-fixed12:comparison:fixed:q8-i4-qrc:comparison:fixed12:q8-i4-qrc,held,natural-minus-fixed12,comparison:fixed:q8-i4-qrc,comparison:fixed12:q8-i4-qrc,44,2,-0.0043290043290044045,0.0007073023901724707,0.010721429831276441,-0.0043290043290042934
dvs,development,natural-minus-fixed12:comparison:fixed:q8-i4-qrc:comparison:fixed12:q8-i4-qrc,held,natural-minus-fixed12,comparison:fixed:q8-i4-qrc,comparison:fixed12:q8-i4-qrc,44,3,0.08391608391608385,0.0876127994216811,0.08528871603737898,0.08391608391608396
dvs,development,natural-minus-fixed12:comparison:fixed:q8-i4-qrc:comparison:fixed12:q8-i4-qrc,held,natural-minus-fixed12,comparison:fixed:q8-i4-qrc,comparison:fixed12:q8-i4-qrc,46,0,0.06060606060606055,0.06196595451799036,0.05298217452551224,0.06060606060606066
dvs,development,natural-minus-fixed12:comparison:fixed:q8-i4-qrc:comparison:fixed12:q8-i4-qrc,held,natural-minus-fixed12,comparison:fixed:q8-i4-qrc,comparison:fixed12:q8-i4-qrc,46,1,0.08677685950413228,0.087527783466394,0.07465189848901099,0.08677685950413228
dvs,development,natural-minus-fixed12:comparison:fixed:q8-i4-qrc:comparison:fixed12:q8-i4-qrc,held,natural-minus-fixed12,comparison:fixed:q8-i4-qrc,comparison:fixed12:q8-i4-qrc,46,2,0.07359307359307365,0.06648839705331921,0.06222305592352395,0.07359307359307354
dvs,development,natural-minus-fixed12:comparison:fixed:q8-i4-qrc:comparison:fixed12:q8-i4-qrc,held,natural-minus-fixed12,comparison:fixed:q8-i4-qrc,comparison:fixed12:q8-i4-qrc,46,3,0.05594405594405594,0.06452224376716686,0.05839837524329494,0.05594405594405605
dvs,official,natural-minus-fixed12:comparison:fixed:q8-i4-qrc:comparison:fixed12:q8-i4-qrc,held,natural-minus-fixed12,comparison:fixed:q8-i4-qrc,comparison:fixed12:q8-i4-qrc,42,official,0.06818181818181812,0.06856937297596932,0.05788805613880754,0.06818181818181823
dvs,official,natural-minus-fixed12:comparison:fixed:q8-i4-qrc:comparison:fixed12:q8-i4-qrc,held,natural-minus-fixed12,comparison:fixed:q8-i4-qrc,comparison:fixed12:q8-i4-qrc,44,official,0.04166666666666663,0.041798214972716186,0.0410115986874896,0.04166666666666641
dvs,official,natural-minus-fixed12:comparison:fixed:q8-i4-qrc:comparison:fixed12:q8-i4-qrc,held,natural-minus-fixed12,comparison:fixed:q8-i4-qrc,comparison:fixed12:q8-i4-qrc,46,official,0.0492424242424242,0.05169073146986891,0.032563266101920285,0.0492424242424242
dvs,confirmation,reservoir-minus-projection:comparison:fixed:q8-i4-qrc:comparison:projection:i4,held,reservoir-minus-projection,comparison:fixed:q8-i4-qrc,comparison:projection:i4,42,confirmation,0.21319796954314718,0.23412724861407885,0.19112245092586277,0.21360665478312546
dvs,confirmation,reservoir-minus-projection:comparison:fixed:q8-i4-qrc:comparison:projection:i4,held,reservoir-minus-projection,comparison:fixed:q8-i4-qrc,comparison:projection:i4,44,confirmation,0.2335025380710659,0.2498327781282047,0.19849719369690244,0.2332144979203804
dvs,confirmation,reservoir-minus-projection:comparison:fixed:q8-i4-qrc:comparison:projection:i4,held,reservoir-minus-projection,comparison:fixed:q8-i4-qrc,comparison:projection:i4,46,confirmation,0.1675126903553299,0.18407835358591396,0.14109236405367054,0.16726084373143202
dvs,development,reservoir-minus-projection:comparison:fixed:q8-i4-qrc:comparison:projection:i4,held,reservoir-minus-projection,comparison:fixed:q8-i4-qrc,comparison:projection:i4,42,0,0.17045454545454541,0.19475520601985763,0.1864062992828477,0.17045454545454541
dvs,development,reservoir-minus-projection:comparison:fixed:q8-i4-qrc:comparison:projection:i4,held,reservoir-minus-projection,comparison:fixed:q8-i4-qrc,comparison:projection:i4,42,1,0.1446280991735538,0.15979484002435917,0.15670855471387346,0.14462809917355368
dvs,development,reservoir-minus-projection:comparison:fixed:q8-i4-qrc:comparison:projection:i4,held,reservoir-minus-projection,comparison:fixed:q8-i4-qrc,comparison:projection:i4,42,2,0.17316017316017318,0.1761837293093863,0.16740418342183971,0.1731601731601733
dvs,development,reservoir-minus-projection:comparison:fixed:q8-i4-qrc:comparison:projection:i4,held,reservoir-minus-projection,comparison:fixed:q8-i4-qrc,comparison:projection:i4,42,3,0.1678321678321678,0.17882658257841966,0.17541622386119993,0.1678321678321678
dvs,development,reservoir-minus-projection:comparison:fixed:q8-i4-qrc:comparison:projection:i4,held,reservoir-minus-projection,comparison:fixed:q8-i4-qrc,comparison:projection:i4,44,0,0.18560606060606055,0.20784914262889276,0.1884085688692687,0.18560606060606066
dvs,development,reservoir-minus-projection:comparison:fixed:q8-i4-qrc:comparison:projection:i4,held,reservoir-minus-projection,comparison:fixed:q8-i4-qrc,comparison:projection:i4,44,1,0.17355371900826455,0.19038513254012135,0.18199916260170212,0.17355371900826444
dvs,development,reservoir-minus-projection:comparison:fixed:q8-i4-qrc:comparison:projection:i4,held,reservoir-minus-projection,comparison:fixed:q8-i4-qrc,comparison:projection:i4,44,2,0.18181818181818177,0.18652818174068364,0.17771194773088517,0.18181818181818188
dvs,development,reservoir-minus-projection:comparison:fixed:q8-i4-qrc:comparison:projection:i4,held,reservoir-minus-projection,comparison:fixed:q8-i4-qrc,comparison:projection:i4,44,3,0.18881118881118875,0.20301565566701663,0.18461738366396396,0.18881118881118886
dvs,development,reservoir-minus-projection:comparison:fixed:q8-i4-qrc:comparison:projection:i4,held,reservoir-minus-projection,comparison:fixed:q8-i4-qrc,comparison:projection:i4,46,0,0.17803030303030298,0.20221295436038,0.1880625966482825,0.1780303030303031
dvs,development,reservoir-minus-projection:comparison:fixed:q8-i4-qrc:comparison:projection:i4,held,reservoir-minus-projection,comparison:fixed:q8-i4-qrc,comparison:projection:i4,46,1,0.17355371900826455,0.1902872207077364,0.16524211222962915,0.17355371900826444
dvs,development,reservoir-minus-projection:comparison:fixed:q8-i4-qrc:comparison:projection:i4,held,reservoir-minus-projection,comparison:fixed:q8-i4-qrc,comparison:projection:i4,46,2,0.12121212121212122,0.11353243992880879,0.09263347914635922,0.12121212121212133
dvs,development,reservoir-minus-projection:comparison:fixed:q8-i4-qrc:comparison:projection:i4,held,reservoir-minus-projection,comparison:fixed:q8-i4-qrc,comparison:projection:i4,46,3,0.12587412587412583,0.1381939833136555,0.12492964864200429,0.12587412587412594
dvs,official,reservoir-minus-projection:comparison:fixed:q8-i4-qrc:comparison:projection:i4,held,reservoir-minus-projection,comparison:fixed:q8-i4-qrc,comparison:projection:i4,42,official,0.23863636363636354,0.25130744613795464,0.21346014055979345,0.23863636363636365
dvs,official,reservoir-minus-projection:comparison:fixed:q8-i4-qrc:comparison:projection:i4,held,reservoir-minus-projection,comparison:fixed:q8-i4-qrc,comparison:projection:i4,44,official,0.24242424242424232,0.25321244519377084,0.2138215885373408,0.2424242424242422
dvs,official,reservoir-minus-projection:comparison:fixed:q8-i4-qrc:comparison:projection:i4,held,reservoir-minus-projection,comparison:fixed:q8-i4-qrc,comparison:projection:i4,46,official,0.22727272727272718,0.2406862817000892,0.21367451666655557,0.2272727272727273
dvs,confirmation,tuned-minus-fixed:comparison:tuned:q8-i4-crc:comparison:fixed:q8-i4-crc,held,tuned-minus-fixed,comparison:tuned:q8-i4-crc,comparison:fixed:q8-i4-crc,42,confirmation,0.025380710659898442,0.02545132153480678,0.03753549792215838,0.024955436720142554
dvs,confirmation,tuned-minus-fixed:comparison:tuned:q8-i4-crc:comparison:fixed:q8-i4-crc,held,tuned-minus-fixed,comparison:tuned:q8-i4-crc,comparison:fixed:q8-i4-crc,44,confirmation,0.025380710659898442,0.029257677740569532,0.037574953515222664,0.025252525252525082
dvs,confirmation,tuned-minus-fixed:comparison:tuned:q8-i4-crc:comparison:fixed:q8-i4-crc,held,tuned-minus-fixed,comparison:tuned:q8-i4-crc,comparison:fixed:q8-i4-crc,46,confirmation,0.015228426395939132,0.010662378911094561,0.014243358114275462,0.01455733808674975
dvs,development,tuned-minus-fixed:comparison:tuned:q8-i4-crc:comparison:fixed:q8-i4-crc,held,tuned-minus-fixed,comparison:tuned:q8-i4-crc,comparison:fixed:q8-i4-crc,42,0,0.05681818181818188,0.07133252940861012,0.0582926076598238,0.05681818181818177
dvs,development,tuned-minus-fixed:comparison:tuned:q8-i4-crc:comparison:fixed:q8-i4-crc,held,tuned-minus-fixed,comparison:tuned:q8-i4-crc,comparison:fixed:q8-i4-crc,42,1,0.045454545454545414,0.04554274026275851,0.04576818670881777,0.0454545454545453
dvs,development,tuned-minus-fixed:comparison:tuned:q8-i4-crc:comparison:fixed:q8-i4-crc,held,tuned-minus-fixed,comparison:tuned:q8-i4-crc,comparison:fixed:q8-i4-crc,42,2,0.038961038961038974,0.03940720372790241,0.038600390974586674,0.038961038961038974
dvs,development,tuned-minus-fixed:comparison:tuned:q8-i4-crc:comparison:fixed:q8-i4-crc,held,tuned-minus-fixed,comparison:tuned:q8-i4-crc,comparison:fixed:q8-i4-crc,42,3,0.013986013986013957,0.01413166272078914,0.012498085693272931,0.013986013986013957
dvs,development,tuned-minus-fixed:comparison:tuned:q8-i4-crc:comparison:fixed:q8-i4-crc,held,tuned-minus-fixed,comparison:tuned:q8-i4-crc,comparison:fixed:q8-i4-crc,44,0,0.011363636363636354,0.022539795582264488,-0.007575585681130148,0.011363636363636354
dvs,development,tuned-minus-fixed:comparison:tuned:q8-i4-crc:comparison:fixed:q8-i4-crc,held,tuned-minus-fixed,comparison:tuned:q8-i4-crc,comparison:fixed:q8-i4-crc,44,1,-0.016528925619834767,-0.008019285336163473,-0.002409431846282728,-0.016528925619834767
dvs,development,tuned-minus-fixed:comparison:tuned:q8-i4-crc:comparison:fixed:q8-i4-crc,held,tuned-minus-fixed,comparison:tuned:q8-i4-crc,comparison:fixed:q8-i4-crc,44,2,0.030303030303030276,0.030593581464959718,0.02969478843388207,0.030303030303030387
dvs,development,tuned-minus-fixed:comparison:tuned:q8-i4-crc:comparison:fixed:q8-i4-crc,held,tuned-minus-fixed,comparison:tuned:q8-i4-crc,comparison:fixed:q8-i4-crc,44,3,-0.027972027972027913,-0.033504813249940923,-0.030623943792393082,-0.027972027972028135
dvs,development,tuned-minus-fixed:comparison:tuned:q8-i4-crc:comparison:fixed:q8-i4-crc,held,tuned-minus-fixed,comparison:tuned:q8-i4-crc,comparison:fixed:q8-i4-crc,46,0,0.053030303030303094,0.06717509686496237,0.05162782161735879,0.053030303030303094
dvs,development,tuned-minus-fixed:comparison:tuned:q8-i4-crc:comparison:fixed:q8-i4-crc,held,tuned-minus-fixed,comparison:tuned:q8-i4-crc,comparison:fixed:q8-i4-crc,46,1,0.04132231404958675,0.04514504477971393,0.032552852722737224,0.04132231404958686
dvs,development,tuned-minus-fixed:comparison:tuned:q8-i4-crc:comparison:fixed:q8-i4-crc,held,tuned-minus-fixed,comparison:tuned:q8-i4-crc,comparison:fixed:q8-i4-crc,46,2,0.05627705627705626,0.05323153675020764,0.04508199087431053,0.05627705627705626
dvs,development,tuned-minus-fixed:comparison:tuned:q8-i4-crc:comparison:fixed:q8-i4-crc,held,tuned-minus-fixed,comparison:tuned:q8-i4-crc,comparison:fixed:q8-i4-crc,46,3,-0.013986013986013957,-0.014092232433516427,-0.0094307430537377,-0.013986013986013957
dvs,official,tuned-minus-fixed:comparison:tuned:q8-i4-crc:comparison:fixed:q8-i4-crc,held,tuned-minus-fixed,comparison:tuned:q8-i4-crc,comparison:fixed:q8-i4-crc,42,official,0.022727272727272818,0.023420750810004165,0.013696409031337287,0.022727272727272596
dvs,official,tuned-minus-fixed:comparison:tuned:q8-i4-crc:comparison:fixed:q8-i4-crc,held,tuned-minus-fixed,comparison:tuned:q8-i4-crc,comparison:fixed:q8-i4-crc,44,official,-0.030303030303030387,-0.027662406815672225,-0.020492192722794234,-0.030303030303030276
dvs,official,tuned-minus-fixed:comparison:tuned:q8-i4-crc:comparison:fixed:q8-i4-crc,held,tuned-minus-fixed,comparison:tuned:q8-i4-crc,comparison:fixed:q8-i4-crc,46,official,-0.0037878787878787845,-0.002655703252267605,-0.005327762808016723,-0.0037878787878787845
dvs,confirmation,natural-minus-fixed12:comparison:fixed:q8-i4-crc:comparison:fixed12:q8-i4-crc,held,natural-minus-fixed12,comparison:fixed:q8-i4-crc,comparison:fixed12:q8-i4-crc,42,confirmation,0.0,0.000590817510428443,-0.008553780543311684,0.0002970885323826389
dvs,confirmation,natural-minus-fixed12:comparison:fixed:q8-i4-crc:comparison:fixed12:q8-i4-crc,held,natural-minus-fixed12,comparison:fixed:q8-i4-crc,comparison:fixed12:q8-i4-crc,44,confirmation,0.025380710659898442,0.024865056763423987,0.012989277925675724,0.025846702317290693
dvs,confirmation,natural-minus-fixed12:comparison:fixed:q8-i4-crc:comparison:fixed12:q8-i4-crc,held,natural-minus-fixed12,comparison:fixed:q8-i4-crc,comparison:fixed12:q8-i4-crc,46,confirmation,-0.010152284263959421,-0.002127300210430505,-0.03662104312659442,-0.010101010101010055
dvs,development,natural-minus-fixed12:comparison:fixed:q8-i4-crc:comparison:fixed12:q8-i4-crc,held,natural-minus-fixed12,comparison:fixed:q8-i4-crc,comparison:fixed12:q8-i4-crc,42,0,0.06818181818181812,0.06561516194467398,0.04801211744157863,0.06818181818181801
dvs,development,natural-minus-fixed12:comparison:fixed:q8-i4-crc:comparison:fixed12:q8-i4-crc,held,natural-minus-fixed12,comparison:fixed:q8-i4-crc,comparison:fixed12:q8-i4-crc,42,1,0.07438016528925628,0.07197592372185746,0.05934895052137179,0.07438016528925628
dvs,development,natural-minus-fixed12:comparison:fixed:q8-i4-crc:comparison:fixed12:q8-i4-crc,held,natural-minus-fixed12,comparison:fixed:q8-i4-crc,comparison:fixed12:q8-i4-crc,42,2,0.017316017316017285,0.014605463818762932,0.016429682389166755,0.017316017316017174
dvs,development,natural-minus-fixed12:comparison:fixed:q8-i4-crc:comparison:fixed12:q8-i4-crc,held,natural-minus-fixed12,comparison:fixed:q8-i4-crc,comparison:fixed12:q8-i4-crc,42,3,-0.027972027972028024,-0.0298356665398265,-0.02146010555101463,-0.027972027972028024
dvs,development,natural-minus-fixed12:comparison:fixed:q8-i4-crc:comparison:fixed12:q8-i4-crc,held,natural-minus-fixed12,comparison:fixed:q8-i4-crc,comparison:fixed12:q8-i4-crc,44,0,0.10606060606060597,0.10262624364175388,0.10779011008233763,0.10606060606060597
dvs,development,natural-minus-fixed12:comparison:fixed:q8-i4-crc:comparison:fixed12:q8-i4-crc,held,natural-minus-fixed12,comparison:fixed:q8-i4-crc,comparison:fixed12:q8-i4-crc,44,1,0.07024793388429762,0.06045456898217738,0.05723760081890461,0.07024793388429751
dvs,development,natural-minus-fixed12:comparison:fixed:q8-i4-crc:comparison:fixed12:q8-i4-crc,held,natural-minus-fixed12,comparison:fixed:q8-i4-crc,comparison:fixed12:q8-i4-crc,44,2,0.017316017316017285,0.014138874855003758,0.014447291682390118,0.017316017316017285
dvs,development,natural-minus-fixed12:comparison:fixed:q8-i4-crc:comparison:fixed12:q8-i4-crc,held,natural-minus-fixed12,comparison:fixed:q8-i4-crc,comparison:fixed12:q8-i4-crc,44,3,0.08391608391608385,0.0868269577269919,0.08080417057689782,0.08391608391608396
dvs,development,natural-minus-fixed12:comparison:fixed:q8-i4-crc:comparison:fixed12:q8-i4-crc,held,natural-minus-fixed12,comparison:fixed:q8-i4-crc,comparison:fixed12:q8-i4-crc,46,0,0.007575757575757569,0.012399406926333234,0.021250265134794333,0.007575757575757458
dvs,development,natural-minus-fixed12:comparison:fixed:q8-i4-crc:comparison:fixed12:q8-i4-crc,held,natural-minus-fixed12,comparison:fixed:q8-i4-crc,comparison:fixed12:q8-i4-crc,46,1,0.02066115702479343,0.022730773441618335,0.024722019737268952,0.02066115702479343
dvs,development,natural-minus-fixed12:comparison:fixed:q8-i4-crc:comparison:fixed12:q8-i4-crc,held,natural-minus-fixed12,comparison:fixed:q8-i4-crc,comparison:fixed12:q8-i4-crc,46,2,-0.04329004329004338,-0.03631478508322572,-0.02842083747910884,-0.04329004329004327
dvs,development,natural-minus-fixed12:comparison:fixed:q8-i4-crc:comparison:fixed12:q8-i4-crc,held,natural-minus-fixed12,comparison:fixed:q8-i4-crc,comparison:fixed12:q8-i4-crc,46,3,0.04895104895104896,0.04630512421162569,0.0397761552173318,0.04895104895104896
dvs,official,natural-minus-fixed12:comparison:fixed:q8-i4-crc:comparison:fixed12:q8-i4-crc,held,natural-minus-fixed12,comparison:fixed:q8-i4-crc,comparison:fixed12:q8-i4-crc,42,official,0.011363636363636354,0.015185810165699754,0.023343216208543183,0.011363636363636354
dvs,official,natural-minus-fixed12:comparison:fixed:q8-i4-crc:comparison:fixed12:q8-i4-crc,held,natural-minus-fixed12,comparison:fixed:q8-i4-crc,comparison:fixed12:q8-i4-crc,44,official,0.04924242424242431,0.049760547567684665,0.035302978786977524,0.0492424242424242
dvs,official,natural-minus-fixed12:comparison:fixed:q8-i4-crc:comparison:fixed12:q8-i4-crc,held,natural-minus-fixed12,comparison:fixed:q8-i4-crc,comparison:fixed12:q8-i4-crc,46,official,0.04166666666666674,0.04722557892884216,0.027553935663297224,0.04166666666666674
dvs,confirmation,reservoir-minus-projection:comparison:fixed:q8-i4-crc:comparison:projection:i4,held,reservoir-minus-projection,comparison:fixed:q8-i4-crc,comparison:projection:i4,42,confirmation,0.17766497461928932,0.1930042539209681,0.13976220120048366,0.17736185383244207
dvs,confirmation,reservoir-minus-projection:comparison:fixed:q8-i4-crc:comparison:projection:i4,held,reservoir-minus-projection,comparison:fixed:q8-i4-crc,comparison:projection:i4,44,confirmation,0.1725888324873096,0.18649946085405578,0.14303978297618092,0.17201426024955446
dvs,confirmation,reservoir-minus-projection:comparison:fixed:q8-i4-crc:comparison:projection:i4,held,reservoir-minus-projection,comparison:fixed:q8-i4-crc,comparison:projection:i4,46,confirmation,0.1675126903553299,0.18397464902438398,0.1321422830342115,0.16696375519904938
dvs,development,reservoir-minus-projection:comparison:fixed:q8-i4-crc:comparison:projection:i4,held,reservoir-minus-projection,comparison:fixed:q8-i4-crc,comparison:projection:i4,42,0,0.21212121212121204,0.21694667198167583,0.20991226149466236,0.21212121212121215
dvs,development,reservoir-minus-projection:comparison:fixed:q8-i4-crc:comparison:projection:i4,held,reservoir-minus-projection,comparison:fixed:q8-i4-crc,comparison:projection:i4,42,1,0.17355371900826455,0.18992804584979517,0.18108537453916707,0.17355371900826444
dvs,development,reservoir-minus-projection:comparison:fixed:q8-i4-crc:comparison:projection:i4,held,reservoir-minus-projection,comparison:fixed:q8-i4-crc,comparison:projection:i4,42,2,0.19047619047619047,0.18708394658911676,0.16202893601213586,0.19047619047619047
dvs,development,reservoir-minus-projection:comparison:fixed:q8-i4-crc:comparison:projection:i4,held,reservoir-minus-projection,comparison:fixed:q8-i4-crc,comparison:projection:i4,42,3,0.18881118881118875,0.20280280726029853,0.19180211070163222,0.18881118881118886
dvs,development,reservoir-minus-projection:comparison:fixed:q8-i4-crc:comparison:projection:i4,held,reservoir-minus-projection,comparison:fixed:q8-i4-crc,comparison:projection:i4,44,0,0.20833333333333326,0.21452696924857462,0.2184385155242876,0.20833333333333337
dvs,development,reservoir-minus-projection:comparison:fixed:q8-i4-crc:comparison:projection:i4,held,reservoir-minus-projection,comparison:fixed:q8-i4-crc,comparison:projection:i4,44,1,0.2024793388429753,0.21813807070727287,0.22103684922219047,0.2024793388429752
dvs,development,reservoir-minus-projection:comparison:fixed:q8-i4-crc:comparison:projection:i4,held,reservoir-minus-projection,comparison:fixed:q8-i4-crc,comparison:projection:i4,44,2,0.1515151515151515,0.14907224091149007,0.13093510158103472,0.1515151515151515
dvs,development,reservoir-minus-projection:comparison:fixed:q8-i4-crc:comparison:projection:i4,held,reservoir-minus-projection,comparison:fixed:q8-i4-crc,comparison:projection:i4,44,3,0.24475524475524468,0.25938972808852,0.23879413383001902,0.2447552447552448
dvs,development,reservoir-minus-projection:comparison:fixed:q8-i4-crc:comparison:projection:i4,held,reservoir-minus-projection,comparison:fixed:q8-i4-crc,comparison:projection:i4,46,0,0.1969696969696969,0.2015590608292005,0.19899260113792439,0.1969696969696969
dvs,development,reservoir-minus-projection:comparison:fixed:q8-i4-crc:comparison:projection:i4,held,reservoir-minus-projection,comparison:fixed:q8-i4-crc,comparison:projection:i4,46,1,0.17355371900826455,0.19510452370617304,0.2020411805289758,0.17355371900826444
dvs,development,reservoir-minus-projection:comparison:fixed:q8-i4-crc:comparison:projection:i4,held,reservoir-minus-projection,comparison:fixed:q8-i4-crc,comparison:projection:i4,46,2,0.1428571428571428,0.1446461366797177,0.1310705849907302,0.1428571428571429
dvs,development,reservoir-minus-projection:comparison:fixed:q8-i4-crc:comparison:projection:i4,held,reservoir-minus-projection,comparison:fixed:q8-i4-crc,comparison:projection:i4,46,3,0.2377622377622377,0.25139604705136076,0.22647312150900678,0.23776223776223782
dvs,official,reservoir-minus-projection:comparison:fixed:q8-i4-crc:comparison:projection:i4,held,reservoir-minus-projection,comparison:fixed:q8-i4-crc,comparison:projection:i4,42,official,0.23484848484848475,0.24759007270911193,0.2251863227532901,0.23484848484848486
dvs,official,reservoir-minus-projection:comparison:fixed:q8-i4-crc:comparison:projection:i4,held,reservoir-minus-projection,comparison:fixed:q8-i4-crc,comparison:projection:i4,44,official,0.2537878787878788,0.26424096428110044,0.22749313506584012,0.2537878787878788
dvs,official,reservoir-minus-projection:comparison:fixed:q8-i4-crc:comparison:projection:i4,held,reservoir-minus-projection,comparison:fixed:q8-i4-crc,comparison:projection:i4,46,official,0.2537878787878788,0.26535440008970856,0.23241174522160424,0.2537878787878788
dvs,confirmation,QRC-minus-CRC:comparison:fixed:q8-i6-qrc:comparison:fixed:q8-i6-crc,held,QRC-minus-CRC,comparison:fixed:q8-i6-qrc,comparison:fixed:q8-i6-crc,42,confirmation,-0.010152284263959421,-0.004573067536129294,-0.00420961047896018,-0.009209744503862138
dvs,confirmation,QRC-minus-CRC:comparison:fixed:q8-i6-qrc:comparison:fixed:q8-i6-crc,held,QRC-minus-CRC,comparison:fixed:q8-i6-qrc,comparison:fixed:q8-i6-crc,44,confirmation,0.030456852791878153,0.03409783207255901,0.026896896682534033,0.030897207367795554
dvs,confirmation,QRC-minus-CRC:comparison:fixed:q8-i6-qrc:comparison:fixed:q8-i6-crc,held,QRC-minus-CRC,comparison:fixed:q8-i6-qrc,comparison:fixed:q8-i6-crc,46,confirmation,-0.050761421319796995,-0.051315212280585,-0.041276876568638654,-0.04961378490790269
dvs,development,QRC-minus-CRC:comparison:fixed:q8-i6-qrc:comparison:fixed:q8-i6-crc,held,QRC-minus-CRC,comparison:fixed:q8-i6-qrc,comparison:fixed:q8-i6-crc,42,0,-0.011363636363636354,-0.005440507986697485,-0.028243291644635016,-0.011363636363636354
dvs,development,QRC-minus-CRC:comparison:fixed:q8-i6-qrc:comparison:fixed:q8-i6-crc,held,QRC-minus-CRC,comparison:fixed:q8-i6-qrc,comparison:fixed:q8-i6-crc,42,1,-0.008264462809917328,-0.01183594936767185,-0.014569942964059335,-0.008264462809917328
dvs,development,QRC-minus-CRC:comparison:fixed:q8-i6-qrc:comparison:fixed:q8-i6-crc,held,QRC-minus-CRC,comparison:fixed:q8-i6-qrc,comparison:fixed:q8-i6-crc,42,2,-0.021645021645021578,-0.02015361924758885,-0.0020976378898285297,-0.021645021645021578
dvs,development,QRC-minus-CRC:comparison:fixed:q8-i6-qrc:comparison:fixed:q8-i6-crc,held,QRC-minus-CRC,comparison:fixed:q8-i6-qrc,comparison:fixed:q8-i6-crc,42,3,-0.034965034965035,-0.0389472421541871,-0.03432139130844458,-0.034965034965035
dvs,development,QRC-minus-CRC:comparison:fixed:q8-i6-qrc:comparison:fixed:q8-i6-crc,held,QRC-minus-CRC,comparison:fixed:q8-i6-qrc,comparison:fixed:q8-i6-crc,44,0,0.011363636363636354,0.030008619372172918,-0.012222412199313637,0.011363636363636576
dvs,development,QRC-minus-CRC:comparison:fixed:q8-i6-qrc:comparison:fixed:q8-i6-crc,held,QRC-minus-CRC,comparison:fixed:q8-i6-qrc,comparison:fixed:q8-i6-crc,44,1,-0.016528925619834767,-0.021938662345459825,-0.021251923709461717,-0.016528925619834656
dvs,development,QRC-minus-CRC:comparison:fixed:q8-i6-qrc:comparison:fixed:q8-i6-crc,held,QRC-minus-CRC,comparison:fixed:q8-i6-qrc,comparison:fixed:q8-i6-crc,44,2,0.0,0.0021675769716250626,0.014047355200665801,0.0
dvs,development,QRC-minus-CRC:comparison:fixed:q8-i6-qrc:comparison:fixed:q8-i6-crc,held,QRC-minus-CRC,comparison:fixed:q8-i6-qrc,comparison:fixed:q8-i6-crc,44,3,-0.07692307692307687,-0.07979570543288683,-0.06544609696523584,-0.07692307692307698
dvs,development,QRC-minus-CRC:comparison:fixed:q8-i6-qrc:comparison:fixed:q8-i6-crc,held,QRC-minus-CRC,comparison:fixed:q8-i6-qrc,comparison:fixed:q8-i6-crc,46,0,-0.06439393939393934,-0.052816901914518155,-0.09360269856268877,-0.06439393939393956
dvs,development,QRC-minus-CRC:comparison:fixed:q8-i6-qrc:comparison:fixed:q8-i6-crc,held,QRC-minus-CRC,comparison:fixed:q8-i6-qrc,comparison:fixed:q8-i6-crc,46,1,-0.05371900826446285,-0.058012786814867656,-0.059640296765895995,-0.05371900826446274
dvs,development,QRC-minus-CRC:comparison:fixed:q8-i6-qrc:comparison:fixed:q8-i6-crc,held,QRC-minus-CRC,comparison:fixed:q8-i6-qrc,comparison:fixed:q8-i6-crc,46,2,-0.09956709956709964,-0.09363404643185469,-0.07061623641782366,-0.09956709956709942
dvs,development,QRC-minus-CRC:comparison:fixed:q8-i6-qrc:comparison:fixed:q8-i6-crc,held,QRC-minus-CRC,comparison:fixed:q8-i6-qrc,comparison:fixed:q8-i6-crc,46,3,-0.0699300699300699,-0.0720068618981663,-0.06313451535798853,-0.06993006993007
dvs,official,QRC-minus-CRC:comparison:fixed:q8-i6-qrc:comparison:fixed:q8-i6-crc,held,QRC-minus-CRC,comparison:fixed:q8-i6-qrc,comparison:fixed:q8-i6-crc,42,official,-0.03409090909090906,-0.03236319130585319,-0.03320675578559673,-0.03409090909090906
dvs,official,QRC-minus-CRC:comparison:fixed:q8-i6-qrc:comparison:fixed:q8-i6-crc,held,QRC-minus-CRC,comparison:fixed:q8-i6-qrc,comparison:fixed:q8-i6-crc,44,official,0.007575757575757569,0.0043154734740799006,-0.0023614930430063685,0.00757575757575768
dvs,official,QRC-minus-CRC:comparison:fixed:q8-i6-qrc:comparison:fixed:q8-i6-crc,held,QRC-minus-CRC,comparison:fixed:q8-i6-qrc,comparison:fixed:q8-i6-crc,46,official,-0.045454545454545414,-0.04773576965066695,-0.04925694541110737,-0.045454545454545636
dvs,confirmation,QRC-minus-CRC:comparison:fixed12:q8-i6-qrc:comparison:fixed12:q8-i6-crc,held,QRC-minus-CRC,comparison:fixed12:q8-i6-qrc,comparison:fixed12:q8-i6-crc,42,confirmation,0.08121827411167515,0.07668030348597599,0.09003476446623104,0.08021390374331572
dvs,confirmation,QRC-minus-CRC:comparison:fixed12:q8-i6-qrc:comparison:fixed12:q8-i6-crc,held,QRC-minus-CRC,comparison:fixed12:q8-i6-qrc,comparison:fixed12:q8-i6-crc,44,confirmation,-0.010152284263959421,-0.014397353443950212,-0.012633648913553008,-0.009506833036244777
dvs,confirmation,QRC-minus-CRC:comparison:fixed12:q8-i6-qrc:comparison:fixed12:q8-i6-crc,held,QRC-minus-CRC,comparison:fixed12:q8-i6-qrc,comparison:fixed12:q8-i6-crc,46,confirmation,-0.07614213197969544,-0.07838649891385852,-0.06748019716876419,-0.0757575757575758
dvs,development,QRC-minus-CRC:comparison:fixed12:q8-i6-qrc:comparison:fixed12:q8-i6-crc,held,QRC-minus-CRC,comparison:fixed12:q8-i6-qrc,comparison:fixed12:q8-i6-crc,42,0,-0.02651515151515149,-0.00990715945299303,-0.049318802562835384,-0.02651515151515138
dvs,development,QRC-minus-CRC:comparison:fixed12:q8-i6-qrc:comparison:fixed12:q8-i6-crc,held,QRC-minus-CRC,comparison:fixed12:q8-i6-qrc,comparison:fixed12:q8-i6-crc,42,1,-0.02892561983471076,-0.04619075776544901,-0.0284637882936547,-0.02892561983471076
dvs,development,QRC-minus-CRC:comparison:fixed12:q8-i6-qrc:comparison:fixed12:q8-i6-crc,held,QRC-minus-CRC,comparison:fixed12:q8-i6-qrc,comparison:fixed12:q8-i6-crc,42,2,0.0043290043290042934,0.006360309566421862,0.006688891134257524,0.0043290043290042934
dvs,development,QRC-minus-CRC:comparison:fixed12:q8-i6-qrc:comparison:fixed12:q8-i6-crc,held,QRC-minus-CRC,comparison:fixed12:q8-i6-qrc,comparison:fixed12:q8-i6-crc,42,3,-0.0699300699300699,-0.06635704055387548,-0.0730045472868438,-0.06993006993007
dvs,development,QRC-minus-CRC:comparison:fixed12:q8-i6-qrc:comparison:fixed12:q8-i6-crc,held,QRC-minus-CRC,comparison:fixed12:q8-i6-qrc,comparison:fixed12:q8-i6-crc,44,0,-0.05303030303030298,-0.05093184921837379,-0.06095323916475537,-0.053030303030303094
dvs,development,QRC-minus-CRC:comparison:fixed12:q8-i6-qrc:comparison:fixed12:q8-i6-crc,held,QRC-minus-CRC,comparison:fixed12:q8-i6-qrc,comparison:fixed12:q8-i6-crc,44,1,0.016528925619834767,0.004218533656226597,-0.004092908110761018,0.016528925619834767
dvs,development,QRC-minus-CRC:comparison:fixed12:q8-i6-qrc:comparison:fixed12:q8-i6-crc,held,QRC-minus-CRC,comparison:fixed12:q8-i6-qrc,comparison:fixed12:q8-i6-crc,44,2,0.0,-0.0035242325942324015,-0.011881885671050973,0.0
dvs,development,QRC-minus-CRC:comparison:fixed12:q8-i6-qrc:comparison:fixed12:q8-i6-crc,held,QRC-minus-CRC,comparison:fixed12:q8-i6-qrc,comparison:fixed12:q8-i6-crc,44,3,-0.006993006993006978,-0.007060549197574484,-0.012078036342742182,-0.006993006993006978
dvs,development,QRC-minus-CRC:comparison:fixed12:q8-i6-qrc:comparison:fixed12:q8-i6-crc,held,QRC-minus-CRC,comparison:fixed12:q8-i6-qrc,comparison:fixed12:q8-i6-crc,46,0,-0.10606060606060608,-0.10464334827785526,-0.14682355694150306,-0.10606060606060608
dvs,development,QRC-minus-CRC:comparison:fixed12:q8-i6-qrc:comparison:fixed12:q8-i6-crc,held,QRC-minus-CRC,comparison:fixed12:q8-i6-qrc,comparison:fixed12:q8-i6-crc,46,1,-0.03305785123966942,-0.03399538860181461,-0.05224680186946329,-0.03305785123966931
dvs,development,QRC-minus-CRC:comparison:fixed12:q8-i6-qrc:comparison:fixed12:q8-i6-crc,held,QRC-minus-CRC,comparison:fixed12:q8-i6-qrc,comparison:fixed12:q8-i6-crc,46,2,-0.12554112554112562,-0.12714306405076958,-0.13909771363879253,-0.1255411255411254
dvs,development,QRC-minus-CRC:comparison:fixed12:q8-i6-qrc:comparison:fixed12:q8-i6-crc,held,QRC-minus-CRC,comparison:fixed12:q8-i6-qrc,comparison:fixed12:q8-i6-crc,46,3,-0.2097902097902098,-0.23243837276605583,-0.23156129489861554,-0.20979020979020968
dvs,official,QRC-minus-CRC:comparison:fixed12:q8-i6-qrc:comparison:fixed12:q8-i6-crc,held,QRC-minus-CRC,comparison:fixed12:q8-i6-qrc,comparison:fixed12:q8-i6-crc,42,official,0.022727272727272707,0.03582563398884897,0.023347718701821618,0.022727272727272707
dvs,official,QRC-minus-CRC:comparison:fixed12:q8-i6-qrc:comparison:fixed12:q8-i6-crc,held,QRC-minus-CRC,comparison:fixed12:q8-i6-qrc,comparison:fixed12:q8-i6-crc,44,official,0.007575757575757569,0.0037433092817966696,0.002698018684367587,0.007575757575757458
dvs,official,QRC-minus-CRC:comparison:fixed12:q8-i6-qrc:comparison:fixed12:q8-i6-crc,held,QRC-minus-CRC,comparison:fixed12:q8-i6-qrc,comparison:fixed12:q8-i6-crc,46,official,-0.06439393939393945,-0.062272716314209164,-0.0666677398370763,-0.06439393939393945
dvs,confirmation,QRC-minus-CRC:comparison:tuned:q8-i6-qrc:comparison:tuned:q8-i6-crc,held,QRC-minus-CRC,comparison:tuned:q8-i6-qrc,comparison:tuned:q8-i6-crc,42,confirmation,0.005076142131979711,0.004722906686720485,9.171479423197848e-05,0.005644682115270472
dvs,confirmation,QRC-minus-CRC:comparison:tuned:q8-i6-qrc:comparison:tuned:q8-i6-crc,held,QRC-minus-CRC,comparison:tuned:q8-i6-qrc,comparison:tuned:q8-i6-crc,44,confirmation,0.0,0.001550216862405085,-0.003703222152878771,0.0
dvs,confirmation,QRC-minus-CRC:comparison:tuned:q8-i6-qrc:comparison:tuned:q8-i6-crc,held,QRC-minus-CRC,comparison:tuned:q8-i6-qrc,comparison:tuned:q8-i6-crc,46,confirmation,-0.07106598984771573,-0.07132596918218626,-0.060603634802199435,-0.06951871657754016
dvs,development,QRC-minus-CRC:comparison:tuned:q8-i6-qrc:comparison:tuned:q8-i6-crc,held,QRC-minus-CRC,comparison:tuned:q8-i6-qrc,comparison:tuned:q8-i6-crc,42,0,-0.053030303030303094,-0.04966775704112614,-0.061612256310391356,-0.05303030303030298
dvs,development,QRC-minus-CRC:comparison:tuned:q8-i6-qrc:comparison:tuned:q8-i6-crc,held,QRC-minus-CRC,comparison:tuned:q8-i6-qrc,comparison:tuned:q8-i6-crc,42,1,-0.037190082644628086,-0.04195942874322167,-0.033995719626050414,-0.037190082644628086
dvs,development,QRC-minus-CRC:comparison:tuned:q8-i6-qrc:comparison:tuned:q8-i6-crc,held,QRC-minus-CRC,comparison:tuned:q8-i6-qrc,comparison:tuned:q8-i6-crc,42,2,-0.051948051948051854,-0.049539475393297394,-0.026261938619779657,-0.051948051948051965
dvs,development,QRC-minus-CRC:comparison:tuned:q8-i6-qrc:comparison:tuned:q8-i6-crc,held,QRC-minus-CRC,comparison:tuned:q8-i6-qrc,comparison:tuned:q8-i6-crc,42,3,-0.013986013986014068,-0.014391315895837642,-0.019893840249877393,-0.013986013986014068
dvs,development,QRC-minus-CRC:comparison:tuned:q8-i6-qrc:comparison:tuned:q8-i6-crc,held,QRC-minus-CRC,comparison:tuned:q8-i6-qrc,comparison:tuned:q8-i6-crc,44,0,0.0,0.0045198384984065365,-0.01377079393879499,2.220446049250313e-16
dvs,development,QRC-minus-CRC:comparison:tuned:q8-i6-qrc:comparison:tuned:q8-i6-crc,held,QRC-minus-CRC,comparison:tuned:q8-i6-qrc,comparison:tuned:q8-i6-crc,44,1,-0.037190082644628086,-0.028646739977311264,-0.02261749998953022,-0.0371900826446282
dvs,development,QRC-minus-CRC:comparison:tuned:q8-i6-qrc:comparison:tuned:q8-i6-crc,held,QRC-minus-CRC,comparison:tuned:q8-i6-qrc,comparison:tuned:q8-i6-crc,44,2,-0.021645021645021578,-0.016933295044059826,-0.0029999950064193426,-0.02164502164502169
dvs,development,QRC-minus-CRC:comparison:tuned:q8-i6-qrc:comparison:tuned:q8-i6-crc,held,QRC-minus-CRC,comparison:tuned:q8-i6-qrc,comparison:tuned:q8-i6-crc,44,3,-0.034965034965035,-0.03601306507262625,-0.03246367534645045,-0.034965034965035
dvs,development,QRC-minus-CRC:comparison:tuned:q8-i6-qrc:comparison:tuned:q8-i6-crc,held,QRC-minus-CRC,comparison:tuned:q8-i6-qrc,comparison:tuned:q8-i6-crc,46,0,-0.10606060606060608,-0.10096648350169668,-0.11761380224013751,-0.1060606060606063
dvs,development,QRC-minus-CRC:comparison:tuned:q8-i6-qrc:comparison:tuned:q8-i6-crc,held,QRC-minus-CRC,comparison:tuned:q8-i6-qrc,comparison:tuned:q8-i6-crc,46,1,-0.12809917355371903,-0.12417472097842841,-0.1299040291463036,-0.12809917355371914
dvs,development,QRC-minus-CRC:comparison:tuned:q8-i6-qrc:comparison:tuned:q8-i6-crc,held,QRC-minus-CRC,comparison:tuned:q8-i6-qrc,comparison:tuned:q8-i6-crc,46,2,-0.1298701298701299,-0.12535983112150784,-0.1085097053428612,-0.1298701298701297
dvs,development,QRC-minus-CRC:comparison:tuned:q8-i6-qrc:comparison:tuned:q8-i6-crc,held,QRC-minus-CRC,comparison:tuned:q8-i6-qrc,comparison:tuned:q8-i6-crc,46,3,-0.1048951048951049,-0.10722010950054828,-0.1096831199103927,-0.104895104895105
dvs,official,QRC-minus-CRC:comparison:tuned:q8-i6-qrc:comparison:tuned:q8-i6-crc,held,QRC-minus-CRC,comparison:tuned:q8-i6-qrc,comparison:tuned:q8-i6-crc,42,official,-0.015151515151515138,-0.014718256828139653,-0.02106273869829467,-0.015151515151515249
dvs,official,QRC-minus-CRC:comparison:tuned:q8-i6-qrc:comparison:tuned:q8-i6-crc,held,QRC-minus-CRC,comparison:tuned:q8-i6-qrc,comparison:tuned:q8-i6-crc,44,official,-0.02651515151515149,-0.029598334308663765,-0.030138214729208967,-0.026515151515151603
dvs,official,QRC-minus-CRC:comparison:tuned:q8-i6-qrc:comparison:tuned:q8-i6-crc,held,QRC-minus-CRC,comparison:tuned:q8-i6-qrc,comparison:tuned:q8-i6-crc,46,official,-0.0757575757575758,-0.07719074958208894,-0.06870125015874973,-0.07575757575757602
dvs,confirmation,tuned-minus-fixed:comparison:tuned:q8-i6-qrc:comparison:fixed:q8-i6-qrc,held,tuned-minus-fixed,comparison:tuned:q8-i6-qrc,comparison:fixed:q8-i6-qrc,42,confirmation,0.0,0.0,0.0,0.0
dvs,confirmation,tuned-minus-fixed:comparison:tuned:q8-i6-qrc:comparison:fixed:q8-i6-qrc,held,tuned-minus-fixed,comparison:tuned:q8-i6-qrc,comparison:fixed:q8-i6-qrc,44,confirmation,0.0,0.0,0.0,0.0
dvs,confirmation,tuned-minus-fixed:comparison:tuned:q8-i6-qrc:comparison:fixed:q8-i6-qrc,held,tuned-minus-fixed,comparison:tuned:q8-i6-qrc,comparison:fixed:q8-i6-qrc,46,confirmation,0.0,0.0,0.0,0.0
dvs,development,tuned-minus-fixed:comparison:tuned:q8-i6-qrc:comparison:fixed:q8-i6-qrc,held,tuned-minus-fixed,comparison:tuned:q8-i6-qrc,comparison:fixed:q8-i6-qrc,42,0,0.0,0.0,0.0,0.0
dvs,development,tuned-minus-fixed:comparison:tuned:q8-i6-qrc:comparison:fixed:q8-i6-qrc,held,tuned-minus-fixed,comparison:tuned:q8-i6-qrc,comparison:fixed:q8-i6-qrc,42,1,0.0,0.0,0.0,0.0
dvs,development,tuned-minus-fixed:comparison:tuned:q8-i6-qrc:comparison:fixed:q8-i6-qrc,held,tuned-minus-fixed,comparison:tuned:q8-i6-qrc,comparison:fixed:q8-i6-qrc,42,2,0.0,0.0,0.0,0.0
dvs,development,tuned-minus-fixed:comparison:tuned:q8-i6-qrc:comparison:fixed:q8-i6-qrc,held,tuned-minus-fixed,comparison:tuned:q8-i6-qrc,comparison:fixed:q8-i6-qrc,42,3,0.0,0.0,0.0,0.0
dvs,development,tuned-minus-fixed:comparison:tuned:q8-i6-qrc:comparison:fixed:q8-i6-qrc,held,tuned-minus-fixed,comparison:tuned:q8-i6-qrc,comparison:fixed:q8-i6-qrc,44,0,0.0,0.0,0.0,0.0
dvs,development,tuned-minus-fixed:comparison:tuned:q8-i6-qrc:comparison:fixed:q8-i6-qrc,held,tuned-minus-fixed,comparison:tuned:q8-i6-qrc,comparison:fixed:q8-i6-qrc,44,1,0.0,0.0,0.0,0.0
dvs,development,tuned-minus-fixed:comparison:tuned:q8-i6-qrc:comparison:fixed:q8-i6-qrc,held,tuned-minus-fixed,comparison:tuned:q8-i6-qrc,comparison:fixed:q8-i6-qrc,44,2,0.0,0.0,0.0,0.0
dvs,development,tuned-minus-fixed:comparison:tuned:q8-i6-qrc:comparison:fixed:q8-i6-qrc,held,tuned-minus-fixed,comparison:tuned:q8-i6-qrc,comparison:fixed:q8-i6-qrc,44,3,0.0,0.0,0.0,0.0
dvs,development,tuned-minus-fixed:comparison:tuned:q8-i6-qrc:comparison:fixed:q8-i6-qrc,held,tuned-minus-fixed,comparison:tuned:q8-i6-qrc,comparison:fixed:q8-i6-qrc,46,0,0.0,0.0,0.0,0.0
dvs,development,tuned-minus-fixed:comparison:tuned:q8-i6-qrc:comparison:fixed:q8-i6-qrc,held,tuned-minus-fixed,comparison:tuned:q8-i6-qrc,comparison:fixed:q8-i6-qrc,46,1,0.0,0.0,0.0,0.0
dvs,development,tuned-minus-fixed:comparison:tuned:q8-i6-qrc:comparison:fixed:q8-i6-qrc,held,tuned-minus-fixed,comparison:tuned:q8-i6-qrc,comparison:fixed:q8-i6-qrc,46,2,0.0,0.0,0.0,0.0
dvs,development,tuned-minus-fixed:comparison:tuned:q8-i6-qrc:comparison:fixed:q8-i6-qrc,held,tuned-minus-fixed,comparison:tuned:q8-i6-qrc,comparison:fixed:q8-i6-qrc,46,3,0.0,0.0,0.0,0.0
dvs,official,tuned-minus-fixed:comparison:tuned:q8-i6-qrc:comparison:fixed:q8-i6-qrc,held,tuned-minus-fixed,comparison:tuned:q8-i6-qrc,comparison:fixed:q8-i6-qrc,42,official,0.0,0.0,0.0,0.0
dvs,official,tuned-minus-fixed:comparison:tuned:q8-i6-qrc:comparison:fixed:q8-i6-qrc,held,tuned-minus-fixed,comparison:tuned:q8-i6-qrc,comparison:fixed:q8-i6-qrc,44,official,0.0,0.0,0.0,0.0
dvs,official,tuned-minus-fixed:comparison:tuned:q8-i6-qrc:comparison:fixed:q8-i6-qrc,held,tuned-minus-fixed,comparison:tuned:q8-i6-qrc,comparison:fixed:q8-i6-qrc,46,official,0.0,0.0,0.0,0.0
dvs,confirmation,natural-minus-fixed12:comparison:fixed:q8-i6-qrc:comparison:fixed12:q8-i6-qrc,held,natural-minus-fixed12,comparison:fixed:q8-i6-qrc,comparison:fixed12:q8-i6-qrc,42,confirmation,0.030456852791878153,0.04075354365172612,0.03656579059055842,0.03178847296494358
dvs,confirmation,natural-minus-fixed12:comparison:fixed:q8-i6-qrc:comparison:fixed12:q8-i6-qrc,held,natural-minus-fixed12,comparison:fixed:q8-i6-qrc,comparison:fixed12:q8-i6-qrc,44,confirmation,0.050761421319796995,0.05571072556836831,0.03652669014641141,0.05020796197266786
dvs,confirmation,natural-minus-fixed12:comparison:fixed:q8-i6-qrc:comparison:fixed12:q8-i6-qrc,held,natural-minus-fixed12,comparison:fixed:q8-i6-qrc,comparison:fixed12:q8-i6-qrc,46,confirmation,0.055837563451776706,0.055833053653331466,0.056534247713777575,0.0564468211527035
dvs,development,natural-minus-fixed12:comparison:fixed:q8-i6-qrc:comparison:fixed12:q8-i6-qrc,held,natural-minus-fixed12,comparison:fixed:q8-i6-qrc,comparison:fixed12:q8-i6-qrc,42,0,0.07575757575757569,0.07947405859968659,0.06571005841830557,0.07575757575757569
dvs,development,natural-minus-fixed12:comparison:fixed:q8-i6-qrc:comparison:fixed12:q8-i6-qrc,held,natural-minus-fixed12,comparison:fixed:q8-i6-qrc,comparison:fixed12:q8-i6-qrc,42,1,0.1074380165289256,0.1185338671185241,0.09537062122560902,0.10743801652892548
dvs,development,natural-minus-fixed12:comparison:fixed:q8-i6-qrc:comparison:fixed12:q8-i6-qrc,held,natural-minus-fixed12,comparison:fixed:q8-i6-qrc,comparison:fixed12:q8-i6-qrc,42,2,0.030303030303030387,0.033757028156076285,0.04245067243507006,0.030303030303030387
dvs,development,natural-minus-fixed12:comparison:fixed:q8-i6-qrc:comparison:fixed12:q8-i6-qrc,held,natural-minus-fixed12,comparison:fixed:q8-i6-qrc,comparison:fixed12:q8-i6-qrc,42,3,0.1398601398601398,0.1382791887520901,0.12648722224081066,0.1398601398601398
dvs,development,natural-minus-fixed12:comparison:fixed:q8-i6-qrc:comparison:fixed12:q8-i6-qrc,held,natural-minus-fixed12,comparison:fixed:q8-i6-qrc,comparison:fixed12:q8-i6-qrc,44,0,0.07575757575757569,0.08211269427607226,0.06465804901164984,0.0757575757575758
dvs,development,natural-minus-fixed12:comparison:fixed:q8-i6-qrc:comparison:fixed12:q8-i6-qrc,held,natural-minus-fixed12,comparison:fixed:q8-i6-qrc,comparison:fixed12:q8-i6-qrc,44,1,0.024793388429751984,0.03603264087115843,0.04702579882629898,0.024793388429752095
dvs,development,natural-minus-fixed12:comparison:fixed:q8-i6-qrc:comparison:fixed12:q8-i6-qrc,held,natural-minus-fixed12,comparison:fixed:q8-i6-qrc,comparison:fixed12:q8-i6-qrc,44,2,0.025974025974025983,0.03638929052374773,0.04578055342956444,0.02597402597402587
dvs,development,natural-minus-fixed12:comparison:fixed:q8-i6-qrc:comparison:fixed12:q8-i6-qrc,held,natural-minus-fixed12,comparison:fixed:q8-i6-qrc,comparison:fixed12:q8-i6-qrc,44,3,0.020979020979020935,0.02600328234366056,0.03475693826453741,0.020979020979020824
dvs,development,natural-minus-fixed12:comparison:fixed:q8-i6-qrc:comparison:fixed12:q8-i6-qrc,held,natural-minus-fixed12,comparison:fixed:q8-i6-qrc,comparison:fixed12:q8-i6-qrc,46,0,0.06818181818181823,0.07704047761127708,0.07819710123367174,0.06818181818181812
dvs,development,natural-minus-fixed12:comparison:fixed:q8-i6-qrc:comparison:fixed12:q8-i6-qrc,held,natural-minus-fixed12,comparison:fixed:q8-i6-qrc,comparison:fixed12:q8-i6-qrc,46,1,0.037190082644628086,0.0379478381155538,0.04188512060987282,0.037190082644627975
dvs,development,natural-minus-fixed12:comparison:fixed:q8-i6-qrc:comparison:fixed12:q8-i6-qrc,held,natural-minus-fixed12,comparison:fixed:q8-i6-qrc,comparison:fixed12:q8-i6-qrc,46,2,0.07792207792207795,0.08458737610828215,0.10861931528132274,0.07792207792207784
dvs,development,natural-minus-fixed12:comparison:fixed:q8-i6-qrc:comparison:fixed12:q8-i6-qrc,held,natural-minus-fixed12,comparison:fixed:q8-i6-qrc,comparison:fixed12:q8-i6-qrc,46,3,0.11888111888111885,0.1342341864809099,0.1394503532555883,0.11888111888111885
dvs,official,natural-minus-fixed12:comparison:fixed:q8-i6-qrc:comparison:fixed12:q8-i6-qrc,held,natural-minus-fixed12,comparison:fixed:q8-i6-qrc,comparison:fixed12:q8-i6-qrc,42,official,0.053030303030303094,0.05319236432583474,0.030763604979332282,0.05303030303030298
dvs,official,natural-minus-fixed12:comparison:fixed:q8-i6-qrc:comparison:fixed12:q8-i6-qrc,held,natural-minus-fixed12,comparison:fixed:q8-i6-qrc,comparison:fixed12:q8-i6-qrc,44,official,0.04166666666666674,0.048780518540465834,0.039733639580461166,0.04166666666666674
dvs,official,natural-minus-fixed12:comparison:fixed:q8-i6-qrc:comparison:fixed12:q8-i6-qrc,held,natural-minus-fixed12,comparison:fixed:q8-i6-qrc,comparison:fixed12:q8-i6-qrc,46,official,0.0757575757575758,0.07590192288091335,0.07380855365687045,0.07575757575757569
dvs,confirmation,reservoir-minus-projection:comparison:fixed:q8-i6-qrc:comparison:projection:i6,held,reservoir-minus-projection,comparison:fixed:q8-i6-qrc,comparison:projection:i6,42,confirmation,0.17766497461928932,0.18619733413318507,0.16801371947938248,0.17795603089720757
dvs,confirmation,reservoir-minus-projection:comparison:fixed:q8-i6-qrc:comparison:projection:i6,held,reservoir-minus-projection,comparison:fixed:q8-i6-qrc,comparison:projection:i6,44,confirmation,0.19289340101522845,0.20018910356738717,0.1727785815298819,0.19251336898395743
dvs,confirmation,reservoir-minus-projection:comparison:fixed:q8-i6-qrc:comparison:projection:i6,held,reservoir-minus-projection,comparison:fixed:q8-i6-qrc,comparison:projection:i6,46,confirmation,0.1116751269035533,0.1146740909445294,0.10341449532369018,0.11229946524064183
dvs,development,reservoir-minus-projection:comparison:fixed:q8-i6-qrc:comparison:projection:i6,held,reservoir-minus-projection,comparison:fixed:q8-i6-qrc,comparison:projection:i6,42,0,0.18939393939393934,0.20936639568079052,0.17948348949123694,0.18939393939393923
dvs,development,reservoir-minus-projection:comparison:fixed:q8-i6-qrc:comparison:projection:i6,held,reservoir-minus-projection,comparison:fixed:q8-i6-qrc,comparison:projection:i6,42,1,0.17355371900826444,0.19550423931172,0.18794832766754244,0.17355371900826433
dvs,development,reservoir-minus-projection:comparison:fixed:q8-i6-qrc:comparison:projection:i6,held,reservoir-minus-projection,comparison:fixed:q8-i6-qrc,comparison:projection:i6,42,2,0.1341991341991342,0.13498893382610677,0.13969359282353244,0.1341991341991342
dvs,development,reservoir-minus-projection:comparison:fixed:q8-i6-qrc:comparison:projection:i6,held,reservoir-minus-projection,comparison:fixed:q8-i6-qrc,comparison:projection:i6,42,3,0.1678321678321678,0.17307520934322362,0.14236621104760705,0.1678321678321677
dvs,development,reservoir-minus-projection:comparison:fixed:q8-i6-qrc:comparison:projection:i6,held,reservoir-minus-projection,comparison:fixed:q8-i6-qrc,comparison:projection:i6,44,0,0.1969696969696969,0.2166963249781252,0.18898808020347857,0.1969696969696969
dvs,development,reservoir-minus-projection:comparison:fixed:q8-i6-qrc:comparison:projection:i6,held,reservoir-minus-projection,comparison:fixed:q8-i6-qrc,comparison:projection:i6,44,1,0.152892561983471,0.18014465503487997,0.18012007151863962,0.152892561983471
dvs,development,reservoir-minus-projection:comparison:fixed:q8-i6-qrc:comparison:projection:i6,held,reservoir-minus-projection,comparison:fixed:q8-i6-qrc,comparison:projection:i6,44,2,0.1601731601731602,0.1605948890062453,0.156773050846582,0.16017316017316008
dvs,development,reservoir-minus-projection:comparison:fixed:q8-i6-qrc:comparison:projection:i6,held,reservoir-minus-projection,comparison:fixed:q8-i6-qrc,comparison:projection:i6,44,3,0.14685314685314688,0.15119951616036875,0.13237052491555723,0.14685314685314677
dvs,development,reservoir-minus-projection:comparison:fixed:q8-i6-qrc:comparison:projection:i6,held,reservoir-minus-projection,comparison:fixed:q8-i6-qrc,comparison:projection:i6,46,0,0.11742424242424243,0.13754241717804583,0.10641325610375885,0.11742424242424221
dvs,development,reservoir-minus-projection:comparison:fixed:q8-i6-qrc:comparison:projection:i6,held,reservoir-minus-projection,comparison:fixed:q8-i6-qrc,comparison:projection:i6,46,1,0.07438016528925617,0.09556116821362937,0.08805851149938226,0.07438016528925606
dvs,development,reservoir-minus-projection:comparison:fixed:q8-i6-qrc:comparison:projection:i6,held,reservoir-minus-projection,comparison:fixed:q8-i6-qrc,comparison:projection:i6,46,2,0.06060606060606055,0.062317712691982274,0.06225957463582421,0.06060606060606055
dvs,development,reservoir-minus-projection:comparison:fixed:q8-i6-qrc:comparison:projection:i6,held,reservoir-minus-projection,comparison:fixed:q8-i6-qrc,comparison:projection:i6,46,3,0.09790209790209792,0.09794582860528345,0.06469757218420324,0.09790209790209792
dvs,official,reservoir-minus-projection:comparison:fixed:q8-i6-qrc:comparison:projection:i6,held,reservoir-minus-projection,comparison:fixed:q8-i6-qrc,comparison:projection:i6,42,official,0.21590909090909094,0.2298587536219202,0.20624790978706276,0.21590909090909083
dvs,official,reservoir-minus-projection:comparison:fixed:q8-i6-qrc:comparison:projection:i6,held,reservoir-minus-projection,comparison:fixed:q8-i6-qrc,comparison:projection:i6,44,official,0.23106060606060608,0.24340624056353521,0.22096081379636545,0.23106060606060608
dvs,official,reservoir-minus-projection:comparison:fixed:q8-i6-qrc:comparison:projection:i6,held,reservoir-minus-projection,comparison:fixed:q8-i6-qrc,comparison:projection:i6,46,official,0.15909090909090906,0.17030938041228916,0.15591315371789471,0.15909090909090895
dvs,confirmation,tuned-minus-fixed:comparison:tuned:q8-i6-crc:comparison:fixed:q8-i6-crc,held,tuned-minus-fixed,comparison:tuned:q8-i6-crc,comparison:fixed:q8-i6-crc,42,confirmation,-0.015228426395939132,-0.009295974222849779,-0.004301325273192158,-0.01485442661913261
dvs,confirmation,tuned-minus-fixed:comparison:tuned:q8-i6-crc:comparison:fixed:q8-i6-crc,held,tuned-minus-fixed,comparison:tuned:q8-i6-crc,comparison:fixed:q8-i6-crc,44,confirmation,0.030456852791878153,0.032547615210153924,0.030600118835412804,0.030897207367795554
dvs,confirmation,tuned-minus-fixed:comparison:tuned:q8-i6-crc:comparison:fixed:q8-i6-crc,held,tuned-minus-fixed,comparison:tuned:q8-i6-crc,comparison:fixed:q8-i6-crc,46,confirmation,0.02030456852791873,0.020010756901601257,0.01932675823356078,0.01990493166963747
dvs,development,tuned-minus-fixed:comparison:tuned:q8-i6-crc:comparison:fixed:q8-i6-crc,held,tuned-minus-fixed,comparison:tuned:q8-i6-crc,comparison:fixed:q8-i6-crc,42,0,0.04166666666666674,0.04422724905442865,0.03336896466575634,0.04166666666666663
dvs,development,tuned-minus-fixed:comparison:tuned:q8-i6-crc:comparison:fixed:q8-i6-crc,held,tuned-minus-fixed,comparison:tuned:q8-i6-crc,comparison:fixed:q8-i6-crc,42,1,0.02892561983471076,0.030123479375549822,0.01942577666199108,0.02892561983471076
dvs,development,tuned-minus-fixed:comparison:tuned:q8-i6-crc:comparison:fixed:q8-i6-crc,held,tuned-minus-fixed,comparison:tuned:q8-i6-crc,comparison:fixed:q8-i6-crc,42,2,0.030303030303030276,0.029385856145708544,0.024164300729951127,0.030303030303030387
dvs,development,tuned-minus-fixed:comparison:tuned:q8-i6-crc:comparison:fixed:q8-i6-crc,held,tuned-minus-fixed,comparison:tuned:q8-i6-crc,comparison:fixed:q8-i6-crc,42,3,-0.020979020979020935,-0.02455592625834946,-0.01442755105856719,-0.020979020979020935
dvs,development,tuned-minus-fixed:comparison:tuned:q8-i6-crc:comparison:fixed:q8-i6-crc,held,tuned-minus-fixed,comparison:tuned:q8-i6-crc,comparison:fixed:q8-i6-crc,44,0,0.011363636363636354,0.02548878087376638,0.0015483817394813526,0.011363636363636354
dvs,development,tuned-minus-fixed:comparison:tuned:q8-i6-crc:comparison:fixed:q8-i6-crc,held,tuned-minus-fixed,comparison:tuned:q8-i6-crc,comparison:fixed:q8-i6-crc,44,1,0.02066115702479332,0.006708077631851439,0.0013655762800685034,0.02066115702479354
dvs,development,tuned-minus-fixed:comparison:tuned:q8-i6-crc:comparison:fixed:q8-i6-crc,held,tuned-minus-fixed,comparison:tuned:q8-i6-crc,comparison:fixed:q8-i6-crc,44,2,0.021645021645021578,0.01910087201568489,0.017047350207085143,0.02164502164502169
dvs,development,tuned-minus-fixed:comparison:tuned:q8-i6-crc:comparison:fixed:q8-i6-crc,held,tuned-minus-fixed,comparison:tuned:q8-i6-crc,comparison:fixed:q8-i6-crc,44,3,-0.04195804195804187,-0.04378264036026058,-0.032982421618785396,-0.04195804195804198
dvs,development,tuned-minus-fixed:comparison:tuned:q8-i6-crc:comparison:fixed:q8-i6-crc,held,tuned-minus-fixed,comparison:tuned:q8-i6-crc,comparison:fixed:q8-i6-crc,46,0,0.04166666666666674,0.048149581587178525,0.024011103677448742,0.04166666666666674
dvs,development,tuned-minus-fixed:comparison:tuned:q8-i6-crc:comparison:fixed:q8-i6-crc,held,tuned-minus-fixed,comparison:tuned:q8-i6-crc,comparison:fixed:q8-i6-crc,46,1,0.07438016528925617,0.06616193416356075,0.07026373238040762,0.0743801652892564
dvs,development,tuned-minus-fixed:comparison:tuned:q8-i6-crc:comparison:fixed:q8-i6-crc,held,tuned-minus-fixed,comparison:tuned:q8-i6-crc,comparison:fixed:q8-i6-crc,46,2,0.030303030303030276,0.03172578468965315,0.03789346892503753,0.030303030303030276
dvs,development,tuned-minus-fixed:comparison:tuned:q8-i6-crc:comparison:fixed:q8-i6-crc,held,tuned-minus-fixed,comparison:tuned:q8-i6-crc,comparison:fixed:q8-i6-crc,46,3,0.034965034965035,0.03521324760238198,0.04654860455240417,0.034965034965035
dvs,official,tuned-minus-fixed:comparison:tuned:q8-i6-crc:comparison:fixed:q8-i6-crc,held,tuned-minus-fixed,comparison:tuned:q8-i6-crc,comparison:fixed:q8-i6-crc,42,official,-0.018939393939393923,-0.017644934477713536,-0.012144017087302061,-0.01893939393939381
dvs,official,tuned-minus-fixed:comparison:tuned:q8-i6-crc:comparison:fixed:q8-i6-crc,held,tuned-minus-fixed,comparison:tuned:q8-i6-crc,comparison:fixed:q8-i6-crc,44,official,0.03409090909090906,0.033913807782743666,0.0277767216862026,0.03409090909090928
dvs,official,tuned-minus-fixed:comparison:tuned:q8-i6-crc:comparison:fixed:q8-i6-crc,held,tuned-minus-fixed,comparison:tuned:q8-i6-crc,comparison:fixed:q8-i6-crc,46,official,0.030303030303030387,0.029454979931421987,0.01944430474764236,0.030303030303030387
dvs,confirmation,natural-minus-fixed12:comparison:fixed:q8-i6-crc:comparison:fixed12:q8-i6-crc,held,natural-minus-fixed12,comparison:fixed:q8-i6-crc,comparison:fixed12:q8-i6-crc,42,confirmation,0.12182741116751272,0.1220069146738314,0.13081016553574965,0.12121212121212144
dvs,confirmation,natural-minus-fixed12:comparison:fixed:q8-i6-crc:comparison:fixed12:q8-i6-crc,held,natural-minus-fixed12,comparison:fixed:q8-i6-crc,comparison:fixed12:q8-i6-crc,44,confirmation,0.010152284263959421,0.007215540051859093,-0.00300385544967563,0.009803921568627527
dvs,confirmation,natural-minus-fixed12:comparison:fixed:q8-i6-crc:comparison:fixed12:q8-i6-crc,held,natural-minus-fixed12,comparison:fixed:q8-i6-crc,comparison:fixed12:q8-i6-crc,46,confirmation,0.030456852791878264,0.02876176702005795,0.03033092711365204,0.030303030303030387
dvs,development,natural-minus-fixed12:comparison:fixed:q8-i6-crc:comparison:fixed12:q8-i6-crc,held,natural-minus-fixed12,comparison:fixed:q8-i6-crc,comparison:fixed12:q8-i6-crc,42,0,0.06060606060606055,0.07500740713339105,0.044634547500105204,0.06060606060606066
dvs,development,natural-minus-fixed12:comparison:fixed:q8-i6-crc:comparison:fixed12:q8-i6-crc,held,natural-minus-fixed12,comparison:fixed:q8-i6-crc,comparison:fixed12:q8-i6-crc,42,1,0.08677685950413216,0.08417905872074694,0.08147677589601365,0.08677685950413205
dvs,development,natural-minus-fixed12:comparison:fixed:q8-i6-crc:comparison:fixed12:q8-i6-crc,held,natural-minus-fixed12,comparison:fixed:q8-i6-crc,comparison:fixed12:q8-i6-crc,42,2,0.05627705627705626,0.060270956970087,0.05123720145915611,0.05627705627705626
dvs,development,natural-minus-fixed12:comparison:fixed:q8-i6-crc:comparison:fixed12:q8-i6-crc,held,natural-minus-fixed12,comparison:fixed:q8-i6-crc,comparison:fixed12:q8-i6-crc,42,3,0.1048951048951049,0.11086939035240173,0.08780406626241144,0.10489510489510478
dvs,development,natural-minus-fixed12:comparison:fixed:q8-i6-crc:comparison:fixed12:q8-i6-crc,held,natural-minus-fixed12,comparison:fixed:q8-i6-crc,comparison:fixed12:q8-i6-crc,44,0,0.011363636363636354,0.001172225685525552,0.01592722204620811,0.011363636363636131
dvs,development,natural-minus-fixed12:comparison:fixed:q8-i6-crc:comparison:fixed12:q8-i6-crc,held,natural-minus-fixed12,comparison:fixed:q8-i6-crc,comparison:fixed12:q8-i6-crc,44,1,0.05785123966942152,0.06218983687284485,0.06418481442499968,0.05785123966942152
dvs,development,natural-minus-fixed12:comparison:fixed:q8-i6-crc:comparison:fixed12:q8-i6-crc,held,natural-minus-fixed12,comparison:fixed:q8-i6-crc,comparison:fixed12:q8-i6-crc,44,2,0.025974025974025983,0.030697480957890266,0.019851312557847667,0.02597402597402587
dvs,development,natural-minus-fixed12:comparison:fixed:q8-i6-crc:comparison:fixed12:q8-i6-crc,held,natural-minus-fixed12,comparison:fixed:q8-i6-crc,comparison:fixed12:q8-i6-crc,44,3,0.09090909090909083,0.09873843857897291,0.08812499888703107,0.09090909090909083
dvs,development,natural-minus-fixed12:comparison:fixed:q8-i6-crc:comparison:fixed12:q8-i6-crc,held,natural-minus-fixed12,comparison:fixed:q8-i6-crc,comparison:fixed12:q8-i6-crc,46,0,0.02651515151515149,0.025214031247939972,0.024976242854857444,0.026515151515151603
dvs,development,natural-minus-fixed12:comparison:fixed:q8-i6-crc:comparison:fixed12:q8-i6-crc,held,natural-minus-fixed12,comparison:fixed:q8-i6-crc,comparison:fixed12:q8-i6-crc,46,1,0.05785123966942152,0.06196523632860684,0.04927861550630552,0.057851239669421406
dvs,development,natural-minus-fixed12:comparison:fixed:q8-i6-crc:comparison:fixed12:q8-i6-crc,held,natural-minus-fixed12,comparison:fixed:q8-i6-crc,comparison:fixed12:q8-i6-crc,46,2,0.051948051948051965,0.05107835848936726,0.04013783806035387,0.051948051948051854
dvs,development,natural-minus-fixed12:comparison:fixed:q8-i6-crc:comparison:fixed12:q8-i6-crc,held,natural-minus-fixed12,comparison:fixed:q8-i6-crc,comparison:fixed12:q8-i6-crc,46,3,-0.020979020979021046,-0.026197324386979637,-0.028976426285038714,-0.020979020979020824
dvs,official,natural-minus-fixed12:comparison:fixed:q8-i6-crc:comparison:fixed12:q8-i6-crc,held,natural-minus-fixed12,comparison:fixed:q8-i6-crc,comparison:fixed12:q8-i6-crc,42,official,0.10984848484848486,0.1213811896205369,0.08731807946675063,0.10984848484848475
dvs,official,natural-minus-fixed12:comparison:fixed:q8-i6-crc:comparison:fixed12:q8-i6-crc,held,natural-minus-fixed12,comparison:fixed:q8-i6-crc,comparison:fixed12:q8-i6-crc,44,official,0.04166666666666674,0.0482083543481826,0.04479315130783512,0.04166666666666652
dvs,official,natural-minus-fixed12:comparison:fixed:q8-i6-crc:comparison:fixed12:q8-i6-crc,held,natural-minus-fixed12,comparison:fixed:q8-i6-crc,comparison:fixed12:q8-i6-crc,46,official,0.05681818181818177,0.06136497621737114,0.05639775923090151,0.05681818181818188
dvs,confirmation,reservoir-minus-projection:comparison:fixed:q8-i6-crc:comparison:projection:i6,held,reservoir-minus-projection,comparison:fixed:q8-i6-crc,comparison:projection:i6,42,confirmation,0.18781725888324874,0.19077040166931436,0.17222332995834266,0.1871657754010697
dvs,confirmation,reservoir-minus-projection:comparison:fixed:q8-i6-crc:comparison:projection:i6,held,reservoir-minus-projection,comparison:fixed:q8-i6-crc,comparison:projection:i6,44,confirmation,0.1624365482233503,0.16609127149482816,0.14588168484734787,0.16161616161616188
dvs,confirmation,reservoir-minus-projection:comparison:fixed:q8-i6-crc:comparison:projection:i6,held,reservoir-minus-projection,comparison:fixed:q8-i6-crc,comparison:projection:i6,46,confirmation,0.1624365482233503,0.1659893032251144,0.14469137189232884,0.16191325014854452
dvs,development,reservoir-minus-projection:comparison:fixed:q8-i6-crc:comparison:projection:i6,held,reservoir-minus-projection,comparison:fixed:q8-i6-crc,comparison:projection:i6,42,0,0.2007575757575757,0.214806903667488,0.20772678113587195,0.20075757575757558
dvs,development,reservoir-minus-projection:comparison:fixed:q8-i6-crc:comparison:projection:i6,held,reservoir-minus-projection,comparison:fixed:q8-i6-crc,comparison:projection:i6,42,1,0.18181818181818177,0.20734018867939186,0.20251827063160177,0.18181818181818166
dvs,development,reservoir-minus-projection:comparison:fixed:q8-i6-crc:comparison:projection:i6,held,reservoir-minus-projection,comparison:fixed:q8-i6-crc,comparison:projection:i6,42,2,0.15584415584415579,0.15514255307369562,0.14179123071336097,0.15584415584415579
dvs,development,reservoir-minus-projection:comparison:fixed:q8-i6-crc:comparison:projection:i6,held,reservoir-minus-projection,comparison:fixed:q8-i6-crc,comparison:projection:i6,42,3,0.2027972027972028,0.21202245149741072,0.17668760235605163,0.2027972027972027
dvs,development,reservoir-minus-projection:comparison:fixed:q8-i6-crc:comparison:projection:i6,held,reservoir-minus-projection,comparison:fixed:q8-i6-crc,comparison:projection:i6,44,0,0.18560606060606055,0.18668770560595227,0.2012104924027922,0.18560606060606033
dvs,development,reservoir-minus-projection:comparison:fixed:q8-i6-crc:comparison:projection:i6,held,reservoir-minus-projection,comparison:fixed:q8-i6-crc,comparison:projection:i6,44,1,0.16942148760330578,0.2020833173803398,0.20137199522810134,0.16942148760330566
dvs,development,reservoir-minus-projection:comparison:fixed:q8-i6-crc:comparison:projection:i6,held,reservoir-minus-projection,comparison:fixed:q8-i6-crc,comparison:projection:i6,44,2,0.1601731601731602,0.15842731203462024,0.1427256956459162,0.16017316017316008
dvs,development,reservoir-minus-projection:comparison:fixed:q8-i6-crc:comparison:projection:i6,held,reservoir-minus-projection,comparison:fixed:q8-i6-crc,comparison:projection:i6,44,3,0.22377622377622375,0.23099522159325558,0.19781662188079308,0.22377622377622375
dvs,development,reservoir-minus-projection:comparison:fixed:q8-i6-crc:comparison:projection:i6,held,reservoir-minus-projection,comparison:fixed:q8-i6-crc,comparison:projection:i6,46,0,0.18181818181818177,0.19035931909256398,0.20001595466644762,0.18181818181818177
dvs,development,reservoir-minus-projection:comparison:fixed:q8-i6-crc:comparison:projection:i6,held,reservoir-minus-projection,comparison:fixed:q8-i6-crc,comparison:projection:i6,46,1,0.12809917355371903,0.15357395502849702,0.14769880826527826,0.1280991735537188
dvs,development,reservoir-minus-projection:comparison:fixed:q8-i6-crc:comparison:projection:i6,held,reservoir-minus-projection,comparison:fixed:q8-i6-crc,comparison:projection:i6,46,2,0.1601731601731602,0.15595175912383696,0.13287581105364787,0.16017316017315997
dvs,development,reservoir-minus-projection:comparison:fixed:q8-i6-crc:comparison:projection:i6,held,reservoir-minus-projection,comparison:fixed:q8-i6-crc,comparison:projection:i6,46,3,0.1678321678321678,0.16995269050344974,0.12783208754219177,0.16783216783216792
dvs,official,reservoir-minus-projection:comparison:fixed:q8-i6-crc:comparison:projection:i6,held,reservoir-minus-projection,comparison:fixed:q8-i6-crc,comparison:projection:i6,42,official,0.25,0.2622219449277734,0.2394546655726595,0.2499999999999999
dvs,official,reservoir-minus-projection:comparison:fixed:q8-i6-crc:comparison:projection:i6,held,reservoir-minus-projection,comparison:fixed:q8-i6-crc,comparison:projection:i6,44,official,0.2234848484848485,0.2390907670894553,0.22332230683937182,0.2234848484848484
dvs,official,reservoir-minus-projection:comparison:fixed:q8-i6-crc:comparison:projection:i6,held,reservoir-minus-projection,comparison:fixed:q8-i6-crc,comparison:projection:i6,46,official,0.20454545454545447,0.2180451500629561,0.20517009912900208,0.20454545454545459
dvs,confirmation,partial-minus-reset-all:recurrence:qrc:partial:recurrence:qrc:all,held,partial-minus-reset-all,recurrence:qrc:partial,recurrence:qrc:all,42,confirmation,0.07106598984771573,0.07668913967984536,0.05777247400523522,0.07070707070707072
dvs,confirmation,partial-minus-reset-all:recurrence:qrc:partial:recurrence:qrc:all,held,partial-minus-reset-all,recurrence:qrc:partial,recurrence:qrc:all,44,confirmation,0.11675126903553301,0.1180810530247205,0.11090707133977362,0.11675579322638141
dvs,confirmation,partial-minus-reset-all:recurrence:qrc:partial:recurrence:qrc:all,held,partial-minus-reset-all,recurrence:qrc:partial,recurrence:qrc:all,46,confirmation,0.06091370558375642,0.06767105847089283,0.07506739890500091,0.06090314913844341
dvs,development,partial-minus-reset-all:recurrence:qrc:partial:recurrence:qrc:all,held,partial-minus-reset-all,recurrence:qrc:partial,recurrence:qrc:all,42,0,0.06439393939393945,0.06964508710149642,0.07519684749947908,0.06439393939393934
dvs,development,partial-minus-reset-all:recurrence:qrc:partial:recurrence:qrc:all,held,partial-minus-reset-all,recurrence:qrc:partial,recurrence:qrc:all,42,1,-0.004132231404958664,-0.003953729978818599,-0.0017578369074806588,-0.004132231404958553
dvs,development,partial-minus-reset-all:recurrence:qrc:partial:recurrence:qrc:all,held,partial-minus-reset-all,recurrence:qrc:partial,recurrence:qrc:all,42,2,0.09523809523809523,0.095495034285771,0.08990784070270086,0.09523809523809523
dvs,development,partial-minus-reset-all:recurrence:qrc:partial:recurrence:qrc:all,held,partial-minus-reset-all,recurrence:qrc:partial,recurrence:qrc:all,42,3,0.0979020979020978,0.10307930101841478,0.060215171044048055,0.09790209790209803
dvs,development,partial-minus-reset-all:recurrence:qrc:partial:recurrence:qrc:all,held,partial-minus-reset-all,recurrence:qrc:partial,recurrence:qrc:all,44,0,0.0757575757575758,0.07371966984088718,0.06691433037110472,0.07575757575757569
dvs,development,partial-minus-reset-all:recurrence:qrc:partial:recurrence:qrc:all,held,partial-minus-reset-all,recurrence:qrc:partial,recurrence:qrc:all,44,1,0.04132231404958686,0.048301322764906285,0.06804548697159363,0.04132231404958675
dvs,development,partial-minus-reset-all:recurrence:qrc:partial:recurrence:qrc:all,held,partial-minus-reset-all,recurrence:qrc:partial,recurrence:qrc:all,44,2,0.11688311688311692,0.12290963450567227,0.09374837622781795,0.11688311688311681
dvs,development,partial-minus-reset-all:recurrence:qrc:partial:recurrence:qrc:all,held,partial-minus-reset-all,recurrence:qrc:partial,recurrence:qrc:all,44,3,0.11888111888111885,0.13782190565402164,0.13393185097730553,0.11888111888111863
dvs,development,partial-minus-reset-all:recurrence:qrc:partial:recurrence:qrc:all,held,partial-minus-reset-all,recurrence:qrc:partial,recurrence:qrc:all,46,0,0.02651515151515149,0.0250031911623243,0.0332748635609138,0.02651515151515149
dvs,development,partial-minus-reset-all:recurrence:qrc:partial:recurrence:qrc:all,held,partial-minus-reset-all,recurrence:qrc:partial,recurrence:qrc:all,46,1,0.037190082644628086,0.047153390125936,0.03121704768603628,0.037190082644628086
dvs,development,partial-minus-reset-all:recurrence:qrc:partial:recurrence:qrc:all,held,partial-minus-reset-all,recurrence:qrc:partial,recurrence:qrc:all,46,2,0.09956709956709964,0.1069749784708226,0.09129185765228875,0.09956709956709953
dvs,development,partial-minus-reset-all:recurrence:qrc:partial:recurrence:qrc:all,held,partial-minus-reset-all,recurrence:qrc:partial,recurrence:qrc:all,46,3,0.12587412587412583,0.14510483907785265,0.10376136786564594,0.12587412587412594
dvs,official,partial-minus-reset-all:recurrence:qrc:partial:recurrence:qrc:all,held,partial-minus-reset-all,recurrence:qrc:partial,recurrence:qrc:all,42,official,0.03409090909090906,0.0358325795339256,0.043174402814143975,0.03409090909090906
dvs,official,partial-minus-reset-all:recurrence:qrc:partial:recurrence:qrc:all,held,partial-minus-reset-all,recurrence:qrc:partial,recurrence:qrc:all,44,official,0.06439393939393934,0.07315213142421262,0.07482102406251012,0.06439393939393934
dvs,official,partial-minus-reset-all:recurrence:qrc:partial:recurrence:qrc:all,held,partial-minus-reset-all,recurrence:qrc:partial,recurrence:qrc:all,46,official,0.05303030303030298,0.056913239949400785,0.05056382977649754,0.05303030303030287
dvs,confirmation,partial-minus-reset-all:recurrence:crc:partial:recurrence:crc:all,held,partial-minus-reset-all,recurrence:crc:partial,recurrence:crc:all,42,confirmation,0.1116751269035533,0.11676158312079288,0.1289486479703872,0.11140819964349369
dvs,confirmation,partial-minus-reset-all:recurrence:crc:partial:recurrence:crc:all,held,partial-minus-reset-all,recurrence:crc:partial,recurrence:crc:all,44,confirmation,0.050761421319796995,0.05628832163658193,0.04514738106895366,0.05050505050505061
dvs,confirmation,partial-minus-reset-all:recurrence:crc:partial:recurrence:crc:all,held,partial-minus-reset-all,recurrence:crc:partial,recurrence:crc:all,46,confirmation,0.12182741116751261,0.12410993909881196,0.10520464384100747,0.12091503267973847
dvs,development,partial-minus-reset-all:recurrence:crc:partial:recurrence:crc:all,held,partial-minus-reset-all,recurrence:crc:partial,recurrence:crc:all,42,0,0.13257575757575757,0.1313792190783658,0.13037924204214557,0.13257575757575757
dvs,development,partial-minus-reset-all:recurrence:crc:partial:recurrence:crc:all,held,partial-minus-reset-all,recurrence:crc:partial,recurrence:crc:all,42,1,0.07438016528925617,0.09203247111537138,0.088089973154028,0.07438016528925628
dvs,development,partial-minus-reset-all:recurrence:crc:partial:recurrence:crc:all,held,partial-minus-reset-all,recurrence:crc:partial,recurrence:crc:all,42,2,0.1255411255411255,0.12779145981970008,0.10173188706104075,0.1255411255411254
dvs,development,partial-minus-reset-all:recurrence:crc:partial:recurrence:crc:all,held,partial-minus-reset-all,recurrence:crc:partial,recurrence:crc:all,42,3,0.13286713286713292,0.14017765781042024,0.13159854851031316,0.13286713286713292
dvs,development,partial-minus-reset-all:recurrence:crc:partial:recurrence:crc:all,held,partial-minus-reset-all,recurrence:crc:partial,recurrence:crc:all,44,0,0.06818181818181812,0.06368726942046565,0.062894274161865,0.06818181818181812
dvs,development,partial-minus-reset-all:recurrence:crc:partial:recurrence:crc:all,held,partial-minus-reset-all,recurrence:crc:partial,recurrence:crc:all,44,1,0.09917355371900827,0.11647964838994274,0.11327826982130529,0.09917355371900827
dvs,development,partial-minus-reset-all:recurrence:crc:partial:recurrence:crc:all,held,partial-minus-reset-all,recurrence:crc:partial,recurrence:crc:all,44,2,0.051948051948051965,0.050059793358971705,0.029603498170691855,0.051948051948051854
dvs,development,partial-minus-reset-all:recurrence:crc:partial:recurrence:crc:all,held,partial-minus-reset-all,recurrence:crc:partial,recurrence:crc:all,44,3,0.06293706293706292,0.06712422196383638,0.04489644342585508,0.0629370629370627
dvs,development,partial-minus-reset-all:recurrence:crc:partial:recurrence:crc:all,held,partial-minus-reset-all,recurrence:crc:partial,recurrence:crc:all,46,0,0.10606060606060597,0.10161768066272592,0.10769107081386053,0.10606060606060597
dvs,development,partial-minus-reset-all:recurrence:crc:partial:recurrence:crc:all,held,partial-minus-reset-all,recurrence:crc:partial,recurrence:crc:all,46,1,0.06198347107438018,0.07507580367810107,0.08356059401802207,0.06198347107438007
dvs,development,partial-minus-reset-all:recurrence:crc:partial:recurrence:crc:all,held,partial-minus-reset-all,recurrence:crc:partial,recurrence:crc:all,46,2,0.03463203463203468,0.04338242811671689,0.0218578184547934,0.03463203463203457
dvs,development,partial-minus-reset-all:recurrence:crc:partial:recurrence:crc:all,held,partial-minus-reset-all,recurrence:crc:partial,recurrence:crc:all,46,3,0.14685314685314688,0.16144213638567084,0.12433954191975582,0.14685314685314688
dvs,official,partial-minus-reset-all:recurrence:crc:partial:recurrence:crc:all,held,partial-minus-reset-all,recurrence:crc:partial,recurrence:crc:all,42,official,0.13636363636363635,0.13819926195012344,0.12737815381438555,0.13636363636363635
dvs,official,partial-minus-reset-all:recurrence:crc:partial:recurrence:crc:all,held,partial-minus-reset-all,recurrence:crc:partial,recurrence:crc:all,44,official,0.12121212121212122,0.12367686683586288,0.12807999180711238,0.1212121212121211
dvs,official,partial-minus-reset-all:recurrence:crc:partial:recurrence:crc:all,held,partial-minus-reset-all,recurrence:crc:partial,recurrence:crc:all,46,official,0.08712121212121204,0.09392708377604675,0.09299447905173486,0.08712121212121215
dvs,confirmation,joint-minus-local:observations:qrc2:zz:observations:qrc2:all,held,joint-minus-local,observations:qrc2:zz,observations:qrc2:all,42,confirmation,0.030456852791878264,0.03019463007353984,0.04574156848860411,0.029708853238265
dvs,confirmation,joint-minus-local:observations:qrc2:zz:observations:qrc2:all,held,joint-minus-local,observations:qrc2:zz,observations:qrc2:all,44,confirmation,-0.025380710659898442,-0.04115682869776105,-0.04001472067903977,-0.025252525252525082
dvs,confirmation,joint-minus-local:observations:qrc2:zz:observations:qrc2:all,held,joint-minus-local,observations:qrc2:zz,observations:qrc2:all,46,confirmation,0.0,-0.011093742947087648,0.024128106032082486,-0.0002970885323826389
dvs,development,joint-minus-local:observations:qrc2:zz:observations:qrc2:all,held,joint-minus-local,observations:qrc2:zz,observations:qrc2:all,42,0,0.02651515151515149,0.01976649675063402,0.013839233497011993,0.02651515151515149
dvs,development,joint-minus-local:observations:qrc2:zz:observations:qrc2:all,held,joint-minus-local,observations:qrc2:zz,observations:qrc2:all,42,1,0.008264462809917328,0.0139839099914702,0.028710872526493847,0.008264462809917272
dvs,development,joint-minus-local:observations:qrc2:zz:observations:qrc2:all,held,joint-minus-local,observations:qrc2:zz,observations:qrc2:all,42,2,-0.01731601731601734,-0.027059185564305477,-0.02960165276786869,-0.017316017316017285
dvs,development,joint-minus-local:observations:qrc2:zz:observations:qrc2:all,held,joint-minus-local,observations:qrc2:zz,observations:qrc2:all,42,3,-0.006993006993006978,-0.0058977310484034096,0.006000909135584043,-0.006993006993006978
dvs,development,joint-minus-local:observations:qrc2:zz:observations:qrc2:all,held,joint-minus-local,observations:qrc2:zz,observations:qrc2:all,44,0,0.04924242424242431,0.04518109483225918,0.043662778928269974,0.04924242424242409
dvs,development,joint-minus-local:observations:qrc2:zz:observations:qrc2:all,held,joint-minus-local,observations:qrc2:zz,observations:qrc2:all,44,1,0.0,-0.0017055736756158013,-0.004609510618312496,-1.1102230246251565e-16
dvs,development,joint-minus-local:observations:qrc2:zz:observations:qrc2:all,held,joint-minus-local,observations:qrc2:zz,observations:qrc2:all,44,2,0.025974025974025927,0.021021786505254436,0.02436121054083218,0.025974025974026038
dvs,development,joint-minus-local:observations:qrc2:zz:observations:qrc2:all,held,joint-minus-local,observations:qrc2:zz,observations:qrc2:all,44,3,-0.006993006993006978,-0.0030172621376751696,0.013832503925383155,-0.006993006993006756
dvs,development,joint-minus-local:observations:qrc2:zz:observations:qrc2:all,held,joint-minus-local,observations:qrc2:zz,observations:qrc2:all,46,0,0.02651515151515149,0.005012197956448861,0.02594425056145533,0.026515151515151547
dvs,development,joint-minus-local:observations:qrc2:zz:observations:qrc2:all,held,joint-minus-local,observations:qrc2:zz,observations:qrc2:all,46,1,-0.004132231404958664,-0.0021183183462559207,0.011758199947054349,-0.0041322314049588305
dvs,development,joint-minus-local:observations:qrc2:zz:observations:qrc2:all,held,joint-minus-local,observations:qrc2:zz,observations:qrc2:all,46,2,0.025974025974025927,0.022982245391101386,0.05189365977817445,0.025974025974026094
dvs,development,joint-minus-local:observations:qrc2:zz:observations:qrc2:all,held,joint-minus-local,observations:qrc2:zz,observations:qrc2:all,46,3,0.034965034965035,0.021183560683762925,0.03156677851653933,0.03496503496503489
dvs,official,joint-minus-local:observations:qrc2:zz:observations:qrc2:all,held,joint-minus-local,observations:qrc2:zz,observations:qrc2:all,42,official,0.022727272727272818,0.021725387537918195,0.015865504741860437,0.022727272727272818
dvs,official,joint-minus-local:observations:qrc2:zz:observations:qrc2:all,held,joint-minus-local,observations:qrc2:zz,observations:qrc2:all,44,official,0.011363636363636465,0.005213675870016754,0.005311660964996356,0.011363636363636465
dvs,official,joint-minus-local:observations:qrc2:zz:observations:qrc2:all,held,joint-minus-local,observations:qrc2:zz,observations:qrc2:all,46,official,-0.0037878787878787845,-0.003138861966786366,0.006375409118355879,-0.0037878787878787845
dvs,confirmation,joint-minus-products:observations:qrc2:zz:observations:qrc2:products,held,joint-minus-products,observations:qrc2:zz,observations:qrc2:products,42,confirmation,-0.01015228426395931,-0.011938044441403117,-0.025238812570828384,-0.010101010101010166
dvs,confirmation,joint-minus-products:observations:qrc2:zz:observations:qrc2:products,held,joint-minus-products,observations:qrc2:zz,observations:qrc2:products,44,confirmation,-0.015228426395939021,-0.021591581189224218,-0.02584878987747452,-0.015151515151515027
dvs,confirmation,joint-minus-products:observations:qrc2:zz:observations:qrc2:products,held,joint-minus-products,observations:qrc2:zz,observations:qrc2:products,46,confirmation,-0.035532994923857864,-0.0407314429614517,-0.009378254391274043,-0.035650623885918
dvs,development,joint-minus-products:observations:qrc2:zz:observations:qrc2:products,held,joint-minus-products,observations:qrc2:zz,observations:qrc2:products,42,0,0.03409090909090906,0.03246258735686469,0.03162351790167872,0.03409090909090917
dvs,development,joint-minus-products:observations:qrc2:zz:observations:qrc2:products,held,joint-minus-products,observations:qrc2:zz,observations:qrc2:products,42,1,0.02892561983471076,0.028500108923087242,0.023044333595602318,0.02892561983471076
dvs,development,joint-minus-products:observations:qrc2:zz:observations:qrc2:products,held,joint-minus-products,observations:qrc2:zz,observations:qrc2:products,42,2,-0.021645021645021634,-0.027507870343671914,-0.029244385641918613,-0.02164502164502169
dvs,development,joint-minus-products:observations:qrc2:zz:observations:qrc2:products,held,joint-minus-products,observations:qrc2:zz,observations:qrc2:products,42,3,0.027972027972028024,0.04045497686728017,0.05519539409210106,0.027972027972027913
dvs,development,joint-minus-products:observations:qrc2:zz:observations:qrc2:products,held,joint-minus-products,observations:qrc2:zz,observations:qrc2:products,44,0,0.06439393939393945,0.05871022385640978,0.057636385399110535,0.06439393939393934
dvs,development,joint-minus-products:observations:qrc2:zz:observations:qrc2:products,held,joint-minus-products,observations:qrc2:zz,observations:qrc2:products,44,1,-0.004132231404958664,-0.011330510948509565,-0.014289822566426302,-0.004132231404958886
dvs,development,joint-minus-products:observations:qrc2:zz:observations:qrc2:products,held,joint-minus-products,observations:qrc2:zz,observations:qrc2:products,44,2,0.012987012987012936,0.00794410926396072,0.009071690121843723,0.012987012987012936
dvs,development,joint-minus-products:observations:qrc2:zz:observations:qrc2:products,held,joint-minus-products,observations:qrc2:zz,observations:qrc2:products,44,3,-0.020979020979020935,-0.01721772565529822,-9.25443509181001e-06,-0.020979020979020935
dvs,development,joint-minus-products:observations:qrc2:zz:observations:qrc2:products,held,joint-minus-products,observations:qrc2:zz,observations:qrc2:products,46,0,-0.018939393939393923,-0.03621483073276871,-0.02057455939844477,-0.018939393939393923
dvs,development,joint-minus-products:observations:qrc2:zz:observations:qrc2:products,held,joint-minus-products,observations:qrc2:zz,observations:qrc2:products,46,1,0.020661157024793375,0.022422000177312218,0.025612413016719127,0.02066115702479332
dvs,development,joint-minus-products:observations:qrc2:zz:observations:qrc2:products,held,joint-minus-products,observations:qrc2:zz,observations:qrc2:products,46,2,0.0,-0.0019992064072820726,0.009719647821553767,0.0
dvs,development,joint-minus-products:observations:qrc2:zz:observations:qrc2:products,held,joint-minus-products,observations:qrc2:zz,observations:qrc2:products,46,3,0.027972027972028024,0.027091253553075345,0.04963255971910635,0.027972027972027913
dvs,official,joint-minus-products:observations:qrc2:zz:observations:qrc2:products,held,joint-minus-products,observations:qrc2:zz,observations:qrc2:products,42,official,0.053030303030303094,0.052090812714500445,0.0388092660574233,0.05303030303030298
dvs,official,joint-minus-products:observations:qrc2:zz:observations:qrc2:products,held,joint-minus-products,observations:qrc2:zz,observations:qrc2:products,44,official,0.03409090909090917,0.02383643264908819,0.007567731747543105,0.03409090909090917
dvs,official,joint-minus-products:observations:qrc2:zz:observations:qrc2:products,held,joint-minus-products,observations:qrc2:zz,observations:qrc2:products,46,official,0.018939393939393923,0.021145615751958058,0.02109515075147561,0.018939393939393923
dvs,confirmation,products-minus-local:observations:crc2:products:observations:crc2:all,held,products-minus-local,observations:crc2:products,observations:crc2:all,42,confirmation,0.005076142131979711,0.007308595693790387,-0.010202043042080278,0.004753416518122444
dvs,confirmation,products-minus-local:observations:crc2:products:observations:crc2:all,held,products-minus-local,observations:crc2:products,observations:crc2:all,44,confirmation,0.005076142131979711,0.005698712468893419,0.0038958046310987315,0.005050505050504972
dvs,confirmation,products-minus-local:observations:crc2:products:observations:crc2:all,held,products-minus-local,observations:crc2:products,observations:crc2:all,46,confirmation,-0.005076142131979711,-0.0014161091375072266,-0.005462633416597584,-0.005644682115270472
dvs,development,products-minus-local:observations:crc2:products:observations:crc2:all,held,products-minus-local,observations:crc2:products,observations:crc2:all,42,0,0.011363636363636354,0.012328746698477167,0.005800738315390186,0.011363636363636354
dvs,development,products-minus-local:observations:crc2:products:observations:crc2:all,held,products-minus-local,observations:crc2:products,observations:crc2:all,42,1,0.024793388429752095,0.031764302990630655,0.04444651600369576,0.024793388429751984
dvs,development,products-minus-local:observations:crc2:products:observations:crc2:all,held,products-minus-local,observations:crc2:products,observations:crc2:all,42,2,0.008658008658008698,0.007444872418134518,0.0038332777707953403,0.008658008658008698
dvs,development,products-minus-local:observations:crc2:products:observations:crc2:all,held,products-minus-local,observations:crc2:products,observations:crc2:all,42,3,-0.006993006993006978,-0.0073244000676107035,-0.006025648679743756,-0.006993006993006978
dvs,development,products-minus-local:observations:crc2:products:observations:crc2:all,held,products-minus-local,observations:crc2:products,observations:crc2:all,44,0,0.011363636363636354,0.009613275646921937,0.010027339740882546,0.011363636363636465
dvs,development,products-minus-local:observations:crc2:products:observations:crc2:all,held,products-minus-local,observations:crc2:products,observations:crc2:all,44,1,0.0,-0.0012551260586091129,0.00442834322468344,0.0
dvs,development,products-minus-local:observations:crc2:products:observations:crc2:all,held,products-minus-local,observations:crc2:products,observations:crc2:all,44,2,0.0,-0.004278768616003514,-0.007735709613179931,-1.1102230246251565e-16
dvs,development,products-minus-local:observations:crc2:products:observations:crc2:all,held,products-minus-local,observations:crc2:products,observations:crc2:all,44,3,-0.013986013986013957,-0.009379408282716883,-0.020816512661432474,-0.013986013986013845
dvs,development,products-minus-local:observations:crc2:products:observations:crc2:all,held,products-minus-local,observations:crc2:products,observations:crc2:all,46,0,0.007575757575757569,0.010852278344412047,0.01189914273734205,0.007575757575757458
dvs,development,products-minus-local:observations:crc2:products:observations:crc2:all,held,products-minus-local,observations:crc2:products,observations:crc2:all,46,1,0.004132231404958664,0.007520692450280642,0.0022343850080973615,0.004132231404958664
dvs,development,products-minus-local:observations:crc2:products:observations:crc2:all,held,products-minus-local,observations:crc2:products,observations:crc2:all,46,2,0.030303030303030276,0.03676784399933597,0.03569818802285862,0.03030303030303022
dvs,development,products-minus-local:observations:crc2:products:observations:crc2:all,held,products-minus-local,observations:crc2:products,observations:crc2:all,46,3,-0.05594405594405594,-0.04814396708069513,-0.07161815535373095,-0.05594405594405594
dvs,official,products-minus-local:observations:crc2:products:observations:crc2:all,held,products-minus-local,observations:crc2:products,observations:crc2:all,42,official,0.011363636363636465,0.012860644718115433,-0.0058204797338137215,0.011363636363636243
dvs,official,products-minus-local:observations:crc2:products:observations:crc2:all,held,products-minus-local,observations:crc2:products,observations:crc2:all,44,official,0.011363636363636354,0.01393371918943509,0.010166746183674191,0.011363636363636465
dvs,official,products-minus-local:observations:crc2:products:observations:crc2:all,held,products-minus-local,observations:crc2:products,observations:crc2:all,46,official,-0.018939393939393923,-0.015473433053482921,-0.021421721471424293,-0.018939393939393923
dvs,confirmation,width24-minus-width18:observations:crc2:width24:observations:crc2:all,held,width24-minus-width18,observations:crc2:width24,observations:crc2:all,42,confirmation,0.005076142131979711,0.005763168091853066,0.01782897914902104,0.004159239453357166
dvs,confirmation,width24-minus-width18:observations:crc2:width24:observations:crc2:all,held,width24-minus-width18,observations:crc2:width24,observations:crc2:all,44,confirmation,0.030456852791878153,0.03013585640745997,0.02386660288311071,0.030005941770647637
dvs,confirmation,width24-minus-width18:observations:crc2:width24:observations:crc2:all,held,width24-minus-width18,observations:crc2:width24,observations:crc2:all,46,confirmation,0.02030456852791873,0.032678952357571456,0.021985991997617083,0.01960784313725472
dvs,development,width24-minus-width18:observations:crc2:width24:observations:crc2:all,held,width24-minus-width18,observations:crc2:width24,observations:crc2:all,42,0,0.011363636363636354,0.016027741708603882,0.013178020096703769,0.011363636363636465
dvs,development,width24-minus-width18:observations:crc2:width24:observations:crc2:all,held,width24-minus-width18,observations:crc2:width24,observations:crc2:all,42,1,0.016528925619834767,0.03191681601508406,0.05393324730223126,0.016528925619834656
dvs,development,width24-minus-width18:observations:crc2:width24:observations:crc2:all,held,width24-minus-width18,observations:crc2:width24,observations:crc2:all,42,2,0.012987012987012991,0.01748619286639297,0.019928443891659375,0.012987012987013102
dvs,development,width24-minus-width18:observations:crc2:width24:observations:crc2:all,held,width24-minus-width18,observations:crc2:width24,observations:crc2:all,42,3,-0.0699300699300699,-0.0699178315887482,-0.058731498979176955,-0.0699300699300699
dvs,development,width24-minus-width18:observations:crc2:width24:observations:crc2:all,held,width24-minus-width18,observations:crc2:width24,observations:crc2:all,44,0,0.02651515151515149,0.025673630420858462,0.018473551591103976,0.02651515151515149
dvs,development,width24-minus-width18:observations:crc2:width24:observations:crc2:all,held,width24-minus-width18,observations:crc2:width24,observations:crc2:all,44,1,0.012396694214875992,0.005695455704915697,0.0013004628543770158,0.012396694214875992
dvs,development,width24-minus-width18:observations:crc2:width24:observations:crc2:all,held,width24-minus-width18,observations:crc2:width24,observations:crc2:all,44,2,-0.008658008658008587,-0.016701753575194433,-0.021436466734071846,-0.008658008658008698
dvs,development,width24-minus-width18:observations:crc2:width24:observations:crc2:all,held,width24-minus-width18,observations:crc2:width24,observations:crc2:all,44,3,0.04195804195804198,0.0419600463265698,0.05418618814340748,0.04195804195804209
dvs,development,width24-minus-width18:observations:crc2:width24:observations:crc2:all,held,width24-minus-width18,observations:crc2:width24,observations:crc2:all,46,0,0.015151515151515138,0.019356936695303806,0.016749287498530663,0.015151515151515138
dvs,development,width24-minus-width18:observations:crc2:width24:observations:crc2:all,held,width24-minus-width18,observations:crc2:width24,observations:crc2:all,46,1,-0.004132231404958664,0.004258240406550207,-0.0030646456722591697,-0.004132231404958775
dvs,development,width24-minus-width18:observations:crc2:width24:observations:crc2:all,held,width24-minus-width18,observations:crc2:width24,observations:crc2:all,46,2,0.017316017316017285,0.027409443443336512,0.013909592937001336,0.01731601731601723
dvs,development,width24-minus-width18:observations:crc2:width24:observations:crc2:all,held,width24-minus-width18,observations:crc2:width24,observations:crc2:all,46,3,-0.05594405594405594,-0.044061346182477146,-0.08454209267606383,-0.05594405594405594
dvs,official,width24-minus-width18:observations:crc2:width24:observations:crc2:all,held,width24-minus-width18,observations:crc2:width24,observations:crc2:all,42,official,0.0,0.00931414169003597,0.021866375510508296,-1.1102230246251565e-16
dvs,official,width24-minus-width18:observations:crc2:width24:observations:crc2:all,held,width24-minus-width18,observations:crc2:width24,observations:crc2:all,44,official,-0.0037878787878787845,-0.013536399772866359,-0.030931301154008217,-0.0037878787878786735
dvs,official,width24-minus-width18:observations:crc2:width24:observations:crc2:all,held,width24-minus-width18,observations:crc2:width24,observations:crc2:all,46,official,0.0037878787878788955,0.007422050282380521,0.01732495047108995,0.0037878787878786735
dvs,confirmation,joint-QRC-minus-CRC24:observations:qrc2:zz:observations:crc2:width24,held,joint-QRC-minus-CRC24,observations:qrc2:zz,observations:crc2:width24,42,confirmation,-0.025380710659898442,-0.0303674639918049,-0.07624084267364906,-0.025549613784907943
dvs,confirmation,joint-QRC-minus-CRC24:observations:qrc2:zz:observations:crc2:width24,held,joint-QRC-minus-CRC24,observations:qrc2:zz,observations:crc2:width24,44,confirmation,-0.030456852791878153,-0.03380096548385625,-0.0668325989716364,-0.030600118835412915
dvs,confirmation,joint-QRC-minus-CRC24:observations:qrc2:zz:observations:crc2:width24,held,joint-QRC-minus-CRC24,observations:qrc2:zz,observations:crc2:width24,46,confirmation,-0.06598984771573602,-0.07902342655198336,-0.05487909590950435,-0.06595365418894827
dvs,development,joint-QRC-minus-CRC24:observations:qrc2:zz:observations:crc2:width24,held,joint-QRC-minus-CRC24,observations:qrc2:zz,observations:crc2:width24,42,0,0.04924242424242431,0.051533938266378754,0.04861098059836544,0.0492424242424242
dvs,development,joint-QRC-minus-CRC24:observations:qrc2:zz:observations:crc2:width24,held,joint-QRC-minus-CRC24,observations:qrc2:zz,observations:crc2:width24,42,1,-0.02892561983471076,-0.021914642168446463,-0.019869117204626918,-0.028925619834710814
dvs,development,joint-QRC-minus-CRC24:observations:qrc2:zz:observations:crc2:width24,held,joint-QRC-minus-CRC24,observations:qrc2:zz,observations:crc2:width24,42,2,-0.05194805194805191,-0.06645224499201496,-0.09443636673427175,-0.051948051948051965
dvs,development,joint-QRC-minus-CRC24:observations:qrc2:zz:observations:crc2:width24,held,joint-QRC-minus-CRC24,observations:qrc2:zz,observations:crc2:width24,42,3,-0.06293706293706292,-0.0669604580906995,-0.06812526451563883,-0.06293706293706292
dvs,development,joint-QRC-minus-CRC24:observations:qrc2:zz:observations:crc2:width24,held,joint-QRC-minus-CRC24,observations:qrc2:zz,observations:crc2:width24,44,0,0.018939393939394034,0.02369800736553762,0.02962072487516232,0.018939393939393923
dvs,development,joint-QRC-minus-CRC24:observations:qrc2:zz:observations:crc2:width24,held,joint-QRC-minus-CRC24,observations:qrc2:zz,observations:crc2:width24,44,1,-0.037190082644628086,-0.038061677394880644,-0.047165288451230025,-0.0371900826446282
dvs,development,joint-QRC-minus-CRC24:observations:qrc2:zz:observations:crc2:width24,held,joint-QRC-minus-CRC24,observations:qrc2:zz,observations:crc2:width24,44,2,-0.017316017316017396,-0.012378671839250954,-0.015468143984768035,-0.017316017316017396
dvs,development,joint-QRC-minus-CRC24:observations:qrc2:zz:observations:crc2:width24,held,joint-QRC-minus-CRC24,observations:qrc2:zz,observations:crc2:width24,44,3,-0.14685314685314688,-0.14666710505817682,-0.16660626408022994,-0.14685314685314677
dvs,development,joint-QRC-minus-CRC24:observations:qrc2:zz:observations:crc2:width24,held,joint-QRC-minus-CRC24,observations:qrc2:zz,observations:crc2:width24,46,0,-0.05303030303030298,-0.0727990798702805,-0.049752470736725285,-0.053030303030303094
dvs,development,joint-QRC-minus-CRC24:observations:qrc2:zz:observations:crc2:width24,held,joint-QRC-minus-CRC24,observations:qrc2:zz,observations:crc2:width24,46,1,-0.07851239669421484,-0.07509077985614387,-0.06914049095238223,-0.07851239669421484
dvs,development,joint-QRC-minus-CRC24:observations:qrc2:zz:observations:crc2:width24,held,joint-QRC-minus-CRC24,observations:qrc2:zz,observations:crc2:width24,46,2,0.012987012987012991,-0.008559521976683027,-0.0037051105215347713,0.012987012987013102
dvs,development,joint-QRC-minus-CRC24:observations:qrc2:zz:observations:crc2:width24,held,joint-QRC-minus-CRC24,observations:qrc2:zz,observations:crc2:width24,46,3,-0.12587412587412583,-0.1307028061597969,-0.1262548921041745,-0.12587412587412594
dvs,official,joint-QRC-minus-CRC24:observations:qrc2:zz:observations:crc2:width24,held,joint-QRC-minus-CRC24,observations:qrc2:zz,observations:crc2:width24,42,official,0.015151515151515249,0.02035730564709992,-0.012475327194452435,0.015151515151515249
dvs,official,joint-QRC-minus-CRC24:observations:qrc2:zz:observations:crc2:width24,held,joint-QRC-minus-CRC24,observations:qrc2:zz,observations:crc2:width24,44,official,0.022727272727272818,0.03573250026353547,0.020531364031759702,0.022727272727272707
dvs,official,joint-QRC-minus-CRC24:observations:qrc2:zz:observations:crc2:width24,held,joint-QRC-minus-CRC24,observations:qrc2:zz,observations:crc2:width24,46,official,-0.03409090909090917,-0.0205483240638753,-0.02171964412882721,-0.03409090909090906
dvs,confirmation,joint-minus-local:observations:qrc4:zz:observations:qrc4:all,held,joint-minus-local,observations:qrc4:zz,observations:qrc4:all,42,confirmation,0.010152284263959421,0.008289836792557126,0.010233085549719245,0.010101010101010055
dvs,confirmation,joint-minus-local:observations:qrc4:zz:observations:qrc4:all,held,joint-minus-local,observations:qrc4:zz,observations:qrc4:all,44,confirmation,-0.010152284263959421,-0.008920143731356411,0.0034360470189346293,-0.010695187165775333
dvs,confirmation,joint-minus-local:observations:qrc4:zz:observations:qrc4:all,held,joint-minus-local,observations:qrc4:zz,observations:qrc4:all,46,confirmation,0.025380710659898442,0.023460124520387038,0.018782253327952803,0.02554961378490772
dvs,development,joint-minus-local:observations:qrc4:zz:observations:qrc4:all,held,joint-minus-local,observations:qrc4:zz,observations:qrc4:all,42,0,0.05681818181818177,0.05556279661511654,0.05584114248691041,0.05681818181818166
dvs,development,joint-minus-local:observations:qrc4:zz:observations:qrc4:all,held,joint-minus-local,observations:qrc4:zz,observations:qrc4:all,42,1,0.0,0.0039015591058112475,-0.0012525440196790028,0.0
dvs,development,joint-minus-local:observations:qrc4:zz:observations:qrc4:all,held,joint-minus-local,observations:qrc4:zz,observations:qrc4:all,42,2,0.0043290043290042934,0.006581738277229632,0.009413888211734944,0.0043290043290042934
dvs,development,joint-minus-local:observations:qrc4:zz:observations:qrc4:all,held,joint-minus-local,observations:qrc4:zz,observations:qrc4:all,42,3,-0.020979020979021046,-0.025485148869238472,-0.012852009843988599,-0.020979020979021157
dvs,development,joint-minus-local:observations:qrc4:zz:observations:qrc4:all,held,joint-minus-local,observations:qrc4:zz,observations:qrc4:all,44,0,0.030303030303030276,0.030222595917984707,0.02969341439519979,0.030303030303030498
dvs,development,joint-minus-local:observations:qrc4:zz:observations:qrc4:all,held,joint-minus-local,observations:qrc4:zz,observations:qrc4:all,44,1,0.016528925619834656,0.021695033159804256,0.02346253110426688,0.016528925619834767
dvs,development,joint-minus-local:observations:qrc4:zz:observations:qrc4:all,held,joint-minus-local,observations:qrc4:zz,observations:qrc4:all,44,2,-0.0043290043290044045,-0.0028577552663936467,0.0037846349967767257,-0.0043290043290042934
dvs,development,joint-minus-local:observations:qrc4:zz:observations:qrc4:all,held,joint-minus-local,observations:qrc4:zz,observations:qrc4:all,44,3,0.013986013986014068,0.019247904723109777,0.017069123686770937,0.013986013986013957
dvs,development,joint-minus-local:observations:qrc4:zz:observations:qrc4:all,held,joint-minus-local,observations:qrc4:zz,observations:qrc4:all,46,0,0.03409090909090906,0.0338616924994416,0.040890608011446505,0.03409090909090906
dvs,development,joint-minus-local:observations:qrc4:zz:observations:qrc4:all,held,joint-minus-local,observations:qrc4:zz,observations:qrc4:all,46,1,-0.008264462809917328,-0.008809125102815174,-0.00545557153523224,-0.008264462809917217
dvs,development,joint-minus-local:observations:qrc4:zz:observations:qrc4:all,held,joint-minus-local,observations:qrc4:zz,observations:qrc4:all,46,2,0.0043290043290042934,0.003776983249623944,0.005826734085071283,0.0043290043290044045
dvs,development,joint-minus-local:observations:qrc4:zz:observations:qrc4:all,held,joint-minus-local,observations:qrc4:zz,observations:qrc4:all,46,3,-0.04895104895104896,-0.0554493988050041,-0.042250723133076096,-0.04895104895104885
dvs,official,joint-minus-local:observations:qrc4:zz:observations:qrc4:all,held,joint-minus-local,observations:qrc4:zz,observations:qrc4:all,42,official,0.05303030303030298,0.05414198868529141,0.04559805874889822,0.05303030303030298
dvs,official,joint-minus-local:observations:qrc4:zz:observations:qrc4:all,held,joint-minus-local,observations:qrc4:zz,observations:qrc4:all,44,official,0.015151515151515138,0.014399795945160054,0.01058047443006871,0.015151515151515138
dvs,official,joint-minus-local:observations:qrc4:zz:observations:qrc4:all,held,joint-minus-local,observations:qrc4:zz,observations:qrc4:all,46,official,0.011363636363636354,0.009856869646783117,0.006878558085380293,0.011363636363636354
dvs,confirmation,joint-minus-products:observations:qrc4:zz:observations:qrc4:products,held,joint-minus-products,observations:qrc4:zz,observations:qrc4:products,42,confirmation,0.010152284263959421,0.00632620906503123,0.015214899974258178,0.009506833036244777
dvs,confirmation,joint-minus-products:observations:qrc4:zz:observations:qrc4:products,held,joint-minus-products,observations:qrc4:zz,observations:qrc4:products,44,confirmation,0.015228426395939132,0.014091005066950824,0.016699983882646374,0.01455733808674986
dvs,confirmation,joint-minus-products:observations:qrc4:zz:observations:qrc4:products,held,joint-minus-products,observations:qrc4:zz,observations:qrc4:products,46,confirmation,0.005076142131979711,0.005863713366105805,0.007935756432560725,0.005941770647652889
dvs,development,joint-minus-products:observations:qrc4:zz:observations:qrc4:products,held,joint-minus-products,observations:qrc4:zz,observations:qrc4:products,42,0,0.04166666666666663,0.041452150423593515,0.03603510002619048,0.04166666666666641
dvs,development,joint-minus-products:observations:qrc4:zz:observations:qrc4:products,held,joint-minus-products,observations:qrc4:zz,observations:qrc4:products,42,1,0.004132231404958664,0.0017293149333926783,-0.01076548692020618,0.004132231404958775
dvs,development,joint-minus-products:observations:qrc4:zz:observations:qrc4:products,held,joint-minus-products,observations:qrc4:zz,observations:qrc4:products,42,2,0.017316017316017285,0.01805039061856506,0.01887304783758703,0.017316017316017285
dvs,development,joint-minus-products:observations:qrc4:zz:observations:qrc4:products,held,joint-minus-products,observations:qrc4:zz,observations:qrc4:products,42,3,0.020979020979020935,0.022491843707814763,0.024779387279387333,0.020979020979020824
dvs,development,joint-minus-products:observations:qrc4:zz:observations:qrc4:products,held,joint-minus-products,observations:qrc4:zz,observations:qrc4:products,44,0,0.007575757575757569,0.007126860950005587,0.013288909110640734,0.007575757575757569
dvs,development,joint-minus-products:observations:qrc4:zz:observations:qrc4:products,held,joint-minus-products,observations:qrc4:zz,observations:qrc4:products,44,1,0.016528925619834656,0.020463114590720477,0.02872260389300485,0.016528925619834878
dvs,development,joint-minus-products:observations:qrc4:zz:observations:qrc4:products,held,joint-minus-products,observations:qrc4:zz,observations:qrc4:products,44,2,0.021645021645021578,0.022200092014437844,0.02392744581363515,0.021645021645021578
dvs,development,joint-minus-products:observations:qrc4:zz:observations:qrc4:products,held,joint-minus-products,observations:qrc4:zz,observations:qrc4:products,44,3,0.013986013986014068,0.021299845111384275,0.013418525918526103,0.013986013986013957
dvs,development,joint-minus-products:observations:qrc4:zz:observations:qrc4:products,held,joint-minus-products,observations:qrc4:zz,observations:qrc4:products,46,0,-0.03409090909090906,-0.03318416610227326,-0.02553274713505027,-0.03409090909090906
dvs,development,joint-minus-products:observations:qrc4:zz:observations:qrc4:products,held,joint-minus-products,observations:qrc4:zz,observations:qrc4:products,46,1,-0.024793388429751984,-0.027959361855734555,-0.02462770963061478,-0.024793388429751984
dvs,development,joint-minus-products:observations:qrc4:zz:observations:qrc4:products,held,joint-minus-products,observations:qrc4:zz,observations:qrc4:products,46,2,0.01298701298701288,0.015933133374179453,0.013638313816179415,0.012987012987012991
dvs,development,joint-minus-products:observations:qrc4:zz:observations:qrc4:products,held,joint-minus-products,observations:qrc4:zz,observations:qrc4:products,46,3,-0.006993006993006978,-0.014236453996496423,0.007152814505755556,-0.006993006993006867
dvs,official,joint-minus-products:observations:qrc4:zz:observations:qrc4:products,held,joint-minus-products,observations:qrc4:zz,observations:qrc4:products,42,official,0.030303030303030276,0.032613528552405624,0.025766643162287606,0.030303030303030165
dvs,official,joint-minus-products:observations:qrc4:zz:observations:qrc4:products,held,joint-minus-products,observations:qrc4:zz,observations:qrc4:products,44,official,0.02651515151515149,0.027398142565251193,0.028732651211615057,0.02651515151515149
dvs,official,joint-minus-products:observations:qrc4:zz:observations:qrc4:products,held,joint-minus-products,observations:qrc4:zz,observations:qrc4:products,46,official,-0.022727272727272818,-0.023172574898112086,-0.025798893353746077,-0.022727272727272818
dvs,confirmation,products-minus-local:observations:crc4:products:observations:crc4:all,held,products-minus-local,observations:crc4:products,observations:crc4:all,42,confirmation,0.0,-0.002681598645200345,0.006308021655611062,0.0
dvs,confirmation,products-minus-local:observations:crc4:products:observations:crc4:all,held,products-minus-local,observations:crc4:products,observations:crc4:all,44,confirmation,0.060913705583756306,0.061660432407609655,0.04782183962502684,0.06060606060606066
dvs,confirmation,products-minus-local:observations:crc4:products:observations:crc4:all,held,products-minus-local,observations:crc4:products,observations:crc4:all,46,confirmation,0.025380710659898442,0.027261352092238234,0.023118791539844086,0.025846702317290582
dvs,development,products-minus-local:observations:crc4:products:observations:crc4:all,held,products-minus-local,observations:crc4:products,observations:crc4:all,42,0,0.011363636363636354,0.012818442904245164,0.0007826404096832329,0.011363636363636354
dvs,development,products-minus-local:observations:crc4:products:observations:crc4:all,held,products-minus-local,observations:crc4:products,observations:crc4:all,42,1,0.05371900826446285,0.048982576541324874,0.0331302868629213,0.05371900826446274
dvs,development,products-minus-local:observations:crc4:products:observations:crc4:all,held,products-minus-local,observations:crc4:products,observations:crc4:all,42,2,-0.012987012987012991,-0.013292454859325176,-0.007381657690727739,-0.012987012987013102
dvs,development,products-minus-local:observations:crc4:products:observations:crc4:all,held,products-minus-local,observations:crc4:products,observations:crc4:all,42,3,0.034965034965035,0.030739455321028286,0.018941461328176867,0.03496503496503478
dvs,development,products-minus-local:observations:crc4:products:observations:crc4:all,held,products-minus-local,observations:crc4:products,observations:crc4:all,44,0,-0.018939393939393923,-0.022243013491096364,-0.021275617243513678,-0.01893939393939381
dvs,development,products-minus-local:observations:crc4:products:observations:crc4:all,held,products-minus-local,observations:crc4:products,observations:crc4:all,44,1,0.037190082644628086,0.03298950156389491,0.013819053430781714,0.037190082644628086
dvs,development,products-minus-local:observations:crc4:products:observations:crc4:all,held,products-minus-local,observations:crc4:products,observations:crc4:all,44,2,0.030303030303030276,0.02851142278818286,0.022781400791074047,0.030303030303030387
dvs,development,products-minus-local:observations:crc4:products:observations:crc4:all,held,products-minus-local,observations:crc4:products,observations:crc4:all,44,3,0.013986013986014068,0.015702308589153446,0.014086670904852716,0.013986013986014179
dvs,development,products-minus-local:observations:crc4:products:observations:crc4:all,held,products-minus-local,observations:crc4:products,observations:crc4:all,46,0,0.022727272727272707,0.0255837815777179,0.006236973001922608,0.022727272727272707
dvs,development,products-minus-local:observations:crc4:products:observations:crc4:all,held,products-minus-local,observations:crc4:products,observations:crc4:all,46,1,0.024793388429752095,0.0216655466928799,0.012960311682234438,0.024793388429751984
dvs,development,products-minus-local:observations:crc4:products:observations:crc4:all,held,products-minus-local,observations:crc4:products,observations:crc4:all,46,2,0.0043290043290044045,0.0045591990627418255,0.02888117451475758,0.0043290043290044045
dvs,development,products-minus-local:observations:crc4:products:observations:crc4:all,held,products-minus-local,observations:crc4:products,observations:crc4:all,46,3,0.027972027972028024,0.03000520552244701,0.031139760417835394,0.027972027972028024
dvs,official,products-minus-local:observations:crc4:products:observations:crc4:all,held,products-minus-local,observations:crc4:products,observations:crc4:all,42,official,0.007575757575757569,0.008125758683104278,-0.006941755974014141,0.007575757575757569
dvs,official,products-minus-local:observations:crc4:products:observations:crc4:all,held,products-minus-local,observations:crc4:products,observations:crc4:all,44,official,-0.011363636363636354,-0.013361372927649051,-0.02079138066962194,-0.011363636363636354
dvs,official,products-minus-local:observations:crc4:products:observations:crc4:all,held,products-minus-local,observations:crc4:products,observations:crc4:all,46,official,0.0037878787878787845,0.0011404690994222255,-0.00945565903228962,0.0037878787878786735
dvs,confirmation,width24-minus-width18:observations:crc4:width24:observations:crc4:all,held,width24-minus-width18,observations:crc4:width24,observations:crc4:all,42,confirmation,0.005076142131979711,-0.004075131895529438,-0.006464193181480393,0.004159239453357055
dvs,confirmation,width24-minus-width18:observations:crc4:width24:observations:crc4:all,held,width24-minus-width18,observations:crc4:width24,observations:crc4:all,44,confirmation,0.06598984771573602,0.06933408604856706,0.06250258418615418,0.06565656565656575
dvs,confirmation,width24-minus-width18:observations:crc4:width24:observations:crc4:all,held,width24-minus-width18,observations:crc4:width24,observations:crc4:all,46,confirmation,-0.005076142131979711,-0.007330524772385161,-0.005090734181643297,-0.005347593582887722
dvs,development,width24-minus-width18:observations:crc4:width24:observations:crc4:all,held,width24-minus-width18,observations:crc4:width24,observations:crc4:all,42,0,0.015151515151515138,0.021335009795878213,0.005948547318697761,0.015151515151515027
dvs,development,width24-minus-width18:observations:crc4:width24:observations:crc4:all,held,width24-minus-width18,observations:crc4:width24,observations:crc4:all,42,1,0.045454545454545525,0.04006858373046618,0.0341999219706669,0.045454545454545414
dvs,development,width24-minus-width18:observations:crc4:width24:observations:crc4:all,held,width24-minus-width18,observations:crc4:width24,observations:crc4:all,42,2,-0.02164502164502169,-0.023756185955467357,-0.02108404351080473,-0.02164502164502169
dvs,development,width24-minus-width18:observations:crc4:width24:observations:crc4:all,held,width24-minus-width18,observations:crc4:width24,observations:crc4:all,42,3,0.034965034965035,0.03377864935381647,0.018133631309116827,0.034965034965035
dvs,development,width24-minus-width18:observations:crc4:width24:observations:crc4:all,held,width24-minus-width18,observations:crc4:width24,observations:crc4:all,44,0,0.011363636363636354,0.01236808352201002,0.0052656607659727905,0.011363636363636243
dvs,development,width24-minus-width18:observations:crc4:width24:observations:crc4:all,held,width24-minus-width18,observations:crc4:width24,observations:crc4:all,44,1,0.04132231404958675,0.044479967900910466,0.040647123334640045,0.04132231404958686
dvs,development,width24-minus-width18:observations:crc4:width24:observations:crc4:all,held,width24-minus-width18,observations:crc4:width24,observations:crc4:all,44,2,0.025974025974025983,0.024921414960460964,0.028712416278802277,0.025974025974026094
dvs,development,width24-minus-width18:observations:crc4:width24:observations:crc4:all,held,width24-minus-width18,observations:crc4:width24,observations:crc4:all,44,3,0.05594405594405605,0.06360997743638175,0.04308053058053063,0.05594405594405616
dvs,development,width24-minus-width18:observations:crc4:width24:observations:crc4:all,held,width24-minus-width18,observations:crc4:width24,observations:crc4:all,46,0,0.030303030303030387,0.03543382369585546,0.009416879900395636,0.030303030303030276
dvs,development,width24-minus-width18:observations:crc4:width24:observations:crc4:all,held,width24-minus-width18,observations:crc4:width24,observations:crc4:all,46,1,0.037190082644628086,0.03758016940469455,0.026436437333069107,0.037190082644628086
dvs,development,width24-minus-width18:observations:crc4:width24:observations:crc4:all,held,width24-minus-width18,observations:crc4:width24,observations:crc4:all,46,2,0.04329004329004338,0.04197188330517665,0.04924373549868566,0.04329004329004327
dvs,development,width24-minus-width18:observations:crc4:width24:observations:crc4:all,held,width24-minus-width18,observations:crc4:width24,observations:crc4:all,46,3,0.006993006993006978,0.010782269537891853,0.012126509853782608,0.006993006993006978
dvs,official,width24-minus-width18:observations:crc4:width24:observations:crc4:all,held,width24-minus-width18,observations:crc4:width24,observations:crc4:all,42,official,-0.0037878787878787845,-0.0030131067878104156,-0.015226114712918348,-0.0037878787878787845
dvs,official,width24-minus-width18:observations:crc4:width24:observations:crc4:all,held,width24-minus-width18,observations:crc4:width24,observations:crc4:all,44,official,-0.007575757575757569,-0.010109947536900421,-0.009627518451047812,-0.007575757575757569
dvs,official,width24-minus-width18:observations:crc4:width24:observations:crc4:all,held,width24-minus-width18,observations:crc4:width24,observations:crc4:all,46,official,0.018939393939393923,0.0188596080851422,0.008625753903747091,0.01893939393939381
dvs,confirmation,joint-QRC-minus-CRC24:observations:qrc4:zz:observations:crc4:width24,held,joint-QRC-minus-CRC24,observations:qrc4:zz,observations:crc4:width24,42,confirmation,-0.005076142131979711,0.0019746057603700073,-0.0026027538815264206,-0.0038621509209744165
dvs,confirmation,joint-QRC-minus-CRC24:observations:qrc4:zz:observations:crc4:width24,held,joint-QRC-minus-CRC24,observations:qrc4:zz,observations:crc4:width24,44,confirmation,-0.02030456852791873,-0.021263669065958557,-0.013130411509246431,-0.01990493166963747
dvs,confirmation,joint-QRC-minus-CRC24:observations:qrc4:zz:observations:crc4:width24,held,joint-QRC-minus-CRC24,observations:qrc4:zz,observations:crc4:width24,46,confirmation,-0.010152284263959421,-0.0032633355044482393,-0.006808799457020731,-0.008318478906714222
dvs,development,joint-QRC-minus-CRC24:observations:qrc4:zz:observations:crc4:width24,held,joint-QRC-minus-CRC24,observations:qrc4:zz,observations:crc4:width24,42,0,-0.026515151515151603,-0.025582109321258706,-0.022640101737072538,-0.026515151515151603
dvs,development,joint-QRC-minus-CRC24:observations:qrc4:zz:observations:crc4:width24,held,joint-QRC-minus-CRC24,observations:qrc4:zz,observations:crc4:width24,42,1,-0.0950413223140496,-0.09761566419105705,-0.10336864094542852,-0.09504132231404949
dvs,development,joint-QRC-minus-CRC24:observations:qrc4:zz:observations:crc4:width24,held,joint-QRC-minus-CRC24,observations:qrc4:zz,observations:crc4:width24,42,2,-0.051948051948051965,-0.04908780473210239,-0.03903945033885747,-0.051948051948052076
dvs,development,joint-QRC-minus-CRC24:observations:qrc4:zz:observations:crc4:width24,held,joint-QRC-minus-CRC24,observations:qrc4:zz,observations:crc4:width24,42,3,0.006993006993006978,0.004339011089853906,0.017935473617291753,0.006993006993006756
dvs,development,joint-QRC-minus-CRC24:observations:qrc4:zz:observations:crc4:width24,held,joint-QRC-minus-CRC24,observations:qrc4:zz,observations:crc4:width24,44,0,-0.030303030303030276,-0.024421306172819124,-0.011805289964027965,-0.030303030303030054
dvs,development,joint-QRC-minus-CRC24:observations:qrc4:zz:observations:crc4:width24,held,joint-QRC-minus-CRC24,observations:qrc4:zz,observations:crc4:width24,44,1,-0.06198347107438018,-0.06979993699701537,-0.07182094037549824,-0.06198347107438029
dvs,development,joint-QRC-minus-CRC24:observations:qrc4:zz:observations:crc4:width24,held,joint-QRC-minus-CRC24,observations:qrc4:zz,observations:crc4:width24,44,2,0.0043290043290042934,0.008138179896015951,0.0061559038284156875,0.0043290043290042934
dvs,development,joint-QRC-minus-CRC24:observations:qrc4:zz:observations:crc4:width24,held,joint-QRC-minus-CRC24,observations:qrc4:zz,observations:crc4:width24,44,3,-0.04195804195804198,-0.041828991162290885,-0.029258241758241654,-0.04195804195804198
dvs,development,joint-QRC-minus-CRC24:observations:qrc4:zz:observations:crc4:width24,held,joint-QRC-minus-CRC24,observations:qrc4:zz,observations:crc4:width24,46,0,-0.04166666666666674,-0.04119857129729021,-0.030729295612596297,-0.04166666666666663
dvs,development,joint-QRC-minus-CRC24:observations:qrc4:zz:observations:crc4:width24,held,joint-QRC-minus-CRC24,observations:qrc4:zz,observations:crc4:width24,46,1,-0.09090909090909083,-0.09756547522747672,-0.09201868488653808,-0.09090909090909083
dvs,development,joint-QRC-minus-CRC24:observations:qrc4:zz:observations:crc4:width24,held,joint-QRC-minus-CRC24,observations:qrc4:zz,observations:crc4:width24,46,2,0.01298701298701288,0.013379746567247386,0.008861014158656921,0.012987012987012991
dvs,development,joint-QRC-minus-CRC24:observations:qrc4:zz:observations:crc4:width24,held,joint-QRC-minus-CRC24,observations:qrc4:zz,observations:crc4:width24,46,3,-0.09090909090909083,-0.10831075458308348,-0.08553782076509353,-0.09090909090909083
dvs,official,joint-QRC-minus-CRC24:observations:qrc4:zz:observations:crc4:width24,held,joint-QRC-minus-CRC24,observations:qrc4:zz,observations:crc4:width24,42,official,-0.03409090909090917,-0.035575351239756414,-0.03366823904893379,-0.03409090909090906
dvs,official,joint-QRC-minus-CRC24:observations:qrc4:zz:observations:crc4:width24,held,joint-QRC-minus-CRC24,observations:qrc4:zz,observations:crc4:width24,44,official,-0.053030303030303094,-0.05202841470540265,-0.054525573087045975,-0.053030303030303094
dvs,official,joint-QRC-minus-CRC24:observations:qrc4:zz:observations:crc4:width24,held,joint-QRC-minus-CRC24,observations:qrc4:zz,observations:crc4:width24,46,official,-0.0037878787878787845,-0.002075093678846174,0.00010059769470283086,-0.0037878787878787845
dvs,mapping-development,mapping-QRC-minus-CRC:mapping-paired:i2:legacy:qrc:mapping-paired:i2:legacy:crc,held,mapping-QRC-minus-CRC,mapping-paired:i2:legacy:qrc,mapping-paired:i2:legacy:crc,42,0,-0.09090909090909094,-0.07506993537285,-0.07058380823593802,-0.09090909090909083
dvs,mapping-development,mapping-QRC-minus-CRC:mapping-paired:i2:legacy:qrc:mapping-paired:i2:legacy:crc,held,mapping-QRC-minus-CRC,mapping-paired:i2:legacy:qrc,mapping-paired:i2:legacy:crc,42,1,-0.05785123966942146,-0.06104083770448282,-0.08694300183962933,-0.05785123966942146
dvs,mapping-development,mapping-QRC-minus-CRC:mapping-paired:i2:legacy:qrc:mapping-paired:i2:legacy:crc,held,mapping-QRC-minus-CRC,mapping-paired:i2:legacy:qrc,mapping-paired:i2:legacy:crc,42,2,-0.11688311688311692,-0.10519234237092523,-0.11628829651854578,-0.11688311688311687
dvs,mapping-development,mapping-QRC-minus-CRC:mapping-paired:i2:legacy:qrc:mapping-paired:i2:legacy:crc,held,mapping-QRC-minus-CRC,mapping-paired:i2:legacy:qrc,mapping-paired:i2:legacy:crc,42,3,0.006993006993006978,0.02774093056701743,0.03497507623781798,0.006993006993006923
dvs,mapping-development,mapping-QRC-minus-CRC:mapping-paired:i2:legacy:qrc:mapping-paired:i2:legacy:crc,held,mapping-QRC-minus-CRC,mapping-paired:i2:legacy:qrc,mapping-paired:i2:legacy:crc,44,0,-0.11363636363636365,-0.12175885538289494,-0.106298302581881,-0.11363636363636359
dvs,mapping-development,mapping-QRC-minus-CRC:mapping-paired:i2:legacy:qrc:mapping-paired:i2:legacy:crc,held,mapping-QRC-minus-CRC,mapping-paired:i2:legacy:qrc,mapping-paired:i2:legacy:crc,44,1,-0.0537190082644628,-0.07142829200636869,-0.08363609525369442,-0.05371900826446285
dvs,mapping-development,mapping-QRC-minus-CRC:mapping-paired:i2:legacy:qrc:mapping-paired:i2:legacy:crc,held,mapping-QRC-minus-CRC,mapping-paired:i2:legacy:qrc,mapping-paired:i2:legacy:crc,44,2,-0.030303030303030276,-0.02203613721068215,-0.03411860502943975,-0.030303030303030276
dvs,mapping-development,mapping-QRC-minus-CRC:mapping-paired:i2:legacy:qrc:mapping-paired:i2:legacy:crc,held,mapping-QRC-minus-CRC,mapping-paired:i2:legacy:qrc,mapping-paired:i2:legacy:crc,44,3,-0.013986013986014012,-0.025637697247849034,-0.046402990948445466,-0.013986013986014179
dvs,mapping-development,mapping-QRC-minus-CRC:mapping-paired:i2:legacy:qrc:mapping-paired:i2:legacy:crc,held,mapping-QRC-minus-CRC,mapping-paired:i2:legacy:qrc,mapping-paired:i2:legacy:crc,46,0,-0.07954545454545453,-0.07178938384122979,-0.07693720079789618,-0.07954545454545459
dvs,mapping-development,mapping-QRC-minus-CRC:mapping-paired:i2:legacy:qrc:mapping-paired:i2:legacy:crc,held,mapping-QRC-minus-CRC,mapping-paired:i2:legacy:qrc,mapping-paired:i2:legacy:crc,46,1,-0.08264462809917356,-0.09392956650341361,-0.10273525142310264,-0.08264462809917356
dvs,mapping-development,mapping-QRC-minus-CRC:mapping-paired:i2:legacy:qrc:mapping-paired:i2:legacy:crc,held,mapping-QRC-minus-CRC,mapping-paired:i2:legacy:qrc,mapping-paired:i2:legacy:crc,46,2,-0.0649350649350649,-0.05927042715039532,-0.0548509901516997,-0.0649350649350649
dvs,mapping-development,mapping-QRC-minus-CRC:mapping-paired:i2:legacy:qrc:mapping-paired:i2:legacy:crc,held,mapping-QRC-minus-CRC,mapping-paired:i2:legacy:qrc,mapping-paired:i2:legacy:crc,46,3,-0.05594405594405594,-0.04510730694852377,-0.03274970565288604,-0.05594405594405599
dvs,mapping-development,mapping-QRC-minus-CRC:mapping-paired:i2:pca:qrc:mapping-paired:i2:pca:crc,held,mapping-QRC-minus-CRC,mapping-paired:i2:pca:qrc,mapping-paired:i2:pca:crc,42,0,-0.037878787878787845,-0.04656612281866945,0.0019346012584954275,-0.037878787878787956
dvs,mapping-development,mapping-QRC-minus-CRC:mapping-paired:i2:pca:qrc:mapping-paired:i2:pca:crc,held,mapping-QRC-minus-CRC,mapping-paired:i2:pca:qrc,mapping-paired:i2:pca:crc,42,1,-0.11570247933884292,-0.1271713935351561,-0.11554235626459469,-0.11570247933884309
dvs,mapping-development,mapping-QRC-minus-CRC:mapping-paired:i2:pca:qrc:mapping-paired:i2:pca:crc,held,mapping-QRC-minus-CRC,mapping-paired:i2:pca:qrc,mapping-paired:i2:pca:crc,42,2,-0.02164502164502169,-0.028345582889216958,-0.021675102883414787,-0.021645021645021634
dvs,mapping-development,mapping-QRC-minus-CRC:mapping-paired:i2:pca:qrc:mapping-paired:i2:pca:crc,held,mapping-QRC-minus-CRC,mapping-paired:i2:pca:qrc,mapping-paired:i2:pca:crc,42,3,-0.1748251748251748,-0.1822986099973682,-0.20173039972505225,-0.17482517482517484
dvs,mapping-development,mapping-QRC-minus-CRC:mapping-paired:i2:pca:qrc:mapping-paired:i2:pca:crc,held,mapping-QRC-minus-CRC,mapping-paired:i2:pca:qrc,mapping-paired:i2:pca:crc,44,0,-0.09469696969696967,-0.09841992287743878,-0.07919217557525554,-0.09469696969696961
dvs,mapping-development,mapping-QRC-minus-CRC:mapping-paired:i2:pca:qrc:mapping-paired:i2:pca:crc,held,mapping-QRC-minus-CRC,mapping-paired:i2:pca:qrc,mapping-paired:i2:pca:crc,44,1,-0.09917355371900827,-0.12324696602391877,-0.08968107135256026,-0.09917355371900843
dvs,mapping-development,mapping-QRC-minus-CRC:mapping-paired:i2:pca:qrc:mapping-paired:i2:pca:crc,held,mapping-QRC-minus-CRC,mapping-paired:i2:pca:qrc,mapping-paired:i2:pca:crc,44,2,-0.05627705627705626,-0.05958215487613128,-0.051457539568500965,-0.05627705627705626
dvs,mapping-development,mapping-QRC-minus-CRC:mapping-paired:i2:pca:qrc:mapping-paired:i2:pca:crc,held,mapping-QRC-minus-CRC,mapping-paired:i2:pca:qrc,mapping-paired:i2:pca:crc,44,3,-0.2657342657342658,-0.2880763213695507,-0.29607874183233035,-0.26573426573426573
dvs,mapping-development,mapping-QRC-minus-CRC:mapping-paired:i2:pca:qrc:mapping-paired:i2:pca:crc,held,mapping-QRC-minus-CRC,mapping-paired:i2:pca:qrc,mapping-paired:i2:pca:crc,46,0,-0.030303030303030276,-0.02504792603570788,-0.001146648608014722,-0.03030303030303022
dvs,mapping-development,mapping-QRC-minus-CRC:mapping-paired:i2:pca:qrc:mapping-paired:i2:pca:crc,held,mapping-QRC-minus-CRC,mapping-paired:i2:pca:qrc,mapping-paired:i2:pca:crc,46,1,-0.11157024793388431,-0.10917862558723623,-0.09476151502301217,-0.11157024793388426
dvs,mapping-development,mapping-QRC-minus-CRC:mapping-paired:i2:pca:qrc:mapping-paired:i2:pca:crc,held,mapping-QRC-minus-CRC,mapping-paired:i2:pca:qrc,mapping-paired:i2:pca:crc,46,2,-0.10822510822510822,-0.13082869571866146,-0.14710506593454997,-0.10822510822510822
dvs,mapping-development,mapping-QRC-minus-CRC:mapping-paired:i2:pca:qrc:mapping-paired:i2:pca:crc,held,mapping-QRC-minus-CRC,mapping-paired:i2:pca:qrc,mapping-paired:i2:pca:crc,46,3,-0.2867132867132867,-0.2938883770168423,-0.29561283190962345,-0.2867132867132868
dvs,mapping-development,mapping-minus-anchor:mapping-paired:i2:pca:qrc:mapping-paired:i2:legacy:qrc,held,mapping-minus-anchor,mapping-paired:i2:pca:qrc,mapping-paired:i2:legacy:qrc,42,0,0.08333333333333337,0.07198351962943228,0.10677094840914625,0.0833333333333332
dvs,mapping-development,mapping-minus-anchor:mapping-paired:i2:pca:qrc:mapping-paired:i2:legacy:qrc,held,mapping-minus-anchor,mapping-paired:i2:pca:qrc,mapping-paired:i2:legacy:qrc,42,1,0.0950413223140496,0.09351225106707672,0.12400445559429091,0.09504132231404955
dvs,mapping-development,mapping-minus-anchor:mapping-paired:i2:pca:qrc:mapping-paired:i2:legacy:qrc,held,mapping-minus-anchor,mapping-paired:i2:pca:qrc,mapping-paired:i2:legacy:qrc,42,2,0.06060606060606061,0.04443094884080534,0.06679813493488501,0.06060606060606066
dvs,mapping-development,mapping-minus-anchor:mapping-paired:i2:pca:qrc:mapping-paired:i2:legacy:qrc,held,mapping-minus-anchor,mapping-paired:i2:pca:qrc,mapping-paired:i2:legacy:qrc,42,3,0.013986013986014012,0.004236921804388172,-0.006622076234100327,0.013986013986013957
dvs,mapping-development,mapping-minus-anchor:mapping-paired:i2:pca:qrc:mapping-paired:i2:legacy:qrc,held,mapping-minus-anchor,mapping-paired:i2:pca:qrc,mapping-paired:i2:legacy:qrc,44,0,0.06818181818181818,0.07593104728762023,0.0891422877381699,0.06818181818181818
dvs,mapping-development,mapping-minus-anchor:mapping-paired:i2:pca:qrc:mapping-paired:i2:legacy:qrc,held,mapping-minus-anchor,mapping-paired:i2:pca:qrc,mapping-paired:i2:legacy:qrc,44,1,0.11983471074380164,0.11577582836094746,0.1433812525090416,0.11983471074380164
dvs,mapping-development,mapping-minus-anchor:mapping-paired:i2:pca:qrc:mapping-paired:i2:legacy:qrc,held,mapping-minus-anchor,mapping-paired:i2:pca:qrc,mapping-paired:i2:legacy:qrc,44,2,0.012987012987012991,-0.002223666322816953,0.038584818914336516,0.012987012987012991
dvs,mapping-development,mapping-minus-anchor:mapping-paired:i2:pca:qrc:mapping-paired:i2:legacy:qrc,held,mapping-minus-anchor,mapping-paired:i2:pca:qrc,mapping-paired:i2:legacy:qrc,44,3,-0.04895104895104896,-0.03355172764033054,-0.027104912631228384,-0.04895104895104896
dvs,mapping-development,mapping-minus-anchor:mapping-paired:i2:pca:qrc:mapping-paired:i2:legacy:qrc,held,mapping-minus-anchor,mapping-paired:i2:pca:qrc,mapping-paired:i2:legacy:qrc,46,0,0.04545454545454547,0.04216234743886155,0.07252479153504487,0.04545454545454558
dvs,mapping-development,mapping-minus-anchor:mapping-paired:i2:pca:qrc:mapping-paired:i2:legacy:qrc,held,mapping-minus-anchor,mapping-paired:i2:pca:qrc,mapping-paired:i2:legacy:qrc,46,1,0.07438016528925617,0.09230217338144348,0.1210002148877104,0.07438016528925617
dvs,mapping-development,mapping-minus-anchor:mapping-paired:i2:pca:qrc:mapping-paired:i2:legacy:qrc,held,mapping-minus-anchor,mapping-paired:i2:pca:qrc,mapping-paired:i2:legacy:qrc,46,2,-0.047619047619047616,-0.06695201817294333,-0.08016957030044658,-0.047619047619047616
dvs,mapping-development,mapping-minus-anchor:mapping-paired:i2:pca:qrc:mapping-paired:i2:legacy:qrc,held,mapping-minus-anchor,mapping-paired:i2:pca:qrc,mapping-paired:i2:legacy:qrc,46,3,-0.09090909090909094,-0.08489050874065529,-0.10015564657064802,-0.09090909090909094
dvs,mapping-development,mapping-minus-anchor:mapping-paired:i2:pca:crc:mapping-paired:i2:legacy:crc,held,mapping-minus-anchor,mapping-paired:i2:pca:crc,mapping-paired:i2:legacy:crc,42,0,0.030303030303030276,0.04347970707525173,0.034252538914712805,0.03030303030303033
dvs,mapping-development,mapping-minus-anchor:mapping-paired:i2:pca:crc:mapping-paired:i2:legacy:crc,held,mapping-minus-anchor,mapping-paired:i2:pca:crc,mapping-paired:i2:legacy:crc,42,1,0.15289256198347106,0.15964280689775,0.15260381001925627,0.15289256198347118
dvs,mapping-development,mapping-minus-anchor:mapping-paired:i2:pca:crc:mapping-paired:i2:legacy:crc,held,mapping-minus-anchor,mapping-paired:i2:pca:crc,mapping-paired:i2:legacy:crc,42,2,-0.034632034632034625,-0.03241581064090293,-0.027815058700245976,-0.03463203463203457
dvs,mapping-development,mapping-minus-anchor:mapping-paired:i2:pca:crc:mapping-paired:i2:legacy:crc,held,mapping-minus-anchor,mapping-paired:i2:pca:crc,mapping-paired:i2:legacy:crc,42,3,0.19580419580419578,0.2142764623687738,0.2300833997287699,0.19580419580419572
dvs,mapping-development,mapping-minus-anchor:mapping-paired:i2:pca:crc:mapping-paired:i2:legacy:crc,held,mapping-minus-anchor,mapping-paired:i2:pca:crc,mapping-paired:i2:legacy:crc,44,0,0.0492424242424242,0.05259211478216408,0.06203616073154444,0.0492424242424242
dvs,mapping-development,mapping-minus-anchor:mapping-paired:i2:pca:crc:mapping-paired:i2:legacy:crc,held,mapping-minus-anchor,mapping-paired:i2:pca:crc,mapping-paired:i2:legacy:crc,44,1,0.1652892561983471,0.16759450237849755,0.14942622860790744,0.16528925619834722
dvs,mapping-development,mapping-minus-anchor:mapping-paired:i2:pca:crc:mapping-paired:i2:legacy:crc,held,mapping-minus-anchor,mapping-paired:i2:pca:crc,mapping-paired:i2:legacy:crc,44,2,0.038961038961038974,0.035322351342632174,0.05592375345339773,0.038961038961038974
dvs,mapping-development,mapping-minus-anchor:mapping-paired:i2:pca:crc:mapping-paired:i2:legacy:crc,held,mapping-minus-anchor,mapping-paired:i2:pca:crc,mapping-paired:i2:legacy:crc,44,3,0.2027972027972028,0.22888689648137112,0.2225708382526565,0.2027972027972026
dvs,mapping-development,mapping-minus-anchor:mapping-paired:i2:pca:crc:mapping-paired:i2:legacy:crc,held,mapping-minus-anchor,mapping-paired:i2:pca:crc,mapping-paired:i2:legacy:crc,46,0,-0.0037878787878787845,-0.004579110366660366,-0.0032657606548365803,-0.0037878787878787845
dvs,mapping-development,mapping-minus-anchor:mapping-paired:i2:pca:crc:mapping-paired:i2:legacy:crc,held,mapping-minus-anchor,mapping-paired:i2:pca:crc,mapping-paired:i2:legacy:crc,46,1,0.10330578512396693,0.1075512324652661,0.11302647848761993,0.10330578512396688
dvs,mapping-development,mapping-minus-anchor:mapping-paired:i2:pca:crc:mapping-paired:i2:legacy:crc,held,mapping-minus-anchor,mapping-paired:i2:pca:crc,mapping-paired:i2:legacy:crc,46,2,-0.0043290043290042934,0.0046062503953228084,0.012084505482403696,-0.0043290043290042934
dvs,mapping-development,mapping-minus-anchor:mapping-paired:i2:pca:crc:mapping-paired:i2:legacy:crc,held,mapping-minus-anchor,mapping-paired:i2:pca:crc,mapping-paired:i2:legacy:crc,46,3,0.13986013986013984,0.16389056132766322,0.1627074796860894,0.13986013986013984
dvs,mapping-development,mapping-minus-anchor:mapping-paired:i2:pca:projection:mapping-paired:i2:legacy:projection,held,mapping-minus-anchor,mapping-paired:i2:pca:projection,mapping-paired:i2:legacy:projection,42,0,0.011363636363636354,0.02045718593765633,0.12184859259845571,0.011363636363636298
dvs,mapping-development,mapping-minus-anchor:mapping-paired:i2:pca:projection:mapping-paired:i2:legacy:projection,held,mapping-minus-anchor,mapping-paired:i2:pca:projection,mapping-paired:i2:legacy:projection,42,1,0.13636363636363638,0.13228907740154341,0.1794970490604626,0.13636363636363638
dvs,mapping-development,mapping-minus-anchor:mapping-paired:i2:pca:projection:mapping-paired:i2:legacy:projection,held,mapping-minus-anchor,mapping-paired:i2:pca:projection,mapping-paired:i2:legacy:projection,42,2,0.08225108225108224,0.08588928563424086,0.03915794671066375,0.08225108225108224
dvs,mapping-development,mapping-minus-anchor:mapping-paired:i2:pca:projection:mapping-paired:i2:legacy:projection,held,mapping-minus-anchor,mapping-paired:i2:pca:projection,mapping-paired:i2:legacy:projection,42,3,0.06293706293706292,0.04029858041177731,0.0026833529438097803,0.06293706293706292
dvs,mapping-development,mapping-minus-anchor:mapping-paired:i2:pca:projection:mapping-paired:i2:legacy:projection,held,mapping-minus-anchor,mapping-paired:i2:pca:projection,mapping-paired:i2:legacy:projection,44,0,0.011363636363636354,0.02045718593765633,0.12184859259845571,0.011363636363636298
dvs,mapping-development,mapping-minus-anchor:mapping-paired:i2:pca:projection:mapping-paired:i2:legacy:projection,held,mapping-minus-anchor,mapping-paired:i2:pca:projection,mapping-paired:i2:legacy:projection,44,1,0.13636363636363638,0.13228907740154341,0.1794970490604626,0.13636363636363638
dvs,mapping-development,mapping-minus-anchor:mapping-paired:i2:pca:projection:mapping-paired:i2:legacy:projection,held,mapping-minus-anchor,mapping-paired:i2:pca:projection,mapping-paired:i2:legacy:projection,44,2,0.08225108225108224,0.08588928563424086,0.03915794671066375,0.08225108225108224
dvs,mapping-development,mapping-minus-anchor:mapping-paired:i2:pca:projection:mapping-paired:i2:legacy:projection,held,mapping-minus-anchor,mapping-paired:i2:pca:projection,mapping-paired:i2:legacy:projection,44,3,0.06293706293706292,0.04029858041177731,0.0026833529438097803,0.06293706293706292
dvs,mapping-development,mapping-minus-anchor:mapping-paired:i2:pca:projection:mapping-paired:i2:legacy:projection,held,mapping-minus-anchor,mapping-paired:i2:pca:projection,mapping-paired:i2:legacy:projection,46,0,0.011363636363636354,0.02045718593765633,0.12184859259845571,0.011363636363636298
dvs,mapping-development,mapping-minus-anchor:mapping-paired:i2:pca:projection:mapping-paired:i2:legacy:projection,held,mapping-minus-anchor,mapping-paired:i2:pca:projection,mapping-paired:i2:legacy:projection,46,1,0.13636363636363638,0.13228907740154341,0.1794970490604626,0.13636363636363638
dvs,mapping-development,mapping-minus-anchor:mapping-paired:i2:pca:projection:mapping-paired:i2:legacy:projection,held,mapping-minus-anchor,mapping-paired:i2:pca:projection,mapping-paired:i2:legacy:projection,46,2,0.08225108225108224,0.08588928563424086,0.03915794671066375,0.08225108225108224
dvs,mapping-development,mapping-minus-anchor:mapping-paired:i2:pca:projection:mapping-paired:i2:legacy:projection,held,mapping-minus-anchor,mapping-paired:i2:pca:projection,mapping-paired:i2:legacy:projection,46,3,0.06293706293706292,0.04029858041177731,0.0026833529438097803,0.06293706293706292
dvs,mapping-development,mapping-QRC-minus-CRC:mapping-paired:i4:legacy:qrc:mapping-paired:i4:legacy:crc,held,mapping-QRC-minus-CRC,mapping-paired:i4:legacy:qrc,mapping-paired:i4:legacy:crc,42,0,0.015151515151515194,0.0013058421682784482,-0.020885566634753383,0.015151515151515194
dvs,mapping-development,mapping-QRC-minus-CRC:mapping-paired:i4:legacy:qrc:mapping-paired:i4:legacy:crc,held,mapping-QRC-minus-CRC,mapping-paired:i4:legacy:qrc,mapping-paired:i4:legacy:crc,42,1,0.0,0.0052568970853829056,0.03064705053486738,0.0
dvs,mapping-development,mapping-QRC-minus-CRC:mapping-paired:i4:legacy:qrc:mapping-paired:i4:legacy:crc,held,mapping-QRC-minus-CRC,mapping-paired:i4:legacy:qrc,mapping-paired:i4:legacy:crc,42,2,-0.09523809523809523,-0.09482548627351461,-0.08769048146740788,-0.09523809523809545
dvs,mapping-development,mapping-QRC-minus-CRC:mapping-paired:i4:legacy:qrc:mapping-paired:i4:legacy:crc,held,mapping-QRC-minus-CRC,mapping-paired:i4:legacy:qrc,mapping-paired:i4:legacy:crc,42,3,0.0,-0.009144024668762296,0.09000721500721487,0.0
dvs,mapping-development,mapping-QRC-minus-CRC:mapping-paired:i4:legacy:qrc:mapping-paired:i4:legacy:crc,held,mapping-QRC-minus-CRC,mapping-paired:i4:legacy:qrc,mapping-paired:i4:legacy:crc,44,0,-0.04545454545454547,-0.04727504030431323,-0.07411554158691946,-0.04545454545454536
dvs,mapping-development,mapping-QRC-minus-CRC:mapping-paired:i4:legacy:qrc:mapping-paired:i4:legacy:crc,held,mapping-QRC-minus-CRC,mapping-paired:i4:legacy:qrc,mapping-paired:i4:legacy:crc,44,1,-0.07024793388429751,-0.07788973862516568,-0.0714756859100108,-0.07024793388429751
dvs,mapping-development,mapping-QRC-minus-CRC:mapping-paired:i4:legacy:qrc:mapping-paired:i4:legacy:crc,held,mapping-QRC-minus-CRC,mapping-paired:i4:legacy:qrc,mapping-paired:i4:legacy:crc,44,2,-0.09523809523809534,-0.09061853204504033,-0.09140220608483807,-0.09523809523809545
dvs,mapping-development,mapping-QRC-minus-CRC:mapping-paired:i4:legacy:qrc:mapping-paired:i4:legacy:crc,held,mapping-QRC-minus-CRC,mapping-paired:i4:legacy:qrc,mapping-paired:i4:legacy:crc,44,3,-0.06993006993006995,-0.0706628864134472,-0.05597041943087533,-0.06993006993006978
dvs,mapping-development,mapping-QRC-minus-CRC:mapping-paired:i4:legacy:qrc:mapping-paired:i4:legacy:crc,held,mapping-QRC-minus-CRC,mapping-paired:i4:legacy:qrc,mapping-paired:i4:legacy:crc,46,0,-0.0037878787878787845,0.011728740932869075,-0.004248775013100614,-0.0037878787878787845
dvs,mapping-development,mapping-QRC-minus-CRC:mapping-paired:i4:legacy:qrc:mapping-paired:i4:legacy:crc,held,mapping-QRC-minus-CRC,mapping-paired:i4:legacy:qrc,mapping-paired:i4:legacy:crc,46,1,-0.06611570247933884,-0.0780136449625381,-0.029801668074994625,-0.0661157024793389
dvs,mapping-development,mapping-QRC-minus-CRC:mapping-paired:i4:legacy:qrc:mapping-paired:i4:legacy:crc,held,mapping-QRC-minus-CRC,mapping-paired:i4:legacy:qrc,mapping-paired:i4:legacy:crc,46,2,-0.06926406926406925,-0.07296682099789698,-0.07668979800872577,-0.06926406926406914
dvs,mapping-development,mapping-QRC-minus-CRC:mapping-paired:i4:legacy:qrc:mapping-paired:i4:legacy:crc,held,mapping-QRC-minus-CRC,mapping-paired:i4:legacy:qrc,mapping-paired:i4:legacy:crc,46,3,-0.03496503496503489,-0.03641317611124151,-0.04534148511421243,-0.034965034965035
dvs,mapping-development,mapping-QRC-minus-CRC:mapping-paired:i4:pca:qrc:mapping-paired:i4:pca:crc,held,mapping-QRC-minus-CRC,mapping-paired:i4:pca:qrc,mapping-paired:i4:pca:crc,42,0,-0.12121212121212122,-0.10706246608994041,-0.1363453318115585,-0.12121212121212122
dvs,mapping-development,mapping-QRC-minus-CRC:mapping-paired:i4:pca:qrc:mapping-paired:i4:pca:crc,held,mapping-QRC-minus-CRC,mapping-paired:i4:pca:qrc,mapping-paired:i4:pca:crc,42,1,-0.09090909090909094,-0.09290348806637883,-0.11173454106011327,-0.09090909090909083
dvs,mapping-development,mapping-QRC-minus-CRC:mapping-paired:i4:pca:qrc:mapping-paired:i4:pca:crc,held,mapping-QRC-minus-CRC,mapping-paired:i4:pca:qrc,mapping-paired:i4:pca:crc,42,2,-0.1255411255411255,-0.12318496393331291,-0.10440534137972923,-0.12554112554112562
dvs,mapping-development,mapping-QRC-minus-CRC:mapping-paired:i4:pca:qrc:mapping-paired:i4:pca:crc,held,mapping-QRC-minus-CRC,mapping-paired:i4:pca:qrc,mapping-paired:i4:pca:crc,42,3,-0.2027972027972028,-0.21490968371567976,-0.18443843641181468,-0.2027972027972028
dvs,mapping-development,mapping-QRC-minus-CRC:mapping-paired:i4:pca:qrc:mapping-paired:i4:pca:crc,held,mapping-QRC-minus-CRC,mapping-paired:i4:pca:qrc,mapping-paired:i4:pca:crc,44,0,-0.037878787878787956,-0.023083705229487994,-0.06211754605948716,-0.037878787878787845
dvs,mapping-development,mapping-QRC-minus-CRC:mapping-paired:i4:pca:qrc:mapping-paired:i4:pca:crc,held,mapping-QRC-minus-CRC,mapping-paired:i4:pca:qrc,mapping-paired:i4:pca:crc,44,1,0.0,-0.015312711157878356,-0.0006803524991630949,-1.1102230246251565e-16
dvs,mapping-development,mapping-QRC-minus-CRC:mapping-paired:i4:pca:qrc:mapping-paired:i4:pca:crc,held,mapping-QRC-minus-CRC,mapping-paired:i4:pca:qrc,mapping-paired:i4:pca:crc,44,2,0.0043290043290044045,0.003576573623755408,0.000871678327773795,0.004329004329004182
dvs,mapping-development,mapping-QRC-minus-CRC:mapping-paired:i4:pca:qrc:mapping-paired:i4:pca:crc,held,mapping-QRC-minus-CRC,mapping-paired:i4:pca:qrc,mapping-paired:i4:pca:crc,44,3,-0.11188811188811187,-0.11254527964325656,-0.1278190868924053,-0.11188811188811187
dvs,mapping-development,mapping-QRC-minus-CRC:mapping-paired:i4:pca:qrc:mapping-paired:i4:pca:crc,held,mapping-QRC-minus-CRC,mapping-paired:i4:pca:qrc,mapping-paired:i4:pca:crc,46,0,-0.125,-0.11505626649120126,-0.14238138498729092,-0.1250000000000001
dvs,mapping-development,mapping-QRC-minus-CRC:mapping-paired:i4:pca:qrc:mapping-paired:i4:pca:crc,held,mapping-QRC-minus-CRC,mapping-paired:i4:pca:qrc,mapping-paired:i4:pca:crc,46,1,-0.06611570247933884,-0.06965191028627471,-0.08351057979901944,-0.06611570247933884
dvs,mapping-development,mapping-QRC-minus-CRC:mapping-paired:i4:pca:qrc:mapping-paired:i4:pca:crc,held,mapping-QRC-minus-CRC,mapping-paired:i4:pca:qrc,mapping-paired:i4:pca:crc,46,2,-0.06926406926406925,-0.07018000867719865,-0.06575413101910921,-0.06926406926406914
dvs,mapping-development,mapping-QRC-minus-CRC:mapping-paired:i4:pca:qrc:mapping-paired:i4:pca:crc,held,mapping-QRC-minus-CRC,mapping-paired:i4:pca:qrc,mapping-paired:i4:pca:crc,46,3,-0.1398601398601399,-0.1454657156434379,-0.13336144419735763,-0.13986013986014
dvs,mapping-development,mapping-minus-anchor:mapping-paired:i4:pca:qrc:mapping-paired:i4:legacy:qrc,held,mapping-minus-anchor,mapping-paired:i4:pca:qrc,mapping-paired:i4:legacy:qrc,42,0,0.17045454545454541,0.18964593566266102,0.1475691969633096,0.17045454545454536
dvs,mapping-development,mapping-minus-anchor:mapping-paired:i4:pca:qrc:mapping-paired:i4:legacy:qrc,held,mapping-minus-anchor,mapping-paired:i4:pca:qrc,mapping-paired:i4:legacy:qrc,42,1,0.1487603305785124,0.1570446352406264,0.11330214732812122,0.1487603305785124
dvs,mapping-development,mapping-minus-anchor:mapping-paired:i4:pca:qrc:mapping-paired:i4:legacy:qrc,held,mapping-minus-anchor,mapping-paired:i4:pca:qrc,mapping-paired:i4:legacy:qrc,42,2,0.1688311688311689,0.17534096661809806,0.16929327311080633,0.1688311688311689
dvs,mapping-development,mapping-minus-anchor:mapping-paired:i4:pca:qrc:mapping-paired:i4:legacy:qrc,held,mapping-minus-anchor,mapping-paired:i4:pca:qrc,mapping-paired:i4:legacy:qrc,42,3,0.1048951048951049,0.11663873932257968,0.024507742967801338,0.104895104895105
dvs,mapping-development,mapping-minus-anchor:mapping-paired:i4:pca:qrc:mapping-paired:i4:legacy:qrc,held,mapping-minus-anchor,mapping-paired:i4:pca:qrc,mapping-paired:i4:legacy:qrc,44,0,0.29166666666666663,0.30156669014340076,0.2865626026109639,0.2916666666666667
dvs,mapping-development,mapping-minus-anchor:mapping-paired:i4:pca:qrc:mapping-paired:i4:legacy:qrc,held,mapping-minus-anchor,mapping-paired:i4:pca:qrc,mapping-paired:i4:legacy:qrc,44,1,0.28099173553719003,0.2846506585587397,0.28266930200400137,0.28099173553719
dvs,mapping-development,mapping-minus-anchor:mapping-paired:i4:pca:qrc:mapping-paired:i4:legacy:qrc,held,mapping-minus-anchor,mapping-paired:i4:pca:qrc,mapping-paired:i4:legacy:qrc,44,2,0.24675324675324684,0.24758575358472945,0.24772202657158726,0.24675324675324672
dvs,mapping-development,mapping-minus-anchor:mapping-paired:i4:pca:qrc:mapping-paired:i4:legacy:qrc,held,mapping-minus-anchor,mapping-paired:i4:pca:qrc,mapping-paired:i4:legacy:qrc,44,3,0.23076923076923078,0.25154956225799285,0.22926646541197626,0.23076923076923073
dvs,mapping-development,mapping-minus-anchor:mapping-paired:i4:pca:qrc:mapping-paired:i4:legacy:qrc,held,mapping-minus-anchor,mapping-paired:i4:pca:qrc,mapping-paired:i4:legacy:qrc,46,0,0.2007575757575757,0.1985089632712923,0.160910762148042,0.2007575757575757
dvs,mapping-development,mapping-minus-anchor:mapping-paired:i4:pca:qrc:mapping-paired:i4:legacy:qrc,held,mapping-minus-anchor,mapping-paired:i4:pca:qrc,mapping-paired:i4:legacy:qrc,46,1,0.21900826446280997,0.23891650193645753,0.16994021338329857,0.2190082644628099
dvs,mapping-development,mapping-minus-anchor:mapping-paired:i4:pca:qrc:mapping-paired:i4:legacy:qrc,held,mapping-minus-anchor,mapping-paired:i4:pca:qrc,mapping-paired:i4:legacy:qrc,46,2,0.17316017316017318,0.17516684185888554,0.16240179219036377,0.17316017316017318
dvs,mapping-development,mapping-minus-anchor:mapping-paired:i4:pca:qrc:mapping-paired:i4:legacy:qrc,held,mapping-minus-anchor,mapping-paired:i4:pca:qrc,mapping-paired:i4:legacy:qrc,46,3,0.1398601398601398,0.15572861955051043,0.15711571332525465,0.1398601398601399
dvs,mapping-development,mapping-minus-anchor:mapping-paired:i4:pca:crc:mapping-paired:i4:legacy:crc,held,mapping-minus-anchor,mapping-paired:i4:pca:crc,mapping-paired:i4:legacy:crc,42,0,0.3068181818181818,0.2980142439208799,0.26302896214011473,0.30681818181818177
dvs,mapping-development,mapping-minus-anchor:mapping-paired:i4:pca:crc:mapping-paired:i4:legacy:crc,held,mapping-minus-anchor,mapping-paired:i4:pca:crc,mapping-paired:i4:legacy:crc,42,1,0.23966942148760334,0.2552050203923881,0.25568373892310187,0.23966942148760323
dvs,mapping-development,mapping-minus-anchor:mapping-paired:i4:pca:crc:mapping-paired:i4:legacy:crc,held,mapping-minus-anchor,mapping-paired:i4:pca:crc,mapping-paired:i4:legacy:crc,42,2,0.19913419913419916,0.20370044427789635,0.1860081330231277,0.19913419913419905
dvs,mapping-development,mapping-minus-anchor:mapping-paired:i4:pca:crc:mapping-paired:i4:legacy:crc,held,mapping-minus-anchor,mapping-paired:i4:pca:crc,mapping-paired:i4:legacy:crc,42,3,0.3076923076923077,0.32240439836949714,0.2989533943868309,0.3076923076923078
dvs,mapping-development,mapping-minus-anchor:mapping-paired:i4:pca:crc:mapping-paired:i4:legacy:crc,held,mapping-minus-anchor,mapping-paired:i4:pca:crc,mapping-paired:i4:legacy:crc,44,0,0.2840909090909091,0.2773753550685755,0.2745646070835316,0.28409090909090917
dvs,mapping-development,mapping-minus-anchor:mapping-paired:i4:pca:crc:mapping-paired:i4:legacy:crc,held,mapping-minus-anchor,mapping-paired:i4:pca:crc,mapping-paired:i4:legacy:crc,44,1,0.21074380165289253,0.2220736310914524,0.21187396859315366,0.21074380165289258
dvs,mapping-development,mapping-minus-anchor:mapping-paired:i4:pca:crc:mapping-paired:i4:legacy:crc,held,mapping-minus-anchor,mapping-paired:i4:pca:crc,mapping-paired:i4:legacy:crc,44,2,0.1471861471861471,0.1533906479159337,0.1554481421589754,0.1471861471861471
dvs,mapping-development,mapping-minus-anchor:mapping-paired:i4:pca:crc:mapping-paired:i4:legacy:crc,held,mapping-minus-anchor,mapping-paired:i4:pca:crc,mapping-paired:i4:legacy:crc,44,3,0.2727272727272727,0.2934319554878022,0.3011151328735062,0.2727272727272728
dvs,mapping-development,mapping-minus-anchor:mapping-paired:i4:pca:crc:mapping-paired:i4:legacy:crc,held,mapping-minus-anchor,mapping-paired:i4:pca:crc,mapping-paired:i4:legacy:crc,46,0,0.3219696969696969,0.32529397069536264,0.2990433721222323,0.321969696969697
dvs,mapping-development,mapping-minus-anchor:mapping-paired:i4:pca:crc:mapping-paired:i4:legacy:crc,held,mapping-minus-anchor,mapping-paired:i4:pca:crc,mapping-paired:i4:legacy:crc,46,1,0.21900826446280997,0.23055476726019414,0.22364912510732338,0.21900826446280985
dvs,mapping-development,mapping-minus-anchor:mapping-paired:i4:pca:crc:mapping-paired:i4:legacy:crc,held,mapping-minus-anchor,mapping-paired:i4:pca:crc,mapping-paired:i4:legacy:crc,46,2,0.17316017316017318,0.1723800295381872,0.1514661252007472,0.17316017316017318
dvs,mapping-development,mapping-minus-anchor:mapping-paired:i4:pca:crc:mapping-paired:i4:legacy:crc,held,mapping-minus-anchor,mapping-paired:i4:pca:crc,mapping-paired:i4:legacy:crc,46,3,0.2447552447552448,0.26478115908270683,0.24513567240839984,0.2447552447552449
dvs,mapping-development,mapping-minus-anchor:mapping-paired:i4:pca:projection:mapping-paired:i4:legacy:projection,held,mapping-minus-anchor,mapping-paired:i4:pca:projection,mapping-paired:i4:legacy:projection,42,0,0.24242424242424243,0.22843142237820413,0.20045337900251348,0.2424242424242425
dvs,mapping-development,mapping-minus-anchor:mapping-paired:i4:pca:projection:mapping-paired:i4:legacy:projection,held,mapping-minus-anchor,mapping-paired:i4:pca:projection,mapping-paired:i4:legacy:projection,42,1,0.14876033057851246,0.14066210230829324,0.11187223088916493,0.14876033057851235
dvs,mapping-development,mapping-minus-anchor:mapping-paired:i4:pca:projection:mapping-paired:i4:legacy:projection,held,mapping-minus-anchor,mapping-paired:i4:pca:projection,mapping-paired:i4:legacy:projection,42,2,0.16883116883116878,0.17236910677356038,0.18023212143538703,0.16883116883116894
dvs,mapping-development,mapping-minus-anchor:mapping-paired:i4:pca:projection:mapping-paired:i4:legacy:projection,held,mapping-minus-anchor,mapping-paired:i4:pca:projection,mapping-paired:i4:legacy:projection,42,3,0.1398601398601398,0.1466577195612766,0.14850803867786327,0.13986013986013984
dvs,mapping-development,mapping-minus-anchor:mapping-paired:i4:pca:projection:mapping-paired:i4:legacy:projection,held,mapping-minus-anchor,mapping-paired:i4:pca:projection,mapping-paired:i4:legacy:projection,44,0,0.24242424242424243,0.22843142237820413,0.20045337900251348,0.2424242424242425
dvs,mapping-development,mapping-minus-anchor:mapping-paired:i4:pca:projection:mapping-paired:i4:legacy:projection,held,mapping-minus-anchor,mapping-paired:i4:pca:projection,mapping-paired:i4:legacy:projection,44,1,0.14876033057851246,0.14066210230829324,0.11187223088916493,0.14876033057851235
dvs,mapping-development,mapping-minus-anchor:mapping-paired:i4:pca:projection:mapping-paired:i4:legacy:projection,held,mapping-minus-anchor,mapping-paired:i4:pca:projection,mapping-paired:i4:legacy:projection,44,2,0.16883116883116878,0.17236910677356038,0.18023212143538703,0.16883116883116894
dvs,mapping-development,mapping-minus-anchor:mapping-paired:i4:pca:projection:mapping-paired:i4:legacy:projection,held,mapping-minus-anchor,mapping-paired:i4:pca:projection,mapping-paired:i4:legacy:projection,44,3,0.1398601398601398,0.1466577195612766,0.14850803867786327,0.13986013986013984
dvs,mapping-development,mapping-minus-anchor:mapping-paired:i4:pca:projection:mapping-paired:i4:legacy:projection,held,mapping-minus-anchor,mapping-paired:i4:pca:projection,mapping-paired:i4:legacy:projection,46,0,0.24242424242424243,0.22843142237820413,0.20045337900251348,0.2424242424242425
dvs,mapping-development,mapping-minus-anchor:mapping-paired:i4:pca:projection:mapping-paired:i4:legacy:projection,held,mapping-minus-anchor,mapping-paired:i4:pca:projection,mapping-paired:i4:legacy:projection,46,1,0.14876033057851246,0.14066210230829324,0.11187223088916493,0.14876033057851235
dvs,mapping-development,mapping-minus-anchor:mapping-paired:i4:pca:projection:mapping-paired:i4:legacy:projection,held,mapping-minus-anchor,mapping-paired:i4:pca:projection,mapping-paired:i4:legacy:projection,46,2,0.16883116883116878,0.17236910677356038,0.18023212143538703,0.16883116883116894
dvs,mapping-development,mapping-minus-anchor:mapping-paired:i4:pca:projection:mapping-paired:i4:legacy:projection,held,mapping-minus-anchor,mapping-paired:i4:pca:projection,mapping-paired:i4:legacy:projection,46,3,0.1398601398601398,0.1466577195612766,0.14850803867786327,0.13986013986013984
shd,preprocessing-diagnostic,representation-difference:original_log:paper_counts,held,representation-difference,original_log,paper_counts,42,representation-diagnostic,0.03634361233480177,0.028071616318641635,-0.010811164820068941,0.03821454133760627
shd,preprocessing-diagnostic,representation-difference:original_log:paper_counts,held,representation-difference,original_log,paper_counts,44,representation-diagnostic,0.06112334801762109,0.057815427350505044,0.06983281995856083,0.06255898448661201
shd,preprocessing-diagnostic,representation-difference:original_log:paper_counts,held,representation-difference,original_log,paper_counts,46,representation-diagnostic,-0.024779735682819437,-0.021205166198101866,-0.023667993136748833,-0.02588284250490802
shd,preprocessing-diagnostic,representation-difference:original_log:selected_log,held,representation-difference,original_log,selected_log,42,representation-diagnostic,0.10737885462555063,0.11513704464606889,0.0626482050838516,0.10716240202191318
shd,preprocessing-diagnostic,representation-difference:original_log:selected_log,held,representation-difference,original_log,selected_log,44,representation-diagnostic,0.021475770925110105,0.0348035381345454,0.05705809942255213,0.020420586813639008
shd,preprocessing-diagnostic,representation-difference:original_log:selected_log,held,representation-difference,original_log,selected_log,46,representation-diagnostic,0.029185022026431695,0.03126130004108041,0.022206874778115337,0.028027227932622245
shd,preprocessing-diagnostic,representation-difference:paper_counts:selected_log,held,representation-difference,paper_counts,selected_log,42,representation-diagnostic,0.07103524229074887,0.08706542832742725,0.07345936990392055,0.06894786068430692
shd,preprocessing-diagnostic,representation-difference:paper_counts:selected_log,held,representation-difference,paper_counts,selected_log,44,representation-diagnostic,-0.03964757709251099,-0.023011889215959647,-0.012774720536008699,-0.042138397672973005
shd,preprocessing-diagnostic,representation-difference:paper_counts:selected_log,held,representation-difference,paper_counts,selected_log,46,representation-diagnostic,0.05396475770925113,0.052466466239182274,0.04587486791486417,0.053910070437530266
