dataset,phase,role,population,seeds,folds,accuracy,accuracy_seed_sd,accuracy_fold_sd,macro_f1,macro_f1_seed_sd,macro_f1_fold_sd,macro_precision,macro_precision_seed_sd,macro_precision_fold_sd,macro_recall,macro_recall_seed_sd,macro_recall_fold_sd,contrast,left,right,positive_folds,supported_development_gain
shd,confirmation,QRC-minus-CRC:comparison:fixed:q4-i2-qrc:comparison:fixed:q4-i2-crc,held,3,1,0.0159691629955947,0.04614721432939062,,0.019736647881083796,0.05263808141009729,,-0.007956153290287279,0.04184394918056057,,0.014222647882719689,0.047318041165156345,,QRC-minus-CRC,comparison:fixed:q4-i2-qrc,comparison:fixed:q4-i2-crc,1,False
shd,development,QRC-minus-CRC:comparison:fixed:q4-i2-qrc:comparison:fixed:q4-i2-crc,held,3,4,0.0018172394970343657,0.05103439230772515,0.017610411393595263,0.010201044757694571,0.0496144245669651,0.024261347767628335,0.030869852322333653,0.03517367009575802,0.023646250097953143,0.006195722178076568,0.05001726381831895,0.023029725985996428,QRC-minus-CRC,comparison:fixed:q4-i2-qrc,comparison:fixed:q4-i2-crc,2,False
shd,official,QRC-minus-CRC:comparison:fixed:q4-i2-qrc:comparison:fixed:q4-i2-crc,held,3,1,0.025765606595995288,0.027761341542205234,,0.02702909826735574,0.027004619079754374,,0.024203006845417763,0.03814073399967496,,0.024742317653592732,0.029322657698937094,,QRC-minus-CRC,comparison:fixed:q4-i2-qrc,comparison:fixed:q4-i2-crc,1,False
shd,confirmation,QRC-minus-CRC:comparison:fixed12:q4-i2-qrc:comparison:fixed12:q4-i2-crc,held,3,1,0.0159691629955947,0.04614721432939062,,0.019736647881083796,0.05263808141009729,,-0.007956153290287279,0.04184394918056057,,0.014222647882719689,0.047318041165156345,,QRC-minus-CRC,comparison:fixed12:q4-i2-qrc,comparison:fixed12:q4-i2-crc,1,False
shd,development,QRC-minus-CRC:comparison:fixed12:q4-i2-qrc:comparison:fixed12:q4-i2-crc,held,3,4,0.0018172394970343657,0.05103439230772515,0.017610411393595263,0.010201044757694571,0.0496144245669651,0.024261347767628335,0.030869852322333653,0.03517367009575802,0.023646250097953143,0.006195722178076568,0.05001726381831895,0.023029725985996428,QRC-minus-CRC,comparison:fixed12:q4-i2-qrc,comparison:fixed12:q4-i2-crc,2,False
shd,official,QRC-minus-CRC:comparison:fixed12:q4-i2-qrc:comparison:fixed12:q4-i2-crc,held,3,1,0.025765606595995288,0.027761341542205234,,0.02702909826735574,0.027004619079754374,,0.024203006845417763,0.03814073399967496,,0.024742317653592732,0.029322657698937094,,QRC-minus-CRC,comparison:fixed12:q4-i2-qrc,comparison:fixed12:q4-i2-crc,1,False
shd,confirmation,QRC-minus-CRC:comparison:tuned:q4-i2-qrc:comparison:tuned:q4-i2-crc,held,3,1,0.03762848751835538,0.019872167268560434,,0.03252929999123266,0.020075728946509042,,0.022394269933667443,0.026227225086539498,,0.03760095169889802,0.020005189720097592,,QRC-minus-CRC,comparison:tuned:q4-i2-qrc,comparison:tuned:q4-i2-crc,1,False
shd,development,QRC-minus-CRC:comparison:tuned:q4-i2-qrc:comparison:tuned:q4-i2-crc,held,3,4,0.0020067598029124326,0.004094267544283526,0.046251195813581475,0.0036972359440016755,0.0062028070259860305,0.04426810364495725,-0.0018928161324207233,0.0013488867880899476,0.02531658418408342,0.0031016690166308786,0.00555601930794329,0.04752666802377316,QRC-minus-CRC,comparison:tuned:q4-i2-qrc,comparison:tuned:q4-i2-crc,2,False
shd,official,QRC-minus-CRC:comparison:tuned:q4-i2-qrc:comparison:tuned:q4-i2-crc,held,3,1,0.022232037691401658,0.020548761501912625,,0.023086951475709716,0.019528699184554292,,0.01814966437419126,0.01431197034521899,,0.021530693111263988,0.019810407007996387,,QRC-minus-CRC,comparison:tuned:q4-i2-qrc,comparison:tuned:q4-i2-crc,1,False
shd,confirmation,tuned-minus-fixed:comparison:tuned:q4-i2-qrc:comparison:fixed:q4-i2-qrc,held,3,1,0.05745227606461086,0.03661928775521161,,0.07687189605847987,0.03725816490161729,,0.10328773229589187,0.033585443132273844,,0.05935484088193007,0.036886340249085874,,tuned-minus-fixed,comparison:tuned:q4-i2-qrc,comparison:fixed:q4-i2-qrc,1,False
shd,development,tuned-minus-fixed:comparison:tuned:q4-i2-qrc:comparison:fixed:q4-i2-qrc,held,3,4,0.08437485307335335,0.027195576173565907,0.038777105006255704,0.09333700877750635,0.022076011484281323,0.038736237515857246,0.0772389221415528,0.008458186421054803,0.044746669757197585,0.0823159801890409,0.026595110328889268,0.0386127482959549,tuned-minus-fixed,comparison:tuned:q4-i2-qrc,comparison:fixed:q4-i2-qrc,4,True
shd,official,tuned-minus-fixed:comparison:tuned:q4-i2-qrc:comparison:fixed:q4-i2-qrc,held,3,1,0.10659599528857477,0.03138633445788168,,0.11415976752012069,0.028900711361986263,,0.10787482042791297,0.027883530973794004,,0.10545078421870639,0.031251399600135676,,tuned-minus-fixed,comparison:tuned:q4-i2-qrc,comparison:fixed:q4-i2-qrc,1,False
shd,confirmation,natural-minus-fixed12:comparison:fixed:q4-i2-qrc:comparison:fixed12:q4-i2-qrc,held,3,1,0.0,0.0,,0.0,0.0,,0.0,0.0,,0.0,0.0,,natural-minus-fixed12,comparison:fixed:q4-i2-qrc,comparison:fixed12:q4-i2-qrc,0,False
shd,development,natural-minus-fixed12:comparison:fixed:q4-i2-qrc:comparison:fixed12:q4-i2-qrc,held,3,4,0.0,0.0,0.0,0.0,0.0,0.0,0.0,0.0,0.0,0.0,0.0,0.0,natural-minus-fixed12,comparison:fixed:q4-i2-qrc,comparison:fixed12:q4-i2-qrc,0,False
shd,official,natural-minus-fixed12:comparison:fixed:q4-i2-qrc:comparison:fixed12:q4-i2-qrc,held,3,1,0.0,0.0,,0.0,0.0,,0.0,0.0,,0.0,0.0,,natural-minus-fixed12,comparison:fixed:q4-i2-qrc,comparison:fixed12:q4-i2-qrc,0,False
shd,confirmation,reservoir-minus-projection:comparison:fixed:q4-i2-qrc:comparison:projection:i2,held,3,1,0.012481644640234898,0.024393299404133546,,0.024288888431789484,0.022499278015163333,,0.006862972632540987,0.022883188713038523,,0.01434945102056473,0.024520859524813983,,reservoir-minus-projection,comparison:fixed:q4-i2-qrc,comparison:projection:i2,1,False
shd,development,reservoir-minus-projection:comparison:fixed:q4-i2-qrc:comparison:projection:i2,held,3,4,-0.008155248345563535,0.03460275703318444,0.032206933303472636,-0.009549384121806526,0.032373606990538914,0.024732041827123782,0.02879829716510177,0.022213194017076016,0.02463162524526907,-0.012015298257862664,0.033951124246789144,0.036758118330591616,reservoir-minus-projection,comparison:fixed:q4-i2-qrc,comparison:projection:i2,1,False
shd,official,reservoir-minus-projection:comparison:fixed:q4-i2-qrc:comparison:projection:i2,held,3,1,0.023851590106007053,0.01761808363531725,,0.029013004179049135,0.016803508571389854,,0.005563725076790815,0.009805631170450763,,0.024792112297973252,0.0176709926682732,,reservoir-minus-projection,comparison:fixed:q4-i2-qrc,comparison:projection:i2,1,False
shd,confirmation,tuned-minus-fixed:comparison:tuned:q4-i2-crc:comparison:fixed:q4-i2-crc,held,3,1,0.03579295154185017,0.025951259180502603,,0.06407924394833099,0.035027454092786396,,0.07293730907193714,0.03266367734051474,,0.03597653706575173,0.02703461040010704,,tuned-minus-fixed,comparison:tuned:q4-i2-crc,comparison:fixed:q4-i2-crc,1,False
shd,development,tuned-minus-fixed:comparison:tuned:q4-i2-crc:comparison:fixed:q4-i2-crc,held,3,4,0.0841853327674753,0.020231545478060057,0.009637331834011241,0.09984081759119927,0.02330941936477706,0.0130248975807411,0.11000159059630717,0.02862326308434386,0.042003288464902165,0.0854100333504866,0.018888221936214197,0.00976448439026181,tuned-minus-fixed,comparison:tuned:q4-i2-crc,comparison:fixed:q4-i2-crc,4,True
shd,official,tuned-minus-fixed:comparison:tuned:q4-i2-crc:comparison:fixed:q4-i2-crc,held,3,1,0.1101295641931684,0.024877858011046434,,0.11810191431176671,0.02438061152420921,,0.11392816289913947,0.038352322794935834,,0.10866240876103513,0.02473628489149064,,tuned-minus-fixed,comparison:tuned:q4-i2-crc,comparison:fixed:q4-i2-crc,1,False
shd,confirmation,natural-minus-fixed12:comparison:fixed:q4-i2-crc:comparison:fixed12:q4-i2-crc,held,3,1,0.0,0.0,,0.0,0.0,,0.0,0.0,,0.0,0.0,,natural-minus-fixed12,comparison:fixed:q4-i2-crc,comparison:fixed12:q4-i2-crc,0,False
shd,development,natural-minus-fixed12:comparison:fixed:q4-i2-crc:comparison:fixed12:q4-i2-crc,held,3,4,0.0,0.0,0.0,0.0,0.0,0.0,0.0,0.0,0.0,0.0,0.0,0.0,natural-minus-fixed12,comparison:fixed:q4-i2-crc,comparison:fixed12:q4-i2-crc,0,False
shd,official,natural-minus-fixed12:comparison:fixed:q4-i2-crc:comparison:fixed12:q4-i2-crc,held,3,1,0.0,0.0,,0.0,0.0,,0.0,0.0,,0.0,0.0,,natural-minus-fixed12,comparison:fixed:q4-i2-crc,comparison:fixed12:q4-i2-crc,0,False
shd,confirmation,reservoir-minus-projection:comparison:fixed:q4-i2-crc:comparison:projection:i2,held,3,1,-0.0034875183553598013,0.02175865126686852,,0.0045522405507056884,0.030307663458279316,,0.014819125922828266,0.01922655980358092,,0.00012680313784504035,0.022803727821900575,,reservoir-minus-projection,comparison:fixed:q4-i2-crc,comparison:projection:i2,1,False
shd,development,reservoir-minus-projection:comparison:fixed:q4-i2-crc:comparison:projection:i2,held,3,4,-0.009972487842597902,0.021435182245385143,0.035786803547998305,-0.019750428879501097,0.02363827745476355,0.028618328601681016,-0.002071555157231883,0.013397417986023267,0.01773079421646125,-0.018211020435939234,0.022077132405243272,0.041286568866295094,reservoir-minus-projection,comparison:fixed:q4-i2-crc,comparison:projection:i2,1,False
shd,official,reservoir-minus-projection:comparison:fixed:q4-i2-crc:comparison:projection:i2,held,3,1,-0.001914016489988235,0.019076636439040683,,0.0019839059116933955,0.019412892891808226,,-0.018639281768626947,0.03188927932376575,,4.9794644380522314e-05,0.019532595605266777,,reservoir-minus-projection,comparison:fixed:q4-i2-crc,comparison:projection:i2,1,False
shd,confirmation,QRC-minus-CRC:comparison:fixed:q6-i2-qrc:comparison:fixed:q6-i2-crc,held,3,1,0.03487518355359762,0.01901441631950091,,0.032687883149787565,0.020930213305008966,,0.030461943703684085,0.017226815404770654,,0.03365713664012212,0.01922977342024358,,QRC-minus-CRC,comparison:fixed:q6-i2-qrc,comparison:fixed:q6-i2-crc,1,False
shd,development,QRC-minus-CRC:comparison:fixed:q6-i2-qrc:comparison:fixed:q6-i2-crc,held,3,4,0.017791734436319765,0.023675690156589446,0.016146966728035617,0.01912644052424937,0.01957681046073352,0.023797525728708042,0.04614771095650485,0.02796474720518748,0.056678573314800265,0.019511835799154442,0.022952368591530155,0.01903077576599534,QRC-minus-CRC,comparison:fixed:q6-i2-qrc,comparison:fixed:q6-i2-crc,3,True
shd,official,QRC-minus-CRC:comparison:fixed:q6-i2-qrc:comparison:fixed:q6-i2-crc,held,3,1,0.052120141342756186,0.03045141546491723,,0.054973278734046595,0.03287049142168575,,0.054264950785695265,0.0390815224860393,,0.050881492647093705,0.029282264004372352,,QRC-minus-CRC,comparison:fixed:q6-i2-qrc,comparison:fixed:q6-i2-crc,1,False
shd,confirmation,QRC-minus-CRC:comparison:fixed12:q6-i2-qrc:comparison:fixed12:q6-i2-crc,held,3,1,0.030286343612334787,0.0563694861596276,,0.0360187238131654,0.06878216777192092,,0.018166753756070093,0.06279211500570768,,0.02877068905523354,0.05760249354772341,,QRC-minus-CRC,comparison:fixed12:q6-i2-qrc,comparison:fixed12:q6-i2-crc,1,False
shd,development,QRC-minus-CRC:comparison:fixed12:q6-i2-qrc:comparison:fixed12:q6-i2-crc,held,3,4,0.0033541192899623484,0.06844044517157198,0.021737625017564557,0.00643479549884766,0.0676904077670257,0.020777924727286807,0.044789808840445054,0.03754976494821857,0.030279509891460055,0.00608339310458927,0.06766578187236592,0.024210338870823488,QRC-minus-CRC,comparison:fixed12:q6-i2-qrc,comparison:fixed12:q6-i2-crc,2,False
shd,official,QRC-minus-CRC:comparison:fixed12:q6-i2-qrc:comparison:fixed12:q6-i2-crc,held,3,1,0.03489399293286214,0.048023154717071206,,0.035232936813663164,0.049898533449233284,,0.036476072238581146,0.04641554245588509,,0.0340747828964163,0.048873309773033884,,QRC-minus-CRC,comparison:fixed12:q6-i2-qrc,comparison:fixed12:q6-i2-crc,1,False
shd,confirmation,QRC-minus-CRC:comparison:tuned:q6-i2-qrc:comparison:tuned:q6-i2-crc,held,3,1,-0.03065345080763578,0.02097094832538485,,-0.039531410732433124,0.02788079745548803,,-0.0357121120483912,0.021368858954350325,,-0.030950646054362412,0.020731869144596727,,QRC-minus-CRC,comparison:tuned:q6-i2-qrc,comparison:tuned:q6-i2-crc,0,False
shd,development,QRC-minus-CRC:comparison:tuned:q6-i2-qrc:comparison:tuned:q6-i2-crc,held,3,4,-0.043530005951348205,0.04013081883310866,0.007125737436149103,-0.044573018158422406,0.045460192369710786,0.007283785504035148,-0.03178188794845997,0.03836100554613805,0.015726062641634116,-0.04502208061629198,0.04196232622176424,0.00905941421172926,QRC-minus-CRC,comparison:tuned:q6-i2-qrc,comparison:tuned:q6-i2-crc,0,False
shd,official,QRC-minus-CRC:comparison:tuned:q6-i2-qrc:comparison:tuned:q6-i2-crc,held,3,1,-0.0379858657243816,0.02487262937332349,,-0.03764034241476074,0.02509895687523985,,-0.03813521647461197,0.023246850961398353,,-0.03676384191875459,0.024464292916047268,,QRC-minus-CRC,comparison:tuned:q6-i2-qrc,comparison:tuned:q6-i2-crc,0,False
shd,confirmation,tuned-minus-fixed:comparison:tuned:q6-i2-qrc:comparison:fixed:q6-i2-qrc,held,3,1,0.0038546255506608507,0.030949879948009643,,0.010116664860529404,0.023975433299147076,,0.02410655994005706,0.033603204927579663,,0.005536922062311526,0.030856175677882205,,tuned-minus-fixed,comparison:tuned:q6-i2-qrc,comparison:fixed:q6-i2-qrc,1,False
shd,development,tuned-minus-fixed:comparison:tuned:q6-i2-qrc:comparison:fixed:q6-i2-qrc,held,3,4,0.0338258067678359,0.020195268324550087,0.01381128819565603,0.04133569755180899,0.017277018995006044,0.017457690318738072,0.017549735086646066,0.028149128605449703,0.03710731634896761,0.03141571109527803,0.021403800213972354,0.01094768636913978,tuned-minus-fixed,comparison:tuned:q6-i2-qrc,comparison:fixed:q6-i2-qrc,4,True
shd,official,tuned-minus-fixed:comparison:tuned:q6-i2-qrc:comparison:fixed:q6-i2-qrc,held,3,1,0.0340106007067138,0.01660330930142448,,0.03887800712427011,0.019651619532876894,,0.032690699405995484,0.01628345804897625,,0.03372692683878753,0.01636944903661508,,tuned-minus-fixed,comparison:tuned:q6-i2-qrc,comparison:fixed:q6-i2-qrc,1,False
shd,confirmation,natural-minus-fixed12:comparison:fixed:q6-i2-qrc:comparison:fixed12:q6-i2-qrc,held,3,1,0.005139500734214375,0.005515777974051704,,0.00624502664122543,0.011578015246531414,,-0.00039966297843137727,0.008876724667877891,,0.0050877275196285305,0.005843797617388118,,natural-minus-fixed12,comparison:fixed:q6-i2-qrc,comparison:fixed12:q6-i2-qrc,1,False
shd,development,natural-minus-fixed12:comparison:fixed:q6-i2-qrc:comparison:fixed12:q6-i2-qrc,held,3,4,0.009734286141422235,0.016418393671842165,0.008290272091011497,0.012583945164087021,0.01552553904716011,0.008982087108822074,0.008241932076876088,0.010782892942400512,0.02603533349340638,0.009683605091433622,0.016362714740370984,0.00872999301045319,natural-minus-fixed12,comparison:fixed:q6-i2-qrc,comparison:fixed12:q6-i2-qrc,4,True
shd,official,natural-minus-fixed12:comparison:fixed:q6-i2-qrc:comparison:fixed12:q6-i2-qrc,held,3,1,0.02871024734982334,0.021297815284878355,,0.03270162125078006,0.02252403222115724,,0.021028300131896122,0.00935068580262255,,0.02847048017684291,0.02068744746032656,,natural-minus-fixed12,comparison:fixed:q6-i2-qrc,comparison:fixed12:q6-i2-qrc,1,False
shd,confirmation,reservoir-minus-projection:comparison:fixed:q6-i2-qrc:comparison:projection:i2,held,3,1,0.03193832599118936,0.03731920457017051,,0.046815991005096515,0.03873995666320038,,0.032586216700466984,0.0429820685804195,,0.033985219712707106,0.037612903353373306,,reservoir-minus-projection,comparison:fixed:q6-i2-qrc,comparison:projection:i2,1,False
shd,development,reservoir-minus-projection:comparison:fixed:q6-i2-qrc:comparison:projection:i2,held,3,4,0.003115917588786682,0.03693018988511487,0.025180342549144696,-0.0007316882165664165,0.03822935802174584,0.023542212824332914,0.050960185760089254,0.029885272660370315,0.047937147513118825,-0.002444022239916341,0.0372247549893338,0.029632905400438257,reservoir-minus-projection,comparison:fixed:q6-i2-qrc,comparison:projection:i2,2,False
shd,official,reservoir-minus-projection:comparison:fixed:q6-i2-qrc:comparison:projection:i2,held,3,1,0.06169022379269725,0.009497322392738618,,0.06991846397613662,0.009425960545416709,,0.03886509060185032,0.007716514018043806,,0.06259505771763973,0.010346907055708895,,reservoir-minus-projection,comparison:fixed:q6-i2-qrc,comparison:projection:i2,1,False
shd,confirmation,tuned-minus-fixed:comparison:tuned:q6-i2-crc:comparison:fixed:q6-i2-crc,held,3,1,0.06938325991189426,0.030644656559419628,,0.08233595874275008,0.04900054419823711,,0.09028061569213235,0.05968763249590111,,0.07014470475679606,0.0309910206829628,,tuned-minus-fixed,comparison:tuned:q6-i2-crc,comparison:fixed:q6-i2-crc,1,False
shd,development,tuned-minus-fixed:comparison:tuned:q6-i2-crc:comparison:fixed:q6-i2-crc,held,3,4,0.09514754715550389,0.04427924126519727,0.023320728352803848,0.10503515623448074,0.04490341466057408,0.02053217662715529,0.09547933399161089,0.03678838942984542,0.03935668188796061,0.09594962751072444,0.04360148753553314,0.02346624190793216,tuned-minus-fixed,comparison:tuned:q6-i2-crc,comparison:fixed:q6-i2-crc,4,True
shd,official,tuned-minus-fixed:comparison:tuned:q6-i2-crc:comparison:fixed:q6-i2-crc,held,3,1,0.12411660777385158,0.04419610512844164,,0.13149162827307745,0.04639726417643674,,0.12509086666630273,0.0503081937747939,,0.12137226140463582,0.0438400724362865,,tuned-minus-fixed,comparison:tuned:q6-i2-crc,comparison:fixed:q6-i2-crc,1,False
shd,confirmation,natural-minus-fixed12:comparison:fixed:q6-i2-crc:comparison:fixed12:q6-i2-crc,held,3,1,0.0005506607929515369,0.04748790894790837,,0.009575867304603266,0.06742056858764832,,-0.012694852926045367,0.07096283306085202,,0.00020127993473995076,0.04862073887085989,,natural-minus-fixed12,comparison:fixed:q6-i2-crc,comparison:fixed12:q6-i2-crc,1,False
shd,development,natural-minus-fixed12:comparison:fixed:q6-i2-crc:comparison:fixed12:q6-i2-crc,held,3,4,-0.004703329004935183,0.061629562105555744,0.008027718875023999,-0.000107699861314689,0.0638962265794615,0.006806521673109111,0.0068840299608162875,0.04138032603068718,0.03467228568252062,-0.0037448376031315503,0.062211906845231424,0.005957089878744587,natural-minus-fixed12,comparison:fixed:q6-i2-crc,comparison:fixed12:q6-i2-crc,3,False
shd,official,natural-minus-fixed12:comparison:fixed:q6-i2-crc:comparison:fixed12:q6-i2-crc,held,3,1,0.0114840989399293,0.05852598505232047,,0.012961279330396628,0.06049183426175697,,0.003239421584782002,0.07840502431440538,,0.01166377042616551,0.05843747697696008,,natural-minus-fixed12,comparison:fixed:q6-i2-crc,comparison:fixed12:q6-i2-crc,1,False
shd,confirmation,reservoir-minus-projection:comparison:fixed:q6-i2-crc:comparison:projection:i2,held,3,1,-0.0029368575624082647,0.026087222100634137,,0.014128107855308955,0.038400160664336686,,0.002124272996782898,0.05282610714148307,,0.0003280830725849911,0.026204405681519292,,reservoir-minus-projection,comparison:fixed:q6-i2-crc,comparison:projection:i2,1,False
shd,development,reservoir-minus-projection:comparison:fixed:q6-i2-crc:comparison:projection:i2,held,3,4,-0.014675816847533085,0.04022137291923019,0.028497823640332095,-0.019858128740815786,0.04045597849178568,0.022849992941448533,0.0048124748035844045,0.030064554188453836,0.050141479011162345,-0.021955858039070783,0.04027630940989551,0.03593538924042293,reservoir-minus-projection,comparison:fixed:q6-i2-crc,comparison:projection:i2,1,False
shd,official,reservoir-minus-projection:comparison:fixed:q6-i2-crc:comparison:projection:i2,held,3,1,0.009570082449941064,0.03955667568671245,,0.014945185242090023,0.0414825364874842,,-0.015399860183844946,0.046526501065071627,,0.011713565070546031,0.039134788426582225,,reservoir-minus-projection,comparison:fixed:q6-i2-crc,comparison:projection:i2,1,False
shd,confirmation,QRC-minus-CRC:comparison:fixed:q6-i4-qrc:comparison:fixed:q6-i4-crc,held,3,1,0.0038546255506607765,0.0351604570271907,,-0.0006469432410083353,0.034718560579396686,,-0.015172524550907266,0.029093825706980946,,0.0022239291479907073,0.03528345557758977,,QRC-minus-CRC,comparison:fixed:q6-i4-qrc,comparison:fixed:q6-i4-crc,0,False
shd,development,QRC-minus-CRC:comparison:fixed:q6-i4-qrc:comparison:fixed:q6-i4-crc,held,3,4,0.030735838100794406,0.047827808950777144,0.045701348926335594,0.03825344864315763,0.048770059713070156,0.040119328329088766,0.026866219829022573,0.06405509229094844,0.03609826546782307,0.03314867330247126,0.04582135235588505,0.05007890908152651,QRC-minus-CRC,comparison:fixed:q6-i4-qrc,comparison:fixed:q6-i4-crc,3,True
shd,official,QRC-minus-CRC:comparison:fixed:q6-i4-qrc:comparison:fixed:q6-i4-crc,held,3,1,0.010895170789163688,0.03503720369677005,,0.010804834342000894,0.03252803323095607,,0.015296769847764366,0.03349694961049756,,0.010248343897655018,0.035778154346979764,,QRC-minus-CRC,comparison:fixed:q6-i4-qrc,comparison:fixed:q6-i4-crc,1,False
shd,confirmation,QRC-minus-CRC:comparison:fixed12:q6-i4-qrc:comparison:fixed12:q6-i4-crc,held,3,1,-0.049926578560939794,0.02588300989291093,,-0.059099152255639276,0.02119157865056443,,-0.05770261560774714,0.05173389403740607,,-0.05178814769053044,0.025911750882958814,,QRC-minus-CRC,comparison:fixed12:q6-i4-qrc,comparison:fixed12:q6-i4-crc,0,False
shd,development,QRC-minus-CRC:comparison:fixed12:q6-i4-qrc:comparison:fixed12:q6-i4-crc,held,3,4,-0.022937467267776762,0.03463756475413363,0.03296487970742121,-0.01638183944823346,0.0382662344631864,0.040045741873500094,-0.017520777743201387,0.03983136050408866,0.04762371095024511,-0.021603800222584017,0.03427163430230807,0.03805668620669349,QRC-minus-CRC,comparison:fixed12:q6-i4-qrc,comparison:fixed12:q6-i4-crc,1,False
shd,official,QRC-minus-CRC:comparison:fixed12:q6-i4-qrc:comparison:fixed12:q6-i4-crc,held,3,1,-0.036366313309776244,0.02636275871711231,,-0.031483256939639714,0.030274147540980175,,-0.031081848652052397,0.031559321636857,,-0.0374529479964301,0.024518780373066203,,QRC-minus-CRC,comparison:fixed12:q6-i4-qrc,comparison:fixed12:q6-i4-crc,0,False
shd,confirmation,QRC-minus-CRC:comparison:tuned:q6-i4-qrc:comparison:tuned:q6-i4-crc,held,3,1,-0.00899412628487517,0.0067964422105629895,,-0.01979363444653459,0.01014449118591709,,-0.011962219095523863,0.024564727316405178,,-0.01068774951203825,0.007368189220066393,,QRC-minus-CRC,comparison:tuned:q6-i4-qrc,comparison:tuned:q6-i4-crc,0,False
shd,development,QRC-minus-CRC:comparison:tuned:q6-i4-qrc:comparison:tuned:q6-i4-crc,held,3,4,-0.0024596253082689312,0.021241638218109822,0.013476808305735697,-0.005961866217997065,0.017615362116283974,0.021759541761798964,-0.00682998411646632,0.011106997925446034,0.024904019945355464,-0.0018993706049145558,0.02135367741699074,0.015637431358709108,QRC-minus-CRC,comparison:tuned:q6-i4-qrc,comparison:tuned:q6-i4-crc,1,False
shd,official,QRC-minus-CRC:comparison:tuned:q6-i4-qrc:comparison:tuned:q6-i4-crc,held,3,1,-0.041224970553592456,0.012211386507505239,,-0.040143609192665054,0.014071583062915644,,-0.03648036703536883,0.021962361102609015,,-0.04164424815206047,0.012714784177722063,,QRC-minus-CRC,comparison:tuned:q6-i4-qrc,comparison:tuned:q6-i4-crc,0,False
shd,confirmation,tuned-minus-fixed:comparison:tuned:q6-i4-qrc:comparison:fixed:q6-i4-qrc,held,3,1,0.009911894273127775,0.024767495753357963,,0.017376532325930765,0.021305615118920686,,0.03683644142364543,0.028865759339848994,,0.010999768164807003,0.02454899496524863,,tuned-minus-fixed,comparison:tuned:q6-i4-qrc,comparison:fixed:q6-i4-qrc,1,False
shd,development,tuned-minus-fixed:comparison:tuned:q6-i4-qrc:comparison:fixed:q6-i4-qrc,held,3,4,0.029468768316917814,0.017719796810628373,0.020267994362311696,0.030889359725919493,0.0206974019606842,0.016726520894858012,0.046768176554286896,0.03584694184106995,0.016388795765544972,0.028361427257474908,0.015351487321742935,0.02165901213951303,tuned-minus-fixed,comparison:tuned:q6-i4-qrc,comparison:fixed:q6-i4-qrc,4,True
shd,official,tuned-minus-fixed:comparison:tuned:q6-i4-qrc:comparison:fixed:q6-i4-qrc,held,3,1,0.03695524146054182,0.03670421171478596,,0.04405524989155962,0.03832811472942139,,0.03620798394669481,0.03604536558090622,,0.0367227657958293,0.03699301234344554,,tuned-minus-fixed,comparison:tuned:q6-i4-qrc,comparison:fixed:q6-i4-qrc,1,False
shd,confirmation,natural-minus-fixed12:comparison:fixed:q6-i4-qrc:comparison:fixed12:q6-i4-qrc,held,3,1,0.06626284875183551,0.008247665909934318,,0.0712725522007165,0.00850408121639874,,0.05605168840836842,0.043239147125434425,,0.06688851622132198,0.008142642018846428,,natural-minus-fixed12,comparison:fixed:q6-i4-qrc,comparison:fixed12:q6-i4-qrc,1,False
shd,development,natural-minus-fixed12:comparison:fixed:q6-i4-qrc:comparison:fixed12:q6-i4-qrc,held,3,4,0.033326767034898404,0.02752676642320251,0.03322879195164999,0.03518151278073822,0.026693693790012196,0.034343505475432606,0.037805017439379474,0.01862165009708276,0.0381061696979765,0.03361165283801528,0.02802568924436898,0.032905069910055575,natural-minus-fixed12,comparison:fixed:q6-i4-qrc,comparison:fixed12:q6-i4-qrc,4,True
shd,official,natural-minus-fixed12:comparison:fixed:q6-i4-qrc:comparison:fixed12:q6-i4-qrc,held,3,1,0.05226737338044759,0.016907982591231507,,0.052782775003430836,0.015405702358933765,,0.048760725944465864,0.012889667553112069,,0.05218297120543528,0.015674899522728408,,natural-minus-fixed12,comparison:fixed:q6-i4-qrc,comparison:fixed12:q6-i4-qrc,1,False
shd,confirmation,reservoir-minus-projection:comparison:fixed:q6-i4-qrc:comparison:projection:i4,held,3,1,0.036160058737151224,0.03132642091511067,,0.040856484298970375,0.02514554475608177,,-0.004401151228738927,0.02809513325126123,,0.03776131648418446,0.031819933680767715,,reservoir-minus-projection,comparison:fixed:q6-i4-qrc,comparison:projection:i4,1,False
shd,development,reservoir-minus-projection:comparison:fixed:q6-i4-qrc:comparison:projection:i4,held,3,4,0.019746790656649,0.020707937008819365,0.016426763804500505,0.02573633308040744,0.020355159401455287,0.022028204026555864,0.026580446717752736,0.0298651472633644,0.03706785755908702,0.01973023965619847,0.020343360012346774,0.01712931921372305,reservoir-minus-projection,comparison:fixed:q6-i4-qrc,comparison:projection:i4,3,True
shd,official,reservoir-minus-projection:comparison:fixed:q6-i4-qrc:comparison:projection:i4,held,3,1,0.009717314487632541,0.030161732588655534,,0.011333861231783593,0.029818726499795153,,0.008548069669768696,0.018722788701732572,,0.010536281561945934,0.029850080459913757,,reservoir-minus-projection,comparison:fixed:q6-i4-qrc,comparison:projection:i4,1,False
shd,confirmation,tuned-minus-fixed:comparison:tuned:q6-i4-crc:comparison:fixed:q6-i4-crc,held,3,1,0.022760646108663723,0.019887420309518188,,0.03652322353145702,0.03259262441851928,,0.03362613596826203,0.040923255233991714,,0.023911446824835963,0.020522633627103864,,tuned-minus-fixed,comparison:tuned:q6-i4-crc,comparison:fixed:q6-i4-crc,1,False
shd,development,tuned-minus-fixed:comparison:tuned:q6-i4-crc:comparison:fixed:q6-i4-crc,held,3,4,0.06266423172598114,0.04603151212313876,0.0236335414310803,0.07510467458707419,0.045908168650125494,0.01587045614584502,0.08046438049977579,0.04570878060228023,0.015830588045809554,0.06340947116486073,0.04648140576930255,0.024099274178275346,tuned-minus-fixed,comparison:tuned:q6-i4-crc,comparison:fixed:q6-i4-crc,4,True
shd,official,tuned-minus-fixed:comparison:tuned:q6-i4-crc:comparison:fixed:q6-i4-crc,held,3,1,0.08907538280329796,0.029012184170067904,,0.09500369342622557,0.02769401560883796,,0.08798512082982801,0.032497468924459864,,0.08861535784554479,0.029172455672830864,,tuned-minus-fixed,comparison:tuned:q6-i4-crc,comparison:fixed:q6-i4-crc,1,False
shd,confirmation,natural-minus-fixed12:comparison:fixed:q6-i4-crc:comparison:fixed12:q6-i4-crc,held,3,1,0.012481644640234935,0.017803752794393776,,0.012820343186085567,0.02817488105284701,,0.013521597351528544,0.03328338161570498,,0.012876439382800845,0.01749173485616661,,natural-minus-fixed12,comparison:fixed:q6-i4-crc,comparison:fixed12:q6-i4-crc,1,False
shd,development,natural-minus-fixed12:comparison:fixed:q6-i4-crc:comparison:fixed12:q6-i4-crc,held,3,4,-0.020346538333672764,0.038240769876662,0.025259898100615887,-0.019453775310652868,0.039135909007574916,0.021415409023459852,-0.006581980132844487,0.04384742890932691,0.03498986871481786,-0.02114082068704,0.03788621025003107,0.028806232963563567,natural-minus-fixed12,comparison:fixed:q6-i4-crc,comparison:fixed12:q6-i4-crc,1,False
shd,official,natural-minus-fixed12:comparison:fixed:q6-i4-crc:comparison:fixed12:q6-i4-crc,held,3,1,0.005005889281507654,0.017785240130202072,,0.010494683721790224,0.012904885271017191,,0.002382107444649099,0.012776831024200345,,0.004481679311350166,0.018550494464604078,,natural-minus-fixed12,comparison:fixed:q6-i4-crc,comparison:fixed12:q6-i4-crc,1,False
shd,confirmation,reservoir-minus-projection:comparison:fixed:q6-i4-crc:comparison:projection:i4,held,3,1,0.03230543318649045,0.02804768644720493,,0.04150342753997871,0.03765685774048829,,0.01077137332216834,0.03615405074618823,,0.03553738733619375,0.02861542447656444,,reservoir-minus-projection,comparison:fixed:q6-i4-crc,comparison:projection:i4,1,False
shd,development,reservoir-minus-projection:comparison:fixed:q6-i4-crc:comparison:projection:i4,held,3,4,-0.010989047444145408,0.043421735484651315,0.035999794851552004,-0.012517115562750189,0.04512140764710938,0.027849025735849655,-0.000285773111269839,0.040814443550018696,0.027559609434381356,-0.013418433646272787,0.044507354144234124,0.04029854673687041,reservoir-minus-projection,comparison:fixed:q6-i4-crc,comparison:projection:i4,2,False
shd,official,reservoir-minus-projection:comparison:fixed:q6-i4-crc:comparison:projection:i4,held,3,1,-0.0011778563015311476,0.03887009448719687,,0.0005290268897826985,0.037013750485654716,,-0.00674870017799567,0.03812212611946833,,0.00028793766429091594,0.03886582685531024,,reservoir-minus-projection,comparison:fixed:q6-i4-crc,comparison:projection:i4,1,False
shd,confirmation,QRC-minus-CRC:comparison:fixed:q8-i2-qrc:comparison:fixed:q8-i2-crc,held,3,1,0.0154185022026432,0.04289149196589025,,0.009551105750702374,0.05096948353291081,,-0.003494693249988227,0.05871303985836465,,0.014356116876281208,0.043491426032523005,,QRC-minus-CRC,comparison:fixed:q8-i2-qrc,comparison:fixed:q8-i2-crc,1,False
shd,development,QRC-minus-CRC:comparison:fixed:q8-i2-qrc:comparison:fixed:q8-i2-crc,held,3,4,-0.010474993469499122,0.05723411892870863,0.022365684953767447,-0.01100432622385232,0.052558744704550256,0.02350750901468853,0.020094300394751057,0.030289042297645456,0.04135579652200229,-0.009600258744317252,0.05717530137511036,0.020550355538528357,QRC-minus-CRC,comparison:fixed:q8-i2-qrc,comparison:fixed:q8-i2-crc,1,False
shd,official,QRC-minus-CRC:comparison:fixed:q8-i2-qrc:comparison:fixed:q8-i2-crc,held,3,1,-0.0005889281507655738,0.06307032812994214,,-0.002760768506402722,0.062037995424332026,,0.006089127526146025,0.055685917389484176,,-0.0005155911564806622,0.06343589913744435,,QRC-minus-CRC,comparison:fixed:q8-i2-qrc,comparison:fixed:q8-i2-crc,0,False
shd,confirmation,QRC-minus-CRC:comparison:fixed12:q8-i2-qrc:comparison:fixed12:q8-i2-crc,held,3,1,0.023861967694566815,0.06197401205522607,,0.02331969378135973,0.07136585845249223,,-0.011068429559195106,0.07447030964933138,,0.022439959015546223,0.06331800680806428,,QRC-minus-CRC,comparison:fixed12:q8-i2-qrc,comparison:fixed12:q8-i2-crc,1,False
shd,development,QRC-minus-CRC:comparison:fixed12:q8-i2-qrc:comparison:fixed12:q8-i2-crc,held,3,4,-0.009704710464945815,0.061070633727884516,0.016587906572970972,-0.0038861263773470414,0.05757243519033226,0.019243097966606375,0.016049178298735478,0.0447898344037649,0.03797681071632241,-0.007266558764282153,0.05987047213506875,0.020175020129169826,QRC-minus-CRC,comparison:fixed12:q8-i2-qrc,comparison:fixed12:q8-i2-crc,2,False
shd,official,QRC-minus-CRC:comparison:fixed12:q8-i2-qrc:comparison:fixed12:q8-i2-crc,held,3,1,0.0210541813898704,0.04745373313543917,,0.018325491375272396,0.049642958885590054,,0.020145770674103208,0.04901420943355138,,0.020112322556209428,0.0481302507110699,,QRC-minus-CRC,comparison:fixed12:q8-i2-qrc,comparison:fixed12:q8-i2-crc,1,False
shd,confirmation,QRC-minus-CRC:comparison:tuned:q8-i2-qrc:comparison:tuned:q8-i2-crc,held,3,1,-0.041666666666666664,0.024467770301489056,,-0.05952552926220045,0.028959659373194217,,-0.04444664473356571,0.024492765680175423,,-0.04324907409621629,0.02415026909023661,,QRC-minus-CRC,comparison:tuned:q8-i2-qrc,comparison:tuned:q8-i2-crc,0,False
shd,development,QRC-minus-CRC:comparison:tuned:q8-i2-qrc:comparison:tuned:q8-i2-crc,held,3,4,-0.022544978280633742,0.04506907656794235,0.019168181508202597,-0.02633978577394863,0.048205757064810284,0.023799823133747407,-0.013509538731572285,0.03312502223053999,0.026463001373757674,-0.022306886026880718,0.04631852049733425,0.018802913131338264,QRC-minus-CRC,comparison:tuned:q8-i2-qrc,comparison:tuned:q8-i2-crc,0,False
shd,official,QRC-minus-CRC:comparison:tuned:q8-i2-qrc:comparison:tuned:q8-i2-crc,held,3,1,-0.05874558303886923,0.023422391490393678,,-0.058075635410635616,0.023569961976099153,,-0.051068580470036117,0.01844436968733799,,-0.05697182924642267,0.022265620268459255,,QRC-minus-CRC,comparison:tuned:q8-i2-qrc,comparison:tuned:q8-i2-crc,0,False
shd,confirmation,tuned-minus-fixed:comparison:tuned:q8-i2-qrc:comparison:fixed:q8-i2-qrc,held,3,1,0.02165932452276063,0.03311451380785185,,0.029656134440684007,0.023199231102453515,,0.037899090272456894,0.015453310493647014,,0.022532296812605084,0.03298673234563061,,tuned-minus-fixed,comparison:tuned:q8-i2-qrc,comparison:fixed:q8-i2-qrc,1,False
shd,development,tuned-minus-fixed:comparison:tuned:q8-i2-qrc:comparison:fixed:q8-i2-qrc,held,3,4,0.07470473526692134,0.01032690095814469,0.02128560657268917,0.08208501365275232,0.01041942522797661,0.013869399753168789,0.07018032735726261,0.012876861564829202,0.001963389377219977,0.07579639493505819,0.01107543498352874,0.021247279131342132,tuned-minus-fixed,comparison:tuned:q8-i2-qrc,comparison:fixed:q8-i2-qrc,4,True
shd,official,tuned-minus-fixed:comparison:tuned:q8-i2-qrc:comparison:fixed:q8-i2-qrc,held,3,1,0.038133097762073,0.002087374393221069,,0.04079004016700494,0.003860477261343868,,0.04110281342218954,0.00682803847225896,,0.038351823200887224,0.0016248984075684309,,tuned-minus-fixed,comparison:tuned:q8-i2-qrc,comparison:fixed:q8-i2-qrc,1,False
shd,confirmation,natural-minus-fixed12:comparison:fixed:q8-i2-qrc:comparison:fixed12:q8-i2-qrc,held,3,1,0.0053230543318649,0.0046833152797992085,,0.00746573863668587,0.006624781567946824,,0.0282844148051431,0.020184154733919435,,0.005326671893561137,0.004740675489849057,,natural-minus-fixed12,comparison:fixed:q8-i2-qrc,comparison:fixed12:q8-i2-qrc,1,False
shd,development,natural-minus-fixed12:comparison:fixed:q8-i2-qrc:comparison:fixed12:q8-i2-qrc,held,3,4,0.005180202349566232,0.010823175042212483,0.012658079212990801,0.005636518028952838,0.004939437887211473,0.0146940322651265,0.0063810316702111085,0.009489011823038877,0.015874963017109067,0.0042262542584333386,0.010276736643281882,0.014680304961743267,natural-minus-fixed12,comparison:fixed:q8-i2-qrc,comparison:fixed12:q8-i2-qrc,2,False
shd,official,natural-minus-fixed12:comparison:fixed:q8-i2-qrc:comparison:fixed12:q8-i2-qrc,held,3,1,0.03136042402826859,0.009307114622661443,,0.03942307788898225,0.010528447661584213,,0.028969461381749457,0.002092114389379553,,0.031116329797041375,0.009969621474088905,,natural-minus-fixed12,comparison:fixed:q8-i2-qrc,comparison:fixed12:q8-i2-qrc,1,False
shd,confirmation,reservoir-minus-projection:comparison:fixed:q8-i2-qrc:comparison:projection:i2,held,3,1,0.025697503671071913,0.03780892235830117,,0.03533767296875129,0.03638903641075475,,0.032035111168776255,0.03688231095804418,,0.0278934340469524,0.037891530824093904,,reservoir-minus-projection,comparison:fixed:q8-i2-qrc,comparison:projection:i2,1,False
shd,development,reservoir-minus-projection:comparison:fixed:q8-i2-qrc:comparison:projection:i2,held,3,4,-0.014496995957977482,0.03729259797717537,0.022197222941775008,-0.0180000372278953,0.03643666216793344,0.010073013523782433,0.020358654811714703,0.024047789028438744,0.048096126893741174,-0.02125132494178805,0.03687806935037447,0.029009075413193895,reservoir-minus-projection,comparison:fixed:q8-i2-qrc,comparison:projection:i2,0,False
shd,official,reservoir-minus-projection:comparison:fixed:q8-i2-qrc:comparison:projection:i2,held,3,1,0.05050058892815076,0.022969613528901867,,0.05973247517594804,0.022094347720101454,,0.030475950287225717,0.016671476371100197,,0.05127844699763132,0.023179910565207525,,reservoir-minus-projection,comparison:fixed:q8-i2-qrc,comparison:projection:i2,1,False
shd,confirmation,tuned-minus-fixed:comparison:tuned:q8-i2-crc:comparison:fixed:q8-i2-crc,held,3,1,0.0787444933920705,0.0029138230298068196,,0.09873276945358683,0.011443850594690188,,0.07885104175603437,0.020391193788737057,,0.08013748778510259,0.003043650461073313,,tuned-minus-fixed,comparison:tuned:q8-i2-crc,comparison:fixed:q8-i2-crc,1,False
shd,development,tuned-minus-fixed:comparison:tuned:q8-i2-crc:comparison:fixed:q8-i2-crc,held,3,4,0.08677472007805596,0.029024676287147687,0.024752979056535458,0.09742047320284862,0.025081845138886057,0.028891795466299306,0.10378416648358596,0.025579077751468747,0.04842928965335108,0.08850302221762164,0.028704264933259522,0.025581909464138977,tuned-minus-fixed,comparison:tuned:q8-i2-crc,comparison:fixed:q8-i2-crc,4,True
shd,official,tuned-minus-fixed:comparison:tuned:q8-i2-crc:comparison:fixed:q8-i2-crc,held,3,1,0.09628975265017665,0.041498284215169705,,0.09610490707123782,0.04232700605438456,,0.09826052141837167,0.043869301889464106,,0.09480806129082923,0.04195939198792734,,tuned-minus-fixed,comparison:tuned:q8-i2-crc,comparison:fixed:q8-i2-crc,1,False
shd,confirmation,natural-minus-fixed12:comparison:fixed:q8-i2-crc:comparison:fixed12:q8-i2-crc,held,3,1,0.013766519823788514,0.01570107646407847,,0.021234326667343224,0.01816430638497142,,0.02071067849593622,0.018268613502444155,,0.013410514032826152,0.01627982718870307,,natural-minus-fixed12,comparison:fixed:q8-i2-crc,comparison:fixed12:q8-i2-crc,1,False
shd,development,natural-minus-fixed12:comparison:fixed:q8-i2-crc:comparison:fixed12:q8-i2-crc,held,3,4,0.00595048535411954,0.009795180713933567,0.012611609144429763,0.012754717875458116,0.005653740408852914,0.009523776006206667,0.0023359095741955307,0.01997578338421355,0.013147435064429754,0.006559954238468437,0.0069735771757684336,0.014815381012598073,natural-minus-fixed12,comparison:fixed:q8-i2-crc,comparison:fixed12:q8-i2-crc,4,True
shd,official,natural-minus-fixed12:comparison:fixed:q8-i2-crc:comparison:fixed12:q8-i2-crc,held,3,1,0.05300353356890456,0.02246579501065279,,0.06050933777065737,0.021970944683128272,,0.04302610452970664,0.022069212596689144,,0.05174424350973147,0.022119211073426515,,natural-minus-fixed12,comparison:fixed:q8-i2-crc,comparison:fixed12:q8-i2-crc,1,False
shd,confirmation,reservoir-minus-projection:comparison:fixed:q8-i2-crc:comparison:projection:i2,held,3,1,0.010279001468428714,0.007015974615865069,,0.025786567218048912,0.01642164867620009,,0.035529804418764487,0.02311691813089309,,0.013537317170671193,0.0075037926063493505,,reservoir-minus-projection,comparison:fixed:q8-i2-crc,comparison:projection:i2,1,False
shd,development,reservoir-minus-projection:comparison:fixed:q8-i2-crc:comparison:projection:i2,held,3,4,-0.004022002488478361,0.027221751502340897,0.03989385059989932,-0.00699571100404298,0.02401476674543078,0.03247320390473642,0.00026435441696364786,0.02303820060963123,0.02672136106259915,-0.011651066197470797,0.026843028642939075,0.045650876006484285,reservoir-minus-projection,comparison:fixed:q8-i2-crc,comparison:projection:i2,2,False
shd,official,reservoir-minus-projection:comparison:fixed:q8-i2-crc:comparison:projection:i2,held,3,1,0.051089517078916326,0.041161559425879096,,0.06249324368235076,0.040956017480477835,,0.02438682276107969,0.039693906775899894,,0.05179403815411199,0.04142917840616904,,reservoir-minus-projection,comparison:fixed:q8-i2-crc,comparison:projection:i2,1,False
shd,confirmation,QRC-minus-CRC:comparison:fixed:q8-i4-qrc:comparison:fixed:q8-i4-crc,held,3,1,-0.0011013215859030738,0.020982994364821234,,-0.012454611457604606,0.020336970888839876,,-0.042989787217010855,0.028142275027069744,,-0.0030265565512116086,0.022411369846754136,,QRC-minus-CRC,comparison:fixed:q8-i4-qrc,comparison:fixed:q8-i4-crc,0,False
shd,development,QRC-minus-CRC:comparison:fixed:q8-i4-qrc:comparison:fixed:q8-i4-crc,held,3,4,0.017359129497890438,0.014005008038653883,0.051872097954852245,0.018927497615878447,0.014436066897299872,0.05682785718764141,0.023833575226555437,0.011142108077092256,0.04858501960942671,0.016880299694771034,0.018177174104883342,0.05471260261752224,QRC-minus-CRC,comparison:fixed:q8-i4-qrc,comparison:fixed:q8-i4-crc,2,False
shd,official,QRC-minus-CRC:comparison:fixed:q8-i4-qrc:comparison:fixed:q8-i4-crc,held,3,1,-0.002355712603062443,0.00801569940448534,,-0.0017270119970819915,0.0133333523862496,,-0.0014429102976684094,0.014007495992672453,,-0.0027923826027218177,0.008021777866828343,,QRC-minus-CRC,comparison:fixed:q8-i4-qrc,comparison:fixed:q8-i4-crc,0,False
shd,confirmation,QRC-minus-CRC:comparison:fixed12:q8-i4-qrc:comparison:fixed12:q8-i4-crc,held,3,1,-0.04515418502202643,0.04049135783336948,,-0.05625736946546397,0.04037369581676127,,-0.062179355392825764,0.04270660982790524,,-0.04657701925415849,0.040673657429516806,,QRC-minus-CRC,comparison:fixed12:q8-i4-qrc,comparison:fixed12:q8-i4-crc,0,False
shd,development,QRC-minus-CRC:comparison:fixed12:q8-i4-qrc:comparison:fixed12:q8-i4-crc,held,3,4,-0.041195944984927325,0.04557991380557442,0.03683188896298868,-0.039990671957676076,0.04897739557937666,0.03808058083350178,-0.03558216198073959,0.02015796922615693,0.0466046708299461,-0.04124702868820671,0.04541467711922631,0.03940292575597623,QRC-minus-CRC,comparison:fixed12:q8-i4-qrc,comparison:fixed12:q8-i4-crc,1,False
shd,official,QRC-minus-CRC:comparison:fixed12:q8-i4-qrc:comparison:fixed12:q8-i4-crc,held,3,1,-0.04578916372202594,0.0340774586456399,,-0.04326277014649079,0.03495373546684894,,-0.04193255684972841,0.031179931143493843,,-0.046072810714872646,0.03213385746812621,,QRC-minus-CRC,comparison:fixed12:q8-i4-qrc,comparison:fixed12:q8-i4-crc,0,False
shd,confirmation,QRC-minus-CRC:comparison:tuned:q8-i4-qrc:comparison:tuned:q8-i4-crc,held,3,1,0.009911894273127775,0.022347603400553986,,-0.00975694230745583,0.019104230651784175,,-0.028523015510724264,0.017183200800396422,,0.009090199248329914,0.022258406702481075,,QRC-minus-CRC,comparison:tuned:q8-i4-qrc,comparison:tuned:q8-i4-crc,0,False
shd,development,QRC-minus-CRC:comparison:tuned:q8-i4-qrc:comparison:tuned:q8-i4-crc,held,3,4,-0.012958895086378869,0.031065330984144456,0.04734933814391598,-0.009651716393235676,0.02761353326651326,0.05598197128000196,-0.01137933088255528,0.009797474970918771,0.03759646472464835,-0.01118719626840226,0.02946862836661593,0.05133473053554413,QRC-minus-CRC,comparison:tuned:q8-i4-qrc,comparison:tuned:q8-i4-crc,1,False
shd,official,QRC-minus-CRC:comparison:tuned:q8-i4-qrc:comparison:tuned:q8-i4-crc,held,3,1,-0.03489399293286218,0.0026867325663860945,,-0.03507897521893222,0.003238795050889391,,-0.02590508170878177,0.004252005571020602,,-0.0344754952590313,0.0031322617192274757,,QRC-minus-CRC,comparison:tuned:q8-i4-qrc,comparison:tuned:q8-i4-crc,0,False
shd,confirmation,tuned-minus-fixed:comparison:tuned:q8-i4-qrc:comparison:fixed:q8-i4-qrc,held,3,1,0.04276798825256978,0.03741793100818547,,0.05858450092550025,0.040013647648593914,,0.07510830586818946,0.029021534373114565,,0.0446739958320627,0.03855319701776105,,tuned-minus-fixed,comparison:tuned:q8-i4-qrc,comparison:fixed:q8-i4-qrc,1,False
shd,development,tuned-minus-fixed:comparison:tuned:q8-i4-qrc:comparison:fixed:q8-i4-qrc,held,3,4,0.038655576596031166,0.043572842162709145,0.01748293544863175,0.04836604269881132,0.045112530524604975,0.015745687104420494,0.052059969969417336,0.027034141215762145,0.024885832022538978,0.0411421438218363,0.045666922309195175,0.016202951465253294,tuned-minus-fixed,comparison:tuned:q8-i4-qrc,comparison:fixed:q8-i4-qrc,4,True
shd,official,tuned-minus-fixed:comparison:tuned:q8-i4-qrc:comparison:fixed:q8-i4-qrc,held,3,1,0.06934628975265018,0.018807127964702994,,0.07607356375439489,0.016195632381295923,,0.06672075402458921,0.01638250615470719,,0.06945857379965466,0.019061432194482315,,tuned-minus-fixed,comparison:tuned:q8-i4-qrc,comparison:fixed:q8-i4-qrc,1,False
shd,confirmation,natural-minus-fixed12:comparison:fixed:q8-i4-qrc:comparison:fixed12:q8-i4-qrc,held,3,1,0.045154185022026394,0.003970871448748825,,0.04510161886900682,0.008724284683763118,,0.03706457863479634,0.019064007881587325,,0.04505548295480897,0.0036937376596499682,,natural-minus-fixed12,comparison:fixed:q8-i4-qrc,comparison:fixed12:q8-i4-qrc,1,False
shd,development,natural-minus-fixed12:comparison:fixed:q8-i4-qrc:comparison:fixed12:q8-i4-qrc,held,3,4,0.039073763402293266,0.027743187177355858,0.03628190419060114,0.0422460221902769,0.030237641941772517,0.03938758002836332,0.052489437054909105,0.0019299667727869822,0.030058826068532513,0.03852460441333236,0.029798541098429845,0.03609241340422407,natural-minus-fixed12,comparison:fixed:q8-i4-qrc,comparison:fixed12:q8-i4-qrc,4,True
shd,official,natural-minus-fixed12:comparison:fixed:q8-i4-qrc:comparison:fixed12:q8-i4-qrc,held,3,1,0.0625736160188457,0.013864849666659067,,0.06707609227657307,0.013359881895696677,,0.06232454965255104,0.008499467161936156,,0.0617415536198217,0.012959044647202801,,natural-minus-fixed12,comparison:fixed:q8-i4-qrc,comparison:fixed12:q8-i4-qrc,1,False
shd,confirmation,reservoir-minus-projection:comparison:fixed:q8-i4-qrc:comparison:projection:i4,held,3,1,0.019823788546255477,0.042933888838151565,,0.017527333757436,0.04285597773842466,,-0.027865000787389627,0.027532053912653207,,0.02113941165404339,0.0441425502611834,,reservoir-minus-projection,comparison:fixed:q8-i4-qrc,comparison:projection:i4,1,False
shd,development,reservoir-minus-projection:comparison:fixed:q8-i4-qrc:comparison:projection:i4,held,3,4,0.007235309306893293,0.011987100933397932,0.016296121834838598,0.009192009980503499,0.015728303603551094,0.02474220524101456,0.02320348209574416,0.024478298945156372,0.03210728634383704,0.004999962765892855,0.011678494493533424,0.014277757771249674,reservoir-minus-projection,comparison:fixed:q8-i4-qrc,comparison:projection:i4,3,False
shd,official,reservoir-minus-projection:comparison:fixed:q8-i4-qrc:comparison:projection:i4,held,3,1,0.010600706713780958,0.022656039935039188,,0.01384766529807476,0.01954968973537033,,0.01126118518017786,0.019092979094484985,,0.011475001257889805,0.022720357726640137,,reservoir-minus-projection,comparison:fixed:q8-i4-qrc,comparison:projection:i4,1,False
shd,confirmation,tuned-minus-fixed:comparison:tuned:q8-i4-crc:comparison:fixed:q8-i4-crc,held,3,1,0.03175477239353893,0.03497599233543078,,0.055886831775351475,0.03774166895932935,,0.06064153416190288,0.0517370273346541,,0.032557240032521174,0.03433671231203803,,tuned-minus-fixed,comparison:tuned:q8-i4-crc,comparison:fixed:q8-i4-crc,1,False
shd,development,tuned-minus-fixed:comparison:tuned:q8-i4-crc:comparison:fixed:q8-i4-crc,held,3,4,0.06897360118030048,0.01947123518240663,0.0107849325814749,0.07694525670792546,0.02247824755193483,0.014093137857532162,0.08727287607852806,0.041676329344035284,0.03219867669660831,0.0692096397850096,0.02012796464161256,0.014760750346622673,tuned-minus-fixed,comparison:tuned:q8-i4-crc,comparison:fixed:q8-i4-crc,4,True
shd,official,tuned-minus-fixed:comparison:tuned:q8-i4-crc:comparison:fixed:q8-i4-crc,held,3,1,0.10188457008244993,0.0267083136882383,,0.10942552697624512,0.026842641266309367,,0.09118292543570257,0.03140154158007131,,0.10114168645596415,0.02716095029326261,,tuned-minus-fixed,comparison:tuned:q8-i4-crc,comparison:fixed:q8-i4-crc,1,False
shd,confirmation,natural-minus-fixed12:comparison:fixed:q8-i4-crc:comparison:fixed12:q8-i4-crc,held,3,1,0.0011013215859030367,0.01936729669060461,,0.0012988608611474624,0.018282068909386114,,0.017875010458981433,0.052290556927161065,,0.0015050202518620919,0.01958951245713736,,natural-minus-fixed12,comparison:fixed:q8-i4-crc,comparison:fixed12:q8-i4-crc,1,False
shd,development,natural-minus-fixed12:comparison:fixed:q8-i4-crc:comparison:fixed12:q8-i4-crc,held,3,4,-0.0194813110805245,0.029845350426601785,0.025196459392387394,-0.016672147383277627,0.03259112359367646,0.0229989124696794,-0.006926300152385924,0.010056216388457533,0.027024025857302625,-0.01960272396964539,0.031214018889130064,0.026666645352575798,natural-minus-fixed12,comparison:fixed:q8-i4-crc,comparison:fixed12:q8-i4-crc,1,False
shd,official,natural-minus-fixed12:comparison:fixed:q8-i4-crc:comparison:fixed12:q8-i4-crc,held,3,1,0.0191401648998822,0.02913297559029819,,0.025540334127164277,0.03198497550508504,,0.02183490310049104,0.03230135337638153,,0.018461125507670872,0.028127548062173865,,natural-minus-fixed12,comparison:fixed:q8-i4-crc,comparison:fixed12:q8-i4-crc,1,False
shd,confirmation,reservoir-minus-projection:comparison:fixed:q8-i4-crc:comparison:projection:i4,held,3,1,0.020925110132158548,0.021964395016717098,,0.029981945215040606,0.02263682733986935,,0.015124786429621229,0.045826682368257994,,0.024165968205255,0.02174956217296044,,reservoir-minus-projection,comparison:fixed:q8-i4-crc,comparison:projection:i4,1,False
shd,development,reservoir-minus-projection:comparison:fixed:q8-i4-crc:comparison:projection:i4,held,3,4,-0.010123820190997146,0.02224578262841056,0.03948935422963423,-0.009735487635374948,0.023747678951427455,0.03576214728031549,-0.0006300931308112767,0.02889703772053278,0.054722584484345485,-0.01188033692887818,0.02351604866147306,0.04374312432375095,reservoir-minus-projection,comparison:fixed:q8-i4-crc,comparison:projection:i4,2,False
shd,official,reservoir-minus-projection:comparison:fixed:q8-i4-crc:comparison:projection:i4,held,3,1,0.0129564193168434,0.030391560044952918,,0.01557467729515675,0.031712384725132305,,0.01270409547784627,0.03309184761771141,,0.014267383860611623,0.03034813407815116,,reservoir-minus-projection,comparison:fixed:q8-i4-crc,comparison:projection:i4,1,False
shd,confirmation,QRC-minus-CRC:comparison:fixed:q8-i6-qrc:comparison:fixed:q8-i6-crc,held,3,1,0.012848751835535946,0.03792903148200421,,0.01710520090296519,0.03816879701341842,,0.024390404214376733,0.02032162472776058,,0.012939738608864068,0.038377888732657336,,QRC-minus-CRC,comparison:fixed:q8-i6-qrc,comparison:fixed:q8-i6-crc,1,False
shd,development,QRC-minus-CRC:comparison:fixed:q8-i6-qrc:comparison:fixed:q8-i6-crc,held,3,4,0.01306718343625786,0.03064392768100098,0.0286987741203262,0.0291713081630262,0.040070306005730236,0.029493175129808875,0.030801159308628197,0.041670178598718945,0.022363656865971936,0.017469251453413843,0.03303726059772076,0.03103282555733213,QRC-minus-CRC,comparison:fixed:q8-i6-qrc,comparison:fixed:q8-i6-crc,3,True
shd,official,QRC-minus-CRC:comparison:fixed:q8-i6-qrc:comparison:fixed:q8-i6-crc,held,3,1,0.03489399293286218,0.027672182169040764,,0.042150147526517724,0.02904199162284484,,0.03975156731738324,0.03183089230495146,,0.03345659727468501,0.02841990963305796,,QRC-minus-CRC,comparison:fixed:q8-i6-qrc,comparison:fixed:q8-i6-crc,1,False
shd,confirmation,QRC-minus-CRC:comparison:fixed12:q8-i6-qrc:comparison:fixed12:q8-i6-crc,held,3,1,-0.10848017621145371,0.03030135791232951,,-0.12015001819765515,0.026451410846140073,,-0.059909807512350643,0.07119640359370202,,-0.11114068775376877,0.028221724440380264,,QRC-minus-CRC,comparison:fixed12:q8-i6-qrc,comparison:fixed12:q8-i6-crc,0,False
shd,development,QRC-minus-CRC:comparison:fixed12:q8-i6-qrc:comparison:fixed12:q8-i6-crc,held,3,4,-0.1158770608094556,0.07837566449977679,0.06812125347807803,-0.11734118013528316,0.07890554352543147,0.06269881000349188,-0.11738950361852601,0.06984203725271837,0.03745406837132519,-0.11142997652932318,0.077848312691361,0.06845637747184201,QRC-minus-CRC,comparison:fixed12:q8-i6-qrc,comparison:fixed12:q8-i6-crc,0,False
shd,official,QRC-minus-CRC:comparison:fixed12:q8-i6-qrc:comparison:fixed12:q8-i6-crc,held,3,1,-0.17049469964664318,0.05383077941564749,,-0.18178806441634313,0.0558663103738679,,-0.1844982256956913,0.0626891079151966,,-0.17139899515086265,0.05431673949285087,,QRC-minus-CRC,comparison:fixed12:q8-i6-qrc,comparison:fixed12:q8-i6-crc,0,False
shd,confirmation,QRC-minus-CRC:comparison:tuned:q8-i6-qrc:comparison:tuned:q8-i6-crc,held,3,1,0.03395741556534504,0.023064296554843038,,0.03270074167598591,0.020401831321369607,,0.02854957908258034,0.01484048541203194,,0.033605849316845106,0.02304186878796082,,QRC-minus-CRC,comparison:tuned:q8-i6-qrc,comparison:tuned:q8-i6-crc,1,False
shd,development,QRC-minus-CRC:comparison:tuned:q8-i6-qrc:comparison:tuned:q8-i6-crc,held,3,4,0.0082638190256564,0.012048066433672101,0.01591692883943702,0.013342131271408255,0.011307751215062752,0.018096575270281863,0.015860444222505127,0.015504526724421703,0.01957173574422464,0.010682386763272137,0.011385551692822965,0.015484333696229625,QRC-minus-CRC,comparison:tuned:q8-i6-qrc,comparison:tuned:q8-i6-crc,3,True
shd,official,QRC-minus-CRC:comparison:tuned:q8-i6-qrc:comparison:tuned:q8-i6-crc,held,3,1,0.03798586572438167,0.0013250883392226243,,0.039408505161819006,0.0034714526190635104,,0.01765551085446082,0.003589885178964515,,0.03613909657292832,0.001547332748574612,,QRC-minus-CRC,comparison:tuned:q8-i6-qrc,comparison:tuned:q8-i6-crc,1,False
shd,confirmation,tuned-minus-fixed:comparison:tuned:q8-i6-qrc:comparison:fixed:q8-i6-qrc,held,3,1,0.025330396475770917,0.019051590189434156,,0.020978615473108825,0.012358950167114796,,0.005516646700849652,0.005199202084687168,,0.025114944951951584,0.0189019819608763,,tuned-minus-fixed,comparison:tuned:q8-i6-qrc,comparison:fixed:q8-i6-qrc,1,False
shd,development,tuned-minus-fixed:comparison:tuned:q8-i6-qrc:comparison:fixed:q8-i6-qrc,held,3,4,0.03237015918303422,0.018967833374842157,0.032835785557355064,0.03334065892906851,0.017083986605704232,0.029268322053032196,0.028334406390816858,0.012626206743256313,0.015608709981204703,0.03335505472421547,0.0202712544095146,0.031478984404565195,tuned-minus-fixed,comparison:tuned:q8-i6-qrc,comparison:fixed:q8-i6-qrc,4,True
shd,official,tuned-minus-fixed:comparison:tuned:q8-i6-qrc:comparison:fixed:q8-i6-qrc,held,3,1,0.024293286219081296,0.018174064144382458,,0.024711865701740814,0.019686380640663474,,0.024043694860606573,0.020701133589990463,,0.024509567165028574,0.01884439153963581,,tuned-minus-fixed,comparison:tuned:q8-i6-qrc,comparison:fixed:q8-i6-qrc,1,False
shd,confirmation,natural-minus-fixed12:comparison:fixed:q8-i6-qrc:comparison:fixed12:q8-i6-qrc,held,3,1,0.13821585903083697,0.019202197989165986,,0.15022825654164115,0.016372001479700922,,0.10125477151099915,0.04424579484207245,,0.14019502768547443,0.01806393213149734,,natural-minus-fixed12,comparison:fixed:q8-i6-qrc,comparison:fixed12:q8-i6-qrc,1,False
shd,development,natural-minus-fixed12:comparison:fixed:q8-i6-qrc:comparison:fixed12:q8-i6-qrc,held,3,4,0.13921649960210777,0.04710741945671707,0.05480275887783701,0.1542386767770117,0.046735730002383576,0.05311854255241121,0.15791805362816266,0.04760157637913812,0.03649645592380351,0.13934927127903818,0.04523910241037547,0.05373223636954186,natural-minus-fixed12,comparison:fixed:q8-i6-qrc,comparison:fixed12:q8-i6-qrc,4,True
shd,official,natural-minus-fixed12:comparison:fixed:q8-i6-qrc:comparison:fixed12:q8-i6-qrc,held,3,1,0.20538869257950532,0.03788558132106276,,0.21935196524861025,0.03870249879019853,,0.2172172770502714,0.05068117052095897,,0.20521516278599203,0.03856230430129552,,natural-minus-fixed12,comparison:fixed:q8-i6-qrc,comparison:fixed12:q8-i6-qrc,1,False
shd,confirmation,reservoir-minus-projection:comparison:fixed:q8-i6-qrc:comparison:projection:i6,held,3,1,-0.00036710719530104924,0.012585139292527138,,0.005609853468689215,0.014247263323379864,,0.019751035850935256,0.008115306451134308,,0.00038105671468506114,0.01244086646329315,,reservoir-minus-projection,comparison:fixed:q8-i6-qrc,comparison:projection:i6,1,False
shd,development,reservoir-minus-projection:comparison:fixed:q8-i6-qrc:comparison:projection:i6,held,3,4,0.001000991345300457,0.025217653465857085,0.029839933838115285,0.0017730177867991692,0.02002828946939055,0.030507037858839386,0.012772912733050451,0.00530807721507529,0.02138705088782514,0.00013756655679882102,0.02624120068317687,0.03173716646872699,reservoir-minus-projection,comparison:fixed:q8-i6-qrc,comparison:projection:i6,3,False
shd,official,reservoir-minus-projection:comparison:fixed:q8-i6-qrc:comparison:projection:i6,held,3,1,0.011042402826855055,0.012717473541420431,,0.010652952366443555,0.015158955172486964,,0.0038707499014074553,0.01537603677374476,,0.01065118476855246,0.013269132688427427,,reservoir-minus-projection,comparison:fixed:q8-i6-qrc,comparison:projection:i6,1,False
shd,confirmation,tuned-minus-fixed:comparison:tuned:q8-i6-crc:comparison:fixed:q8-i6-crc,held,3,1,0.004221732745961826,0.03996118221981858,,0.0053830747000881045,0.04462106814991162,,0.0013574718326460438,0.02980578477459298,,0.004448834243970541,0.0403994789538182,,tuned-minus-fixed,comparison:tuned:q8-i6-crc,comparison:fixed:q8-i6-crc,1,False
shd,development,tuned-minus-fixed:comparison:tuned:q8-i6-crc:comparison:fixed:q8-i6-crc,held,3,4,0.03717352359363568,0.025587683300610984,0.024868105856077422,0.04916983582068646,0.03539469284678835,0.024336471839047795,0.043275121476939925,0.03614108598664625,0.01642693349674215,0.04014191941435717,0.025516978578449662,0.027187671244559557,tuned-minus-fixed,comparison:tuned:q8-i6-crc,comparison:fixed:q8-i6-crc,4,True
shd,official,tuned-minus-fixed:comparison:tuned:q8-i6-crc:comparison:fixed:q8-i6-crc,held,3,1,0.021201413427561804,0.011355971848217742,,0.027453508066439536,0.013014654212366394,,0.04613975132352899,0.007569575908148621,,0.02182706786678527,0.011415506559294786,,tuned-minus-fixed,comparison:tuned:q8-i6-crc,comparison:fixed:q8-i6-crc,1,False
shd,confirmation,natural-minus-fixed12:comparison:fixed:q8-i6-crc:comparison:fixed12:q8-i6-crc,held,3,1,0.016886930983847304,0.05507800898675817,,0.012973037441020815,0.06116325075605176,,0.016954559784271777,0.054928940414462744,,0.016114601322841593,0.0556566368806231,,natural-minus-fixed12,comparison:fixed:q8-i6-crc,comparison:fixed12:q8-i6-crc,1,False
shd,development,natural-minus-fixed12:comparison:fixed:q8-i6-crc:comparison:fixed12:q8-i6-crc,held,3,4,0.010272255356394278,0.058394763684296525,0.008240530953612955,0.007726188478702341,0.07352119907656489,0.011563817592413117,0.009727390701008453,0.06408713913156948,0.011546477778095239,0.010450043296301137,0.06158793078571787,0.008185702837214261,natural-minus-fixed12,comparison:fixed:q8-i6-crc,comparison:fixed12:q8-i6-crc,3,False
shd,official,natural-minus-fixed12:comparison:fixed:q8-i6-crc:comparison:fixed12:q8-i6-crc,held,3,1,-3.700743415417188e-17,0.03792161136374788,,-0.004586246694250599,0.03730632866771303,,-0.007032515962803114,0.033965417030575845,,0.0003595703604443538,0.038002392780077034,,natural-minus-fixed12,comparison:fixed:q8-i6-crc,comparison:fixed12:q8-i6-crc,0,False
shd,confirmation,reservoir-minus-projection:comparison:fixed:q8-i6-crc:comparison:projection:i6,held,3,1,-0.013215859030836996,0.02938176557699142,,-0.011495347434275974,0.03224499043132837,,-0.004639368363441476,0.023421555566856767,,-0.012558681894179006,0.030005224427769022,,reservoir-minus-projection,comparison:fixed:q8-i6-crc,comparison:projection:i6,0,False
shd,development,reservoir-minus-projection:comparison:fixed:q8-i6-crc:comparison:projection:i6,held,3,4,-0.012066192090957403,0.02466813407648156,0.033994788677033504,-0.02739829037622703,0.03360023356068364,0.035300596779415355,-0.018028246575577746,0.038869221733685545,0.030082202206053423,-0.017331684896615022,0.024982151152842896,0.04158906836153633,reservoir-minus-projection,comparison:fixed:q8-i6-crc,comparison:projection:i6,1,False
shd,official,reservoir-minus-projection:comparison:fixed:q8-i6-crc:comparison:projection:i6,held,3,1,-0.023851590106007126,0.017327778485806584,,-0.031497195160074175,0.017959503041050855,,-0.035880817415975784,0.017391856831780787,,-0.02280541250613255,0.017237630274506813,,reservoir-minus-projection,comparison:fixed:q8-i6-crc,comparison:projection:i6,0,False
shd,confirmation,partial-minus-reset-all:recurrence:qrc:partial:recurrence:qrc:all,held,3,1,0.01450073421439065,0.014871240161915666,,0.01557510616380764,0.016154321870677862,,0.0005215275168242531,0.013493211127814436,,0.015508584681007834,0.014395426145499511,,partial-minus-reset-all,recurrence:qrc:partial,recurrence:qrc:all,1,False
shd,development,partial-minus-reset-all:recurrence:qrc:partial:recurrence:qrc:all,held,3,4,0.02883011669216153,0.021298146497773014,0.010964788122910005,0.023711708039155736,0.02295690500236129,0.013410457381085433,0.021131522653263207,0.015170783333590851,0.017677149035339228,0.025022920715904593,0.02055207762443829,0.010172107410999942,partial-minus-reset-all,recurrence:qrc:partial,recurrence:qrc:all,4,True
shd,official,partial-minus-reset-all:recurrence:qrc:partial:recurrence:qrc:all,held,3,1,0.0036808009422850305,0.028107054886578713,,0.0027338993364176556,0.028326595150489985,,-0.001113189435162772,0.02987418377674861,,0.0034523823284605313,0.027833794924525472,,partial-minus-reset-all,recurrence:qrc:partial,recurrence:qrc:all,1,False
shd,confirmation,partial-minus-reset-all:recurrence:crc:partial:recurrence:crc:all,held,3,1,0.01982378854625551,0.007806964140285169,,0.03430043779896471,0.002690707177967336,,0.03629855504664573,0.023392605437849934,,0.02194664288420874,0.007604761351789448,,partial-minus-reset-all,recurrence:crc:partial,recurrence:crc:all,1,False
shd,development,partial-minus-reset-all:recurrence:crc:partial:recurrence:crc:all,held,3,4,0.003613509857677555,0.00395194075107773,0.007030485575799334,-0.002677539576368062,0.0021820320263036086,0.011386250414541004,0.011734981805731634,0.007482211557545709,0.014253017028843533,-0.0009571704138320822,0.0026797799176493733,0.010953426613353705,partial-minus-reset-all,recurrence:crc:partial,recurrence:crc:all,2,False
shd,official,partial-minus-reset-all:recurrence:crc:partial:recurrence:crc:all,held,3,1,0.005447585394581826,0.012066741159989926,,0.005153861229222567,0.010315451986158243,,0.004224232110213018,0.00853863698412047,,0.006087308847121313,0.011747606485886894,,partial-minus-reset-all,recurrence:crc:partial,recurrence:crc:all,1,False
shd,learning-development,learning-QRC-minus-CRC:comparison:tuned:q6-i2-qrc:n=600:comparison:tuned:q6-i2-crc:n=600,held,3,4,-0.04978038454254258,0.012872037978541369,0.015736887418541408,-0.054653010270456825,0.017056907625903114,0.013425052457318487,-0.05014405480890891,0.022064220452468933,0.013673738225747483,-0.05185808743417006,0.014305280747988716,0.01509006267718568,learning-QRC-minus-CRC,comparison:tuned:q6-i2-qrc:n=600,comparison:tuned:q6-i2-crc:n=600,0,False
shd,learning-development,learning-QRC-minus-CRC:comparison:tuned:q6-i2-qrc:n=2000:comparison:tuned:q6-i2-crc:n=2000,held,3,4,-0.04849676426474181,0.03762586222089071,0.008437573047218667,-0.05017866230176695,0.046015418807533334,0.00643004603444492,-0.036229719091337924,0.028957834197955005,0.010556672862772776,-0.05081100871185964,0.03964263809801316,0.009322721768178385,learning-QRC-minus-CRC,comparison:tuned:q6-i2-qrc:n=2000,comparison:tuned:q6-i2-crc:n=2000,0,False
shd,learning-development,learning-QRC-minus-CRC:comparison:tuned:q6-i2-qrc:n=full:comparison:tuned:q6-i2-crc:n=full,held,3,4,-0.043530005951348205,0.04013081883310866,0.007125737436149103,-0.044573018158422406,0.045460192369710786,0.007283785504035148,-0.03178188794845997,0.03836100554613805,0.015726062641634116,-0.04502208061629198,0.04196232622176424,0.00905941421172926,learning-QRC-minus-CRC,comparison:tuned:q6-i2-qrc:n=full,comparison:tuned:q6-i2-crc:n=full,0,False
shd,learning-development,learning-QRC-minus-CRC:comparison:tuned:q6-i4-qrc:n=600:comparison:tuned:q6-i4-crc:n=600,held,3,4,0.02750271555251195,0.01785871648305754,0.01148282888268704,0.019366070221768797,0.017556364442624418,0.011232505954375175,0.023070877664184933,0.008880583959262181,0.0208103948948063,0.026461109802531774,0.01818018889222035,0.010583337693031398,learning-QRC-minus-CRC,comparison:tuned:q6-i4-qrc:n=600,comparison:tuned:q6-i4-crc:n=600,4,False
shd,learning-development,learning-QRC-minus-CRC:comparison:tuned:q6-i4-qrc:n=2000:comparison:tuned:q6-i4-crc:n=2000,held,3,4,0.007791066486854871,0.021974253145645217,0.01284060316568186,0.004736487682398122,0.01778058036979439,0.017132710349323836,0.004120707382836032,0.005938450606382118,0.020064106066200186,0.007760136466495565,0.022328925414143833,0.015354526885439243,learning-QRC-minus-CRC,comparison:tuned:q6-i4-qrc:n=2000,comparison:tuned:q6-i4-crc:n=2000,2,False
shd,learning-development,learning-QRC-minus-CRC:comparison:tuned:q6-i4-qrc:n=full:comparison:tuned:q6-i4-crc:n=full,held,3,4,-0.0024596253082689312,0.021241638218109822,0.013476808305735697,-0.005961866217997065,0.017615362116283974,0.021759541761798964,-0.00682998411646632,0.011106997925446034,0.024904019945355464,-0.0018993706049145558,0.02135367741699074,0.015637431358709108,learning-QRC-minus-CRC,comparison:tuned:q6-i4-qrc:n=full,comparison:tuned:q6-i4-crc:n=full,1,False
shd,confirmation,joint-minus-local:observations:qrc2:zz:observations:qrc2:all,held,3,1,0.0020190895741556782,0.004277232084335922,,0.002853665027780431,0.004808689592011734,,0.006722420384195386,0.006986742588781819,,0.0020986994072088225,0.004291611225249497,,joint-minus-local,observations:qrc2:zz,observations:qrc2:all,1,False
shd,development,joint-minus-local:observations:qrc2:zz:observations:qrc2:all,held,3,4,0.006035185020861922,0.00281002177487107,0.00906653990056107,0.006840655849675891,0.0022134727963619002,0.008516184701987992,0.0071547557887920955,0.00190856364317879,0.00926131609860079,0.0062701482983076,0.0028005381145236666,0.009022700227198569,joint-minus-local,observations:qrc2:zz,observations:qrc2:all,3,False
shd,official,joint-minus-local:observations:qrc2:zz:observations:qrc2:all,held,3,1,0.008244994110718514,0.007044095237871464,,0.009596878205246018,0.006305134155600685,,0.008400794665104091,0.005020440891567468,,0.008313837611311844,0.007001420952534969,,joint-minus-local,observations:qrc2:zz,observations:qrc2:all,1,False
shd,confirmation,joint-minus-products:observations:qrc2:zz:observations:qrc2:products,held,3,1,-0.0009177679882526046,0.005348312145496917,,-0.0012700587050350303,0.007733839445987338,,-0.004981235766102469,0.01777377228014686,,-0.0008906548758593388,0.005482203831485149,,joint-minus-products,observations:qrc2:zz,observations:qrc2:products,0,False
shd,development,joint-minus-products:observations:qrc2:zz:observations:qrc2:products,held,3,4,0.0016687930032080699,0.006821908210039052,0.00336572684151412,0.0016384221078005422,0.005237392846595819,0.003768061467328677,0.0017125962733930966,0.010106324314676509,0.009246712083391711,0.0019346926851794195,0.006509086187568547,0.00303046358120698,joint-minus-products,observations:qrc2:zz,observations:qrc2:products,3,False
shd,official,joint-minus-products:observations:qrc2:zz:observations:qrc2:products,held,3,1,0.0008833922261484162,0.0026501766784452485,,0.0011187114098918371,0.0029437613376270613,,0.0006575198552682219,0.0027920438694578635,,0.0012479640749915033,0.0025977222504423945,,joint-minus-products,observations:qrc2:zz,observations:qrc2:products,1,False
shd,confirmation,products-minus-local:observations:crc2:products:observations:crc2:all,held,3,1,0.002202643171806166,0.0055066079295154335,,-0.0017223559468949416,0.00962797546699889,,0.027569201958941487,0.02225610059339529,,0.0022447219371914775,0.005716654950608621,,products-minus-local,observations:crc2:products,observations:crc2:all,0,False
shd,development,products-minus-local:observations:crc2:products:observations:crc2:all,held,3,4,-6.286399765362272e-05,0.0029936352116728526,0.013467713569492048,-0.0025004094063909485,0.003926609687801919,0.010898573456692321,-0.001648254085668539,0.012044556838723585,0.013801970282960627,-0.00038916353279015253,0.00418150897776092,0.013194241235525171,products-minus-local,observations:crc2:products,observations:crc2:all,2,False
shd,official,products-minus-local:observations:crc2:products:observations:crc2:all,held,3,1,-0.011336866902237933,0.007718105077786319,,-0.013394174319213562,0.011376659659517133,,0.0013386651477120444,0.013388428468993617,,-0.01109663910761105,0.007827528808100398,,products-minus-local,observations:crc2:products,observations:crc2:all,0,False
shd,confirmation,width24-minus-width18:observations:crc2:width24:observations:crc2:all,held,3,1,0.013766519823788551,0.03600412122968623,,0.011343095241960421,0.05719545678142561,,0.03552519191342396,0.07715834863608134,,0.013708848757336948,0.036667746615476345,,width24-minus-width18,observations:crc2:width24,observations:crc2:all,1,False
shd,development,width24-minus-width18:observations:crc2:width24:observations:crc2:all,held,3,4,0.009638042581404277,0.06577765999167376,0.019784327089207954,0.011867322990097726,0.06302077313615127,0.015353875861476383,-0.002923148017367964,0.05535367666852404,0.020561157809759617,0.009121519037064152,0.06544701305200966,0.01881071431228683,width24-minus-width18,observations:crc2:width24,observations:crc2:all,3,True
shd,official,width24-minus-width18:observations:crc2:width24:observations:crc2:all,held,3,1,0.045200235571260294,0.08286286575428124,,0.050613029433503764,0.0833958878814224,,0.04436204859341508,0.08427620916984642,,0.04396004041492585,0.08225012398909284,,width24-minus-width18,observations:crc2:width24,observations:crc2:all,1,False
shd,confirmation,joint-QRC-minus-CRC24:observations:qrc2:zz:observations:crc2:width24,held,3,1,0.021842878120411153,0.044054010631171446,,0.021635416614077935,0.053361445223849585,,0.007187210762514755,0.0639300190335432,,0.020718678037659144,0.04488899335890879,,joint-QRC-minus-CRC24,observations:qrc2:zz,observations:crc2:width24,1,False
shd,development,joint-QRC-minus-CRC24:observations:qrc2:zz:observations:crc2:width24,held,3,4,0.013160497275289515,0.058909922767495716,0.02368722115192747,0.012473301171314233,0.0586431735332991,0.028754878159688847,0.05883501869341212,0.034395546500056724,0.043579348750220695,0.015372248650004075,0.05968122280066425,0.025913291498348416,joint-QRC-minus-CRC24,observations:qrc2:zz,observations:crc2:width24,2,False
shd,official,joint-QRC-minus-CRC24:observations:qrc2:zz:observations:crc2:width24,held,3,1,0.016048292108362783,0.05860482441411748,,0.013952726362354303,0.05767396124482669,,0.01841243551824508,0.052965387045387946,,0.016082626438502928,0.059432653986203204,,joint-QRC-minus-CRC24,observations:qrc2:zz,observations:crc2:width24,1,False
shd,confirmation,joint-minus-local:observations:qrc4:zz:observations:qrc4:all,held,3,1,0.0012848751835535799,0.006523258312744788,,0.002103435887230535,0.006043184530692107,,0.00020408076488494706,0.01196511548698423,,0.001950295516874756,0.006402818122820338,,joint-minus-local,observations:qrc4:zz,observations:qrc4:all,1,False
shd,development,joint-minus-local:observations:qrc4:zz:observations:qrc4:all,held,3,4,0.00712202753124432,0.004734984560461345,0.006517651366778697,0.00901076581019702,0.005609891632303286,0.005651371004537154,0.010850266318181085,0.007526913659486537,0.003928865466263134,0.00731661218223396,0.005093388891540713,0.006531078596513663,joint-minus-local,observations:qrc4:zz,observations:qrc4:all,4,False
shd,official,joint-minus-local:observations:qrc4:zz:observations:qrc4:all,held,3,1,0.014134275618374584,0.008251564351709042,,0.01639052117138795,0.009155070621248805,,0.014811655159742068,0.0059719817355289315,,0.014161343051641998,0.008312540970085085,,joint-minus-local,observations:qrc4:zz,observations:qrc4:all,1,False
shd,confirmation,joint-minus-products:observations:qrc4:zz:observations:qrc4:products,held,3,1,-0.0023861967694566535,0.002084768115198313,,-0.0024861137735191865,0.0020460801072922754,,-0.006087762994024877,0.0074104716067533785,,-0.0023808364428039575,0.0020863497699295727,,joint-minus-products,observations:qrc4:zz,observations:qrc4:products,0,False
shd,development,joint-minus-products:observations:qrc4:zz:observations:qrc4:products,held,3,4,-0.0006465285969708181,0.0019976202131402384,0.0008777365750179544,-0.0004650185633918678,0.0019541737153570445,0.0011602224459561692,0.0005142639809074534,0.0012338225415057652,0.0018189214237220848,-0.0006603362688096109,0.002340292903057774,0.0008965850500403361,joint-minus-products,observations:qrc4:zz,observations:qrc4:products,2,False
shd,official,joint-minus-products:observations:qrc4:zz:observations:qrc4:products,held,3,1,-0.001914016489988235,0.004104051785855744,,-0.0018413782672458041,0.0039158468450173735,,-0.002334571025927823,0.0041459617502951455,,-0.0018853800084011791,0.004069961581195866,,joint-minus-products,observations:qrc4:zz,observations:qrc4:products,0,False
shd,confirmation,products-minus-local:observations:crc4:products:observations:crc4:all,held,3,1,-0.001468428781204123,0.01308133318839714,,-0.0005528951604956885,0.016965633684555535,,0.0020562977990670936,0.023577622863000698,,-0.0015656342732980704,0.01335701607590938,,products-minus-local,observations:crc4:products,observations:crc4:all,0,False
shd,development,products-minus-local:observations:crc4:products:observations:crc4:all,held,3,4,-0.0009110317388682047,0.0018534540599364417,0.006657747064367598,0.0009541305061929092,0.003856496048142155,0.007747162714181919,0.003633897491231585,0.007625139326221433,0.016411855299848482,-0.0007185623794670701,0.0025547910664064587,0.005705952158368783,products-minus-local,observations:crc4:products,observations:crc4:all,1,False
shd,official,products-minus-local:observations:crc4:products:observations:crc4:all,held,3,1,0.0114840989399293,0.008833922261484162,,0.012230000275868291,0.009976183627167486,,0.009680651797711345,0.012509540873712546,,0.011181673995932987,0.008418520971973676,,products-minus-local,observations:crc4:products,observations:crc4:all,1,False
shd,confirmation,width24-minus-width18:observations:crc4:width24:observations:crc4:all,held,3,1,-0.007892804698972097,0.032847889442315176,,-0.007310806135827648,0.040705348975090046,,0.012369653010138445,0.06104451150030487,,-0.007923068501249872,0.03271444708033272,,width24-minus-width18,observations:crc4:width24,observations:crc4:all,0,False
shd,development,width24-minus-width18:observations:crc4:width24:observations:crc4:all,held,3,4,0.002613176454027283,0.058627313356460126,0.014384838097253974,0.0038335402633285823,0.060802330280210655,0.014617051378914279,0.004828930068381328,0.044063995889502355,0.032355279539728,0.0030610209955879014,0.06052806664554507,0.016313385484046164,width24-minus-width18,observations:crc4:width24,observations:crc4:all,2,False
shd,official,width24-minus-width18:observations:crc4:width24:observations:crc4:all,held,3,1,0.01516489988221433,0.04408413401748392,,0.015931576905082068,0.04482635228934609,,0.01981629739724074,0.04387511522760993,,0.014974343462984948,0.044537403094097046,,width24-minus-width18,observations:crc4:width24,observations:crc4:all,1,False
shd,confirmation,joint-QRC-minus-CRC24:observations:qrc4:zz:observations:crc4:width24,held,3,1,0.017070484581497774,0.015681752054953913,,0.013082993446607313,0.012741378610333975,,-0.022334208593945415,0.030859299100633987,,0.01601557099799748,0.016096888725142384,,joint-QRC-minus-CRC24,observations:qrc4:zz,observations:crc4:width24,1,False
shd,development,joint-QRC-minus-CRC24:observations:qrc4:zz:observations:crc4:width24,held,3,4,0.03735709970739961,0.02042971775300886,0.05138644174802074,0.04538894327731688,0.02061892241729797,0.051962243559268,0.03864401968575956,0.013122725557648922,0.03615999173555961,0.039290367396175294,0.02396961551321694,0.05680155531513434,joint-QRC-minus-CRC24,observations:qrc4:zz,observations:crc4:width24,3,True
shd,official,joint-QRC-minus-CRC24:observations:qrc4:zz:observations:crc4:width24,held,3,1,0.013103651354534765,0.01329008727490778,,0.01448488393899435,0.016473407751829965,,0.012857008613585815,0.019510766001193978,,0.012596206879216513,0.013128496063663769,,joint-QRC-minus-CRC24,observations:qrc4:zz,observations:crc4:width24,1,False
shd,mapping-development,mapping-QRC-minus-CRC:mapping-paired:i2:legacy:qrc:mapping-paired:i2:legacy:crc,held,3,4,0.023259926487149737,0.01082809309203495,0.024477163674086283,0.03624300991960897,0.010742843958629724,0.030948333871359947,0.028137929781513745,0.030906879824612456,0.04421250296434947,0.025284513316102583,0.01058439088248608,0.026445626389260693,mapping-QRC-minus-CRC,mapping-paired:i2:legacy:qrc,mapping-paired:i2:legacy:crc,4,False
shd,mapping-development,mapping-QRC-minus-CRC:mapping-paired:i2:pooling:qrc:mapping-paired:i2:pooling:crc,held,3,4,0.01676335483583187,0.021967524463047707,0.016599798295204738,0.01749996831173607,0.018154160196579675,0.024299808088220392,0.04875711488725206,0.026464289007475435,0.053906493972010645,0.018223619388760628,0.0213207724728104,0.019127047915800544,mapping-QRC-minus-CRC,mapping-paired:i2:pooling:qrc,mapping-paired:i2:pooling:crc,3,False
shd,mapping-development,mapping-minus-anchor:mapping-paired:i2:pooling:qrc:mapping-paired:i2:legacy:qrc,held,3,4,0.13947476424995756,0.016221765448232405,0.04699004174673387,0.13095755732335618,0.013926274280037754,0.0449043953501838,0.13617797026385575,0.014497132547040565,0.05430954088151477,0.13916146847019742,0.015642661913295372,0.05120330440442592,mapping-minus-anchor,mapping-paired:i2:pooling:qrc,mapping-paired:i2:legacy:qrc,4,False
shd,mapping-development,mapping-minus-anchor:mapping-paired:i2:pooling:crc:mapping-paired:i2:legacy:crc,held,3,4,0.14597133590127542,0.016602189389524444,0.04792882910149028,0.14970059893122908,0.01125463555074161,0.04452459977898716,0.11555878515811745,0.018934555525266288,0.05613746484826628,0.14622236239753936,0.016216570483500652,0.05050701704981364,mapping-minus-anchor,mapping-paired:i2:pooling:crc,mapping-paired:i2:legacy:crc,4,False
shd,mapping-development,mapping-minus-anchor:mapping-paired:i2:pooling:projection:mapping-paired:i2:legacy:projection,held,3,4,0.14149037094311984,0.0,0.04486257264771216,0.1359749912252165,0.0,0.04905104866428366,0.08826893382104621,1.6996749443881478e-17,0.08886314320537789,0.14582413623081603,0.0,0.0441400889914893,mapping-minus-anchor,mapping-paired:i2:pooling:projection,mapping-paired:i2:legacy:projection,4,False
shd,mapping-development,mapping-QRC-minus-CRC:mapping-paired:i4:legacy:qrc:mapping-paired:i4:legacy:crc,held,3,4,0.04715157693084746,0.012460752340805003,0.04164549946091059,0.051473780870460506,0.019142247616388067,0.04655406848684267,0.07610048331439002,0.027170765792114752,0.05866346756501125,0.049222629780820294,0.013330113012983907,0.04514433243141046,mapping-QRC-minus-CRC,mapping-paired:i4:legacy:qrc,mapping-paired:i4:legacy:crc,4,False
shd,mapping-development,mapping-QRC-minus-CRC:mapping-paired:i4:pooling:qrc:mapping-paired:i4:pooling:crc,held,3,4,0.03284824863018257,0.044413740365611847,0.04428135359752063,0.04021171773044844,0.04540623020386055,0.03899888786016277,0.0326226834359598,0.05830159015599844,0.03612867443199322,0.03503477620952924,0.04247162226805508,0.048532325904477425,mapping-QRC-minus-CRC,mapping-paired:i4:pooling:qrc,mapping-paired:i4:pooling:crc,3,False
shd,mapping-development,mapping-minus-anchor:mapping-paired:i4:pooling:qrc:mapping-paired:i4:legacy:qrc,held,3,4,0.10919186008118571,0.011849159813387381,0.02331076288154004,0.12162390491506442,0.011991802847141223,0.026697116170305783,0.07730852495618946,0.04813992504955635,0.03387580310513974,0.11217981059174216,0.012779735607420985,0.024528373900717163,mapping-minus-anchor,mapping-paired:i4:pooling:qrc,mapping-paired:i4:legacy:qrc,4,False
shd,mapping-development,mapping-minus-anchor:mapping-paired:i4:pooling:crc:mapping-paired:i4:legacy:crc,held,3,4,0.12349518838185063,0.03174069077075225,0.02597083027673609,0.1328859680550765,0.023585026898800692,0.023881026069309964,0.1207863248346197,0.012202228187462485,0.012427382469681001,0.12636766416303322,0.03179909403856426,0.029113121596251998,mapping-minus-anchor,mapping-paired:i4:pooling:crc,mapping-paired:i4:legacy:crc,4,False
shd,mapping-development,mapping-minus-anchor:mapping-paired:i4:pooling:projection:mapping-paired:i4:legacy:projection,held,3,4,0.11668979581405854,1.6996749443881478e-17,0.023857001017945946,0.12021845917484471,0.0,0.025133703666663232,0.10808806114747298,1.6996749443881478e-17,0.052336260118880956,0.11750474085932666,0.0,0.022717105193466088,mapping-minus-anchor,mapping-paired:i4:pooling:projection,mapping-paired:i4:legacy:projection,4,False
dvs,confirmation,QRC-minus-CRC:comparison:fixed:q4-i2-qrc:comparison:fixed:q4-i2-crc,held,3,1,0.011844331641285955,0.07039811865554894,,0.005697143224149844,0.08290196983275498,,0.018697401802827012,0.0613962816538427,,0.011685482273717573,0.07058234162516902,,QRC-minus-CRC,comparison:fixed:q4-i2-qrc,comparison:fixed:q4-i2-crc,1,False
dvs,development,QRC-minus-CRC:comparison:fixed:q4-i2-qrc:comparison:fixed:q4-i2-crc,held,3,4,-0.00777253049980324,0.02501563857655089,0.04655790427818674,-0.011471941453589804,0.020212185917313004,0.05374848658087036,-0.002498365707404323,0.012984876154707033,0.06498356799270304,-0.007772530499803222,0.025015638576550894,0.04655790427818678,QRC-minus-CRC,comparison:fixed:q4-i2-qrc,comparison:fixed:q4-i2-crc,2,False
dvs,official,QRC-minus-CRC:comparison:fixed:q4-i2-qrc:comparison:fixed:q4-i2-crc,held,3,1,-0.016414141414141437,0.06409616235604575,,-0.012918499859992364,0.06286493237664234,,-0.02726233538861474,0.0419658697478727,,-0.016414141414141437,0.06409616235604575,,QRC-minus-CRC,comparison:fixed:q4-i2-qrc,comparison:fixed:q4-i2-crc,0,False
dvs,confirmation,QRC-minus-CRC:comparison:fixed12:q4-i2-qrc:comparison:fixed12:q4-i2-crc,held,3,1,0.011844331641285955,0.07039811865554894,,0.005697143224149844,0.08290196983275498,,0.018697401802827012,0.0613962816538427,,0.011685482273717573,0.07058234162516902,,QRC-minus-CRC,comparison:fixed12:q4-i2-qrc,comparison:fixed12:q4-i2-crc,1,False
dvs,development,QRC-minus-CRC:comparison:fixed12:q4-i2-qrc:comparison:fixed12:q4-i2-crc,held,3,4,-0.00777253049980324,0.02501563857655089,0.04655790427818674,-0.011471941453589804,0.020212185917313004,0.05374848658087036,-0.002498365707404323,0.012984876154707033,0.06498356799270304,-0.007772530499803222,0.025015638576550894,0.04655790427818678,QRC-minus-CRC,comparison:fixed12:q4-i2-qrc,comparison:fixed12:q4-i2-crc,2,False
dvs,official,QRC-minus-CRC:comparison:fixed12:q4-i2-qrc:comparison:fixed12:q4-i2-crc,held,3,1,-0.016414141414141437,0.06409616235604575,,-0.012918499859992364,0.06286493237664234,,-0.02726233538861474,0.0419658697478727,,-0.016414141414141437,0.06409616235604575,,QRC-minus-CRC,comparison:fixed12:q4-i2-qrc,comparison:fixed12:q4-i2-crc,0,False
dvs,confirmation,QRC-minus-CRC:comparison:tuned:q4-i2-qrc:comparison:tuned:q4-i2-crc,held,3,1,0.006768189509306281,0.0345525852058581,,0.01678504487201597,0.03876698742210713,,0.021539678347842983,0.04023701010659072,,0.006634977223212528,0.034847273341083264,,QRC-minus-CRC,comparison:tuned:q4-i2-qrc,comparison:tuned:q4-i2-crc,1,False
dvs,development,QRC-minus-CRC:comparison:tuned:q4-i2-qrc:comparison:tuned:q4-i2-crc,held,3,4,-0.036930241475696034,0.015772216772199938,0.04431835693991217,-0.034176001002348924,0.01942062312514467,0.043416459898612834,-0.04038449000244639,0.01824111391797389,0.05643252951480947,-0.036930241475696034,0.01577221677219996,0.04431835693991214,QRC-minus-CRC,comparison:tuned:q4-i2-qrc,comparison:tuned:q4-i2-crc,0,False
dvs,official,QRC-minus-CRC:comparison:tuned:q4-i2-qrc:comparison:tuned:q4-i2-crc,held,3,1,-0.04419191919191923,0.0121763267184255,,-0.031173687427098546,0.012281880577963608,,-0.02896798051793074,0.00998837693219418,,-0.04419191919191915,0.012176326718425454,,QRC-minus-CRC,comparison:tuned:q4-i2-qrc,comparison:tuned:q4-i2-crc,0,False
dvs,confirmation,tuned-minus-fixed:comparison:tuned:q4-i2-qrc:comparison:fixed:q4-i2-qrc,held,3,1,0.010152284263959421,0.04155001407041854,,0.02159924664629161,0.05007785815702659,,0.001728506449685141,0.03391302302483943,,0.010299069122598628,0.04175793951520702,,tuned-minus-fixed,comparison:tuned:q4-i2-qrc,comparison:fixed:q4-i2-qrc,1,False
dvs,development,tuned-minus-fixed:comparison:tuned:q4-i2-qrc:comparison:fixed:q4-i2-qrc,held,3,4,0.0006215375533557369,0.014040044169813016,0.025404177039311606,0.006373052869855757,0.00879532214890016,0.025593152749854887,0.0021470804002761503,0.006435633614274537,0.03338455915729081,0.0006215375533557554,0.014040044169813033,0.02540417703931161,tuned-minus-fixed,comparison:tuned:q4-i2-qrc,comparison:fixed:q4-i2-qrc,2,False
dvs,official,tuned-minus-fixed:comparison:tuned:q4-i2-qrc:comparison:fixed:q4-i2-qrc,held,3,1,-0.015151515151515174,0.03236365055044522,,-0.005025107370047151,0.03207220646969152,,-0.0007779360135076555,0.018958829509210125,,-0.015151515151515102,0.032363650550445114,,tuned-minus-fixed,comparison:tuned:q4-i2-qrc,comparison:fixed:q4-i2-qrc,0,False
dvs,confirmation,natural-minus-fixed12:comparison:fixed:q4-i2-qrc:comparison:fixed12:q4-i2-qrc,held,3,1,0.0,0.0,,0.0,0.0,,0.0,0.0,,0.0,0.0,,natural-minus-fixed12,comparison:fixed:q4-i2-qrc,comparison:fixed12:q4-i2-qrc,0,False
dvs,development,natural-minus-fixed12:comparison:fixed:q4-i2-qrc:comparison:fixed12:q4-i2-qrc,held,3,4,0.0,0.0,0.0,0.0,0.0,0.0,0.0,0.0,0.0,0.0,0.0,0.0,natural-minus-fixed12,comparison:fixed:q4-i2-qrc,comparison:fixed12:q4-i2-qrc,0,False
dvs,official,natural-minus-fixed12:comparison:fixed:q4-i2-qrc:comparison:fixed12:q4-i2-qrc,held,3,1,0.0,0.0,,0.0,0.0,,0.0,0.0,,0.0,0.0,,natural-minus-fixed12,comparison:fixed:q4-i2-qrc,comparison:fixed12:q4-i2-qrc,0,False
dvs,confirmation,reservoir-minus-projection:comparison:fixed:q4-i2-qrc:comparison:projection:i2,held,3,1,0.2030456852791878,0.028262763263096586,,0.2361141280761289,0.03777803079281444,,0.22089698222929166,0.028298804276741765,,0.2027134085957615,0.02814721135185075,,reservoir-minus-projection,comparison:fixed:q4-i2-qrc,comparison:projection:i2,1,False
dvs,development,reservoir-minus-projection:comparison:fixed:q4-i2-qrc:comparison:projection:i2,held,3,4,0.12639033945852127,0.009267147966687303,0.046599067173414103,0.1550478940667828,0.006482004901840002,0.042758484422489744,0.1303479103511024,0.002585280177699899,0.044002380182530394,0.12639033945852124,0.009267147966687296,0.04659906717341416,reservoir-minus-projection,comparison:fixed:q4-i2-qrc,comparison:projection:i2,4,True
dvs,official,reservoir-minus-projection:comparison:fixed:q4-i2-qrc:comparison:projection:i2,held,3,1,0.178030303030303,0.03613406065973281,,0.21572503820290012,0.03772090531354842,,0.20189799270620465,0.02667294031705382,,0.17803030303030298,0.03613406065973276,,reservoir-minus-projection,comparison:fixed:q4-i2-qrc,comparison:projection:i2,1,False
dvs,confirmation,tuned-minus-fixed:comparison:tuned:q4-i2-crc:comparison:fixed:q4-i2-crc,held,3,1,0.015228426395939096,0.04425278115269717,,0.010511344998425487,0.05749366562160515,,-0.0011137700953308312,0.05223885377681739,,0.015349574173103675,0.04488134986958787,,tuned-minus-fixed,comparison:tuned:q4-i2-crc,comparison:fixed:q4-i2-crc,1,False
dvs,development,tuned-minus-fixed:comparison:tuned:q4-i2-crc:comparison:fixed:q4-i2-crc,held,3,4,0.02977924852924853,0.020439121026692764,0.011924067638941088,0.029077112418614878,0.02119934871418556,0.015352868681062497,0.040033204695318216,0.018505976229437494,0.010151726855615354,0.02977924852924857,0.020439121026692764,0.011924067638941093,tuned-minus-fixed,comparison:tuned:q4-i2-crc,comparison:fixed:q4-i2-crc,4,True
dvs,official,tuned-minus-fixed:comparison:tuned:q4-i2-crc:comparison:fixed:q4-i2-crc,held,3,1,0.012626262626262616,0.0554550284242368,,0.013230080197059032,0.05341714110917454,,0.0009277091158083431,0.03900625885504427,,0.012626262626262616,0.0554550284242368,,tuned-minus-fixed,comparison:tuned:q4-i2-crc,comparison:fixed:q4-i2-crc,1,False
dvs,confirmation,natural-minus-fixed12:comparison:fixed:q4-i2-crc:comparison:fixed12:q4-i2-crc,held,3,1,0.0,0.0,,0.0,0.0,,0.0,0.0,,0.0,0.0,,natural-minus-fixed12,comparison:fixed:q4-i2-crc,comparison:fixed12:q4-i2-crc,0,False
dvs,development,natural-minus-fixed12:comparison:fixed:q4-i2-crc:comparison:fixed12:q4-i2-crc,held,3,4,0.0,0.0,0.0,0.0,0.0,0.0,0.0,0.0,0.0,0.0,0.0,0.0,natural-minus-fixed12,comparison:fixed:q4-i2-crc,comparison:fixed12:q4-i2-crc,0,False
dvs,official,natural-minus-fixed12:comparison:fixed:q4-i2-crc:comparison:fixed12:q4-i2-crc,held,3,1,0.0,0.0,,0.0,0.0,,0.0,0.0,,0.0,0.0,,natural-minus-fixed12,comparison:fixed:q4-i2-crc,comparison:fixed12:q4-i2-crc,0,False
dvs,confirmation,reservoir-minus-projection:comparison:fixed:q4-i2-crc:comparison:projection:i2,held,3,1,0.19120135363790183,0.05109871022179864,,0.23041698485197906,0.060775504896155554,,0.2021995804264647,0.053563275153889894,,0.19102792632204393,0.05129317612849018,,reservoir-minus-projection,comparison:fixed:q4-i2-crc,comparison:projection:i2,1,False
dvs,development,reservoir-minus-projection:comparison:fixed:q4-i2-crc:comparison:projection:i2,held,3,4,0.1341628699583245,0.015957934214210646,0.043333263197496044,0.1665198355203726,0.015348004703420444,0.048979707847893746,0.1328462760585067,0.011591613634915699,0.08669471924277038,0.13416286995832447,0.01595793421421067,0.043333263197496044,reservoir-minus-projection,comparison:fixed:q4-i2-crc,comparison:projection:i2,4,True
dvs,official,reservoir-minus-projection:comparison:fixed:q4-i2-crc:comparison:projection:i2,held,3,1,0.19444444444444445,0.04438988846274484,,0.2286435380628925,0.04215009000276998,,0.22916032809481934,0.03018738781539374,,0.19444444444444442,0.04438988846274481,,reservoir-minus-projection,comparison:fixed:q4-i2-crc,comparison:projection:i2,1,False
dvs,confirmation,QRC-minus-CRC:comparison:fixed:q6-i2-qrc:comparison:fixed:q6-i2-crc,held,3,1,-0.0033840947546531033,0.010566832484599628,,-0.015089603323689471,0.019236945792929835,,-0.019482452910442705,0.007115449780456266,,-0.0038621509209744165,0.010061612728387459,,QRC-minus-CRC,comparison:fixed:q6-i2-qrc,comparison:fixed:q6-i2-crc,0,False
dvs,development,QRC-minus-CRC:comparison:fixed:q6-i2-qrc:comparison:fixed:q6-i2-crc,held,3,4,-0.0334227010363374,0.006334551793511337,0.06307995576879208,-0.03593950308264962,0.010591085379663604,0.06682768926008924,-0.025710530129943704,0.01149218505006194,0.06645566162874807,-0.0334227010363374,0.00633455179351128,0.06307995576879212,QRC-minus-CRC,comparison:fixed:q6-i2-qrc,comparison:fixed:q6-i2-crc,2,False
dvs,official,QRC-minus-CRC:comparison:fixed:q6-i2-qrc:comparison:fixed:q6-i2-crc,held,3,1,-0.017676767676767735,0.02578355789982597,,-0.01596604612715539,0.03288044206404435,,-0.018909047938145556,0.05339198371845733,,-0.017676767676767697,0.025783557899825844,,QRC-minus-CRC,comparison:fixed:q6-i2-qrc,comparison:fixed:q6-i2-crc,0,False
dvs,confirmation,QRC-minus-CRC:comparison:fixed12:q6-i2-qrc:comparison:fixed12:q6-i2-crc,held,3,1,0.005076142131979711,0.04842330971659626,,-0.0006663979786069399,0.06397267989335821,,-0.0009571557050058003,0.05786630420266612,,0.005050505050505083,0.04843089835680663,,QRC-minus-CRC,comparison:fixed12:q6-i2-qrc,comparison:fixed12:q6-i2-crc,0,False
dvs,development,QRC-minus-CRC:comparison:fixed12:q6-i2-qrc:comparison:fixed12:q6-i2-crc,held,3,4,-0.02204771238862147,0.042282673122702896,0.06190650141135138,-0.024849631241278855,0.052371336111509674,0.07139358407235331,-0.005555221095458589,0.04703134672027933,0.074061145413367,-0.02204771238862145,0.04228267312270295,0.061906501411351345,QRC-minus-CRC,comparison:fixed12:q6-i2-qrc,comparison:fixed12:q6-i2-crc,2,False
dvs,official,QRC-minus-CRC:comparison:fixed12:q6-i2-qrc:comparison:fixed12:q6-i2-crc,held,3,1,-0.05303030303030306,0.056055487071775524,,-0.05280305617230837,0.06290554430287179,,-0.05390245829618312,0.043736651164998676,,-0.05303030303030304,0.05605548707177562,,QRC-minus-CRC,comparison:fixed12:q6-i2-qrc,comparison:fixed12:q6-i2-crc,0,False
dvs,confirmation,QRC-minus-CRC:comparison:tuned:q6-i2-qrc:comparison:tuned:q6-i2-crc,held,3,1,0.008460236886632852,0.02604873827130395,,0.010571462033706402,0.031177191887404417,,0.012653219892768575,0.024259994557176732,,0.007922360863537333,0.025667371770848754,,QRC-minus-CRC,comparison:tuned:q6-i2-qrc,comparison:tuned:q6-i2-crc,1,False
dvs,development,QRC-minus-CRC:comparison:tuned:q6-i2-qrc:comparison:tuned:q6-i2-crc,held,3,4,-0.07101925851925853,0.024740755701646938,0.035988946512059375,-0.07583489486869803,0.029934382394683153,0.03729461133864844,-0.06936686077049385,0.02692112200128282,0.047590429665395714,-0.07101925851925854,0.02474075570164692,0.03598894651205945,QRC-minus-CRC,comparison:tuned:q6-i2-qrc,comparison:tuned:q6-i2-crc,0,False
dvs,official,QRC-minus-CRC:comparison:tuned:q6-i2-qrc:comparison:tuned:q6-i2-crc,held,3,1,-0.042929292929293004,0.017495462702715917,,-0.040158164943051244,0.020256507805951708,,-0.021966461684181076,0.030262824209547744,,-0.04292929292929296,0.017495462702715885,,QRC-minus-CRC,comparison:tuned:q6-i2-qrc,comparison:tuned:q6-i2-crc,0,False
dvs,confirmation,tuned-minus-fixed:comparison:tuned:q6-i2-qrc:comparison:fixed:q6-i2-qrc,held,3,1,0.0,0.0,,0.0,0.0,,0.0,0.0,,0.0,0.0,,tuned-minus-fixed,comparison:tuned:q6-i2-qrc,comparison:fixed:q6-i2-qrc,0,False
dvs,development,tuned-minus-fixed:comparison:tuned:q6-i2-qrc:comparison:fixed:q6-i2-qrc,held,3,4,0.0,0.0,0.0,0.0,0.0,0.0,0.0,0.0,0.0,0.0,0.0,0.0,tuned-minus-fixed,comparison:tuned:q6-i2-qrc,comparison:fixed:q6-i2-qrc,0,False
dvs,official,tuned-minus-fixed:comparison:tuned:q6-i2-qrc:comparison:fixed:q6-i2-qrc,held,3,1,0.0,0.0,,0.0,0.0,,0.0,0.0,,0.0,0.0,,tuned-minus-fixed,comparison:tuned:q6-i2-qrc,comparison:fixed:q6-i2-qrc,0,False
dvs,confirmation,natural-minus-fixed12:comparison:fixed:q6-i2-qrc:comparison:fixed12:q6-i2-qrc,held,3,1,0.021996615905245338,0.02795721089992947,,0.024051246855073333,0.02778414536369324,,0.012872212629887211,0.036438735169467315,,0.02188552188552188,0.027816012865081185,,natural-minus-fixed12,comparison:fixed:q6-i2-qrc,comparison:fixed12:q6-i2-qrc,1,False
dvs,development,natural-minus-fixed12:comparison:fixed:q6-i2-qrc:comparison:fixed12:q6-i2-qrc,held,3,4,0.0030159234704689036,0.022088898552869624,0.0151381604859488,0.0033103115034692856,0.025800512881637056,0.021366494775829428,-0.004943441716239612,0.03010171780077741,0.02092405848869613,0.003015923470468899,0.022088898552869673,0.015138160485948729,natural-minus-fixed12,comparison:fixed:q6-i2-qrc,comparison:fixed12:q6-i2-qrc,1,False
dvs,official,natural-minus-fixed12:comparison:fixed:q6-i2-qrc:comparison:fixed12:q6-i2-qrc,held,3,1,0.03661616161616158,0.038690791530415526,,0.04058691359340586,0.03836286477818915,,0.04272569174692242,0.03938899130875694,,0.03661616161616164,0.03869079153041557,,natural-minus-fixed12,comparison:fixed:q6-i2-qrc,comparison:fixed12:q6-i2-qrc,1,False
dvs,confirmation,reservoir-minus-projection:comparison:fixed:q6-i2-qrc:comparison:projection:i2,held,3,1,0.2182741116751269,0.026860419401670946,,0.2538018337284455,0.032424732315837285,,0.21411463735134606,0.02014777857245019,,0.2179639532580709,0.026612787667285063,,reservoir-minus-projection,comparison:fixed:q6-i2-qrc,comparison:projection:i2,1,False
dvs,development,reservoir-minus-projection:comparison:fixed:q6-i2-qrc:comparison:projection:i2,held,3,4,0.11513108104017193,0.013645125625960252,0.038172235036696395,0.14498051578256302,0.017763749872634186,0.03517266920371748,0.12234761324680853,0.012826104351499201,0.03900453092290779,0.11513108104017189,0.01364512562596025,0.038172235036696416,reservoir-minus-projection,comparison:fixed:q6-i2-qrc,comparison:projection:i2,4,True
dvs,official,reservoir-minus-projection:comparison:fixed:q6-i2-qrc:comparison:projection:i2,held,3,1,0.17803030303030298,0.015151515151515138,,0.21642739548399,0.020843021953029523,,0.21798356154555867,0.02726917941852236,,0.178030303030303,0.015151515151515138,,reservoir-minus-projection,comparison:fixed:q6-i2-qrc,comparison:projection:i2,1,False
dvs,confirmation,tuned-minus-fixed:comparison:tuned:q6-i2-crc:comparison:fixed:q6-i2-crc,held,3,1,-0.011844331641285955,0.017826825300935257,,-0.025661065357395874,0.019073266159783876,,-0.03213567280321128,0.02884444042808023,,-0.01178451178451175,0.017701923245572935,,tuned-minus-fixed,comparison:tuned:q6-i2-crc,comparison:fixed:q6-i2-crc,0,False
dvs,development,tuned-minus-fixed:comparison:tuned:q6-i2-crc:comparison:fixed:q6-i2-crc,held,3,4,0.03759655748292113,0.02421840659134439,0.03005284439014885,0.0398953917860484,0.02401990953710106,0.034454603852932995,0.043656330640550155,0.028435309719480436,0.025706397555867063,0.03759655748292114,0.024218406591344364,0.030052844390148815,tuned-minus-fixed,comparison:tuned:q6-i2-crc,comparison:fixed:q6-i2-crc,4,True
dvs,official,tuned-minus-fixed:comparison:tuned:q6-i2-crc:comparison:fixed:q6-i2-crc,held,3,1,0.025252525252525266,0.00953261923645301,,0.024192118815895853,0.014762418451959204,,0.00305741374603552,0.0239077787666389,,0.025252525252525266,0.009532619236452966,,tuned-minus-fixed,comparison:tuned:q6-i2-crc,comparison:fixed:q6-i2-crc,1,False
dvs,confirmation,natural-minus-fixed12:comparison:fixed:q6-i2-crc:comparison:fixed12:q6-i2-crc,held,3,1,0.030456852791878153,0.04842330971659627,,0.03847445220015586,0.05906655986289774,,0.03139750983532411,0.05797000909171429,,0.03079817785700138,0.04903521001036132,,natural-minus-fixed12,comparison:fixed:q6-i2-crc,comparison:fixed12:q6-i2-crc,1,False
dvs,development,natural-minus-fixed12:comparison:fixed:q6-i2-crc:comparison:fixed12:q6-i2-crc,held,3,4,0.014390912118184834,0.026719978112777036,0.018769269891203387,0.014400183344840051,0.026476110213255435,0.021638143249497373,0.015211867318245503,0.024837811157498155,0.01574148267725526,0.014390912118184843,0.026719978112777033,0.018769269891203387,natural-minus-fixed12,comparison:fixed:q6-i2-crc,comparison:fixed12:q6-i2-crc,3,True
dvs,official,natural-minus-fixed12:comparison:fixed:q6-i2-crc:comparison:fixed12:q6-i2-crc,held,3,1,0.0012626262626262614,0.033094299045659456,,0.0037499035482528864,0.02985868597494388,,0.007732281388884858,0.020063799799065463,,0.0012626262626262985,0.03309429904565955,,natural-minus-fixed12,comparison:fixed:q6-i2-crc,comparison:fixed12:q6-i2-crc,1,False
dvs,confirmation,reservoir-minus-projection:comparison:fixed:q6-i2-crc:comparison:projection:i2,held,3,1,0.22165820642977999,0.01782682530093526,,0.2688914370521349,0.016553255350741116,,0.23359709026178876,0.02021895655757401,,0.22182610417904533,0.01792488856977226,,reservoir-minus-projection,comparison:fixed:q6-i2-crc,comparison:projection:i2,1,False
dvs,development,reservoir-minus-projection:comparison:fixed:q6-i2-crc:comparison:projection:i2,held,3,4,0.14855378207650932,0.012727998972018694,0.06184068202100704,0.1809200188652126,0.01184550833303142,0.06990215660051197,0.14805814337675222,0.013864083211308373,0.10054633111511299,0.1485537820765093,0.012727998972018695,0.06184068202100703,reservoir-minus-projection,comparison:fixed:q6-i2-crc,comparison:projection:i2,4,True
dvs,official,reservoir-minus-projection:comparison:fixed:q6-i2-crc:comparison:projection:i2,held,3,1,0.19570707070707072,0.0121763267184255,,0.2323934416111454,0.0124793607891781,,0.2368926094837042,0.027417104955516632,,0.19570707070707072,0.012176326718425416,,reservoir-minus-projection,comparison:fixed:q6-i2-crc,comparison:projection:i2,1,False
dvs,confirmation,QRC-minus-CRC:comparison:fixed:q6-i4-qrc:comparison:fixed:q6-i4-crc,held,3,1,0.0033840947546531406,0.0654671476214995,,0.007259533963664226,0.06343217497665302,,0.009429076119870169,0.04585251710911878,,0.004159239453357129,0.06517894908476994,,QRC-minus-CRC,comparison:fixed:q6-i4-qrc,comparison:fixed:q6-i4-crc,1,False
dvs,development,QRC-minus-CRC:comparison:fixed:q6-i4-qrc:comparison:fixed:q6-i4-crc,held,3,4,-0.0048549934913571235,0.027961965109993183,0.028382648448785755,-0.00279730562792474,0.02972303781294247,0.027160353962907405,-0.012759253703600973,0.026711041797114386,0.03078504348416767,-0.004854993491357161,0.027961965109993124,0.028382648448785738,QRC-minus-CRC,comparison:fixed:q6-i4-qrc,comparison:fixed:q6-i4-crc,2,False
dvs,official,QRC-minus-CRC:comparison:fixed:q6-i4-qrc:comparison:fixed:q6-i4-crc,held,3,1,-0.007575757575757606,0.062010248271760986,,-0.0024058671071135462,0.06877777763703304,,-0.010123726378413559,0.06294294776612451,,-0.007575757575757606,0.062010248271760986,,QRC-minus-CRC,comparison:fixed:q6-i4-qrc,comparison:fixed:q6-i4-crc,0,False
dvs,confirmation,QRC-minus-CRC:comparison:fixed12:q6-i4-qrc:comparison:fixed12:q6-i4-crc,held,3,1,-0.033840947546531296,0.01056683248459969,,-0.02873232018665502,0.005342315816751798,,-0.028636453743363433,0.01701621843625623,,-0.03277876807288571,0.010163438785064765,,QRC-minus-CRC,comparison:fixed12:q6-i4-qrc,comparison:fixed12:q6-i4-crc,0,False
dvs,development,QRC-minus-CRC:comparison:fixed12:q6-i4-qrc:comparison:fixed12:q6-i4-crc,held,3,4,-0.035215415897234086,0.026997615174054423,0.02444651308287674,-0.034938236158823806,0.029743920592602467,0.03426676163880234,-0.0331203829740476,0.02430222189079153,0.017776983235538824,-0.03521541589723411,0.026997615174054423,0.02444651308287672,QRC-minus-CRC,comparison:fixed12:q6-i4-qrc,comparison:fixed12:q6-i4-crc,1,False
dvs,official,QRC-minus-CRC:comparison:fixed12:q6-i4-qrc:comparison:fixed12:q6-i4-crc,held,3,1,-0.05050505050505046,0.020862009648810974,,-0.04862042759645228,0.022062076251213328,,-0.05173981774002475,0.02463320362456813,,-0.05050505050505061,0.020862009648811103,,QRC-minus-CRC,comparison:fixed12:q6-i4-qrc,comparison:fixed12:q6-i4-crc,0,False
dvs,confirmation,QRC-minus-CRC:comparison:tuned:q6-i4-qrc:comparison:tuned:q6-i4-crc,held,3,1,-0.011844331641285918,0.04877676922301038,,-0.0064878961780912014,0.04502698809425044,,-0.008713638614416467,0.041923331624744556,,-0.01079421667656962,0.048289758632529864,,QRC-minus-CRC,comparison:tuned:q6-i4-qrc,comparison:tuned:q6-i4-crc,0,False
dvs,development,QRC-minus-CRC:comparison:tuned:q6-i4-qrc:comparison:tuned:q6-i4-crc,held,3,4,-0.02914604335058879,0.017792806431842334,0.03206460331013687,-0.03022089053130464,0.019163546041007458,0.032998322140853846,-0.029570203292552517,0.02277953460892186,0.03226366941811488,-0.029146043350588808,0.017792806431842306,0.032064603310136885,QRC-minus-CRC,comparison:tuned:q6-i4-qrc,comparison:tuned:q6-i4-crc,1,False
dvs,official,QRC-minus-CRC:comparison:tuned:q6-i4-qrc:comparison:tuned:q6-i4-crc,held,3,1,-0.056818181818181844,0.04953294254023495,,-0.05674623344685784,0.050001238650446256,,-0.054427081891212925,0.04153384510954502,,-0.05681818181818177,0.04953294254023487,,QRC-minus-CRC,comparison:tuned:q6-i4-qrc,comparison:tuned:q6-i4-crc,0,False
dvs,confirmation,tuned-minus-fixed:comparison:tuned:q6-i4-qrc:comparison:fixed:q6-i4-qrc,held,3,1,0.0,0.0,,0.0,0.0,,0.0,0.0,,0.0,0.0,,tuned-minus-fixed,comparison:tuned:q6-i4-qrc,comparison:fixed:q6-i4-qrc,0,False
dvs,development,tuned-minus-fixed:comparison:tuned:q6-i4-qrc:comparison:fixed:q6-i4-qrc,held,3,4,0.0,0.0,0.0,0.0,0.0,0.0,0.0,0.0,0.0,0.0,0.0,0.0,tuned-minus-fixed,comparison:tuned:q6-i4-qrc,comparison:fixed:q6-i4-qrc,0,False
dvs,official,tuned-minus-fixed:comparison:tuned:q6-i4-qrc:comparison:fixed:q6-i4-qrc,held,3,1,0.0,0.0,,0.0,0.0,,0.0,0.0,,0.0,0.0,,tuned-minus-fixed,comparison:tuned:q6-i4-qrc,comparison:fixed:q6-i4-qrc,0,False
dvs,confirmation,natural-minus-fixed12:comparison:fixed:q6-i4-qrc:comparison:fixed12:q6-i4-qrc,held,3,1,0.038917089678511006,0.03263502795598292,,0.041336683705337864,0.032637812167666654,,0.03351614072579623,0.017500925801183412,,0.038819568231332924,0.032686939914881044,,natural-minus-fixed12,comparison:fixed:q6-i4-qrc,comparison:fixed12:q6-i4-qrc,1,False
dvs,development,natural-minus-fixed12:comparison:fixed:q6-i4-qrc:comparison:fixed12:q6-i4-qrc,held,3,4,0.038800845619027434,0.006609690528437176,0.01528084741740468,0.03964077921158202,0.010050760664862558,0.016061530743007563,0.03361730625358766,0.007411928372887565,0.011241368776823987,0.038800845619027406,0.006609690528437224,0.015280847417404637,natural-minus-fixed12,comparison:fixed:q6-i4-qrc,comparison:fixed12:q6-i4-qrc,4,True
dvs,official,natural-minus-fixed12:comparison:fixed:q6-i4-qrc:comparison:fixed12:q6-i4-qrc,held,3,1,0.03409090909090906,0.015151515151515138,,0.03802502427528812,0.01734695528627626,,0.03159727468689081,0.02237884511085066,,0.03409090909090914,0.015151515151515027,,natural-minus-fixed12,comparison:fixed:q6-i4-qrc,comparison:fixed12:q6-i4-qrc,1,False
dvs,confirmation,reservoir-minus-projection:comparison:fixed:q6-i4-qrc:comparison:projection:i4,held,3,1,0.17258883248730963,0.02326180555815148,,0.19265429343067816,0.019948618097214328,,0.15392295796746827,0.011811463393406585,,0.17280649633590808,0.02311252041572912,,reservoir-minus-projection,comparison:fixed:q6-i4-qrc,comparison:projection:i4,1,False
dvs,development,reservoir-minus-projection:comparison:fixed:q6-i4-qrc:comparison:projection:i4,held,3,4,0.16023906648906647,0.002644077159600232,0.01810097310782716,0.17129139315737898,0.0015451020160882256,0.014480084776819103,0.15821970248786066,0.003631233845643463,0.011733825830674593,0.16023906648906647,0.0026440771596002955,0.018100973107827212,reservoir-minus-projection,comparison:fixed:q6-i4-qrc,comparison:projection:i4,4,True
dvs,official,reservoir-minus-projection:comparison:fixed:q6-i4-qrc:comparison:projection:i4,held,3,1,0.1969696969696969,0.021090016525871277,,0.21107576348473397,0.02215553837579568,,0.17948781440750491,0.01829610877974038,,0.1969696969696969,0.021090016525871235,,reservoir-minus-projection,comparison:fixed:q6-i4-qrc,comparison:projection:i4,1,False
dvs,confirmation,tuned-minus-fixed:comparison:tuned:q6-i4-crc:comparison:fixed:q6-i4-crc,held,3,1,0.015228426395939057,0.017584272158059692,,0.013747430141755427,0.018846339916086523,,0.018142714734286636,0.009708190710009064,,0.014953456129926749,0.01766948459472453,,tuned-minus-fixed,comparison:tuned:q6-i4-crc,comparison:fixed:q6-i4-crc,1,False
dvs,development,tuned-minus-fixed:comparison:tuned:q6-i4-crc:comparison:fixed:q6-i4-crc,held,3,4,0.024291049859231667,0.020918834562227175,0.03653710566360903,0.0274235849033799,0.019048377549397748,0.038949175466080815,0.016810949588951546,0.0116632739459089,0.033936352193142755,0.02429104985923165,0.020918834562227175,0.03653710566360909,tuned-minus-fixed,comparison:tuned:q6-i4-crc,comparison:fixed:q6-i4-crc,3,True
dvs,official,tuned-minus-fixed:comparison:tuned:q6-i4-crc:comparison:fixed:q6-i4-crc,held,3,1,0.04924242424242423,0.06571724080642982,,0.054340366339744296,0.07272679525479836,,0.04430335551279937,0.06487864042906898,,0.049242424242424164,0.06571724080642988,,tuned-minus-fixed,comparison:tuned:q6-i4-crc,comparison:fixed:q6-i4-crc,1,False
dvs,confirmation,natural-minus-fixed12:comparison:fixed:q6-i4-crc:comparison:fixed12:q6-i4-crc,held,3,1,0.0016920473773265703,0.027957210899929433,,0.005344829555018619,0.031296763410376634,,-0.004549389137437372,0.021872363908649675,,0.0018815607050900833,0.027474398813271354,,natural-minus-fixed12,comparison:fixed:q6-i4-crc,comparison:fixed12:q6-i4-crc,1,False
dvs,development,natural-minus-fixed12:comparison:fixed:q6-i4-crc:comparison:fixed12:q6-i4-crc,held,3,4,0.008440423213150472,0.009631448062028742,0.019987198741953233,0.007499848680682948,0.011236969799001769,0.0177013462375425,0.013256176983141021,0.007314273617745428,0.02338200683914464,0.008440423213150453,0.009631448062028706,0.019987198741953198,natural-minus-fixed12,comparison:fixed:q6-i4-crc,comparison:fixed12:q6-i4-crc,3,False
dvs,official,natural-minus-fixed12:comparison:fixed:q6-i4-crc:comparison:fixed12:q6-i4-crc,held,3,1,-0.008838383838383793,0.04422797951549747,,-0.008189536214050608,0.05179936804776385,,-0.010018816674720377,0.050617607630679,,-0.008838383838383868,0.04422797951549759,,natural-minus-fixed12,comparison:fixed:q6-i4-crc,comparison:fixed12:q6-i4-crc,0,False
dvs,confirmation,reservoir-minus-projection:comparison:fixed:q6-i4-crc:comparison:projection:i4,held,3,1,0.1692047377326565,0.04549688548138323,,0.18539475946701392,0.04685789368666539,,0.14449388184759812,0.03653702764462302,,0.16864725688255097,0.045267103231477285,,reservoir-minus-projection,comparison:fixed:q6-i4-crc,comparison:projection:i4,1,False
dvs,development,reservoir-minus-projection:comparison:fixed:q6-i4-crc:comparison:projection:i4,held,3,4,0.1650940599804236,0.030583566413444382,0.032057946146763744,0.17408869878530375,0.03065516666545297,0.0312349901725419,0.17097895619146164,0.023079929949873304,0.03518901328313138,0.16509405998042362,0.03058356641344439,0.032057946146763855,reservoir-minus-projection,comparison:fixed:q6-i4-crc,comparison:projection:i4,4,True
dvs,official,reservoir-minus-projection:comparison:fixed:q6-i4-crc:comparison:projection:i4,held,3,1,0.2045454545454545,0.0534346059835829,,0.21348163059184752,0.05992966309231801,,0.18961154078591846,0.05551409272860927,,0.2045454545454545,0.05343460598358301,,reservoir-minus-projection,comparison:fixed:q6-i4-crc,comparison:projection:i4,1,False
dvs,confirmation,QRC-minus-CRC:comparison:fixed:q8-i2-qrc:comparison:fixed:q8-i2-crc,held,3,1,-0.013536379018612524,0.0460597549536928,,-0.012095262031267021,0.047004250618751596,,-0.049139927108561375,0.04760686086438538,,-0.013170924935630804,0.046287054384727785,,QRC-minus-CRC,comparison:fixed:q8-i2-qrc,comparison:fixed:q8-i2-crc,0,False
dvs,development,QRC-minus-CRC:comparison:fixed:q8-i2-qrc:comparison:fixed:q8-i2-crc,held,3,4,-0.022888727434181955,0.03637884311369268,0.04541082287192676,-0.01893866998671452,0.039173260656552446,0.04730429780862245,-0.015757770146060435,0.04541739201642168,0.03932634310747852,-0.02288872743418199,0.036378843113692695,0.04541082287192669,QRC-minus-CRC,comparison:fixed:q8-i2-qrc,comparison:fixed:q8-i2-crc,2,False
dvs,official,QRC-minus-CRC:comparison:fixed:q8-i2-qrc:comparison:fixed:q8-i2-crc,held,3,1,0.006313131313131344,0.011572160845848133,,0.019241928915652313,0.019277615212170092,,0.001015429795630111,0.028243337243515607,,0.006313131313131308,0.01157216084584818,,QRC-minus-CRC,comparison:fixed:q8-i2-qrc,comparison:fixed:q8-i2-crc,1,False
dvs,confirmation,QRC-minus-CRC:comparison:fixed12:q8-i2-qrc:comparison:fixed12:q8-i2-crc,held,3,1,0.0016920473773265703,0.07431536804060151,,0.0018915702893514408,0.08444386279118006,,0.0016454818358093704,0.060498310912537615,,0.0016835016835017684,0.07452857294095654,,QRC-minus-CRC,comparison:fixed12:q8-i2-qrc,comparison:fixed12:q8-i2-crc,1,False
dvs,development,QRC-minus-CRC:comparison:fixed12:q8-i2-qrc:comparison:fixed12:q8-i2-crc,held,3,4,-0.025695264331627967,0.06384813192032134,0.04991245840656272,-0.025810331981041382,0.06716075847353947,0.056572683676216595,-0.014868665708247575,0.06547127736198159,0.0565685121668626,-0.02569526433162796,0.06384813192032135,0.04991245840656272,QRC-minus-CRC,comparison:fixed12:q8-i2-qrc,comparison:fixed12:q8-i2-crc,2,False
dvs,official,QRC-minus-CRC:comparison:fixed12:q8-i2-qrc:comparison:fixed12:q8-i2-crc,held,3,1,-0.041666666666666685,0.10984848484848489,,-0.0341387345324767,0.1122618679201734,,-0.046389515332786235,0.11026575787957275,,-0.04166666666666665,0.10984848484848483,,QRC-minus-CRC,comparison:fixed12:q8-i2-qrc,comparison:fixed12:q8-i2-crc,0,False
dvs,confirmation,QRC-minus-CRC:comparison:tuned:q8-i2-qrc:comparison:tuned:q8-i2-crc,held,3,1,-0.033840947546531296,0.0374168263747817,,-0.0367100590558892,0.03757797704122953,,-0.035858780726341,0.0421426054906718,,-0.03376906318082792,0.037677963477006124,,QRC-minus-CRC,comparison:tuned:q8-i2-qrc,comparison:tuned:q8-i2-crc,0,False
dvs,development,QRC-minus-CRC:comparison:tuned:q8-i2-qrc:comparison:tuned:q8-i2-crc,held,3,4,-0.04693318045590772,0.030183065664639828,0.01709137515861711,-0.047016068283685264,0.028952471131251538,0.013567002807169758,-0.04732116385046778,0.033184109227830653,0.008653911601792443,-0.0469331804559077,0.030183065664639817,0.017091375158617108,QRC-minus-CRC,comparison:tuned:q8-i2-qrc,comparison:tuned:q8-i2-crc,0,False
dvs,official,QRC-minus-CRC:comparison:tuned:q8-i2-qrc:comparison:tuned:q8-i2-crc,held,3,1,-0.025252525252525304,0.024352653436850898,,-0.015781670805817643,0.026060450465500318,,-0.019137506943149935,0.02346733490845012,,-0.025252525252525304,0.02435265343685088,,QRC-minus-CRC,comparison:tuned:q8-i2-qrc,comparison:tuned:q8-i2-crc,0,False
dvs,confirmation,tuned-minus-fixed:comparison:tuned:q8-i2-qrc:comparison:fixed:q8-i2-qrc,held,3,1,0.0,0.0,,0.0,0.0,,0.0,0.0,,0.0,0.0,,tuned-minus-fixed,comparison:tuned:q8-i2-qrc,comparison:fixed:q8-i2-qrc,0,False
dvs,development,tuned-minus-fixed:comparison:tuned:q8-i2-qrc:comparison:fixed:q8-i2-qrc,held,3,4,0.0,0.0,0.0,0.0,0.0,0.0,0.0,0.0,0.0,0.0,0.0,0.0,tuned-minus-fixed,comparison:tuned:q8-i2-qrc,comparison:fixed:q8-i2-qrc,0,False
dvs,official,tuned-minus-fixed:comparison:tuned:q8-i2-qrc:comparison:fixed:q8-i2-qrc,held,3,1,0.0,0.0,,0.0,0.0,,0.0,0.0,,0.0,0.0,,tuned-minus-fixed,comparison:tuned:q8-i2-qrc,comparison:fixed:q8-i2-qrc,0,False
dvs,confirmation,natural-minus-fixed12:comparison:fixed:q8-i2-qrc:comparison:fixed12:q8-i2-qrc,held,3,1,0.033840947546531296,0.05331963200199237,,0.035564885257890366,0.04908833948890478,,0.021701377958113926,0.06080313585968005,,0.03386809269162198,0.053357795161866395,,natural-minus-fixed12,comparison:fixed:q8-i2-qrc,comparison:fixed12:q8-i2-qrc,1,False
dvs,development,natural-minus-fixed12:comparison:fixed:q8-i2-qrc:comparison:fixed12:q8-i2-qrc,held,3,4,0.02516296834478654,0.015919986580819227,0.010440814685969402,0.029234915880999846,0.01997284390424054,0.014764876417663766,0.02654936284296705,0.019491042827597446,0.015367806680600815,0.025162968344786558,0.015919986580819247,0.010440814685969413,natural-minus-fixed12,comparison:fixed:q8-i2-qrc,comparison:fixed12:q8-i2-qrc,4,True
dvs,official,natural-minus-fixed12:comparison:fixed:q8-i2-qrc:comparison:fixed12:q8-i2-qrc,held,3,1,0.045454545454545435,0.06372198424719967,,0.05001705429645468,0.06893879057091792,,0.04248505289574278,0.08120262494083706,,0.045454545454545435,0.06372198424719965,,natural-minus-fixed12,comparison:fixed:q8-i2-qrc,comparison:fixed12:q8-i2-qrc,1,False
dvs,confirmation,reservoir-minus-projection:comparison:fixed:q8-i2-qrc:comparison:projection:i2,held,3,1,0.2267343485617597,0.05135022303043494,,0.2678734403992209,0.04984032897569957,,0.22554644022038794,0.054538533856023634,,0.2265795206971677,0.051419780167782744,,reservoir-minus-projection,comparison:fixed:q8-i2-qrc,comparison:projection:i2,1,False
dvs,development,reservoir-minus-projection:comparison:fixed:q8-i2-qrc:comparison:projection:i2,held,3,4,0.13363057397148306,0.03619020953809214,0.026994132094567032,0.1699444194203311,0.036158552144792744,0.022150172514347078,0.1445269731932262,0.042669816719063454,0.04671058300724576,0.13363057397148306,0.03619020953809213,0.026994132094567046,reservoir-minus-projection,comparison:fixed:q8-i2-qrc,comparison:projection:i2,4,True
dvs,official,reservoir-minus-projection:comparison:fixed:q8-i2-qrc:comparison:projection:i2,held,3,1,0.1982323232323232,0.008747731351358022,,0.2445218578268705,0.009475138960981205,,0.2252558656577759,0.013969224004529995,,0.1982323232323232,0.008747731351358022,,reservoir-minus-projection,comparison:fixed:q8-i2-qrc,comparison:projection:i2,1,False
dvs,confirmation,tuned-minus-fixed:comparison:tuned:q8-i2-crc:comparison:fixed:q8-i2-crc,held,3,1,0.02030456852791877,0.01758427215805969,,0.024614797024622177,0.01695920126450942,,-0.013281146382220369,0.012784962243513836,,0.02059813824519711,0.0174103343290029,,tuned-minus-fixed,comparison:tuned:q8-i2-crc,comparison:fixed:q8-i2-crc,1,False
dvs,development,tuned-minus-fixed:comparison:tuned:q8-i2-crc:comparison:fixed:q8-i2-crc,held,3,4,0.024044453021725767,0.01878800138826948,0.03413860067428122,0.028077398296970743,0.018616772049915926,0.038613779766551795,0.03156339370440734,0.018369815892956852,0.03307866203346149,0.024044453021725712,0.018788001388269505,0.03413860067428118,tuned-minus-fixed,comparison:tuned:q8-i2-crc,comparison:fixed:q8-i2-crc,3,True
dvs,official,tuned-minus-fixed:comparison:tuned:q8-i2-crc:comparison:fixed:q8-i2-crc,held,3,1,0.03156565656565665,0.019065238472905914,,0.035023599721469956,0.025542640332050108,,0.020152936738780047,0.03142538051591641,,0.03156565656565661,0.0190652384729058,,tuned-minus-fixed,comparison:tuned:q8-i2-crc,comparison:fixed:q8-i2-crc,1,False
dvs,confirmation,natural-minus-fixed12:comparison:fixed:q8-i2-crc:comparison:fixed12:q8-i2-crc,held,3,1,0.049069373942470386,0.057054874111970785,,0.049551717578508826,0.06350506871651643,,0.07248678690248467,0.05868101829749753,,0.04872251931075455,0.05718549113290005,,natural-minus-fixed12,comparison:fixed:q8-i2-crc,comparison:fixed12:q8-i2-crc,1,False
dvs,development,natural-minus-fixed12:comparison:fixed:q8-i2-crc:comparison:fixed12:q8-i2-crc,held,3,4,0.022356431447340532,0.02250488538400464,0.0023672867697506587,0.022363253886672985,0.02343872723513179,0.004949636482549986,0.02743846728077991,0.020016952899754387,0.007916670195440866,0.022356431447340588,0.02250488538400463,0.0023672867697506505,natural-minus-fixed12,comparison:fixed:q8-i2-crc,comparison:fixed12:q8-i2-crc,4,True
dvs,official,natural-minus-fixed12:comparison:fixed:q8-i2-crc:comparison:fixed12:q8-i2-crc,held,3,1,-0.002525252525252597,0.04172401929762201,,-0.0033636091516743294,0.03206609708934289,,-0.004919892232673566,0.015726472337534776,,-0.002525252525252523,0.04172401929762195,,natural-minus-fixed12,comparison:fixed:q8-i2-crc,comparison:fixed12:q8-i2-crc,0,False
dvs,confirmation,reservoir-minus-projection:comparison:fixed:q8-i2-crc:comparison:projection:i2,held,3,1,0.24027072758037224,0.007753935186050466,,0.27996870243048794,0.003620392237870805,,0.2746863673289493,0.008049261833000114,,0.2397504456327985,0.007585944940465666,,reservoir-minus-projection,comparison:fixed:q8-i2-crc,comparison:projection:i2,1,False
dvs,development,reservoir-minus-projection:comparison:fixed:q8-i2-crc:comparison:projection:i2,held,3,4,0.15651930140566503,0.02419357058581594,0.045049950038043435,0.18888308940704557,0.024707324289595517,0.05155160117587966,0.16028474333928663,0.02352504701825831,0.07969432557733876,0.15651930140566506,0.024193570585815942,0.0450499500380434,reservoir-minus-projection,comparison:fixed:q8-i2-crc,comparison:projection:i2,4,True
dvs,official,reservoir-minus-projection:comparison:fixed:q8-i2-crc:comparison:projection:i2,held,3,1,0.19191919191919185,0.004373865675678979,,0.22527992891121817,0.0101068625449307,,0.2242404358621458,0.015081956081769566,,0.1919191919191919,0.004373865675679043,,reservoir-minus-projection,comparison:fixed:q8-i2-crc,comparison:projection:i2,1,False
dvs,confirmation,QRC-minus-CRC:comparison:fixed:q8-i4-qrc:comparison:fixed:q8-i4-crc,held,3,1,0.03214890016920472,0.030597531844374134,,0.03485333884292988,0.032077677897670936,,0.03858924715518656,0.025749889494352814,,0.03258070905129732,0.030616459149128052,,QRC-minus-CRC,comparison:fixed:q8-i4-qrc,comparison:fixed:q8-i4-crc,1,False
dvs,development,QRC-minus-CRC:comparison:fixed:q8-i4-qrc:comparison:fixed:q8-i4-crc,held,3,4,-0.028221147539329344,0.009437092443845002,0.02534520368551926,-0.024085765006989834,0.012054883927332078,0.028104735188219813,-0.02692255085499255,0.01746343759126771,0.025757827784296382,-0.028221147539329333,0.009437092443844998,0.0253452036855193,QRC-minus-CRC,comparison:fixed:q8-i4-qrc,comparison:fixed:q8-i4-crc,0,False
dvs,official,QRC-minus-CRC:comparison:fixed:q8-i4-qrc:comparison:fixed:q8-i4-crc,held,3,1,-0.011363636363636428,0.015151515151515194,,-0.010659754682702083,0.014196338500951025,,-0.014711652425681546,0.0036194002236521047,,-0.011363636363636428,0.015151515151515138,,QRC-minus-CRC,comparison:fixed:q8-i4-qrc,comparison:fixed:q8-i4-crc,0,False
dvs,confirmation,QRC-minus-CRC:comparison:fixed12:q8-i4-qrc:comparison:fixed12:q8-i4-crc,held,3,1,-0.03384094754653133,0.07687185578071437,,-0.029427784199790308,0.07261496770089554,,-0.031968365310691325,0.06842117385313892,,-0.0334719746484452,0.07685143058766979,,QRC-minus-CRC,comparison:fixed12:q8-i4-qrc,comparison:fixed12:q8-i4-crc,0,False
dvs,development,QRC-minus-CRC:comparison:fixed12:q8-i4-qrc:comparison:fixed12:q8-i4-crc,held,3,4,-0.03656066156066157,0.05678164256357275,0.043085856975842864,-0.03565343486022348,0.05487546592724596,0.05083977489776448,-0.035183670039134994,0.053188404606770184,0.04352807393444929,-0.036560661560661616,0.056781642563572716,0.04308585697584286,QRC-minus-CRC,comparison:fixed12:q8-i4-qrc,comparison:fixed12:q8-i4-crc,1,False
dvs,official,QRC-minus-CRC:comparison:fixed12:q8-i4-qrc:comparison:fixed12:q8-i4-crc,held,3,1,-0.030303030303030276,0.02483878228902271,,-0.027288548934811363,0.023354706522383688,,-0.029799249182148047,0.014431071473983476,,-0.030303030303030276,0.02483878228902275,,QRC-minus-CRC,comparison:fixed12:q8-i4-qrc,comparison:fixed12:q8-i4-crc,0,False
dvs,confirmation,QRC-minus-CRC:comparison:tuned:q8-i4-qrc:comparison:tuned:q8-i4-crc,held,3,1,0.010152284263959385,0.025380710659898498,,0.013062879447439594,0.022431224831117428,,0.00880464397130106,0.012376581800835739,,0.010992275698158194,0.025105299391946577,,QRC-minus-CRC,comparison:tuned:q8-i4-qrc,comparison:tuned:q8-i4-crc,1,False
dvs,development,QRC-minus-CRC:comparison:tuned:q8-i4-qrc:comparison:tuned:q8-i4-crc,held,3,4,-0.0523069102614557,0.029345118723225788,0.011595691281512319,-0.05187600338553546,0.03131224194188219,0.00867373238060012,-0.04892896921426306,0.03050794206094303,0.011365044801486208,-0.052306910261455675,0.029345118723225812,0.011595691281512313,QRC-minus-CRC,comparison:tuned:q8-i4-qrc,comparison:tuned:q8-i4-crc,0,False
dvs,official,QRC-minus-CRC:comparison:tuned:q8-i4-qrc:comparison:tuned:q8-i4-crc,held,3,1,-0.007575757575757643,0.023040767160220573,,-0.008360634930056862,0.021676658783835023,,-0.010670470259190323,0.016295188309080378,,-0.007575757575757606,0.02304076716022035,,QRC-minus-CRC,comparison:tuned:q8-i4-qrc,comparison:tuned:q8-i4-crc,0,False
dvs,confirmation,tuned-minus-fixed:comparison:tuned:q8-i4-qrc:comparison:fixed:q8-i4-qrc,held,3,1,0.0,0.0,,0.0,0.0,,0.0,0.0,,0.0,0.0,,tuned-minus-fixed,comparison:tuned:q8-i4-qrc,comparison:fixed:q8-i4-qrc,0,False
dvs,development,tuned-minus-fixed:comparison:tuned:q8-i4-qrc:comparison:fixed:q8-i4-qrc,held,3,4,0.0,0.0,0.0,0.0,0.0,0.0,0.0,0.0,0.0,0.0,0.0,0.0,tuned-minus-fixed,comparison:tuned:q8-i4-qrc,comparison:fixed:q8-i4-qrc,0,False
dvs,official,tuned-minus-fixed:comparison:tuned:q8-i4-qrc:comparison:fixed:q8-i4-qrc,held,3,1,0.0,0.0,,0.0,0.0,,0.0,0.0,,0.0,0.0,,tuned-minus-fixed,comparison:tuned:q8-i4-qrc,comparison:fixed:q8-i4-qrc,0,False
dvs,confirmation,natural-minus-fixed12:comparison:fixed:q8-i4-qrc:comparison:fixed12:q8-i4-qrc,held,3,1,0.07106598984771573,0.038324032666348984,,0.07205731439719416,0.037239649445201146,,0.05982909721780109,0.023386259686186964,,0.07140027728263028,0.03823141968990279,,natural-minus-fixed12,comparison:fixed:q8-i4-qrc,comparison:fixed12:q8-i4-qrc,1,False
dvs,development,natural-minus-fixed12:comparison:fixed:q8-i4-qrc:comparison:fixed12:q8-i4-qrc,held,3,4,0.045284891875800974,0.021217767380667087,0.01927058974567032,0.047528340490545835,0.020227794887080503,0.021266118801888122,0.04325590423180236,0.016841332814178395,0.019569505077575558,0.04528489187580101,0.021217767380667087,0.019270589745670346,natural-minus-fixed12,comparison:fixed:q8-i4-qrc,comparison:fixed12:q8-i4-qrc,4,True
dvs,official,natural-minus-fixed12:comparison:fixed:q8-i4-qrc:comparison:fixed12:q8-i4-qrc,held,3,1,0.05303030303030298,0.01365739119493934,,0.05401943980618481,0.013536649773688705,,0.043820973642739146,0.012894017540413598,,0.05303030303030295,0.013657391194939495,,natural-minus-fixed12,comparison:fixed:q8-i4-qrc,comparison:fixed12:q8-i4-qrc,1,False
dvs,confirmation,reservoir-minus-projection:comparison:fixed:q8-i4-qrc:comparison:projection:i4,held,3,1,0.20473773265651432,0.03379861989075833,,0.22267946010939918,0.03433948140199353,,0.17690400289214525,0.03123222398353603,,0.20469399881164596,0.033868092691622144,,reservoir-minus-projection,comparison:fixed:q8-i4-qrc,comparison:projection:i4,1,False
dvs,development,reservoir-minus-projection:comparison:fixed:q8-i4-qrc:comparison:projection:i4,held,3,4,0.16537786708241253,0.016432069929433094,0.008699142385321216,0.17846375573494314,0.017968013980876524,0.01782619233845397,0.16579501340098798,0.020824806729125275,0.017259500182895748,0.16537786708241256,0.016432069929433094,0.008699142385321225,reservoir-minus-projection,comparison:fixed:q8-i4-qrc,comparison:projection:i4,4,True
dvs,official,reservoir-minus-projection:comparison:fixed:q8-i4-qrc:comparison:projection:i4,held,3,1,0.23611111111111102,0.007885098482826255,,0.24840205767727155,0.006749604028994099,,0.21365208192122995,0.0001817653665213323,,0.23611111111111105,0.007885098482826165,,reservoir-minus-projection,comparison:fixed:q8-i4-qrc,comparison:projection:i4,1,False
dvs,confirmation,tuned-minus-fixed:comparison:tuned:q8-i4-crc:comparison:fixed:q8-i4-crc,held,3,1,0.021996615905245338,0.005861424052686509,,0.02179045939549029,0.009823325218156985,,0.0297846031838855,0.013459127494797529,,0.02158843335313913,0.006090918722393253,,tuned-minus-fixed,comparison:tuned:q8-i4-crc,comparison:fixed:q8-i4-crc,1,False
dvs,development,tuned-minus-fixed:comparison:tuned:q8-i4-crc:comparison:fixed:q8-i4-crc,held,3,4,0.02408576272212636,0.021597708672315724,0.02379363151810178,0.027790238378545624,0.02168340678110215,0.02806987668995618,0.022006418359270512,0.021871535850654895,0.02144469201456884,0.02408576272212634,0.021597708672315728,0.023793631518101818,tuned-minus-fixed,comparison:tuned:q8-i4-crc,comparison:fixed:q8-i4-crc,3,True
dvs,official,tuned-minus-fixed:comparison:tuned:q8-i4-crc:comparison:fixed:q8-i4-crc,held,3,1,-0.0037878787878787845,0.026515151515151603,,-0.0022991197526452214,0.025543445579963894,,-0.0040411821664912235,0.01713057470682208,,-0.0037878787878788214,0.026515151515151436,,tuned-minus-fixed,comparison:tuned:q8-i4-crc,comparison:fixed:q8-i4-crc,0,False
dvs,confirmation,natural-minus-fixed12:comparison:fixed:q8-i4-crc:comparison:fixed12:q8-i4-crc,held,3,1,0.005076142131979673,0.018302290738395878,,0.007776191354473975,0.014861663154237417,,-0.010728515248076794,0.02487655707698338,,0.005347593582887759,0.01849838392876785,,natural-minus-fixed12,comparison:fixed:q8-i4-crc,comparison:fixed12:q8-i4-crc,1,False
dvs,development,natural-minus-fixed12:comparison:fixed:q8-i4-crc:comparison:fixed12:q8-i4-crc,held,3,4,0.03694537785446875,0.03064868309591147,0.02875035560875632,0.035960670637312196,0.02775817775360753,0.02780851772895406,0.03499478504765991,0.026646284803214897,0.025136434221851398,0.036945377854468726,0.030648683095911473,0.028750355608756294,natural-minus-fixed12,comparison:fixed:q8-i4-crc,comparison:fixed12:q8-i4-crc,3,True
dvs,official,natural-minus-fixed12:comparison:fixed:q8-i4-crc:comparison:fixed12:q8-i4-crc,held,3,1,0.03409090909090914,0.020043570538368156,,0.03739064555407553,0.01927167746898613,,0.028733376886272644,0.006066489217988435,,0.034090909090909095,0.020043570538368114,,natural-minus-fixed12,comparison:fixed:q8-i4-crc,comparison:fixed12:q8-i4-crc,1,False
dvs,confirmation,reservoir-minus-projection:comparison:fixed:q8-i4-crc:comparison:projection:i4,held,3,1,0.1725888324873096,0.005076142131979711,,0.18782612126646928,0.0046586974611475705,,0.1383147557369587,0.005591082187172279,,0.17211328976034865,0.005199756622232127,,reservoir-minus-projection,comparison:fixed:q8-i4-crc,comparison:projection:i4,1,False
dvs,development,reservoir-minus-projection:comparison:fixed:q8-i4-crc:comparison:projection:i4,held,3,4,0.1935990146217419,0.007284723766352198,0.027023812537326417,0.202549520741933,0.0067154720125928115,0.032190211487249785,0.19271756425598055,0.008475696174307186,0.035000794446337954,0.1935990146217419,0.007284723766352198,0.02702381253732646,reservoir-minus-projection,comparison:fixed:q8-i4-crc,comparison:projection:i4,4,True
dvs,official,reservoir-minus-projection:comparison:fixed:q8-i4-crc:comparison:projection:i4,held,3,1,0.24747474747474743,0.010934664189197512,,0.25906181235997366,0.00995040415198485,,0.22836373434691148,0.00369054735676921,,0.2474747474747475,0.010934664189197448,,reservoir-minus-projection,comparison:fixed:q8-i4-crc,comparison:projection:i4,1,False
dvs,confirmation,QRC-minus-CRC:comparison:fixed:q8-i6-qrc:comparison:fixed:q8-i6-crc,held,3,1,-0.010152284263959421,0.040609137055837574,,-0.0072634825813850945,0.04277003374156771,,-0.006196530121688267,0.03413029046280695,,-0.009308774014656426,0.040255587493382726,,QRC-minus-CRC,comparison:fixed:q8-i6-qrc,comparison:fixed:q8-i6-crc,0,False
dvs,development,QRC-minus-CRC:comparison:fixed:q8-i6-qrc:comparison:fixed:q8-i6-crc,held,3,4,-0.037161386593204775,0.030095597882045376,0.01758169703464286,-0.03520050727084173,0.02938547201110868,0.02232813296021435,-0.03759159071539248,0.029589098804549838,0.015145696728108704,-0.037161386593204754,0.030095597882045393,0.017581697034642903,QRC-minus-CRC,comparison:fixed:q8-i6-qrc,comparison:fixed:q8-i6-crc,0,False
dvs,official,QRC-minus-CRC:comparison:fixed:q8-i6-qrc:comparison:fixed:q8-i6-crc,held,3,1,-0.023989898989898967,0.027920889378151466,,-0.025261162494146745,0.026742514609505365,,-0.028275064746570155,0.023833527761968405,,-0.023989898989899006,0.027920889378151615,,QRC-minus-CRC,comparison:fixed:q8-i6-qrc,comparison:fixed:q8-i6-crc,0,False
dvs,confirmation,QRC-minus-CRC:comparison:fixed12:q8-i6-qrc:comparison:fixed12:q8-i6-crc,held,3,1,-0.0016920473773265703,0.07902060527130707,,-0.005367849623944247,0.07792674288108002,,0.003306972794637949,0.07995822878260399,,-0.0016835016835016203,0.07827949277758106,,QRC-minus-CRC,comparison:fixed12:q8-i6-qrc,comparison:fixed12:q8-i6-crc,0,False
dvs,development,QRC-minus-CRC:comparison:fixed12:q8-i6-qrc:comparison:fixed12:q8-i6-crc,held,3,4,-0.053248834498834496,0.05743051548176121,0.03406792290868329,-0.055967743271362086,0.05985131133951954,0.032992483520263176,-0.06690280697056336,0.06577200898621764,0.035085848973015324,-0.05324883449883447,0.05743051548176114,0.03406792290868332,QRC-minus-CRC,comparison:fixed12:q8-i6-qrc,comparison:fixed12:q8-i6-crc,0,False
dvs,official,QRC-minus-CRC:comparison:fixed12:q8-i6-qrc:comparison:fixed12:q8-i6-crc,held,3,1,-0.01136363636363639,0.046546233816077705,,-0.007567924347854508,0.050017792711332144,,-0.013540667483629032,0.04715365193003641,,-0.011363636363636428,0.04654623381607768,,QRC-minus-CRC,comparison:fixed12:q8-i6-qrc,comparison:fixed12:q8-i6-crc,0,False
dvs,confirmation,QRC-minus-CRC:comparison:tuned:q8-i6-qrc:comparison:tuned:q8-i6-crc,held,3,1,-0.021996615905245338,0.04257105118581768,,-0.021684281877686895,0.0430202200018619,,-0.021405047386948744,0.03399996070764529,,-0.021291344820756564,0.041861380160845986,,QRC-minus-CRC,comparison:tuned:q8-i6-qrc,comparison:tuned:q8-i6-crc,0,False
dvs,development,QRC-minus-CRC:comparison:tuned:q8-i6-qrc:comparison:tuned:q8-i6-crc,held,3,4,-0.05990663377027014,0.05025271107347167,0.008978869271700786,-0.05752936531427124,0.05024473872693371,0.008136877753442831,-0.056610531310582406,0.052535099696172496,0.008396604310429365,-0.05990663377027016,0.050252711073471706,0.008978869271700805,QRC-minus-CRC,comparison:tuned:q8-i6-qrc,comparison:tuned:q8-i6-crc,0,False
dvs,official,QRC-minus-CRC:comparison:tuned:q8-i6-qrc:comparison:tuned:q8-i6-crc,held,3,1,-0.039141414141414144,0.03221553237922497,,-0.04050244690629745,0.032632466063407875,,-0.039967401195417786,0.025294596725043948,,-0.03914141414141429,0.03221553237922503,,QRC-minus-CRC,comparison:tuned:q8-i6-qrc,comparison:tuned:q8-i6-crc,0,False
dvs,confirmation,tuned-minus-fixed:comparison:tuned:q8-i6-qrc:comparison:fixed:q8-i6-qrc,held,3,1,0.0,0.0,,0.0,0.0,,0.0,0.0,,0.0,0.0,,tuned-minus-fixed,comparison:tuned:q8-i6-qrc,comparison:fixed:q8-i6-qrc,0,False
dvs,development,tuned-minus-fixed:comparison:tuned:q8-i6-qrc:comparison:fixed:q8-i6-qrc,held,3,4,0.0,0.0,0.0,0.0,0.0,0.0,0.0,0.0,0.0,0.0,0.0,0.0,tuned-minus-fixed,comparison:tuned:q8-i6-qrc,comparison:fixed:q8-i6-qrc,0,False
dvs,official,tuned-minus-fixed:comparison:tuned:q8-i6-qrc:comparison:fixed:q8-i6-qrc,held,3,1,0.0,0.0,,0.0,0.0,,0.0,0.0,,0.0,0.0,,tuned-minus-fixed,comparison:tuned:q8-i6-qrc,comparison:fixed:q8-i6-qrc,0,False
dvs,confirmation,natural-minus-fixed12:comparison:fixed:q8-i6-qrc:comparison:fixed12:q8-i6-qrc,held,3,1,0.045685279187817285,0.013430209700835525,,0.050765774291141964,0.008671061804804286,,0.04320890948358247,0.011540097981516773,,0.04614775203010498,0.012820784391778278,,natural-minus-fixed12,comparison:fixed:q8-i6-qrc,comparison:fixed12:q8-i6-qrc,1,False
dvs,development,natural-minus-fixed12:comparison:fixed:q8-i6-qrc:comparison:fixed12:q8-i6-qrc,held,3,4,0.06691982260164077,0.026793790320860777,0.021086932770543545,0.07369932741308659,0.025149103642678975,0.020657855414373764,0.07419931701935846,0.023137673651147887,0.01766673730379039,0.06691982260164073,0.026793790320860753,0.02108693277054356,natural-minus-fixed12,comparison:fixed:q8-i6-qrc,comparison:fixed12:q8-i6-qrc,4,True
dvs,official,natural-minus-fixed12:comparison:fixed:q8-i6-qrc:comparison:fixed12:q8-i6-qrc,held,3,1,0.05681818181818188,0.017358241268772105,,0.05929160191573798,0.014553115396130063,,0.048101932738887965,0.022709868987997338,,0.0568181818181818,0.017358241268772057,,natural-minus-fixed12,comparison:fixed:q8-i6-qrc,comparison:fixed12:q8-i6-qrc,1,False
dvs,confirmation,reservoir-minus-projection:comparison:fixed:q8-i6-qrc:comparison:projection:i6,held,3,1,0.16074450084602368,0.043172084000585705,,0.16702017621503387,0.04586967282786267,,0.14806893211098485,0.03874519352362231,,0.16092295504060228,0.04273361491013986,,reservoir-minus-projection,comparison:fixed:q8-i6-qrc,comparison:projection:i6,1,False
dvs,development,reservoir-minus-projection:comparison:fixed:q8-i6-qrc:comparison:projection:i6,held,3,4,0.1393483410528865,0.044845712094846876,0.020777041130427016,0.1512447741692001,0.045818487382695026,0.028902158199047102,0.13576435524477873,0.047996471911314224,0.022703352739570522,0.1393483410528864,0.04484571209484688,0.020777041130426988,reservoir-minus-projection,comparison:fixed:q8-i6-qrc,comparison:projection:i6,4,True
dvs,official,reservoir-minus-projection:comparison:fixed:q8-i6-qrc:comparison:projection:i6,held,3,1,0.20202020202020202,0.03794186666999175,,0.21452479153258153,0.03888618695643304,,0.19437395910044097,0.034110739498027794,,0.20202020202020196,0.03794186666999179,,reservoir-minus-projection,comparison:fixed:q8-i6-qrc,comparison:projection:i6,1,False
dvs,confirmation,tuned-minus-fixed:comparison:tuned:q8-i6-crc:comparison:fixed:q8-i6-crc,held,3,1,0.011844331641285918,0.023988911808388885,,0.0144207992963018,0.021474571327065616,,0.015208517265260476,0.017811446648749767,,0.011982570806100138,0.02388254287879624,,tuned-minus-fixed,comparison:tuned:q8-i6-crc,comparison:fixed:q8-i6-crc,1,False
dvs,development,tuned-minus-fixed:comparison:tuned:q8-i6-crc:comparison:fixed:q8-i6-crc,held,3,4,0.02274524717706537,0.021335307446934956,0.022159796768853702,0.022328858043429507,0.021827502093379483,0.02283798908287066,0.01901894059518992,0.02414597899298671,0.013608315930570786,0.022745247177065404,0.02133530744693496,0.022159796768853764,tuned-minus-fixed,comparison:tuned:q8-i6-crc,comparison:fixed:q8-i6-crc,3,True
dvs,official,tuned-minus-fixed:comparison:tuned:q8-i6-crc:comparison:fixed:q8-i6-crc,held,3,1,0.015151515151515174,0.029584279075403994,,0.015241284412150705,0.028567426049715752,,0.011692336448847632,0.02105910979682518,,0.015151515151515286,0.029584279075404004,,tuned-minus-fixed,comparison:tuned:q8-i6-crc,comparison:fixed:q8-i6-crc,1,False
dvs,confirmation,natural-minus-fixed12:comparison:fixed:q8-i6-crc:comparison:fixed12:q8-i6-crc,held,3,1,0.05414551607445014,0.05948695712773922,,0.052661407248582814,0.061013601140976675,,0.05271241239990868,0.06965806640860878,,0.05377302436125978,0.05929651931413127,,natural-minus-fixed12,comparison:fixed:q8-i6-crc,comparison:fixed12:q8-i6-crc,1,False
dvs,development,natural-minus-fixed12:comparison:fixed:q8-i6-crc:comparison:fixed12:q8-i6-crc,held,3,4,0.05083237469601104,0.024438894160120815,0.01521318384304067,0.052932091412566225,0.027589442134286747,0.015676668603067732,0.04488810076418759,0.022542921610710483,0.01580777777553351,0.05083237469601101,0.024438894160120794,0.015213183843040656,natural-minus-fixed12,comparison:fixed:q8-i6-crc,comparison:fixed12:q8-i6-crc,4,True
dvs,official,natural-minus-fixed12:comparison:fixed:q8-i6-crc:comparison:fixed12:q8-i6-crc,held,3,1,0.06944444444444446,0.035801633532216715,,0.07698484006203021,0.039007064300496136,,0.06283633000182909,0.02198144157941907,,0.06944444444444438,0.03580163353221672,,natural-minus-fixed12,comparison:fixed:q8-i6-crc,comparison:fixed12:q8-i6-crc,1,False
dvs,confirmation,reservoir-minus-projection:comparison:fixed:q8-i6-crc:comparison:projection:i6,held,3,1,0.1708967851099831,0.01465356013171637,,0.17428365879641897,0.01427802918121868,,0.15426546223267312,0.015563353468073787,,0.1702317290552587,0.01466606660391854,,reservoir-minus-projection,comparison:fixed:q8-i6-crc,comparison:projection:i6,1,False
dvs,development,reservoir-minus-projection:comparison:fixed:q8-i6-crc:comparison:projection:i6,held,3,4,0.17650972764609127,0.014750254050469976,0.020245770330361713,0.18644528144004183,0.016500863076799457,0.02109422337560175,0.17335594596017123,0.018491112261009874,0.027046451277764016,0.17650972764609119,0.01475025405046997,0.020245770330361762,reservoir-minus-projection,comparison:fixed:q8-i6-crc,comparison:projection:i6,4,True
dvs,official,reservoir-minus-projection:comparison:fixed:q8-i6-crc:comparison:projection:i6,held,3,1,0.226010101010101,0.022832249141445896,,0.23978595402672828,0.022096600751933614,,0.22264902384701113,0.017152196843210534,,0.22601010101010097,0.02283224914144579,,reservoir-minus-projection,comparison:fixed:q8-i6-crc,comparison:projection:i6,1,False
dvs,confirmation,partial-minus-reset-all:recurrence:qrc:partial:recurrence:qrc:all,held,3,1,0.08291032148900172,0.029743478563869604,,0.08748041705848623,0.026881790087832844,,0.08124898141666992,0.027101297574789903,,0.08278867102396519,0.029822026466461954,,partial-minus-reset-all,recurrence:qrc:partial,recurrence:qrc:all,1,False
dvs,development,partial-minus-reset-all:recurrence:qrc:partial:recurrence:qrc:all,held,3,4,0.07461604052513145,0.012592913893849748,0.041917873300506024,0.08093788533577388,0.014811227051736865,0.04544385704180783,0.07047893363762116,0.018046825897094707,0.03090678876231342,0.07461604052513142,0.012592913893849648,0.041917873300506024,partial-minus-reset-all,recurrence:qrc:partial,recurrence:qrc:all,4,True
dvs,official,partial-minus-reset-all:recurrence:qrc:partial:recurrence:qrc:all,held,3,1,0.05050505050505046,0.015308529864876425,,0.05529931696917967,0.0187120495633835,,0.05618641888438388,0.0165555818477176,,0.05050505050505042,0.015308529864876418,,partial-minus-reset-all,recurrence:qrc:partial,recurrence:qrc:all,1,False
dvs,confirmation,partial-minus-reset-all:recurrence:crc:partial:recurrence:crc:all,held,3,1,0.09475465313028764,0.03843592789035713,,0.09905328128539559,0.037217346952979034,,0.09310022429344944,0.04319202256214454,,0.09427609427609425,0.0382037062756969,,partial-minus-reset-all,recurrence:crc:partial,recurrence:crc:all,1,False
dvs,development,partial-minus-reset-all:recurrence:crc:partial:recurrence:crc:all,held,3,4,0.09142782722328176,0.023157026382328545,0.020274883611372634,0.09752081581669074,0.024324524971861584,0.020174199665546115,0.08666009679613972,0.025219529876889184,0.023862797361311486,0.09142782722328173,0.02315702638232859,0.020274883611372647,partial-minus-reset-all,recurrence:crc:partial,recurrence:crc:all,4,True
dvs,official,partial-minus-reset-all:recurrence:crc:partial:recurrence:crc:all,held,3,1,0.11489898989898988,0.025220939842725013,,0.11860107085401102,0.022568323347256784,,0.1161508748910776,0.020057097131520703,,0.11489898989898988,0.025220939842724936,,partial-minus-reset-all,recurrence:crc:partial,recurrence:crc:all,1,False
dvs,confirmation,joint-minus-local:observations:qrc2:zz:observations:qrc2:all,held,3,1,0.0016920473773266072,0.02795721089992948,,-0.007351980523769619,0.03582259422100218,,0.009951651280548942,0.04460116797733942,,0.0013864131511190925,0.027519337107581924,,joint-minus-local,observations:qrc2:zz,observations:qrc2:all,0,False
dvs,development,joint-minus-local:observations:qrc2:zz:observations:qrc2:all,held,3,4,0.013501334524061792,0.009612645248981906,0.014342356336540255,0.009111101778222936,0.00792633114134413,0.009519580914212985,0.018113269497551456,0.012818778675533405,0.006821616613291869,0.013501334524061789,0.0096126452489819,0.014342356336540248,joint-minus-local,observations:qrc2:zz,observations:qrc2:all,4,False
dvs,official,joint-minus-local:observations:qrc2:zz:observations:qrc2:all,held,3,1,0.010101010101010166,0.013302593122288858,,0.00793340048038286,0.012653276347461299,,0.009184191608404224,0.005810580773374965,,0.010101010101010166,0.013302593122288858,,joint-minus-local,observations:qrc2:zz,observations:qrc2:all,1,False
dvs,confirmation,joint-minus-products:observations:qrc2:zz:observations:qrc2:products,held,3,1,-0.02030456852791873,0.013430209700835525,,-0.024753689530693013,0.014654833552653334,,-0.020155285613192315,0.009338164677671236,,-0.020301049712814396,0.01353085255214913,,joint-minus-products,observations:qrc2:zz,observations:qrc2:products,0,False
dvs,development,joint-minus-products:observations:qrc2:zz:observations:qrc2:products,held,3,4,0.012608918858918872,0.00497209895475967,0.01212230233125858,0.010276259659204973,0.007853210397949362,0.011838636946761917,0.016451493302152842,0.0035395327697172944,0.01638826266197135,0.012608918858918827,0.004972098954759681,0.012122302331258581,joint-minus-products,observations:qrc2:zz,observations:qrc2:products,3,True
dvs,official,joint-minus-products:observations:qrc2:zz:observations:qrc2:products,held,3,1,0.035353535353535394,0.017080491487965546,,0.032357620371848896,0.0171423243440769,,0.02249071618548067,0.015667452526473395,,0.03535353535353536,0.01708049148796549,,joint-minus-products,observations:qrc2:zz,observations:qrc2:products,1,False
dvs,confirmation,products-minus-local:observations:crc2:products:observations:crc2:all,held,3,1,0.0016920473773265703,0.0058614240526865735,,0.003863733008392193,0.004642788043154997,,-0.00392295727585971,0.007173930527807459,,0.0013864131511189814,0.006090918722393317,,products-minus-local,observations:crc2:products,observations:crc2:all,1,False
dvs,development,products-minus-local:observations:crc2:products:observations:crc2:all,held,3,4,0.0017722176813085948,0.00680247150837883,0.018335373876590694,0.0038258618702131327,0.006445190028632797,0.01699101222382339,0.0010143253763048494,0.009574131983093743,0.022811075022345216,0.001772217681308581,0.006802471508378825,0.01833537387659066,products-minus-local,observations:crc2:products,observations:crc2:all,3,False
dvs,official,products-minus-local:observations:crc2:products:observations:crc2:all,held,3,1,0.0012626262626262985,0.017495462702715948,,0.003773643618022534,0.01667709034886951,,-0.005691818340521275,0.015794626855829604,,0.0012626262626262614,0.017495462702715917,,products-minus-local,observations:crc2:products,observations:crc2:all,1,False
dvs,confirmation,width24-minus-width18:observations:crc2:width24:observations:crc2:all,held,3,1,0.0186125211505922,0.012774677555449641,,0.022859325618961496,0.014860208137729702,,0.021227191343249612,0.0030895078756028606,,0.017924341453753174,0.01300533116104398,,width24-minus-width18,observations:crc2:width24,observations:crc2:all,1,False
dvs,development,width24-minus-width18:observations:crc2:width24:observations:crc2:all,held,3,4,0.0012960524324160765,0.014513035073029383,0.02007104989269503,0.004925297686766301,0.008121865498606447,0.019804226182956422,0.001990340854453589,0.014375550327355656,0.021952816762345766,0.0012960524324160717,0.014513035073029389,0.02007104989269501,width24-minus-width18,observations:crc2:width24,observations:crc2:all,3,False
dvs,official,width24-minus-width18:observations:crc2:width24:observations:crc2:all,held,3,1,3.700743415417188e-17,0.00378787878787884,,0.0010665973998500444,0.012681902353097636,,0.0027533416091966765,0.029259998358009402,,-3.700743415417188e-17,0.0037878787878786735,,width24-minus-width18,observations:crc2:width24,observations:crc2:all,1,False
dvs,confirmation,joint-QRC-minus-CRC24:observations:qrc2:zz:observations:crc2:width24,held,3,1,-0.04060913705583754,0.0221263905763486,,-0.0477306186758815,0.027154688392650474,,-0.06598417918492994,0.010706115929912116,,-0.040701128936423046,0.022014641128993276,,joint-QRC-minus-CRC24,observations:qrc2:zz,observations:crc2:width24,0,False
dvs,development,joint-QRC-minus-CRC24:observations:qrc2:zz:observations:crc2:width24,held,3,4,-0.043451497996952526,0.01882529283472775,0.050558119239398916,-0.04702958681453811,0.023140028147936493,0.04899938733956904,-0.048524308651004544,0.014428760897949222,0.053681883337424685,-0.04345149799695256,0.018825292834727732,0.05055811923939889,joint-QRC-minus-CRC24,observations:qrc2:zz,observations:crc2:width24,1,False
dvs,official,joint-QRC-minus-CRC24:observations:qrc2:zz:observations:crc2:width24,held,3,1,0.0012626262626262985,0.030850484148663274,,0.011847160615586697,0.029089512252464114,,-0.00455453576383998,0.022211283738495242,,0.0012626262626262985,0.03085048414866317,,joint-QRC-minus-CRC24,observations:qrc2:zz,observations:crc2:width24,1,False
dvs,confirmation,joint-minus-local:observations:qrc4:zz:observations:qrc4:all,held,3,1,0.008460236886632813,0.01782682530093526,,0.007609939193862584,0.01620083758860168,,0.010817128632202225,0.007689755637299826,,0.008318478906714147,0.018188030736796035,,joint-minus-local,observations:qrc4:zz,observations:qrc4:all,1,False
dvs,development,joint-minus-local:observations:qrc4:zz:observations:qrc4:all,held,3,4,0.006488461033915556,0.009900999264601857,0.024640791827584493,0.006854072958722525,0.01220245879441118,0.02492026621603095,0.010347602370516795,0.009610033216664345,0.02294754494739038,0.0064884610339155935,0.009900999264601832,0.024640791827584517,joint-minus-local,observations:qrc4:zz,observations:qrc4:all,3,False
dvs,official,joint-minus-local:observations:qrc4:zz:observations:qrc4:all,held,3,1,0.02651515151515149,0.02304076716022051,,0.026132884759078195,0.02436271684152202,,0.021019030421449075,0.021366387652032536,,0.02651515151515149,0.02304076716022051,,joint-minus-local,observations:qrc4:zz,observations:qrc4:all,1,False
dvs,confirmation,joint-minus-products:observations:qrc4:zz:observations:qrc4:products,held,3,1,0.010152284263959421,0.005076142131979711,,0.008760309166029287,0.0046223062056680525,,0.013283546763155093,0.00469047061804435,,0.010001980590215842,0.004329073676845849,,joint-minus-products,observations:qrc4:zz,observations:qrc4:products,1,False
dvs,development,joint-minus-products:observations:qrc4:zz:observations:qrc4:products,held,3,4,0.00757828030555302,0.018269572741011375,0.007841452604972807,0.00794723031413245,0.01981615095207885,0.008663812509816883,0.009909183709586286,0.014997087552819107,0.009264906429914193,0.00757828030555303,0.018269572741011333,0.007841452604972786,joint-minus-products,observations:qrc4:zz,observations:qrc4:products,3,False
dvs,official,joint-minus-products:observations:qrc4:zz:observations:qrc4:products,held,3,1,0.011363636363636317,0.029584279075404032,,0.012279698739848244,0.030813111532663567,,0.009566800340052195,0.03066347205992565,,0.011363636363636279,0.029584279075403997,,joint-minus-products,observations:qrc4:zz,observations:qrc4:products,1,False
dvs,confirmation,products-minus-local:observations:crc4:products:observations:crc4:all,held,3,1,0.02876480541455158,0.030597531844374137,,0.02874672861821585,0.032196723398012654,,0.025749550940160664,0.020881569430150904,,0.02881758764111708,0.03041205789241942,,products-minus-local,observations:crc4:products,observations:crc4:all,1,False
dvs,development,products-minus-local:observations:crc4:products:observations:crc4:all,held,3,4,0.019118507754871412,0.003149644614387735,0.015920723352771737,0.01800183101776622,0.0037047145023372152,0.014364074629410417,0.01284187153416654,0.0063553040732408275,0.012070512332586844,0.019118507754871394,0.003149644614387639,0.015920723352771688,products-minus-local,observations:crc4:products,observations:crc4:all,4,True
dvs,official,products-minus-local:observations:crc4:products:observations:crc4:all,held,3,1,0.0,0.010021785269184045,,-0.0013650483817075159,0.010960493583805603,,-0.012396265225308567,0.0073782382476519,,-3.700743415417188e-17,0.010021785269184026,,products-minus-local,observations:crc4:products,observations:crc4:all,0,False
dvs,confirmation,width24-minus-width18:observations:crc4:width24:observations:crc4:all,held,3,1,0.021996615905245338,0.03843592789035717,,0.019309476460217485,0.04335314947089505,,0.016982552274343494,0.03942748503703039,,0.021489403842345028,0.0385441124639993,,width24-minus-width18,observations:crc4:width24,observations:crc4:all,1,False
dvs,development,width24-minus-width18:observations:crc4:width24:observations:crc4:all,held,3,4,0.027192189124007327,0.007831441801800065,0.011909469658570367,0.028547803890672935,0.009577952697786548,0.012046076994211737,0.021010612552796293,0.010460275093949797,0.011230293427957526,0.02719218912400731,0.00783144180180011,0.011909469658570399,width24-minus-width18,observations:crc4:width24,observations:crc4:all,4,True
dvs,official,width24-minus-width18:observations:crc4:width24:observations:crc4:all,held,3,1,0.002525252525252523,0.014340677640909768,,0.0019121845868104541,0.01509975693772391,,-0.00540929308673969,0.012472889723104936,,0.002525252525252486,0.014340677640909705,,width24-minus-width18,observations:crc4:width24,observations:crc4:all,1,False
dvs,confirmation,joint-QRC-minus-CRC24:observations:qrc4:zz:observations:crc4:width24,held,3,1,-0.011844331641285955,0.007753935186050454,,-0.007517466270012263,0.01218924015900428,,-0.007513988282597861,0.005299137877184549,,-0.01069518716577537,0.008281259575024538,,joint-QRC-minus-CRC24,observations:qrc4:zz,observations:crc4:width24,0,False
dvs,development,joint-QRC-minus-CRC24:observations:qrc4:zz:observations:crc4:width24,held,3,4,-0.04224374110737749,0.010086897597539102,0.02979618288526781,-0.044129473010939724,0.01335246111570803,0.033579067383232346,-0.03777217289824916,0.011618959486461125,0.035613417937140776,-0.042243741107377476,0.010086897597539087,0.029796182885267825,joint-QRC-minus-CRC24,observations:qrc4:zz,observations:crc4:width24,0,False
dvs,official,joint-QRC-minus-CRC24:observations:qrc4:zz:observations:crc4:width24,held,3,1,-0.03030303030303035,0.024838782289022768,,-0.029892953208001744,0.025456842026045163,,-0.029364404813758977,0.027566227079745497,,-0.030303030303030314,0.024838782289022757,,joint-QRC-minus-CRC24,observations:qrc4:zz,observations:crc4:width24,0,False
dvs,mapping-development,mapping-QRC-minus-CRC:mapping-paired:i2:legacy:qrc:mapping-paired:i2:legacy:crc,held,3,4,-0.06278033834852016,0.009075690144399675,0.030728315708734678,-0.060376654264383156,0.0070681948005156476,0.032666118048959074,-0.06471409768294502,0.004351893545043882,0.03466373945920237,-0.06278033834852019,0.009075690144399661,0.03072831570873462,mapping-QRC-minus-CRC,mapping-paired:i2:legacy:qrc,mapping-paired:i2:legacy:crc,0,False
dvs,mapping-development,mapping-QRC-minus-CRC:mapping-paired:i2:pca:qrc:mapping-paired:i2:pca:crc,held,3,4,-0.11689541519086973,0.025580174013373473,0.08708227215178521,-0.1260542248954915,0.02597751403690071,0.08988599588067402,-0.11600407061820116,0.027636841159740577,0.10358593958625727,-0.11689541519086975,0.02558017401337342,0.0870822721517852,mapping-QRC-minus-CRC,mapping-paired:i2:pca:qrc,mapping-paired:i2:pca:crc,0,False
dvs,mapping-development,mapping-minus-anchor:mapping-paired:i2:pca:qrc:mapping-paired:i2:legacy:qrc,held,3,4,0.032193816284725375,0.03432945379491025,0.06136510359085526,0.029393093077819094,0.03011068080662072,0.06372357219427988,0.04567955823218351,0.03716803569551209,0.07849144355691655,0.03219381628472537,0.0343294537949102,0.06136510359085525,mapping-minus-anchor,mapping-paired:i2:pca:qrc,mapping-paired:i2:legacy:qrc,2,False
dvs,mapping-development,mapping-minus-anchor:mapping-paired:i2:pca:crc:mapping-paired:i2:legacy:crc,held,3,4,0.08630889312707495,0.027655748289148085,0.08716942575746685,0.09507066370892743,0.026635315613657274,0.09439855946580968,0.09696953116743963,0.025676953191882002,0.09081920938100606,0.08630889312707495,0.027655748289148078,0.0871694257574668,mapping-minus-anchor,mapping-paired:i2:pca:crc,mapping-paired:i2:legacy:crc,4,False
dvs,mapping-development,mapping-minus-anchor:mapping-paired:i2:pca:projection:mapping-paired:i2:legacy:projection,held,3,4,0.07322885447885447,0.0,0.051641803038482134,0.06973353234630447,0.0,0.049895822444474956,0.08579673532834796,0.0,0.07992182876879221,0.07322885447885447,0.0,0.051641803038482155,mapping-minus-anchor,mapping-paired:i2:pca:projection,mapping-paired:i2:legacy:projection,4,False
dvs,mapping-development,mapping-QRC-minus-CRC:mapping-paired:i4:legacy:qrc:mapping-paired:i4:legacy:crc,held,3,4,-0.04459082584082583,0.025114716461356112,0.03141414755349496,-0.046626489184615795,0.0237462134903536,0.030962929792391278,-0.03641394681531301,0.03819701504922806,0.03477788579862909,-0.044590825840825854,0.025114716461356063,0.03141414755349501,mapping-QRC-minus-CRC,mapping-paired:i4:legacy:qrc,mapping-paired:i4:legacy:crc,0,False
dvs,mapping-development,mapping-QRC-minus-CRC:mapping-paired:i4:pca:qrc:mapping-paired:i4:pca:crc,held,3,4,-0.090511445625082,0.05006534394691522,0.04444455361538643,-0.09048163544252434,0.04954053634669313,0.04582800220405829,-0.09597304148243956,0.044300857811006546,0.04312193528034114,-0.09051144562508202,0.05006534394691519,0.044444553615386434,mapping-QRC-minus-CRC,mapping-paired:i4:pca:qrc,mapping-paired:i4:pca:crc,0,False
dvs,mapping-development,mapping-minus-anchor:mapping-paired:i4:pca:qrc:mapping-paired:i4:legacy:qrc,held,3,4,0.19799234856053038,0.05857369006038931,0.028419508404230964,0.20769532233383114,0.05744957656159693,0.025969103483241995,0.1792717698346272,0.07534122307456326,0.02848334524700059,0.19799234856053038,0.05857369006038926,0.028419508404230936,mapping-minus-anchor,mapping-paired:i4:pca:qrc,mapping-paired:i4:legacy:qrc,4,False
dvs,mapping-development,mapping-minus-anchor:mapping-paired:i4:pca:crc:mapping-paired:i4:legacy:crc,held,3,4,0.2439129683447865,0.017696694621837726,0.05788846590246004,0.25155046859173974,0.016875025391265265,0.0577641877014418,0.23883086450175373,0.010879624892549383,0.054982941070099406,0.24391296834478657,0.017696694621837684,0.0578884659024601,mapping-minus-anchor,mapping-paired:i4:pca:crc,mapping-paired:i4:legacy:crc,4,False
dvs,mapping-development,mapping-minus-anchor:mapping-paired:i4:pca:projection:mapping-paired:i4:legacy:projection,held,3,4,0.17496897042351586,0.0,0.04657398814478591,0.17203008775533357,0.0,0.04003720378146749,0.16026644250123218,0.0,0.038703479510619074,0.1749689704235159,0.0,0.04657398814478595,mapping-minus-anchor,mapping-paired:i4:pca:projection,mapping-paired:i4:legacy:projection,4,False
shd,preprocessing-diagnostic,representation-difference:original_log:paper_counts,held,3,1,0.024229074889867808,0.04421432415450623,,0.021560625823681605,0.03991062889898666,,0.011784554000581019,0.05068062148531147,,0.024963561106436754,0.04568567114768726,,representation-difference,original_log,paper_counts,1,False
shd,preprocessing-diagnostic,representation-difference:original_log:selected_log,held,3,1,0.052679882525697476,0.0475272690118125,,0.06040062760723156,0.04743620321405202,,0.04730439309483969,0.021914068302573555,,0.05187007225605814,0.04803536765218203,,representation-difference,original_log,selected_log,1,False
shd,preprocessing-diagnostic,representation-difference:paper_counts:selected_log,held,3,1,0.02845080763582967,0.05958936870716633,,0.03884000178354996,0.05628955817518349,,0.035519839094258675,0.044039749714401784,,0.026906511149621393,0.060265523806043476,,representation-difference,paper_counts,selected_log,1,False
