dataset,phase,role,population,seeds,folds,accuracy,accuracy_seed_sd,accuracy_fold_sd,macro_f1,macro_f1_seed_sd,macro_f1_fold_sd,macro_precision,macro_precision_seed_sd,macro_precision_fold_sd,macro_recall,macro_recall_seed_sd,macro_recall_fold_sd
shd,development,comparison:fixed12:q4-i2-crc,train,3,4,0.7183625388911589,0.007658438277615721,0.016400398790270766,0.7005464407728285,0.011636376256200493,0.02144328500825616,0.7270677730991061,0.004941231903760196,0.020197245613644624,0.7172570696249481,0.0078072933163553,0.01717181380185951
shd,development,comparison:fixed12:q4-i2-crc,held,3,4,0.43041206801046367,0.021435182245385147,0.0855735880779059,0.38936600968932766,0.02363827745476355,0.09157305668800275,0.45096187525527337,0.013397417986023253,0.09876370939911114,0.4254057040457424,0.02207713240524325,0.09499387716565343
shd,development,comparison:fixed12:q4-i2-qrc,train,3,4,0.7279221212767005,0.021438144772510576,0.018118691232396355,0.715408007419945,0.024569397785793746,0.021165409056005224,0.7341401138695062,0.020264349570006803,0.020569708667159306,0.7266814256270043,0.02129678648044067,0.019022283047293954
shd,development,comparison:fixed12:q4-i2-qrc,held,3,4,0.4322293075074981,0.03460275703318447,0.0718511210656632,0.39956705444702223,0.032373606990538914,0.07193977002237881,0.4818317275776071,0.022213194017076023,0.08098107393998628,0.43160142622381903,0.033951124246789144,0.07674768404675246
shd,development,comparison:fixed12:q6-i2-crc,train,3,4,0.7183625388911589,0.007658438277615721,0.016400398790270766,0.7005464407728285,0.011636376256200493,0.02144328500825616,0.7270677730991061,0.004941231903760196,0.020197245613644624,0.7172570696249481,0.0078072933163553,0.01717181380185951
shd,development,comparison:fixed12:q6-i2-crc,held,3,4,0.43041206801046367,0.021435182245385147,0.0855735880779059,0.38936600968932766,0.02363827745476355,0.09157305668800275,0.45096187525527337,0.013397417986023253,0.09876370939911114,0.4254057040457424,0.02207713240524325,0.09499387716565343
shd,development,comparison:fixed12:q6-i2-qrc,train,3,4,0.7537140644293903,0.016049187350064224,0.020026138992337003,0.7436193436601771,0.01820033932654601,0.023616623866162634,0.7603144529733944,0.014759816398434262,0.021913016157029782,0.7525187734841348,0.01615663209375156,0.02101022900160499
shd,development,comparison:fixed12:q6-i2-qrc,held,3,4,0.433766187300426,0.052065754121964986,0.07076143598188134,0.39580080518817534,0.05023968195899665,0.07424114478543048,0.4957516840957185,0.02604968138853505,0.07577898099028692,0.43148909715033174,0.051792832743431404,0.07512377726648461
shd,development,comparison:fixed12:q6-i4-crc,train,3,4,0.8052965934563159,0.012302692430451014,0.016628625172126515,0.7986793240395266,0.013917004886368474,0.02033923384336639,0.8104627262773169,0.011126615518043193,0.01792938343899181,0.8045196378780609,0.012370294972522823,0.017095670445371747
shd,development,comparison:fixed12:q6-i4-crc,held,3,4,0.5092719572445695,0.023789746604209055,0.044668343079371585,0.4799921009061208,0.02806039542624392,0.06155598979289411,0.5420428321251701,0.02709481482547663,0.08418677356111716,0.5058103052616572,0.024123888301081652,0.05536854876854085
shd,development,comparison:fixed12:q6-i4-qrc,train,3,4,0.7629792191672182,0.0025172182967496534,0.01712135204909164,0.7549170534731817,0.0025825595770581186,0.020244332911072877,0.7676630914034308,0.005391097188998032,0.0198560157941371,0.7615950232061423,0.0023810051709172793,0.0175664195478248
shd,development,comparison:fixed12:q6-i4-qrc,held,3,4,0.48633448997679274,0.01403086009811448,0.05040574131453965,0.4636102614578874,0.013558498621382803,0.05512298284566397,0.5245220543819689,0.03019629159767903,0.06370112943139174,0.48420650503907314,0.012191943114909301,0.048303186923307075
shd,development,comparison:fixed12:q8-i2-crc,train,3,4,0.7183625388911589,0.007658438277615721,0.016400398790270766,0.7005464407728285,0.011636376256200493,0.02144328500825616,0.7270677730991061,0.004941231903760196,0.020197245613644624,0.7172570696249481,0.0078072933163553,0.01717181380185951
shd,development,comparison:fixed12:q8-i2-crc,held,3,4,0.43041206801046367,0.021435182245385147,0.0855735880779059,0.38936600968932766,0.02363827745476355,0.09157305668800275,0.45096187525527337,0.013397417986023253,0.09876370939911114,0.4254057040457424,0.02207713240524325,0.09499387716565343
shd,development,comparison:fixed12:q8-i2-qrc,train,3,4,0.7535124077081784,0.005116231327947645,0.017614210207843047,0.7437933151119145,0.0042378005804965795,0.021589061986773454,0.7601582516942137,0.0026997748740411414,0.020689993128013114,0.752429815996852,0.00520310051417236,0.0185924249472778
shd,development,comparison:fixed12:q8-i2-qrc,held,3,4,0.42070735754551786,0.044628255030848406,0.07344587244317584,0.38547988331198063,0.03997448063655478,0.0760444761694084,0.4670110535540089,0.033478066211089064,0.06299817702497237,0.4181391452814603,0.0437123902665325,0.07796674551468727
shd,development,comparison:fixed12:q8-i4-crc,train,3,4,0.8052965934563159,0.012302692430451014,0.016628625172126515,0.7986793240395266,0.013917004886368474,0.02033923384336639,0.8104627262773169,0.011126615518043193,0.01792938343899181,0.8045196378780609,0.012370294972522823,0.017095670445371747
shd,development,comparison:fixed12:q8-i4-crc,held,3,4,0.5092719572445695,0.023789746604209055,0.044668343079371585,0.4799921009061208,0.02806039542624392,0.06155598979289411,0.5420428321251701,0.02709481482547663,0.08418677356111716,0.5058103052616572,0.024123888301081652,0.05536854876854085
shd,development,comparison:fixed12:q8-i4-qrc,train,3,4,0.7705259979263257,0.011471006615359233,0.019033185560760134,0.7628079078275958,0.01261688786646911,0.02267152420529189,0.7753647165268372,0.010938642386501005,0.021583034777344454,0.7691806207576599,0.01144718235536225,0.019788125013830676
shd,development,comparison:fixed12:q8-i4-qrc,held,3,4,0.4680760122596422,0.02655132599215845,0.04932193988424042,0.4400014289484448,0.025256224717690953,0.053591065886845195,0.5064606701444306,0.02338777509590712,0.061654557080884166,0.4645632765734504,0.024920017992696702,0.046018287902408805
shd,development,comparison:fixed12:q8-i6-crc,train,3,4,0.8842076169184079,0.009733099640882837,0.012286415892867166,0.8825456441474526,0.010240730393860894,0.013257783590834881,0.8853425723910174,0.009372604476577449,0.011880097883975083,0.8839057573780092,0.009837347934983705,0.012060969574359247
shd,development,comparison:fixed12:q8-i6-crc,held,3,4,0.5443917085111357,0.03372679473138952,0.05869192473779023,0.5231504843396035,0.040042742779240706,0.053957244587772894,0.6047677947569045,0.025329230228863284,0.05838718452024106,0.5386496164691531,0.03662337188818477,0.05916272080687874
shd,development,comparison:fixed12:q8-i6-qrc,train,3,4,0.7140350715325589,0.0843011014922323,0.011223358400350133,0.7042210099913699,0.0896676735808348,0.011203984482287866,0.7200136337458704,0.08782194998649118,0.01302675345179562,0.7126734709978161,0.08456238473446019,0.010529762140667946
shd,development,comparison:fixed12:q8-i6-qrc,held,3,4,0.42851464770167996,0.044693259021781416,0.055028087696907244,0.4058093042043203,0.03930487948865039,0.05116773945976499,0.4873782911383784,0.046876774306189306,0.04730262028958123,0.42721963993982986,0.04125821165825352,0.053324324690740506
shd,development,comparison:fixed:q4-i2-crc,train,3,4,0.7183625388911589,0.007658438277615721,0.016400398790270766,0.7005464407728285,0.011636376256200493,0.02144328500825616,0.7270677730991061,0.004941231903760196,0.020197245613644624,0.7172570696249481,0.0078072933163553,0.01717181380185951
shd,development,comparison:fixed:q4-i2-crc,held,3,4,0.43041206801046367,0.021435182245385147,0.0855735880779059,0.38936600968932766,0.02363827745476355,0.09157305668800275,0.45096187525527337,0.013397417986023253,0.09876370939911114,0.4254057040457424,0.02207713240524325,0.09499387716565343
shd,development,comparison:fixed:q4-i2-qrc,train,3,4,0.7279221212767005,0.021438144772510576,0.018118691232396355,0.715408007419945,0.024569397785793746,0.021165409056005224,0.7341401138695062,0.020264349570006803,0.020569708667159306,0.7266814256270043,0.02129678648044067,0.019022283047293954
shd,development,comparison:fixed:q4-i2-qrc,held,3,4,0.4322293075074981,0.03460275703318447,0.0718511210656632,0.39956705444702223,0.032373606990538914,0.07193977002237881,0.4818317275776071,0.022213194017076023,0.08098107393998628,0.43160142622381903,0.033951124246789144,0.07674768404675246
shd,development,comparison:fixed:q6-i2-crc,train,3,4,0.7906500538592193,0.035684348714928746,0.008581821620701913,0.7810632270008565,0.0381237895785446,0.011078606408330536,0.7952334741628576,0.03435780681383318,0.008597674886737492,0.7896084797744108,0.035668321617256575,0.008893019105489721
shd,development,comparison:fixed:q6-i2-crc,held,3,4,0.4257087390055285,0.04022137291923021,0.0796659328817838,0.38925830982801296,0.040455978491785706,0.08637786607795193,0.45784590521608975,0.03006455418845386,0.0944955261845845,0.42166086644261086,0.04027630940989549,0.08974351759883956
shd,development,comparison:fixed:q6-i2-qrc,train,3,4,0.7924334999771223,0.007999056852495794,0.018188190992310494,0.7859275432857258,0.008738893240234856,0.02035088621333394,0.7970949955406214,0.008554450212963204,0.01883293191762103,0.79123280788435,0.007957809460736409,0.018898923833229303
shd,development,comparison:fixed:q6-i2-qrc,held,3,4,0.44350047344184834,0.03693018988511486,0.07223048484736598,0.40838475035226235,0.03822935802174583,0.07195530547274354,0.5039936161725946,0.029885272660370346,0.057613237139064806,0.44117270224176536,0.0372247549893338,0.07659619250811638
shd,development,comparison:fixed:q6-i4-crc,train,3,4,0.8546370262050452,0.003996153079587025,0.009954796704186138,0.8510329482092415,0.004236059077907969,0.011895173398394049,0.8572351036456075,0.0032942008607865546,0.010615133512193007,0.8539568238295182,0.004154680315746445,0.010263507481249353
shd,development,comparison:fixed:q6-i4-crc,held,3,4,0.48892541891089686,0.043421735484651364,0.05062522090551748,0.46053832559546803,0.045121407647109396,0.059544469132096094,0.5354608519923257,0.04081444355001869,0.05488750702874678,0.4846694845746171,0.044507354144234096,0.05648062713084203
shd,development,comparison:fixed:q6-i4-qrc,train,3,4,0.8323484752634203,0.0044413221223830335,0.015205636190730327,0.828005228983994,0.005025510164319182,0.017203390981937846,0.836881214957475,0.0038550835623148475,0.01476126621820985,0.8315025172613382,0.0049112415416352135,0.016048104972770386
shd,development,comparison:fixed:q6-i4-qrc,held,3,4,0.5196612570116912,0.02070793700881939,0.05398541335318263,0.4987917742386256,0.02035515940145529,0.056307353818923836,0.5623270718213483,0.029865147263364446,0.04846712971694653,0.5178181578770884,0.020343360012346764,0.05471228220644726
shd,development,comparison:fixed:q8-i2-crc,train,3,4,0.8372510452021267,0.02020023607853453,0.009635358415404874,0.8315442252921299,0.021921229142880732,0.012025640927744781,0.839904310573414,0.019171594405918785,0.009482237861805078,0.8362220224927172,0.02039887125267344,0.010136199315501113
shd,development,comparison:fixed:q8-i2-crc,held,3,4,0.43636255336458324,0.027221751502340883,0.08316246591270304,0.4021207275647858,0.02401476674543078,0.09055153943788026,0.45329778482946903,0.02303820060963123,0.09210737900314109,0.4319656582842109,0.026843028642939075,0.09121263443060373
shd,development,comparison:fixed:q8-i2-qrc,train,3,4,0.8007133261593009,0.007699993778036549,0.01597026673835326,0.7951383818876753,0.008474547294629051,0.01806720305261799,0.8061987926204774,0.007474668057881818,0.017442779868389793,0.7997220837154756,0.0076651870449129505,0.01657231466878064
shd,development,comparison:fixed:q8-i2-qrc,held,3,4,0.42588755989508414,0.03729259797717538,0.07366722475303876,0.39111640134093345,0.036436662167933426,0.0752662672820347,0.4733920852242201,0.024047789028438737,0.051942353394391606,0.42236539953989366,0.036878069350374486,0.08209923057277295
shd,development,comparison:fixed:q8-i4-crc,train,3,4,0.8532010111216941,0.0031708499804612655,0.01283375712135181,0.8503594687222881,0.0032819001556160803,0.014481567585609584,0.8566977720906844,0.002776734599778922,0.013088854218902234,0.8526527492950174,0.0032408398119568786,0.013100007594840351
shd,development,comparison:fixed:q8-i4-crc,held,3,4,0.48979064616404505,0.022245782628410576,0.061730842532814946,0.46331995352284316,0.023747678951427494,0.07319552632579743,0.5351165319727843,0.028897037720532766,0.07713281883254536,0.48620758129201186,0.0235160486614731,0.06978752077377086
shd,development,comparison:fixed:q8-i4-qrc,train,3,4,0.84624753916482,0.008586305304282142,0.016186928349105387,0.8432414626730838,0.009599859503613632,0.01777994223478687,0.8507041604557036,0.008867548419768794,0.01577102014708317,0.8454694801362662,0.008633929469584382,0.016904209172033245
shd,development,comparison:fixed:q8-i4-qrc,held,3,4,0.5071497756619355,0.011987100933397938,0.04658809051054784,0.48224745113872164,0.01572830360355113,0.05251639700820797,0.5589501071993398,0.024478298945156404,0.036487791720111684,0.5030878809867828,0.011678494493533451,0.04676900351815304
shd,development,comparison:fixed:q8-i6-crc,train,3,4,0.8971385673200264,0.011322786447889503,0.009462421272899611,0.8960484019321737,0.011598087727611275,0.010141526268437421,0.898366569839873,0.011538826924396329,0.00933072710629576,0.8970887314016999,0.011350283764931204,0.009460919012234259
shd,development,comparison:fixed:q8-i6-crc,held,3,4,0.5546639638675298,0.024668134076481614,0.06011253333292917,0.5308766728183058,0.03360023356068364,0.05614483528139758,0.6144951854579128,0.038869221733685566,0.04772185701489266,0.5490996597654542,0.02498215115284288,0.061540545773727216
shd,development,comparison:fixed:q8-i6-qrc,train,3,4,0.8971417207943887,0.00546256226225186,0.011837932677384153,0.8961535356603765,0.00585606547886944,0.012473919757934772,0.8986334524129128,0.0060118959425755,0.011436670497052591,0.8969916896457216,0.0054081952216370474,0.011751829292248555
shd,development,comparison:fixed:q8-i6-qrc,held,3,4,0.5677311473037877,0.025217653465857085,0.06820026408879336,0.560047980981332,0.020028289469390614,0.058516776485730296,0.6452963447665411,0.005308077215075286,0.03492740784157335,0.5665689112188681,0.0262412006831769,0.0635780915013699
shd,development,comparison:projection:i2,train,3,4,0.6228066097847935,0.0,0.013958461855415006,0.5996084549553464,0.0,0.020212489840339114,0.6304607886611764,0.0,0.023633496209396088,0.6219734614064849,0.0,0.01553790245065376
shd,development,comparison:projection:i2,held,3,4,0.4403845558530615,6.798699777552591e-17,0.05931909106171306,0.4091164385688287,6.798699777552591e-17,0.06677414163009511,0.4530334304125054,0.0,0.09753119219922574,0.4436167244816816,6.798699777552591e-17,0.06286070664181065
shd,development,comparison:projection:i4,train,3,4,0.736726630444045,0.0,0.020584029094958902,0.7286766936719301,1.3597399555105182e-16,0.02500669074330741,0.7445781880051913,0.0,0.021045375389952835,0.7359062024822682,0.0,0.021570450573598115
shd,development,comparison:projection:i4,held,3,4,0.49991446635504216,0.0,0.04072491105018051,0.4730554411582182,0.0,0.05006559081363587,0.5357466251035956,0.0,0.029450139786650013,0.49808791822088994,0.0,0.04574140007678785
shd,development,comparison:projection:i6,train,3,4,0.8343598213508714,0.0,0.021140227461821152,0.832197582140726,1.3597399555105182e-16,0.023087677018651703,0.8372356028856548,0.0,0.020916152014608426,0.8341005568600175,0.0,0.021053984230318765
shd,development,comparison:projection:i6,held,3,4,0.5667301559584873,0.0,0.07984064980751121,0.5582749631945328,0.0,0.06844026656921848,0.6325234320334907,0.0,0.037866281970269006,0.5664313446620692,0.0,0.07656242802841536
shd,development,comparison:tuned:q4-i2-crc,train,3,4,0.8585653507889305,0.00603872209848426,0.009992641106103735,0.8542670800902009,0.007231904315148779,0.011677318026854375,0.8605349212842365,0.00513955047983022,0.010500250054576528,0.8578058713566218,0.006071796971790433,0.01028361887557442
shd,development,comparison:tuned:q4-i2-crc,held,3,4,0.5145974007779389,0.007905849537025013,0.0826582012962817,0.48920682728052695,0.007267398791756666,0.08546116285979734,0.5609634658515806,0.01711392763087234,0.06973759152443326,0.5108157373962291,0.007781330099981408,0.09215950709057814
shd,development,comparison:tuned:q4-i2-qrc,train,3,4,0.8642070529702193,0.012901826197608325,0.011337893056278038,0.8609668964026356,0.01348783831998997,0.012707512768837019,0.8670996666319665,0.012850970802129354,0.01114343997389186,0.8635833358771272,0.012738760137036417,0.011663459072809298
shd,development,comparison:tuned:q4-i2-qrc,held,3,4,0.5166041605808515,0.01001082004140651,0.043320675005417565,0.4929040632245287,0.012842573373561674,0.055526912536710375,0.5590706497191599,0.01844371810461952,0.05298837753853785,0.5139174064128599,0.009172075326264786,0.05530043560984989
shd,development,comparison:tuned:q6-i2-crc,train,3,4,0.86207289572818,0.006521792562198054,0.009975513414650472,0.8582423816720287,0.0071805483183151235,0.011277756654941528,0.863685345934578,0.006485524078011197,0.01037061821154924,0.8614083474794727,0.006677887435772206,0.0102337484957194
shd,development,comparison:tuned:q6-i2-crc,held,3,4,0.5208562861610324,0.012124256735546917,0.05834763904375044,0.4942934660624938,0.014952522704042424,0.06639127631527335,0.5533252392077006,0.017411523391688333,0.05892375010688067,0.5176104939533354,0.010590507183785207,0.0680946480981687
shd,development,comparison:tuned:q6-i2-qrc,train,3,4,0.863081965890495,0.009132527863053316,0.008333286431204057,0.8598307097199985,0.01012520735017304,0.009655798970970655,0.8661992466487874,0.009196409351441226,0.008503552661403214,0.8623359710641662,0.009316250510613935,0.008585081123636833
shd,development,comparison:tuned:q6-i2-qrc,held,3,4,0.4773262802096842,0.03659511194765263,0.0588983130171556,0.44972044790407134,0.04216446457842894,0.07090343782841718,0.5215433512592407,0.032424457203454125,0.07034208953090987,0.4725884133370433,0.03885989439538389,0.06945691532148864
shd,development,comparison:tuned:q6-i4-crc,train,3,4,0.9102903992465151,0.0018667179710014953,0.007157222785446894,0.9092653696274388,0.0018687184842407355,0.00757023491255339,0.9110795453506609,0.0021069523855117684,0.0072662797770263,0.9099489438658356,0.0017593745398654615,0.006859876727678858
shd,development,comparison:tuned:q6-i4-crc,held,3,4,0.5515896506368779,0.005960471434181569,0.04129608717060353,0.5356430001825422,0.002972496180731921,0.04780322673818993,0.6159252324921015,0.007572559263516443,0.04568886539422765,0.5480789557394778,0.005115245173693466,0.04691829347808887
shd,development,comparison:tuned:q6-i4-qrc,train,3,4,0.8659204936592865,0.005751471585388989,0.009229397476153717,0.8639151703782127,0.005802765969861464,0.01043104473558451,0.8702265985700514,0.005721825511506674,0.008606201271853397,0.8654160119776467,0.005843078160482352,0.009673350236418271
shd,development,comparison:tuned:q6-i4-qrc,held,3,4,0.549130025328609,0.01605032034954936,0.038596239334077215,0.529681133964545,0.01582608656248909,0.0499533401874912,0.6090952483756352,0.006592729349417658,0.03421388713237237,0.5461795851345633,0.017052312890884172,0.04520719752856096
shd,development,comparison:tuned:q8-i2-crc,train,3,4,0.8883928689995376,0.002373082646632405,0.010520458183459765,0.8861739940678804,0.0024754972618676718,0.011430785976477087,0.8893799200931486,0.002926926017012511,0.0110711146255635,0.8878285309513964,0.002345798830032172,0.010623011108103571
shd,development,comparison:tuned:q8-i2-crc,held,3,4,0.5231372734426392,0.002018606484560028,0.05879191843797461,0.49954120076763436,0.0029527205323305367,0.06195732206182404,0.5570819513130549,0.004454863619088413,0.06027919836358917,0.5204686805018325,0.0022818582881780113,0.06618543455121409
shd,development,comparison:tuned:q8-i2-qrc,train,3,4,0.8358650856661355,0.00900951156002064,0.012751824590513904,0.8309264189239868,0.00945680710727331,0.014799077245280358,0.8412377698120611,0.009282448373841417,0.012042001844768061,0.835104544715724,0.009218168005784743,0.013140665437311383
shd,development,comparison:tuned:q8-i2-qrc,held,3,4,0.5005922951620055,0.04491333481016565,0.05857347062529992,0.4732014149936858,0.04594942478041418,0.0678217677360518,0.5435724125814827,0.029833876876147667,0.05168186317589611,0.49816179447495185,0.04591590476213823,0.06691325160162497
shd,development,comparison:tuned:q8-i4-crc,train,3,4,0.9419533291961125,0.0012716881910696442,0.005998705395345922,0.9415264417749132,0.0012783211228048611,0.0061823050601431265,0.9426318137430337,0.0012536064359872823,0.006137288186147174,0.9417191235646696,0.0013134428376397294,0.00577025942840221
shd,development,comparison:tuned:q8-i4-crc,held,3,4,0.5587642473443456,0.008870473844451682,0.0546451645836548,0.5402652102307687,0.010519772888993792,0.06251602956619562,0.6223894080513124,0.013682530393885877,0.05855797238699271,0.5554172210770214,0.01000417795135236,0.059613768102313204
shd,development,comparison:tuned:q8-i4-qrc,train,3,4,0.8814070202373346,0.004695824297102332,0.008119674604928467,0.8802617481374311,0.004807598376508486,0.00872151170634649,0.8839320562471817,0.004538075810674333,0.007172703884486962,0.8810028761809758,0.004578802473908406,0.008471171628216772
shd,development,comparison:tuned:q8-i4-qrc,held,3,4,0.5458053522579667,0.039884207291541365,0.043663549915704106,0.530613493837533,0.03813319440789935,0.04756705684600238,0.6110100771687571,0.012167616148014761,0.02130813657794844,0.544230024808619,0.03932109560803459,0.04746285000252968
shd,development,comparison:tuned:q8-i6-crc,train,3,4,0.8613858682061591,0.0030175375202430195,0.016034791458517994,0.8595292408386138,0.002980617792017188,0.017226983104496833,0.8634324641556059,0.002713207628546964,0.016303696655513848,0.8611484583120591,0.0030620697033668454,0.015674728367112357
shd,development,comparison:tuned:q8-i6-crc,held,3,4,0.5918374874611655,0.001626572236749122,0.06809442235121577,0.5800465086389923,0.0025807004180741226,0.05466629747988709,0.6577703069348527,0.009022106382056317,0.04008759116509965,0.5892415791798115,0.0010352582728645958,0.06423079684631856
shd,development,comparison:tuned:q8-i6-qrc,train,3,4,0.9174909834241829,0.008429014730449153,0.010069470772919992,0.9169114532604076,0.008613940471910643,0.010327200411877782,0.9185444074204124,0.008315363315979008,0.009631662304738033,0.9174347178612661,0.008464947492369342,0.009718914557645932
shd,development,comparison:tuned:q8-i6-qrc,held,3,4,0.600101306486822,0.010550036735607036,0.08362301163548673,0.5933886399104006,0.008772823919183223,0.07172959923421653,0.6736307511573578,0.0074078471560391065,0.04658774114011193,0.5999239659430834,0.01043697390365117,0.07869825552910521
shd,mapping-screen,mapping:screen:i2:legacy,train,1,4,0.5206677013368989,,0.021403289954498344,0.4974294945371224,,0.022840024620912086,0.5298561550090055,,0.03187700462095086,0.5184551206307839,,0.02105187118165414
shd,mapping-screen,mapping:screen:i2:legacy,held,1,4,0.29907585477856635,,0.06004697712453224,0.27309279914293005,,0.05903941515072156,0.36485883260784324,,0.044221695359281554,0.2980351177795163,,0.05810431197890925
shd,mapping-screen,mapping:screen:i2:orthogonal,train,1,4,0.5142991248376421,,0.022318892234708818,0.48988981011124566,,0.023524447630220977,0.5235602724961737,,0.03247689171201846,0.5118869244220394,,0.022172195028027142
shd,mapping-screen,mapping:screen:i2:orthogonal,held,1,4,0.292502840254083,,0.04774698872488463,0.264819342157599,,0.04686815909621622,0.3563057241579345,,0.03748716808153393,0.29119637338578064,,0.04727425735016997
shd,mapping-screen,mapping:screen:i2:pca,train,1,4,0.5749773504890737,,0.02959480828691358,0.5571178466168589,,0.03166672314297941,0.5849250158261787,,0.03354716249549944,0.5734568332636791,,0.02877069708134911
shd,mapping-screen,mapping:screen:i2:pca,held,1,4,0.36292723022071,,0.0626179518001642,0.33830113513115095,,0.06928659061595949,0.4252476093363227,,0.06016026785862258,0.36394010908507296,,0.07221885186182261
shd,mapping-screen,mapping:screen:i2:pooling,train,1,4,0.6230648940954864,,0.014411565624794632,0.5999197071758064,,0.020822644388784086,0.6312231698309452,,0.023930060923679632,0.6222142024315427,,0.015899332899682404
shd,mapping-screen,mapping:screen:i2:pooling,held,1,4,0.44056622572168624,,0.058175106967144216,0.4090677903681466,,0.06528569033174303,0.45312776642888947,,0.09593587884447673,0.44385925401033227,,0.0614647342590384
shd,mapping-screen,mapping:screen:i4:legacy,train,1,4,0.6626924671267015,,0.0276846026038651,0.6505702615915497,,0.03243289628486153,0.6728842457948323,,0.03211348972287952,0.661138050040827,,0.029262770624981744
shd,mapping-screen,mapping:screen:i4:legacy,held,1,4,0.38238878261838005,,0.05962672144053206,0.35206475149444505,,0.07423582523328552,0.4272089671863659,,0.06307724244288491,0.3797729289680528,,0.06632433977154223
shd,mapping-screen,mapping:screen:i4:orthogonal,train,1,4,0.6644471734214769,,0.02453378316899006,0.6521321923026244,,0.028722675811050376,0.6741573235324734,,0.027015774919778756,0.6628381617912811,,0.026126456885057325
shd,mapping-screen,mapping:screen:i4:orthogonal,held,1,4,0.37514021796244834,,0.06116529263074826,0.3454141504691667,,0.07538221960916953,0.4193466172356214,,0.06314656138136757,0.3734177737966799,,0.06716192831629014
shd,mapping-screen,mapping:screen:i4:pca,train,1,4,0.7736566774985735,,0.025925943497350317,0.7705218078744114,,0.02780768028445733,0.7827906671652269,,0.026141462335863452,0.7729781357929923,,0.027076965069496195
shd,mapping-screen,mapping:screen:i4:pca,held,1,4,0.4648956082762288,,0.08215602575596125,0.44512653546590164,,0.08461014248116215,0.5417326993982136,,0.08328894125171833,0.46459158712977355,,0.08682587351564863
shd,mapping-screen,mapping:screen:i4:pooling,train,1,4,0.7364133197340239,,0.020870877802009732,0.728297566099355,,0.025234840714102747,0.7442714253742374,,0.020828913502702242,0.7355929984779446,,0.02183816198125117
shd,mapping-screen,mapping:screen:i4:pooling,held,1,4,0.49907857843243864,,0.039989010728592816,0.4722832106692897,,0.04985270435065964,0.5352970283338389,,0.03000924204895541,0.49727766982737953,,0.04494031169133078
shd,development,observations:crc2:all,train,3,4,0.7856024251744714,0.037642037165218974,0.00835132300823394,0.7755281415305274,0.04030303974279403,0.01085180511126225,0.7902119838991032,0.03646165559235003,0.008412182310072106,0.784540045989889,0.03759951024880038,0.00866362575891855
shd,development,observations:crc2:all,held,3,4,0.42639357282455426,0.04018567574655484,0.07912820854034336,0.3904541590663873,0.04050615448755231,0.08600223225244283,0.4576007739716132,0.03359028209471254,0.09514611597288425,0.4226306978286371,0.04011462254162976,0.08907317865053713
shd,development,observations:crc2:products,train,3,4,0.7570004964580489,0.03332893043685888,0.010426112526086039,0.7440255896445054,0.03577279642209299,0.014086710484043466,0.7638526153067628,0.03203695504109842,0.009760062786291717,0.755842409308478,0.03333773403105396,0.011163611335815048
shd,development,observations:crc2:products,held,3,4,0.4263307088269006,0.0431790140292821,0.09011053293853727,0.38795374965999635,0.04338620212032514,0.0948923691120751,0.4559525198859446,0.04560049665975401,0.09012545860029479,0.42224153429584693,0.044296084662447506,0.1001941911135949
shd,development,observations:crc2:width24,train,3,4,0.8339922208224876,0.021003399326164435,0.010023963303606704,0.828077570029242,0.02275726450100286,0.012475777023953555,0.8367491295809613,0.019862604841743493,0.009769359918215457,0.8329520466464831,0.02120184534536781,0.010469691017063484
shd,development,observations:crc2:width24,held,3,4,0.43603161540595853,0.02760123355844204,0.08288446939149814,0.4023214820564851,0.024286028235452606,0.09056998293649768,0.45467762595424527,0.023912344008506867,0.09067769678029824,0.43175221686570125,0.026961258036588432,0.09083590371566928
shd,development,observations:crc4:all,train,3,4,0.8518663215681451,0.0032633816575347715,0.010741280528560644,0.8480794235882896,0.003436837621704613,0.012805030405836963,0.854496249852169,0.0022958366401109958,0.011408106196100573,0.8511567767977742,0.003417949166013032,0.011023365836462226
shd,development,observations:crc4:all,held,3,4,0.48740090340878267,0.04031800782463742,0.050769977746263614,0.45951053506405004,0.042122602498938705,0.059956359796444966,0.5314494093046638,0.03365080037206943,0.056099483659736556,0.4833097273681645,0.04142718766142937,0.05630283782324644
shd,development,observations:crc4:products,train,3,4,0.8699673228575134,0.010130555632105393,0.00998274002522765,0.8669564886375563,0.010494304084494463,0.011581712799691115,0.8718687708233039,0.009350416445835258,0.010683109399412803,0.8693288611237634,0.01027977747353576,0.010225476438766146
shd,development,observations:crc4:products,held,3,4,0.4864898716699144,0.04210122078573314,0.050904457635084506,0.4604646655702429,0.04548989770628494,0.060707496139939844,0.5350833067958954,0.04127200270229994,0.05932988446075839,0.4825911649886974,0.04382834107826441,0.05758022833444572
shd,development,observations:crc4:width24,train,3,4,0.8522963771732597,0.003142423780810778,0.013117238721122738,0.8494275751010082,0.0032671490377001147,0.01479735472467709,0.855832340772213,0.0028222621684185945,0.013349138633105353,0.8517283484379687,0.0032588088077764492,0.013392278855471175
shd,development,observations:crc4:width24,held,3,4,0.4900140798628099,0.02167979649922937,0.062168074910386145,0.4633440753273786,0.023304397003056296,0.07346852374605639,0.536278339373045,0.027677966598298253,0.07925211654288143,0.48637074836375244,0.02294020804054832,0.07013725436911442
shd,development,observations:projection:i2,train,3,4,0.6230648940954864,0.0,0.014411565624794632,0.5999197071758064,0.0,0.020822644388784086,0.6312231698309452,0.0,0.023930060923679632,0.6222142024315427,0.0,0.015899332899682404
shd,development,observations:projection:i2,held,3,4,0.44056622572168624,0.0,0.058175106967144216,0.4090677903681466,0.0,0.06528569033174302,0.45312776642888947,0.0,0.09593587884447674,0.44385925401033227,0.0,0.061464734259038395
shd,development,observations:projection:i4,train,3,4,0.7364133197340239,0.0,0.02087087780200969,0.728297566099355,0.0,0.025234840714102747,0.7442714253742374,0.0,0.020828913502702287,0.7355929984779447,1.3597399555105182e-16,0.02183816198125119
shd,development,observations:projection:i4,held,3,4,0.4990785784324386,6.798699777552591e-17,0.039989010728592816,0.47228321066928974,6.798699777552591e-17,0.049852704350659624,0.5352970283338389,0.0,0.03000924204895541,0.49727766982737953,0.0,0.04494031169133076
shd,development,observations:qrc2:all,train,3,4,0.7913875047939446,0.007859961565383992,0.018724018131697287,0.7848168315364532,0.008610686085554448,0.020901207458651924,0.7960688730230859,0.008326877538837077,0.019326120382268788,0.7901542414289308,0.007833021977175492,0.01943064008841126
shd,development,observations:qrc2:all,held,3,4,0.4431569276603861,0.03754710688558457,0.07258545561757788,0.4079541273781233,0.038783587044387675,0.07202983942309532,0.5063578888588652,0.02309181425393562,0.058304387751122407,0.4408543172173977,0.03785109182843886,0.0769130973089362
shd,development,observations:qrc2:products,train,3,4,0.8067237872454648,0.006100257644657142,0.016446574878400975,0.8012849505274161,0.0068597093372726944,0.018310927575531825,0.8110584800503086,0.00636498176639671,0.01701183043787155,0.8056288366805221,0.006067115230720789,0.017094803548774053
shd,development,observations:qrc2:products,held,3,4,0.44752331967803993,0.04126688938293324,0.0614368509464171,0.4131563611199988,0.041947532415805594,0.06173574596988784,0.5118000483742642,0.01712642447748285,0.044410877884846316,0.4451897728305259,0.041289279331291305,0.0658432240891204
shd,development,observations:qrc2:zz,train,3,4,0.8050191808980062,0.005151692864396628,0.01743449932751213,0.7995729070467844,0.005491300212156468,0.019552295233542207,0.80893830793362,0.004628946134563311,0.01819634141843186,0.803976162130671,0.005153556269970634,0.01809140819951256
shd,development,observations:qrc2:zz,held,3,4,0.4491921126812481,0.039423312355401335,0.06408080134646577,0.41479478322779934,0.040506250543446046,0.06491358692445208,0.5135126446476573,0.023854548543598156,0.05215889118146951,0.44712446551570534,0.0398318430068546,0.06830491730166287
shd,development,observations:qrc4:all,train,3,4,0.8315640238789888,0.004402343576826713,0.01540706442883925,0.8271592199472501,0.004869529981872267,0.017457165052185582,0.8359999379439129,0.0037891996121815876,0.015139566613763472,0.8306935535303164,0.004850213490112661,0.016260667588983493
shd,development,observations:qrc4:all,held,3,4,0.5202491520389652,0.020517646501899293,0.05489601319523976,0.49972225279449844,0.02014341153106375,0.057125269712044575,0.5640720927406235,0.031167009085100138,0.04983848109664806,0.5183445035776938,0.020272242051827163,0.05536354902240046
shd,development,observations:qrc4:products,train,3,4,0.8512538824867907,0.004119552646473362,0.015183675268477543,0.8481897866706722,0.004859569695845881,0.01670759296800952,0.8554244662291369,0.002911668486859516,0.014725298966454024,0.8505293995140563,0.0045522064653158245,0.01581034596890477
shd,development,observations:qrc4:products,held,3,4,0.5280177081671803,0.017996155210875754,0.05278107174071884,0.5091980371680874,0.01721185923567476,0.055054960008483034,0.5744080950778973,0.02495448700010074,0.046243169119701485,0.5263214520287373,0.017975310641248545,0.053370824538133826
shd,development,observations:qrc4:zz,train,3,4,0.8500155711653425,0.005154100200768682,0.015323742361240735,0.8469772733362323,0.005917250820714249,0.016880952981397204,0.8541782533562184,0.003948808107028787,0.014905490527663564,0.8492971518826203,0.005568538479234231,0.01601809703579409
shd,development,observations:qrc4:zz,held,3,4,0.5273711795702095,0.016992432351178272,0.053232072049108355,0.5087330186046954,0.015798617591003927,0.055743610179124055,0.5749223590588046,0.02488162077420862,0.04761836601601886,0.5256611157599277,0.01712563725286724,0.054045528944936375
shd,development,practical:large-crc,train,3,4,0.9905958921316387,0.0005836147027502249,0.0016465875719173786,0.990609340690986,0.000603801119954404,0.001603061373392343,0.9906916698776428,0.0005963228915372196,0.001605888728877516,0.9906051145978862,0.0005968642156493656,0.0015920441628343046
shd,development,practical:large-crc,held,3,4,0.5973390828312647,0.00850253012071107,0.10877646086025512,0.5886386428987126,0.007862886180589746,0.10686084107980397,0.7012070879867788,0.005550263605222642,0.07564764918350657,0.5954777362241662,0.0085264568293853,0.11296105920777418
shd,development,practical:lstm,train,3,4,0.903971137177194,0.01345757229846929,0.016678788108373758,0.9027398010148725,0.013581524393324468,0.017003011728982588,0.9104889913755773,0.012050653683048373,0.015938684415466076,0.9036932302880526,0.013656297282373945,0.018215205217102095
shd,development,practical:lstm,held,3,4,0.6632328714106911,0.008324280401175067,0.07657418291438486,0.6505545626348036,0.009218868981767582,0.07842343628935558,0.6922052449620099,0.01165373084864566,0.057437675770642856,0.6649114557661725,0.006755401929606054,0.0730780620675265
shd,development,practical:transformer,train,3,4,0.9818103468207909,0.004846292850909425,0.005088784263256917,0.9817702843988569,0.0047390102852928,0.005047776784465758,0.9824567462473025,0.004598208369078766,0.004892234596765719,0.981701484178671,0.004785438233168039,0.005005048962547426
shd,development,practical:transformer,held,3,4,0.6409579239545352,0.026915613482757204,0.09169801540472254,0.6295526444343191,0.027579620390204052,0.09210518375423511,0.7075291108625693,0.018305334336518226,0.062392515911329986,0.6387764068870115,0.02724720114000958,0.08936180149754626
shd,development,recurrence:crc:all,train,3,4,0.8756149060480812,0.0036182417541485478,0.010453728957484833,0.8743896733862027,0.0036867466660313363,0.0110129364920009,0.8771674578113653,0.003974552688582539,0.01011739835484434,0.8752062291069501,0.00346953371104554,0.010455352072474264
shd,development,recurrence:crc:all,held,3,4,0.5479761407792004,0.0028447768652687,0.04016014106890304,0.5383205397589103,0.005145417682121468,0.04208295093170365,0.6041902506863699,0.013670147729458964,0.035990207496813566,0.54903612615331,0.002623018935964777,0.040476831979647014
shd,development,recurrence:crc:partial,train,3,4,0.9102903992465151,0.0018667179710014953,0.007157222785446894,0.9092653696274388,0.0018687184842407355,0.00757023491255339,0.9110795453506609,0.0021069523855117684,0.0072662797770263,0.9099489438658356,0.0017593745398654615,0.006859876727678858
shd,development,recurrence:crc:partial,held,3,4,0.5515896506368779,0.005960471434181569,0.04129608717060353,0.5356430001825422,0.002972496180731921,0.04780322673818993,0.6159252324921015,0.007572559263516443,0.04568886539422765,0.5480789557394778,0.005115245173693466,0.04691829347808887
shd,development,recurrence:qrc:all,train,3,4,0.8395099146771458,0.011943311705718638,0.010881391537590272,0.8369544399168555,0.012618453095308414,0.012738690794576868,0.842901672141628,0.011841420054313916,0.010525113237625616,0.8390262154410034,0.011941357644245964,0.011343123407317586
shd,development,recurrence:qrc:all,held,3,4,0.5202999086364475,0.013178015530905834,0.04763238511415015,0.5059694259253894,0.013712115157184535,0.05136109687824505,0.587963725722372,0.009027732061556767,0.03879551767027912,0.5211566644186588,0.01306577259542646,0.04952197902530236
shd,development,recurrence:qrc:partial,train,3,4,0.8659204936592865,0.005751471585388989,0.009229397476153717,0.8639151703782127,0.005802765969861464,0.01043104473558451,0.8702265985700514,0.005721825511506674,0.008606201271853397,0.8654160119776467,0.005843078160482352,0.009673350236418271
shd,development,recurrence:qrc:partial,held,3,4,0.549130025328609,0.01605032034954936,0.038596239334077215,0.529681133964545,0.01582608656248909,0.0499533401874912,0.6090952483756352,0.006592729349417658,0.03421388713237237,0.5461795851345633,0.017052312890884172,0.04520719752856096
shd,mapping-development,mapping-paired:i2:legacy:crc,train,3,4,0.6799966714315872,0.036580223157829925,0.017419407178411877,0.6626774428789912,0.0382515649478559,0.019376705516999104,0.6905563649369367,0.033653886406399616,0.018136564388256355,0.6784549904346516,0.03666096329669606,0.017525561012298185
shd,mapping-development,mapping-paired:i2:legacy:crc,held,3,4,0.2804222369232788,0.024291556508052484,0.05519832691754392,0.24075356013515825,0.029546440275156825,0.058038092507121636,0.34204198881349573,0.049236087820036974,0.05615000320900396,0.2764083354310978,0.024473641205977104,0.055873810733564934
shd,mapping-development,mapping-paired:i2:legacy:projection,train,3,4,0.5206677013368989,0.0,0.021403289954498365,0.49742949453712243,6.798699777552591e-17,0.022840024620912093,0.5298561550090055,0.0,0.03187700462095086,0.5184551206307839,0.0,0.02105187118165414
shd,mapping-development,mapping-paired:i2:legacy:projection,held,3,4,0.29907585477856635,0.0,0.06004697712453227,0.27309279914293005,0.0,0.05903941515072153,0.36485883260784324,0.0,0.04422169535928157,0.2980351177795163,0.0,0.05810431197890928
shd,mapping-development,mapping-paired:i2:legacy:qrc,train,3,4,0.7294712678724894,0.015276374804555825,0.012268322911536062,0.7197417716389808,0.015976039827790615,0.014225403946772592,0.7357604057648505,0.014652839517714612,0.014197347438685592,0.7282007510300684,0.01559342917193676,0.01250889190387484
shd,mapping-development,mapping-paired:i2:legacy:qrc,held,3,4,0.30368216341042853,0.023350939236798235,0.07358904840118655,0.27699657005476724,0.025895564334004743,0.08160468799411302,0.3701799185950094,0.02594810395766156,0.08836245463616738,0.3016928487472003,0.024124862259579664,0.07056665507606558
shd,mapping-development,mapping-paired:i2:pooling:crc,train,3,4,0.7856024251744714,0.037642037165218974,0.00835132300823394,0.7755281415305274,0.04030303974279403,0.01085180511126225,0.7902119838991032,0.03646165559235003,0.008412182310072106,0.784540045989889,0.03759951024880038,0.00866362575891855
shd,mapping-development,mapping-paired:i2:pooling:crc,held,3,4,0.42639357282455426,0.04018567574655484,0.07912820854034336,0.3904541590663873,0.04050615448755231,0.08600223225244283,0.4576007739716132,0.03359028209471254,0.09514611597288425,0.4226306978286371,0.04011462254162976,0.08907317865053713
shd,mapping-development,mapping-paired:i2:pooling:projection,train,3,4,0.6230648940954864,0.0,0.014411565624794632,0.5999197071758064,0.0,0.020822644388784086,0.6312231698309452,0.0,0.023930060923679632,0.6222142024315427,0.0,0.015899332899682404
shd,mapping-development,mapping-paired:i2:pooling:projection,held,3,4,0.44056622572168624,0.0,0.058175106967144216,0.4090677903681466,0.0,0.06528569033174302,0.45312776642888947,0.0,0.09593587884447674,0.44385925401033227,0.0,0.061464734259038395
shd,mapping-development,mapping-paired:i2:pooling:qrc,train,3,4,0.7913875047939446,0.007859961565383992,0.018724018131697287,0.7848168315364532,0.008610686085554448,0.020901207458651924,0.7960688730230859,0.008326877538837077,0.019326120382268788,0.7901542414289308,0.007833021977175492,0.01943064008841126
shd,mapping-development,mapping-paired:i2:pooling:qrc,held,3,4,0.4431569276603861,0.03754710688558457,0.07258545561757788,0.4079541273781233,0.038783587044387675,0.07202983942309532,0.5063578888588652,0.02309181425393562,0.058304387751122407,0.4408543172173977,0.03785109182843886,0.0769130973089362
shd,mapping-development,mapping-paired:i4:legacy:crc,train,3,4,0.8264818860829782,0.011320463092280414,0.010371230854260144,0.8213155192099282,0.011814259785634874,0.011629397640072824,0.8284052229999362,0.011059767254790761,0.012029875255631742,0.8255653131810087,0.011141132050185569,0.010888012359417852
shd,mapping-development,mapping-paired:i4:legacy:crc,held,3,4,0.36390571502693203,0.016881201304134296,0.06444084250882309,0.3266245670089736,0.023538997768863538,0.07671307282271743,0.41066308447004407,0.030052129793060673,0.06248674712820859,0.3569420632051313,0.017283574368832304,0.07511132293847098
shd,mapping-development,mapping-paired:i4:legacy:projection,train,3,4,0.6626924671267015,0.0,0.0276846026038651,0.6505702615915497,0.0,0.032432896284861484,0.6728842457948323,0.0,0.03211348972287952,0.661138050040827,0.0,0.029262770624981744
shd,mapping-development,mapping-paired:i4:legacy:projection,held,3,4,0.38238878261838005,0.0,0.059626721440532056,0.35206475149444505,0.0,0.07423582523328555,0.4272089671863659,0.0,0.06307724244288489,0.37977292896805287,6.798699777552591e-17,0.06632433977154226
shd,mapping-development,mapping-paired:i4:legacy:qrc,train,3,4,0.7937005651058464,0.007594741863528063,0.01910230958493927,0.787011290688512,0.00809514653963489,0.021131401067186677,0.7989328167900419,0.0068976336545057025,0.021028173247738022,0.7926709608974996,0.007639472890840389,0.01975890102195844
shd,mapping-development,mapping-paired:i4:legacy:qrc,held,3,4,0.41105729195777946,0.008774512973134892,0.05804030557920435,0.378098347879434,0.00837469470304461,0.07076668725274704,0.48676356778443414,0.01712216939995962,0.0702796312078298,0.40616469298595154,0.007890604181788774,0.06494299669839707
shd,mapping-development,mapping-paired:i4:pooling:crc,train,3,4,0.8518663215681451,0.0032633816575347715,0.010741280528560644,0.8480794235882896,0.003436837621704613,0.012805030405836963,0.854496249852169,0.0022958366401109958,0.011408106196100573,0.8511567767977742,0.003417949166013032,0.011023365836462226
shd,mapping-development,mapping-paired:i4:pooling:crc,held,3,4,0.48740090340878267,0.04031800782463742,0.050769977746263614,0.45951053506405004,0.042122602498938705,0.059956359796444966,0.5314494093046638,0.03365080037206943,0.056099483659736556,0.4833097273681645,0.04142718766142937,0.05630283782324644
shd,mapping-development,mapping-paired:i4:pooling:projection,train,3,4,0.7364133197340239,0.0,0.02087087780200969,0.728297566099355,0.0,0.025234840714102747,0.7442714253742374,0.0,0.020828913502702287,0.7355929984779447,1.3597399555105182e-16,0.02183816198125119
shd,mapping-development,mapping-paired:i4:pooling:projection,held,3,4,0.4990785784324386,6.798699777552591e-17,0.039989010728592816,0.47228321066928974,6.798699777552591e-17,0.049852704350659624,0.5352970283338389,0.0,0.03000924204895541,0.49727766982737953,0.0,0.04494031169133076
shd,mapping-development,mapping-paired:i4:pooling:qrc,train,3,4,0.8315640238789888,0.004402343576826713,0.01540706442883925,0.8271592199472501,0.004869529981872267,0.017457165052185582,0.8359999379439129,0.0037891996121815876,0.015139566613763472,0.8306935535303164,0.004850213490112661,0.016260667588983493
shd,mapping-development,mapping-paired:i4:pooling:qrc,held,3,4,0.5202491520389652,0.020517646501899293,0.05489601319523976,0.49972225279449844,0.02014341153106375,0.057125269712044575,0.5640720927406235,0.031167009085100138,0.04983848109664806,0.5183445035776938,0.020272242051827163,0.05536354902240046
shd,mapping-robustness,mapping-robustness:i2:legacy:crc:p42,train,1,4,0.6996630400145152,,0.018673917534952626,0.6835918360936848,,0.021608692273749258,0.7058538851658627,,0.018463025307431224,0.6982961752108964,,0.01873019851287506
shd,mapping-robustness,mapping-robustness:i2:legacy:crc:p42,held,1,4,0.2687471161392945,,0.05283236285693087,0.22805911615057003,,0.05696676930752082,0.3037409628695238,,0.07617130078552686,0.26522032298465326,,0.05574173163930932
shd,mapping-robustness,mapping-robustness:i2:legacy:crc:p44,train,1,4,0.7026695479666782,,0.01803446440847569,0.6921497265179654,,0.019548984326686582,0.7105616792365251,,0.017680209347250463,0.7015717677052353,,0.018554980081851902
shd,mapping-robustness,mapping-robustness:i2:legacy:crc:p44,held,1,4,0.31702043164296423,,0.07853217236473657,0.27110170445413656,,0.097393308290733,0.3203582659916886,,0.09759515911571096,0.3108603314986558,,0.08289135251198629
shd,mapping-robustness,mapping-robustness:i2:legacy:crc:p46,train,1,4,0.7477601556179632,,0.02192181184176693,0.7380114107009197,,0.025046232112044934,0.7523724633398935,,0.020784148193838264,0.7470194312516193,,0.02264860074535546
shd,mapping-robustness,mapping-robustness:i2:legacy:crc:p46,held,1,4,0.33111277578155907,,0.034616060280923705,0.2867539292632124,,0.05266363083486708,0.37856854191638545,,0.0277816256293011,0.32031697874742093,,0.045176995764886374
shd,mapping-robustness,mapping-robustness:i2:legacy:projection:p42,train,1,4,0.5206677013368989,,0.021403289954498344,0.4974294945371224,,0.022840024620912086,0.5298561550090055,,0.03187700462095086,0.5184551206307839,,0.02105187118165414
shd,mapping-robustness,mapping-robustness:i2:legacy:projection:p42,held,1,4,0.29907585477856635,,0.06004697712453224,0.27309279914293005,,0.05903941515072156,0.36485883260784324,,0.044221695359281554,0.2980351177795163,,0.05810431197890925
shd,mapping-robustness,mapping-robustness:i2:legacy:projection:p44,train,1,4,0.5415940991294084,,0.026360151191077357,0.5136685406082364,,0.026615569333166934,0.551822247893686,,0.03468422943430629,0.5394059246717132,,0.02609643353072497
shd,mapping-robustness,mapping-robustness:i2:legacy:projection:p44,held,1,4,0.32452351633750065,,0.060393720659986654,0.28694123326143195,,0.06292732169273133,0.3495504690356184,,0.08611400614134217,0.322700062954504,,0.06528622844521144
shd,mapping-robustness,mapping-robustness:i2:legacy:projection:p46,train,1,4,0.5673725950803652,,0.016081424070601567,0.5435213394199381,,0.02269146068918799,0.5622344333329068,,0.021636459691131597,0.5656065920034284,,0.017469716203420336
shd,mapping-robustness,mapping-robustness:i2:legacy:projection:p46,held,1,4,0.3403477366459061,,0.057332629565665344,0.3018303773794374,,0.06077700660901808,0.3557858193055258,,0.030900246309445913,0.34047833665556904,,0.06867441817458718
shd,mapping-robustness,mapping-robustness:i2:legacy:qrc:p42,train,1,4,0.7463683445220951,,0.01489275010655717,0.737379161103183,,0.017216255028312335,0.750814755666281,,0.01556017041243248,0.7455189378704314,,0.014941065696411538
shd,mapping-robustness,mapping-robustness:i2:legacy:qrc:p42,held,1,4,0.3044260159286233,,0.06636394021515125,0.27658011958202783,,0.08053223802856552,0.3653254391471512,,0.09287785203902667,0.30257928049491645,,0.06462798663238226
shd,mapping-robustness,mapping-robustness:i2:legacy:qrc:p44,train,1,4,0.7238669453322542,,0.02636022655592139,0.7146502632455081,,0.028088782662252704,0.7419767539522549,,0.027429527894561035,0.7227231037198081,,0.02664032742174974
shd,mapping-robustness,mapping-robustness:i2:legacy:qrc:p44,held,1,4,0.35441359098291547,,0.0841025230477556,0.31535662853485025,,0.10907629403546462,0.39317296453238304,,0.10305458339142988,0.3510778577924949,,0.08656623485254562
shd,mapping-robustness,mapping-robustness:i2:legacy:qrc:p46,train,1,4,0.7282745805774195,,0.02060061980626345,0.7181954280455547,,0.024991211218611007,0.736074923237728,,0.020226296750633456,0.7276795266381735,,0.02134804403395868
shd,mapping-robustness,mapping-robustness:i2:legacy:qrc:p46,held,1,4,0.35002960266513344,,0.05218256967103699,0.31113578159330113,,0.06304356756119456,0.40971520246629145,,0.032807698762186616,0.34423979523531734,,0.061507076798444575
shd,mapping-robustness,mapping-robustness:i4:legacy:crc:p42,train,1,4,0.8411768942387774,,0.008888508201019333,0.8366198350659626,,0.00916057889591557,0.8425816538208888,,0.00945010054804488,0.8402699972470715,,0.009104449840424357
shd,mapping-robustness,mapping-robustness:i4:legacy:crc:p42,held,1,4,0.36554733465920225,,0.06348205843114058,0.3286500667621602,,0.0731766393929229,0.3980203529457784,,0.0705886789483896,0.35805272415929923,,0.07421584847589316
shd,mapping-robustness,mapping-robustness:i4:legacy:crc:p44,train,1,4,0.7767141233277917,,0.012547249757404559,0.7712423056748506,,0.014139145689839852,0.7804716864824399,,0.013603489548983614,0.7760643540623642,,0.013026576133094648
shd,mapping-robustness,mapping-robustness:i4:legacy:crc:p44,held,1,4,0.36195321814310294,,0.07601506173088318,0.33428607399629473,,0.09437962663397483,0.41866934572673636,,0.07927373896853163,0.35618419786286365,,0.08616287099643367
shd,mapping-robustness,mapping-robustness:i4:legacy:crc:p46,train,1,4,0.8614601535661061,,0.00992132746227814,0.8599124261318593,,0.009983218621210623,0.8629506382632826,,0.009558476881078614,0.8614584517247008,,0.009467456846058757
shd,mapping-robustness,mapping-robustness:i4:legacy:crc:p46,held,1,4,0.3785813034336202,,0.061853344570668746,0.3508887031074164,,0.06930350451321575,0.4519469403399065,,0.059098522372654894,0.3750620871329399,,0.06339289777468421
shd,mapping-robustness,mapping-robustness:i4:legacy:projection:p42,train,1,4,0.6626924671267015,,0.0276846026038651,0.6505702615915497,,0.03243289628486153,0.6728842457948323,,0.03211348972287952,0.661138050040827,,0.029262770624981744
shd,mapping-robustness,mapping-robustness:i4:legacy:projection:p42,held,1,4,0.38238878261838005,,0.05962672144053206,0.35206475149444505,,0.07423582523328552,0.4272089671863659,,0.06307724244288491,0.3797729289680528,,0.06632433977154223
shd,mapping-robustness,mapping-robustness:i4:legacy:projection:p44,train,1,4,0.6987418529936209,,0.02114972709058898,0.6909105037026185,,0.023834454218361306,0.709717733960494,,0.02422847667139903,0.6980361563851292,,0.02163650195192639
shd,mapping-robustness,mapping-robustness:i4:legacy:projection:p44,held,1,4,0.3665209019009471,,0.04766134585555632,0.34261047757205587,,0.06022004060268591,0.41847075671450434,,0.048965914454116674,0.36525659792258147,,0.05237503870798743
shd,mapping-robustness,mapping-robustness:i4:legacy:projection:p46,train,1,4,0.7378952608373655,,0.006416936111782591,0.7320026070633856,,0.00717070755620568,0.7401714731888485,,0.006931349224386615,0.7375285743189635,,0.006999932372709929
shd,mapping-robustness,mapping-robustness:i4:legacy:projection:p46,held,1,4,0.47387231376542027,,0.05568296233284985,0.45338241562768766,,0.04977046207815245,0.5361834594751118,,0.04598125007709118,0.4762891625584562,,0.05254432409448199
shd,mapping-robustness,mapping-robustness:i4:legacy:qrc:p42,train,1,4,0.7210149955919449,,0.014414032335022395,0.7073547922079406,,0.015673933590681862,0.7344423624318669,,0.01844527758382495,0.7195927364851149,,0.01456764384666277
shd,mapping-robustness,mapping-robustness:i4:legacy:qrc:p42,held,1,4,0.4043556468526785,,0.04738122953694704,0.37035907234703697,,0.0568882857764271,0.4868835098987397,,0.046104441070635244,0.40101858580745325,,0.05054458705016423
shd,mapping-robustness,mapping-robustness:i4:legacy:qrc:p44,train,1,4,0.7489564955384732,,0.02482821101361912,0.7420086132899979,,0.027255009307931767,0.763832330973904,,0.02662739575948825,0.7480870627697407,,0.025271082763890153
shd,mapping-robustness,mapping-robustness:i4:legacy:qrc:p44,held,1,4,0.42702178329203616,,0.0445115923121779,0.41009070224815336,,0.0589255313353311,0.5288169313032289,,0.046860499667335284,0.42271080743023326,,0.05152407791580457
shd,mapping-robustness,mapping-robustness:i4:legacy:qrc:p46,train,1,4,0.7997545805110682,,0.013178774916149643,0.7968799307252054,,0.014058052926562963,0.8034871019213222,,0.013768371049527616,0.7995317897182957,,0.013356565705772865
shd,mapping-robustness,mapping-robustness:i4:legacy:qrc:p46,held,1,4,0.48522062673396515,,0.0712007432487475,0.4655907116904876,,0.0654146452988383,0.5710107999745788,,0.046705513343086605,0.4856569430097698,,0.06852994223911188
shd,learning-development,comparison:tuned:q6-i2-qrc:n=600,train,3,4,0.9748611111111112,0.0062546279162209225,0.004116987791743607,0.9748632823304723,0.0061739508976228425,0.003878289700930452,0.9759426099370332,0.005866443058243252,0.0036498087171070487,0.9748146720818903,0.006125136843591234,0.003925558801265582
shd,learning-development,comparison:tuned:q6-i2-qrc:n=600,held,3,4,0.4069750711346498,0.019811326233732326,0.041086611907135306,0.38339086947916573,0.025332079432771607,0.05279810915058002,0.4421752940655091,0.01619118422549002,0.06433655242350073,0.402894701360045,0.021702794524372654,0.0513647114981691
shd,learning-development,comparison:tuned:q6-i2-crc:n=600,train,3,4,0.9595833333333333,0.008730136183232123,0.005938210646231125,0.9592022920192216,0.008862257483104097,0.005976971767449134,0.961066653481014,0.008400458102911004,0.005876687014773563,0.9594055556449911,0.008832040360830818,0.00614470074665494
shd,learning-development,comparison:tuned:q6-i2-crc:n=600,held,3,4,0.45675545567719245,0.012125579095055534,0.04296538549447735,0.4380438797496225,0.012396628550150312,0.053884141093613204,0.49231934887441803,0.01984591594342864,0.06000846958897896,0.4547527887942151,0.01081616785948668,0.05226420701046931
shd,learning-development,comparison:tuned:q6-i4-qrc:n=600,train,3,4,0.961388888888889,0.005142641272659388,0.005957669608202037,0.9613953927887807,0.005346805079991261,0.005867554265291252,0.963241130307602,0.005239618957348654,0.005443492430372125,0.9611256342976483,0.005430376512414719,0.006109868673922558
shd,learning-development,comparison:tuned:q6-i4-qrc:n=600,held,3,4,0.4855216256603226,0.019232740093119177,0.027644202288011607,0.4672765703724886,0.018875779251317764,0.041836967028009986,0.5302234929322063,0.013213511570908047,0.041026869053175596,0.48220317534358986,0.02025156087636549,0.035267877961664466
shd,learning-development,comparison:tuned:q6-i4-crc:n=600,train,3,4,0.9920833333333333,0.0040181878170803525,0.0027731442836799974,0.9920235420764274,0.003984926254889072,0.00280807603279185,0.9922888051021673,0.003988729982302073,0.0028077597777346384,0.9920060337013781,0.003920778198608705,0.002734769044543682
shd,learning-development,comparison:tuned:q6-i4-crc:n=600,held,3,4,0.45801891010781065,0.009415555090246339,0.02677680769198939,0.44791050015071976,0.009117602297621144,0.03299269098744916,0.5071526152680214,0.010378331309527927,0.04105626224579037,0.45574206554105817,0.009422999361520357,0.03039653336324383
shd,learning-development,comparison:projection:i2:n=600,train,3,4,0.6758333333333333,0.0,0.007391185942027796,0.6589705162160369,0.0,0.009109705478766503,0.6855910148583569,0.0,0.012834401254986928,0.6765088976856853,1.3597399555105182e-16,0.007173820816597832
shd,learning-development,comparison:projection:i2:n=600,held,3,4,0.4282700869317628,6.798699777552591e-17,0.04603558879140538,0.39518629782093595,0.0,0.05197222889122397,0.436211065865676,6.798699777552591e-17,0.04641217979226268,0.43050780176248976,0.0,0.05304097195366271
shd,learning-development,comparison:projection:i4:n=600,train,3,4,0.8112499999999999,1.3597399555105182e-16,0.002846375212766556,0.8082828743490946,0.0,0.004328981732349622,0.8184625455516811,1.3597399555105182e-16,0.003834914214063748,0.811610142719673,1.3597399555105182e-16,0.0031331570038197003
shd,learning-development,comparison:projection:i4:n=600,held,3,4,0.467275585414481,0.0,0.03258382065091005,0.4385789404669336,0.0,0.04234995321574235,0.49799842928746196,0.0,0.04451493114246409,0.46588689721290377,0.0,0.03666118633529187
shd,learning-development,practical:large-crc:n=600,train,3,4,1.0,0.0,0.0,1.0,0.0,0.0,1.0,0.0,0.0,1.0,0.0,0.0
shd,learning-development,practical:large-crc:n=600,held,3,4,0.5112133012865917,0.006399494690938336,0.1059536569580378,0.5075441405255304,0.0044816918592824944,0.10400467823683145,0.6280611153561445,0.010521382944521604,0.08984035649214045,0.5106956289966925,0.006965187927384894,0.10869784875733728
shd,learning-development,practical:lstm:n=600,train,3,4,0.6691666666666666,0.1023482955945585,0.07624211488609507,0.6503504006001127,0.12005787391891773,0.08469299328011096,0.6964708983093651,0.09869884276225833,0.0815579044068846,0.6675053371227753,0.10413610417355718,0.07570420386510548
shd,learning-development,practical:lstm:n=600,held,3,4,0.4824467598648307,0.06757861030638267,0.09194396778816848,0.4521022658099627,0.08301007435495336,0.10227755507161965,0.5113497902199654,0.07740969386596218,0.08416076736291567,0.49204603208892345,0.06469795957289103,0.08773217000147801
shd,learning-development,practical:transformer:n=600,train,3,4,0.9019444444444445,0.11118782074256821,0.08429384719478114,0.8960921468056188,0.12135081899291023,0.09498532600664226,0.9056632084424434,0.11022587584406349,0.08675765191357507,0.9004147127833458,0.11318947819636474,0.08654722547088142
shd,learning-development,practical:transformer:n=600,held,3,4,0.5224342427109114,0.0717884104311146,0.08802757872516442,0.49459139763670673,0.08315568900298238,0.0943113105989477,0.5917134689683475,0.08513249820616665,0.07211314501524427,0.5185843876902799,0.06962804442753155,0.08954144541921115
shd,learning-development,comparison:tuned:q6-i2-qrc:n=2000,train,3,4,0.8938333333333334,0.009375277773662696,0.008627046187770515,0.8921572796991901,0.010148120455797814,0.009340853925222218,0.8961257154652741,0.00944722288029289,0.008582004865599735,0.8931987435550709,0.009476312355076216,0.009186027723506345
shd,learning-development,comparison:tuned:q6-i2-qrc:n=2000,held,3,4,0.4572852548830433,0.03651211181508366,0.04604855778605605,0.4320501346019751,0.04283820432787283,0.05710736379956763,0.5010571963966849,0.029136076624224468,0.05749772872367798,0.45297206567358267,0.0384130098925195,0.05503568047366436
shd,learning-development,comparison:tuned:q6-i2-crc:n=2000,train,3,4,0.8880833333333333,0.006796521782009796,0.01133210777687306,0.8859519696122793,0.007067870892193881,0.011952534757418597,0.8895621806366901,0.006609711091341732,0.011905085732813668,0.8874399198029576,0.006786876758423284,0.011811338951813173
shd,learning-development,comparison:tuned:q6-i2-crc:n=2000,held,3,4,0.5057820191477851,0.012400085396197127,0.04595621862859418,0.48222879690374204,0.015320283945967265,0.05223002789044486,0.5372869154880228,0.016795403218066766,0.049379485592398464,0.5037830743854421,0.01137628378756956,0.0548974741928494
shd,learning-development,comparison:tuned:q6-i4-qrc:n=2000,train,3,4,0.8911250000000001,0.003139964171770141,0.009321793461203418,0.8902892930540917,0.003167121717721788,0.009933376838706463,0.8945007161859561,0.003442081229353513,0.008517557526546465,0.8908079859992067,0.003257281996998686,0.00978508023142193
shd,learning-development,comparison:tuned:q6-i4-qrc:n=2000,held,3,4,0.5360420985004405,0.012898247723307233,0.041756604896751405,0.5182541226298656,0.011056467475726747,0.050193162405440105,0.5950621502791743,0.006192849939902576,0.03486411901345748,0.5336711817183635,0.013978879845689301,0.045831986500453434
shd,learning-development,comparison:tuned:q6-i4-crc:n=2000,train,3,4,0.937625,0.004130677910464565,0.006995203383059725,0.9372518902818442,0.004198700850848828,0.007132117973947928,0.9384345611396679,0.0042355673369935,0.006935023558949631,0.9374079548942041,0.0040403098226650365,0.006924645303033126
shd,learning-development,comparison:tuned:q6-i4-crc:n=2000,held,3,4,0.5282510320135856,0.010085239595297002,0.04020455563195923,0.5135176349474674,0.008432203608369656,0.04507738911013674,0.5909414428963383,0.0019083485218051438,0.04772191638786227,0.5259110452518678,0.009549336109867995,0.04156070958064135
shd,learning-development,comparison:projection:i2:n=2000,train,3,4,0.63675,0.0,0.015408331079862825,0.6169703507877691,0.0,0.019473484070933005,0.6463926837378348,0.0,0.02373594944402079,0.6358926242657152,0.0,0.01774123580388408
shd,learning-development,comparison:projection:i2:n=2000,held,3,4,0.441985011430224,6.798699777552591e-17,0.05674467664208257,0.4107690562543396,0.0,0.0647971432585049,0.48193501579995085,0.0,0.07131732626152923,0.4446053343960268,0.0,0.060341981957262786
shd,learning-development,comparison:projection:i4:n=2000,train,3,4,0.75475,0.0,0.018594353981787066,0.748470516230768,1.3597399555105182e-16,0.021593940400109094,0.7630001254443076,1.3597399555105182e-16,0.015856324941494762,0.7538558849432743,1.3597399555105182e-16,0.019810483280304676
shd,learning-development,comparison:projection:i4:n=2000,held,3,4,0.49242913506503844,6.798699777552591e-17,0.05032556052723023,0.4650402987385684,6.798699777552591e-17,0.055580719394557734,0.5242558041605879,0.0,0.040758690870849074,0.4907183964143506,0.0,0.051689743005180006
shd,learning-development,practical:large-crc:n=2000,train,3,4,0.9983749999999999,0.0005728219618695622,0.0006988747569672223,0.9983641154872567,0.000567376508223998,0.0007354534052471602,0.9983818935366201,0.0005528937602705546,0.0007090577326730846,0.9983668602069434,0.0005721099955896395,0.0007524846440292558
shd,learning-development,practical:large-crc:n=2000,held,3,4,0.571734845633553,0.004571558024545527,0.11239106671836516,0.5652307953987166,0.005422138803131662,0.10904469261265728,0.6804441396018809,0.008801860560119274,0.07757777336098878,0.5709940504390066,0.00404202106444329,0.11395719743804433
shd,learning-development,practical:lstm:n=2000,train,3,4,0.8618750000000001,0.028366738885532795,0.03458681374722433,0.8599342404689417,0.028924311849042577,0.03708772423031143,0.8726641014573132,0.024778686957369955,0.031249126054893515,0.86174921369722,0.028917440514544403,0.034842617601505095
shd,learning-development,practical:lstm:n=2000,held,3,4,0.6090858321062428,0.019753084517472184,0.08108980374111051,0.5962888481888111,0.019970971085303758,0.08457672283955205,0.6470363722092444,0.021008846763161882,0.06195145105046908,0.6146344627349803,0.01866252591979093,0.07924373058059324
shd,learning-development,practical:transformer:n=2000,train,3,4,0.9785,0.011491165084533373,0.004132078662619318,0.9784433479383496,0.011427326550585688,0.00397888023909345,0.9798168985911099,0.010156294271544845,0.0030258058220255573,0.9783541614286282,0.01156151222809664,0.004302334450339287
shd,learning-development,practical:transformer:n=2000,held,3,4,0.6026216390812179,0.04702238457430267,0.0910559979800338,0.5821029875134421,0.053679286118589124,0.09445600465340073,0.6593416902519232,0.0506155552873556,0.07294372423206366,0.5976352708674082,0.04751148678797695,0.09026312473583571
shd,learning-development,comparison:tuned:q6-i2-qrc:n=full,train,3,4,0.863081965890495,0.009132527863053316,0.008333286431204057,0.8598307097199985,0.01012520735017304,0.009655798970970655,0.8661992466487874,0.009196409351441226,0.008503552661403214,0.8623359710641662,0.009316250510613935,0.008585081123636833
shd,learning-development,comparison:tuned:q6-i2-qrc:n=full,held,3,4,0.4773262802096842,0.03659511194765263,0.0588983130171556,0.44972044790407134,0.04216446457842894,0.07090343782841718,0.5215433512592407,0.032424457203454125,0.07034208953090987,0.4725884133370433,0.03885989439538389,0.06945691532148864
shd,learning-development,comparison:tuned:q6-i2-crc:n=full,train,3,4,0.86207289572818,0.006521792562198054,0.009975513414650472,0.8582423816720287,0.0071805483183151235,0.011277756654941528,0.863685345934578,0.006485524078011197,0.01037061821154924,0.8614083474794727,0.006677887435772206,0.0102337484957194
shd,learning-development,comparison:tuned:q6-i2-crc:n=full,held,3,4,0.5208562861610324,0.012124256735546917,0.05834763904375044,0.4942934660624938,0.014952522704042424,0.06639127631527335,0.5533252392077006,0.017411523391688333,0.05892375010688067,0.5176104939533354,0.010590507183785207,0.0680946480981687
shd,learning-development,comparison:tuned:q6-i4-qrc:n=full,train,3,4,0.8659204936592865,0.005751471585388989,0.009229397476153717,0.8639151703782127,0.005802765969861464,0.01043104473558451,0.8702265985700514,0.005721825511506674,0.008606201271853397,0.8654160119776467,0.005843078160482352,0.009673350236418271
shd,learning-development,comparison:tuned:q6-i4-qrc:n=full,held,3,4,0.549130025328609,0.01605032034954936,0.038596239334077215,0.529681133964545,0.01582608656248909,0.0499533401874912,0.6090952483756352,0.006592729349417658,0.03421388713237237,0.5461795851345633,0.017052312890884172,0.04520719752856096
shd,learning-development,comparison:tuned:q6-i4-crc:n=full,train,3,4,0.9102903992465151,0.0018667179710014953,0.007157222785446894,0.9092653696274388,0.0018687184842407355,0.00757023491255339,0.9110795453506609,0.0021069523855117684,0.0072662797770263,0.9099489438658356,0.0017593745398654615,0.006859876727678858
shd,learning-development,comparison:tuned:q6-i4-crc:n=full,held,3,4,0.5515896506368779,0.005960471434181569,0.04129608717060353,0.5356430001825422,0.002972496180731921,0.04780322673818993,0.6159252324921015,0.007572559263516443,0.04568886539422765,0.5480789557394778,0.005115245173693466,0.04691829347808887
shd,learning-development,comparison:projection:i2:n=full,train,3,4,0.6228066097847935,0.0,0.013958461855415006,0.5996084549553464,0.0,0.020212489840339114,0.6304607886611764,0.0,0.023633496209396088,0.6219734614064849,0.0,0.01553790245065376
shd,learning-development,comparison:projection:i2:n=full,held,3,4,0.4403845558530615,6.798699777552591e-17,0.05931909106171306,0.4091164385688287,6.798699777552591e-17,0.06677414163009511,0.4530334304125054,0.0,0.09753119219922574,0.4436167244816816,6.798699777552591e-17,0.06286070664181065
shd,learning-development,comparison:projection:i4:n=full,train,3,4,0.736726630444045,0.0,0.020584029094958902,0.7286766936719301,1.3597399555105182e-16,0.02500669074330741,0.7445781880051913,0.0,0.021045375389952835,0.7359062024822682,0.0,0.021570450573598115
shd,learning-development,comparison:projection:i4:n=full,held,3,4,0.49991446635504216,0.0,0.04072491105018051,0.4730554411582182,0.0,0.05006559081363587,0.5357466251035956,0.0,0.029450139786650013,0.49808791822088994,0.0,0.04574140007678785
shd,learning-development,practical:large-crc:n=full,train,3,4,0.9905958921316387,0.0005836147027502249,0.0016465875719173786,0.990609340690986,0.000603801119954404,0.001603061373392343,0.9906916698776428,0.0005963228915372196,0.001605888728877516,0.9906051145978862,0.0005968642156493656,0.0015920441628343046
shd,learning-development,practical:large-crc:n=full,held,3,4,0.5973390828312647,0.00850253012071107,0.10877646086025512,0.5886386428987126,0.007862886180589746,0.10686084107980397,0.7012070879867788,0.005550263605222642,0.07564764918350657,0.5954777362241662,0.0085264568293853,0.11296105920777418
shd,learning-development,practical:lstm:n=full,train,3,4,0.903971137177194,0.01345757229846929,0.016678788108373758,0.9027398010148725,0.013581524393324468,0.017003011728982588,0.9104889913755773,0.012050653683048373,0.015938684415466076,0.9036932302880526,0.013656297282373945,0.018215205217102095
shd,learning-development,practical:lstm:n=full,held,3,4,0.6632328714106911,0.008324280401175067,0.07657418291438486,0.6505545626348036,0.009218868981767582,0.07842343628935558,0.6922052449620099,0.01165373084864566,0.057437675770642856,0.6649114557661725,0.006755401929606054,0.0730780620675265
shd,learning-development,practical:transformer:n=full,train,3,4,0.9818103468207909,0.004846292850909425,0.005088784263256917,0.9817702843988569,0.0047390102852928,0.005047776784465758,0.9824567462473025,0.004598208369078766,0.004892234596765719,0.981701484178671,0.004785438233168039,0.005005048962547426
shd,learning-development,practical:transformer:n=full,held,3,4,0.6409579239545352,0.026915613482757204,0.09169801540472254,0.6295526444343191,0.027579620390204052,0.09210518375423511,0.7075291108625693,0.018305334336518226,0.062392515911329986,0.6387764068870115,0.02724720114000958,0.08936180149754626
dvs,development,comparison:fixed12:q4-i2-crc,train,3,4,0.7009565321604082,0.021629553324941677,0.019733498185078805,0.6972367101297433,0.022103032761971207,0.02094535669432273,0.7098976154184307,0.020618225588015116,0.021585912802258474,0.7009565321604083,0.021629553324941698,0.019733498185078756
dvs,development,comparison:fixed12:q4-i2-crc,held,3,4,0.5278222408904227,0.015957934214210667,0.05122733015119021,0.516942729832221,0.015348004703420456,0.055919502736773694,0.5370747931706238,0.011591613634915635,0.058237434492878826,0.5278222408904226,0.015957934214210687,0.05122733015119021
dvs,development,comparison:fixed12:q4-i2-qrc,train,3,4,0.6863930296807007,0.00423012978647797,0.01259252523131975,0.6815368625532047,0.005498341541026896,0.0147468886457308,0.6961306601350041,0.002108193221598056,0.013916403064040584,0.6863930296807007,0.0042301297864780285,0.012592525231319783
dvs,development,comparison:fixed12:q4-i2-qrc,held,3,4,0.5200497103906194,0.009267147966687332,0.03705942039821511,0.5054707883786312,0.006482004901840002,0.038105274308043155,0.5345764274632194,0.0025852801776998957,0.03536791365614153,0.5200497103906194,0.009267147966687286,0.03705942039821519
dvs,development,comparison:fixed12:q6-i2-crc,train,3,4,0.7009565321604082,0.021629553324941677,0.019733498185078805,0.6972367101297433,0.022103032761971207,0.02094535669432273,0.7098976154184307,0.020618225588015116,0.021585912802258474,0.7009565321604083,0.021629553324941698,0.019733498185078756
dvs,development,comparison:fixed12:q6-i2-crc,held,3,4,0.5278222408904227,0.015957934214210667,0.05122733015119021,0.516942729832221,0.015348004703420456,0.055919502736773694,0.5370747931706238,0.011591613634915635,0.058237434492878826,0.5278222408904226,0.015957934214210687,0.05122733015119021
dvs,development,comparison:fixed12:q6-i2-qrc,train,3,4,0.6667026533537236,0.0379877438851008,0.014583206551702406,0.6598203854715233,0.04260110268452583,0.016160905319884993,0.6751840955233258,0.0363027695560608,0.014821391791107282,0.6667026533537236,0.037987743885100865,0.014583206551702364
dvs,development,comparison:fixed12:q6-i2-qrc,held,3,4,0.5057745285018013,0.0356113390598802,0.024710177194020622,0.492093098590942,0.04355953347109669,0.028442919540873173,0.5315195720751652,0.04292777837163216,0.02476163118783143,0.5057745285018013,0.03561133905988019,0.024710177194020674
dvs,development,comparison:fixed12:q6-i4-crc,train,3,4,0.8350925011386403,0.007350319643326197,0.014076668604667726,0.8332420596239243,0.007262875164938102,0.013620604540164467,0.8394426521335614,0.00625816741151404,0.012393203693611477,0.8350925011386403,0.00735031964332631,0.014076668604667726
dvs,development,comparison:fixed12:q6-i4-crc,held,3,4,0.7459194845558482,0.023504221489583036,0.07554312485398033,0.7422684547863642,0.021384168713715734,0.07318762368403298,0.7673290148728275,0.019205672391487003,0.05815499342272011,0.7459194845558482,0.02350422148958298,0.07554312485398026
dvs,development,comparison:fixed12:q6-i4-qrc,train,3,4,0.8764261573054218,0.003304764427528679,0.018727767780262004,0.8763209059243634,0.0036001794695664506,0.018585023282709744,0.8787175266027979,0.004355228690721953,0.018906264435303143,0.8764261573054218,0.0033047644275285516,0.018727767780262083
dvs,development,comparison:fixed12:q6-i4-qrc,held,3,4,0.710704068658614,0.005466709591472488,0.06429959312537124,0.7073302186275403,0.010502223566045011,0.06187476638888633,0.7342086318987797,0.007594050504978387,0.05822797599187626,0.7107040686586141,0.005466709591472539,0.06429959312537127
dvs,development,comparison:fixed12:q8-i2-crc,train,3,4,0.7009565321604082,0.021629553324941677,0.019733498185078805,0.6972367101297433,0.022103032761971207,0.02094535669432273,0.7098976154184307,0.020618225588015116,0.021585912802258474,0.7009565321604083,0.021629553324941698,0.019733498185078756
dvs,development,comparison:fixed12:q8-i2-crc,held,3,4,0.5278222408904227,0.015957934214210667,0.05122733015119021,0.516942729832221,0.015348004703420456,0.055919502736773694,0.5370747931706238,0.011591613634915635,0.058237434492878826,0.5278222408904226,0.015957934214210687,0.05122733015119021
dvs,development,comparison:fixed12:q8-i2-qrc,train,3,4,0.7035497556053748,0.0431934523484732,0.015896708145359702,0.7002136571444618,0.04519504359684713,0.016137762776356243,0.7083273398349522,0.04609044333490456,0.017453023782610145,0.7035497556053748,0.0431934523484732,0.015896708145359664
dvs,development,comparison:fixed12:q8-i2-qrc,held,3,4,0.5021269765587947,0.05196681639534594,0.02612868170485944,0.4911323978511796,0.055161895296381803,0.02776091354231442,0.5222061274623763,0.05805577116819229,0.023856483075225587,0.5021269765587947,0.05196681639534594,0.026128681704859432
dvs,development,comparison:fixed12:q8-i4-crc,train,3,4,0.8350925011386403,0.007350319643326197,0.014076668604667726,0.8332420596239243,0.007262875164938102,0.013620604540164467,0.8394426521335614,0.00625816741151404,0.012393203693611477,0.8350925011386403,0.00735031964332631,0.014076668604667726
dvs,development,comparison:fixed12:q8-i4-crc,held,3,4,0.7459194845558482,0.023504221489583036,0.07554312485398033,0.7422684547863642,0.021384168713715734,0.07318762368403298,0.7673290148728275,0.019205672391487003,0.05815499342272011,0.7459194845558482,0.02350422148958298,0.07554312485398026
dvs,development,comparison:fixed12:q8-i4-qrc,train,3,4,0.8367547556569207,0.02978428773636704,0.009734714719097782,0.8359799749456589,0.03013806848033921,0.009189534901224641,0.8386167108310035,0.029231122241204603,0.00943358001061533,0.8367547556569207,0.02978428773636695,0.009734714719097698
dvs,development,comparison:fixed12:q8-i4-qrc,held,3,4,0.7093588229951866,0.034665915362946643,0.06190175112533753,0.7066150199261406,0.0349574301616501,0.0626666021810307,0.7321453448336924,0.03630829569422972,0.053081291387609954,0.7093588229951866,0.0346659153629466,0.06190175112533751
dvs,development,comparison:fixed12:q8-i6-crc,train,3,4,0.8374153140439876,0.021099029544125014,0.020325327309519487,0.8369378488711591,0.020985649803429214,0.02043526581327872,0.8437869035498289,0.02141768699046589,0.017613934439667193,0.8374153140439876,0.021099029544124955,0.02032532730951945
dvs,development,comparison:fixed12:q8-i6-crc,held,3,4,0.7369789301607482,0.015631244139563343,0.08057467520127065,0.7322296593272567,0.01661519465060061,0.07407688436608229,0.7700414377492663,0.011602950456229976,0.06400585493855825,0.7369789301607482,0.015631244139563405,0.08057467520127069
dvs,development,comparison:fixed12:q8-i6-qrc,train,3,4,0.8267459192288763,0.039435681590831634,0.010628000813621774,0.8252268112028712,0.03950575583644349,0.010843064272312184,0.8311772089395797,0.0394520712636986,0.01157499051167788,0.8267459192288763,0.039435681590831655,0.010628000813621764
dvs,development,comparison:fixed12:q8-i6-qrc,held,3,4,0.6837300956619138,0.05785063058767233,0.05972314919073914,0.6762619160558948,0.05899411415414503,0.059898574621136486,0.703138630778703,0.06602513674492665,0.046872116415447376,0.6837300956619138,0.05785063058767227,0.05972314919073914
dvs,development,comparison:fixed:q4-i2-crc,train,3,4,0.7009565321604082,0.021629553324941677,0.019733498185078805,0.6972367101297433,0.022103032761971207,0.02094535669432273,0.7098976154184307,0.020618225588015116,0.021585912802258474,0.7009565321604083,0.021629553324941698,0.019733498185078756
dvs,development,comparison:fixed:q4-i2-crc,held,3,4,0.5278222408904227,0.015957934214210667,0.05122733015119021,0.516942729832221,0.015348004703420456,0.055919502736773694,0.5370747931706238,0.011591613634915635,0.058237434492878826,0.5278222408904226,0.015957934214210687,0.05122733015119021
dvs,development,comparison:fixed:q4-i2-qrc,train,3,4,0.6863930296807007,0.00423012978647797,0.01259252523131975,0.6815368625532047,0.005498341541026896,0.0147468886457308,0.6961306601350041,0.002108193221598056,0.013916403064040584,0.6863930296807007,0.0042301297864780285,0.012592525231319783
dvs,development,comparison:fixed:q4-i2-qrc,held,3,4,0.5200497103906194,0.009267147966687332,0.03705942039821511,0.5054707883786312,0.006482004901840002,0.038105274308043155,0.5345764274632194,0.0025852801776998957,0.03536791365614153,0.5200497103906194,0.009267147966687286,0.03705942039821519
dvs,development,comparison:fixed:q6-i2-crc,train,3,4,0.7421017370395625,0.016343723542220762,0.020203682808817014,0.7390953353788401,0.017564968609533875,0.021147257412836105,0.747044795693289,0.01622111027325877,0.01973722570569187,0.7421017370395626,0.016343723542220655,0.02020368280881699
dvs,development,comparison:fixed:q6-i2-crc,held,3,4,0.5422131530086075,0.01272799897201871,0.06845801241627254,0.5313429131770611,0.01184550833303145,0.07508737532839502,0.5522866604888693,0.013864083211308383,0.07285326463446908,0.5422131530086075,0.01272799897201871,0.06845801241627254
dvs,development,comparison:fixed:q6-i2-qrc,train,3,4,0.696745076081863,0.020359721998896272,0.013403734867237144,0.6924620238981422,0.023274224997378856,0.01347401533391206,0.7036064333979146,0.02093030557720619,0.015340313116092772,0.696745076081863,0.020359721998896272,0.01340373486723716
dvs,development,comparison:fixed:q6-i2-qrc,held,3,4,0.5087904519722701,0.01364512562596026,0.02384493859943661,0.4954034100944115,0.01776374987263416,0.028072054678386263,0.5265761303589257,0.012826104351499225,0.02389770942242652,0.5087904519722701,0.013645125625960259,0.02384493859943661
dvs,development,comparison:fixed:q6-i4-crc,train,3,4,0.8540675619621009,0.012589359763060257,0.013047603864870626,0.853469524853541,0.013002751560138116,0.0126297252018854,0.8574922602475153,0.013462290728465122,0.012040774307329286,0.8540675619621009,0.012589359763060257,0.013047603864870654
dvs,development,comparison:fixed:q6-i4-crc,held,3,4,0.7543599077689986,0.030583566413444396,0.07471257864616365,0.7497683034670471,0.03065516666545304,0.07004013025376865,0.7805851918559684,0.023079929949873287,0.06082186912920419,0.7543599077689986,0.030583566413444375,0.07471257864616372
dvs,development,comparison:fixed:q6-i4-qrc,train,3,4,0.9180990512797651,0.0041809315755476665,0.013711834402750488,0.9180764472259518,0.004368312970401819,0.01358233175845245,0.9197316194470201,0.004454256660052097,0.013616090197063242,0.9180990512797651,0.004180931575547603,0.01371183440275044
dvs,development,comparison:fixed:q6-i4-qrc,held,3,4,0.7495049142776415,0.0026440771596003064,0.07213699050357165,0.7469709978391222,0.0015451020160882315,0.07191995006824439,0.7678259381523674,0.003631233845643456,0.06711455570772144,0.7495049142776415,0.0026440771596003064,0.07213699050357157
dvs,development,comparison:fixed:q8-i2-crc,train,3,4,0.7182155466585342,0.007567369198038922,0.020832231772060186,0.7135896028094425,0.00714166061661634,0.021415121845640324,0.7267366666465188,0.0078315037153701,0.023483007819029043,0.7182155466585342,0.007567369198038922,0.020832231772060134
dvs,development,comparison:fixed:q8-i2-crc,held,3,4,0.5501786723377632,0.024193570585815925,0.05219632298834207,0.5393059837188939,0.024707324289595517,0.05740468716409563,0.5645132604514037,0.02352504701825835,0.05145030859860995,0.5501786723377632,0.024193570585815925,0.05219632298834207
dvs,development,comparison:fixed:q8-i2-qrc,train,3,4,0.8165376543640651,0.01820854498983859,0.018977199146250245,0.8161733335294888,0.018451536892773505,0.018903702053104234,0.8202373316022844,0.017444163398098025,0.019904721391376317,0.8165376543640651,0.018208544989838645,0.018977199146250245
dvs,development,comparison:fixed:q8-i2-qrc,held,3,4,0.5272899449035813,0.03619020953809212,0.02412514891248262,0.5203673137321794,0.03615855214479274,0.02394057081743182,0.5487554903053432,0.04266981671906347,0.021383770640406634,0.5272899449035813,0.03619020953809212,0.02412514891248262
dvs,development,comparison:fixed:q8-i4-crc,train,3,4,0.8924183554530322,0.00502300780700878,0.011858744071154646,0.8920578437738035,0.004892603212998375,0.0114638520081604,0.896200574853986,0.004730692770116892,0.011419765992299845,0.8924183554530322,0.00502300780700883,0.011858744071154632
dvs,development,comparison:fixed:q8-i4-crc,held,3,4,0.7828648624103169,0.007284723766352182,0.05776257539868324,0.7782291254236764,0.006715472012592768,0.05429021250140397,0.8023237999204874,0.008475696174307192,0.04230916908216182,0.7828648624103169,0.007284723766352165,0.05776257539868324
dvs,development,comparison:fixed:q8-i4-qrc,train,3,4,0.906492448429443,0.005081660742108149,0.012045487303482583,0.9065921999756803,0.004957666117105156,0.012043753575787882,0.9084210571163621,0.0045927048769876765,0.012101489470851542,0.906492448429443,0.005081660742108129,0.012045487303482583
dvs,development,comparison:fixed:q8-i4-qrc,held,3,4,0.7546437148709876,0.016432069929433062,0.05241144036167465,0.7541433604166864,0.01796801398087652,0.0517189125070932,0.7754012490654949,0.02082480672912532,0.04906848129972521,0.7546437148709876,0.01643206992943307,0.052411440361674666
dvs,development,comparison:fixed:q8-i6-crc,train,3,4,0.8989670627748866,0.01671750128072503,0.017589769363911774,0.8991964538648564,0.017160215870634394,0.01743421821579184,0.9034731715498571,0.015935328608446025,0.016298749184563203,0.8989670627748866,0.016717501280725036,0.017589769363911698
dvs,development,comparison:fixed:q8-i6-crc,held,3,4,0.7878113048567594,0.014750254050469936,0.07154251313300145,0.7851617507398231,0.01650086307679947,0.06608032041688733,0.814929538513454,0.018491112261009857,0.05133103850690115,0.7878113048567593,0.01475025405046997,0.0715425131330015
dvs,development,comparison:fixed:q8-i6-qrc,train,3,4,0.9168901357917011,0.018486749896493345,0.018606657627367712,0.9169336417451538,0.018671363427644274,0.01859137435316784,0.9189797955322252,0.017918313937455087,0.018644791522293435,0.9168901357917011,0.018486749896493307,0.018606657627367722
dvs,development,comparison:fixed:q8-i6-qrc,held,3,4,0.7506499182635546,0.04484571209484688,0.061817248168129994,0.7499612434689812,0.04581848738269505,0.05938433480315202,0.7773379477980614,0.047996471911314245,0.04989929034404748,0.7506499182635545,0.044845712094846855,0.06181724816813006
dvs,development,comparison:projection:i2,train,3,4,0.4747001553123813,0.0,0.038386413958218873,0.43947311976854103,0.0,0.042853056733696146,0.49374383949274375,0.0,0.049737685923462976,0.4747001553123813,0.0,0.03838641395821889
dvs,development,comparison:projection:i2,held,3,4,0.3936593709320982,0.0,0.026236060460391106,0.3504228943118484,0.0,0.01514423207129835,0.4042285171121171,6.798699777552591e-17,0.02976005240808576,0.3936593709320982,0.0,0.026236060460391123
dvs,development,comparison:projection:i4,train,3,4,0.7198944545340126,1.3597399555105182e-16,0.018337726089519623,0.7159261611787602,0.0,0.017172262301001766,0.726925811537361,0.0,0.017475049732279813,0.7198944545340126,1.3597399555105182e-16,0.01833772608951949
dvs,development,comparison:projection:i4,held,3,4,0.589265847788575,0.0,0.0540671278827437,0.5756796046817434,0.0,0.06002786805735004,0.6096062356645068,0.0,0.05826018443790442,0.589265847788575,0.0,0.05406712788274361
dvs,development,comparison:projection:i6,train,3,4,0.741481538733953,0.0,0.018154756379406445,0.7380585883199028,0.0,0.018034709744926283,0.7516851289984982,0.0,0.018670818489522675,0.741481538733953,0.0,0.018154756379406445
dvs,development,comparison:projection:i6,held,3,4,0.6113015772106681,0.0,0.06351390032422288,0.5987164692997812,0.0,0.07233236953927227,0.6415735925532827,0.0,0.06673609941274436,0.6113015772106681,0.0,0.06351390032422288
dvs,development,comparison:tuned:q4-i2-crc,train,3,4,0.7333686230622866,0.018084225996521836,0.01613476789195383,0.7298114768258156,0.018619395583052548,0.01618277985919679,0.7394577071214954,0.017491256871827468,0.016606355619670863,0.7333686230622866,0.018084225996521836,0.016134767891953842
dvs,development,comparison:tuned:q4-i2-crc,held,3,4,0.5576014894196711,0.014058033889190281,0.04321449649136437,0.5460198422508359,0.013706866476323241,0.04413848850475102,0.577107997865942,0.010521198060626248,0.05082117567984627,0.5576014894196714,0.014058033889190228,0.043214496491364336
dvs,development,comparison:tuned:q4-i2-qrc,train,3,4,0.7396113037041032,0.008222957188275697,0.016501235535773755,0.737931469851908,0.007780636876470879,0.016871216252148494,0.74474882631556,0.0096377851907537,0.017971800136980163,0.7396113037041032,0.008222957188275759,0.016501235535773755
dvs,development,comparison:tuned:q4-i2-qrc,held,3,4,0.5206712479439752,0.005203024104060059,0.014140262142692952,0.5118438412484868,0.0067321419160094416,0.013903251260326098,0.5367235078634955,0.007720125456211119,0.009034122846315253,0.5206712479439752,0.005203024104060159,0.014140262142692948
dvs,development,comparison:tuned:q6-i2-crc,train,3,4,0.7617582201499807,0.005032827992721652,0.011116821823507539,0.7597118048492283,0.005082018004321335,0.010952357055486105,0.7659201170764497,0.005989784348575024,0.011687679156049957,0.7617582201499807,0.005032827992721652,0.011116821823507563
dvs,development,comparison:tuned:q6-i2-crc,held,3,4,0.5798097104915287,0.011526002148757323,0.048995196852363136,0.5712383049631095,0.01248706570814779,0.05460923091786928,0.5959429911294194,0.01504316162152488,0.059405230389986324,0.5798097104915287,0.011526002148757323,0.048995196852363185
dvs,development,comparison:tuned:q6-i2-qrc,train,3,4,0.696745076081863,0.020359721998896272,0.013403734867237144,0.6924620238981422,0.023274224997378856,0.01347401533391206,0.7036064333979146,0.02093030557720619,0.015340313116092772,0.696745076081863,0.020359721998896272,0.01340373486723716
dvs,development,comparison:tuned:q6-i2-qrc,held,3,4,0.5087904519722701,0.01364512562596026,0.02384493859943661,0.4954034100944115,0.01776374987263416,0.028072054678386263,0.5265761303589257,0.012826104351499225,0.02389770942242652,0.5087904519722701,0.013645125625960259,0.02384493859943661
dvs,development,comparison:tuned:q6-i4-crc,train,3,4,0.9097685527462236,0.008264497297877302,0.012022596137210878,0.9096996298273944,0.008398829074958114,0.011901856370577913,0.9114720529174732,0.008029320682619492,0.01126898164486158,0.9097685527462236,0.008264497297877302,0.012022596137210871
dvs,development,comparison:tuned:q6-i4-crc,held,3,4,0.7786509576282304,0.01987601549111383,0.04680180976822477,0.7771918883704271,0.02065806346490749,0.04248992538751152,0.7973961414449201,0.01955776789671535,0.03626063877934333,0.7786509576282302,0.01987601549111383,0.046801809768224754
dvs,development,comparison:tuned:q6-i4-qrc,train,3,4,0.9180990512797651,0.0041809315755476665,0.013711834402750488,0.9180764472259518,0.004368312970401819,0.01358233175845245,0.9197316194470201,0.004454256660052097,0.013616090197063242,0.9180990512797651,0.004180931575547603,0.01371183440275044
dvs,development,comparison:tuned:q6-i4-qrc,held,3,4,0.7495049142776415,0.0026440771596003064,0.07213699050357165,0.7469709978391222,0.0015451020160882315,0.07191995006824439,0.7678259381523674,0.003631233845643456,0.06711455570772144,0.7495049142776415,0.0026440771596003064,0.07213699050357157
dvs,development,comparison:tuned:q8-i2-crc,train,3,4,0.7841910487298757,0.0008518873527578474,0.0166743861058208,0.7828319935481423,0.0006390809344211986,0.016910774448974025,0.7874241133046512,0.0011195768311198463,0.017714299334380932,0.7841910487298757,0.0008518873527577837,0.016674386105820768
dvs,development,comparison:tuned:q8-i2-crc,held,3,4,0.574223125359489,0.007538071448379168,0.022293340257505394,0.5673833820158647,0.009623280887775363,0.02688102203814242,0.596076654155811,0.011700994517728519,0.029258452964752452,0.5742231253594889,0.007538071448379128,0.022293340257505394
dvs,development,comparison:tuned:q8-i2-qrc,train,3,4,0.8165376543640651,0.01820854498983859,0.018977199146250245,0.8161733335294888,0.018451536892773505,0.018903702053104234,0.8202373316022844,0.017444163398098025,0.019904721391376317,0.8165376543640651,0.018208544989838645,0.018977199146250245
dvs,development,comparison:tuned:q8-i2-qrc,held,3,4,0.5272899449035813,0.03619020953809212,0.02412514891248262,0.5203673137321794,0.03615855214479274,0.02394057081743182,0.5487554903053432,0.04266981671906347,0.021383770640406634,0.5272899449035813,0.03619020953809212,0.02412514891248262
dvs,development,comparison:tuned:q8-i4-crc,train,3,4,0.9104122500811616,0.004130549749853347,0.014840990307194631,0.9103659898810849,0.004091371482745408,0.014716663229238872,0.9128330393549701,0.0031962328028358206,0.01424951684003816,0.9104122500811616,0.004130549749853409,0.014840990307194631
dvs,development,comparison:tuned:q8-i4-crc,held,3,4,0.8069506251324432,0.014954288807870475,0.05685616502003182,0.806019363802222,0.015133119349665587,0.051846550045543525,0.8243302182797579,0.013395845081262786,0.03988634735588227,0.8069506251324432,0.014954288807870537,0.05685616502003178
dvs,development,comparison:tuned:q8-i4-qrc,train,3,4,0.906492448429443,0.005081660742108149,0.012045487303482583,0.9065921999756803,0.004957666117105156,0.012043753575787882,0.9084210571163621,0.0045927048769876765,0.012101489470851542,0.906492448429443,0.005081660742108129,0.012045487303482583
dvs,development,comparison:tuned:q8-i4-qrc,held,3,4,0.7546437148709876,0.016432069929433062,0.05241144036167465,0.7541433604166864,0.01796801398087652,0.0517189125070932,0.7754012490654949,0.02082480672912532,0.04906848129972521,0.7546437148709876,0.01643206992943307,0.052411440361674666
dvs,development,comparison:tuned:q8-i6-crc,train,3,4,0.9199365944194184,0.005591516768987804,0.021211857337884502,0.920106656189937,0.005649569831846198,0.02114254985911472,0.9222930860484527,0.006011386346433697,0.02080069860432681,0.9199365944194184,0.005591516768987741,0.021211857337884395
dvs,development,comparison:tuned:q8-i6-crc,held,3,4,0.8105565520338248,0.010033796643643723,0.0579537395232526,0.8074906087832524,0.010911872368700008,0.05606724595741012,0.8339484791086438,0.008544954554702765,0.04428656719049597,0.8105565520338246,0.01003379664364372,0.0579537395232526
dvs,development,comparison:tuned:q8-i6-qrc,train,3,4,0.9168901357917011,0.018486749896493345,0.018606657627367712,0.9169336417451538,0.018671363427644274,0.01859137435316784,0.9189797955322252,0.017918313937455087,0.018644791522293435,0.9168901357917011,0.018486749896493307,0.018606657627367722
dvs,development,comparison:tuned:q8-i6-qrc,held,3,4,0.7506499182635546,0.04484571209484688,0.061817248168129994,0.7499612434689812,0.04581848738269505,0.05938433480315202,0.7773379477980614,0.047996471911314245,0.04989929034404748,0.7506499182635545,0.044845712094846855,0.06181724816813006
dvs,mapping-screen,mapping:screen:i2:legacy,train,1,4,0.42277382636598027,,0.0234708260782258,0.3895359345357605,,0.028607168277096084,0.45204315942836887,,0.03276303749367674,0.42277382636598027,,0.023470826078225752
dvs,mapping-screen,mapping:screen:i2:legacy,held,1,4,0.3202952350679623,,0.053137560486264765,0.2808027144345321,,0.05136437438449161,0.3164270453819182,,0.0504935458591334,0.3202952350679623,,0.05313756048626476
dvs,mapping-screen,mapping:screen:i2:orthogonal,train,1,4,0.43102435763073255,,0.01800518993078869,0.4009155975362506,,0.02257874191527387,0.45864230813957435,,0.035757184596450144,0.43102435763073255,,0.01800518993078869
dvs,mapping-screen,mapping:screen:i2:orthogonal,held,1,4,0.3137856461720098,,0.05340485698220483,0.2701938820709858,,0.05157106339267007,0.297910038845548,,0.05934274012294093,0.3137856461720098,,0.05340485698220484
dvs,mapping-screen,mapping:screen:i2:pca,train,1,4,0.4761809977490778,,0.039781335451478037,0.44024371272368984,,0.04521404341459423,0.4937158193176758,,0.052418162226752774,0.4761809977490778,,0.03978133545147811
dvs,mapping-screen,mapping:screen:i2:pca,held,1,4,0.39352408954681684,,0.023931945254475763,0.3505362467808365,,0.012341490143380675,0.4022237807102661,,0.035073913680561376,0.39352408954681684,,0.02393194525447576
dvs,mapping-screen,mapping:screen:i2:pooling,train,1,4,0.4218099637545911,,0.009829373406871105,0.38901785077827106,,0.008226861894181035,0.4301716176243876,,0.006436910010505133,0.4218099637545911,,0.00982937340687109
dvs,mapping-screen,mapping:screen:i2:pooling,held,1,4,0.340395400054491,,0.04191304625662851,0.30490585708085416,,0.03226266009757586,0.3189624568277095,,0.004274657999135751,0.3403954000544909,,0.04191304625662853
dvs,mapping-screen,mapping:screen:i4:legacy,train,1,4,0.5522457767312723,,0.01489827144913972,0.5464953482433375,,0.015373600631067208,0.5637787748464197,,0.014889410979318753,0.5522457767312723,,0.014898271449139687
dvs,mapping-screen,mapping:screen:i4:legacy,held,1,4,0.4204810341173978,,0.06169882278596308,0.4101963944645507,,0.059295170568427494,0.45389900294744334,,0.04031386913399671,0.4204810341173978,,0.061698822785963094
dvs,mapping-screen,mapping:screen:i4:orthogonal,train,1,4,0.5669743966811558,,0.018053695332618344,0.5611420840429847,,0.018886093813272338,0.5761289508025678,,0.015390462252019704,0.5669743966811558,,0.018053695332618403
dvs,mapping-screen,mapping:screen:i4:orthogonal,held,1,4,0.42438338176974544,,0.054709996425440284,0.40967449685192897,,0.05183031212131483,0.4501732084764498,,0.0364741632459581,0.42438338176974544,,0.0547099964254403
dvs,mapping-screen,mapping:screen:i4:pca,train,1,4,0.7219151149778369,,0.013467839193026417,0.718284354917215,,0.011420378801038128,0.727868629427699,,0.01151318230089316,0.7219151149778369,,0.013467839193026365
dvs,mapping-screen,mapping:screen:i4:pca,held,1,4,0.5954500045409137,,0.05517256087584128,0.5822264822198843,,0.059061663527651735,0.6141654454486755,,0.05681507626598136,0.5954500045409137,,0.05517256087584137
dvs,mapping-screen,mapping:screen:i4:pooling,train,1,4,0.5767135766437911,,0.023467781887221872,0.5354072009331802,,0.02083203298948195,0.6091239748283753,,0.027647559711019308,0.5767135766437912,,0.02346778188722194
dvs,mapping-screen,mapping:screen:i4:pooling,held,1,4,0.48823430357521264,,0.04784051373759746,0.4418920728349347,,0.04377417458432838,0.47816498098648463,,0.04823277547573909,0.48823430357521264,,0.047840513737597484
dvs,development,observations:crc2:all,train,3,4,0.6932632416752945,0.010247436075675078,0.01995902794380168,0.6871568417322319,0.010671188303958704,0.021275100786488418,0.7064634321010287,0.011372701022600273,0.02179890956763824,0.6932632416752945,0.010247436075675137,0.01995902794380168
dvs,development,observations:crc2:all,held,3,4,0.565285409035409,0.007065418216427081,0.07276587965842128,0.5527466079406673,0.004822496723268136,0.07640856792497636,0.5882344378496286,0.008926211072512126,0.08060158589982543,0.565285409035409,0.007065418216427121,0.07276587965842128
dvs,development,observations:crc2:products,train,3,4,0.7130806836369286,0.012927051524507193,0.017535005591313393,0.7085093735597128,0.013159622693610108,0.01769851188409184,0.7243930212871169,0.012025026708533235,0.019787479243004672,0.7130806836369286,0.012927051524507193,0.017535005591313393
dvs,development,observations:crc2:products,held,3,4,0.5670576267167177,0.011877492887388858,0.05448410211683639,0.5565724698108804,0.011267415680782976,0.05947660036295016,0.5892487632259334,0.007751606360366322,0.0583880179832608,0.5670576267167177,0.01187749288738875,0.05448410211683641
dvs,development,observations:crc2:width24,train,3,4,0.7181654744788811,0.0035521099140070813,0.01628523717096499,0.7134343296292385,0.004724167210703306,0.015996453316550256,0.7263456548630604,0.002665147021281857,0.0186838021892352,0.7181654744788811,0.0035521099140070813,0.01628523717096499
dvs,development,observations:crc2:width24,held,3,4,0.5665814614678251,0.007619604035316866,0.054301545106972576,0.5576719056274335,0.0050248093677318405,0.05829926788534522,0.5902247787040823,0.0063963421235439626,0.06019377287683875,0.5665814614678251,0.007619604035316866,0.0543015451069726
dvs,development,observations:crc4:all,train,3,4,0.8762696509142902,0.006932437845288618,0.01337240301228514,0.8763239309612145,0.006890273001225287,0.013369355216976539,0.8803514386396554,0.005401203002763367,0.013097833224632439,0.8762696509142902,0.006932437845288618,0.01337240301228514
dvs,development,observations:crc4:all,held,3,4,0.7731703271475999,0.01184692835374708,0.05561052692490365,0.7714536145600817,0.01222699539116754,0.051320629137804205,0.7955875599710831,0.010945646614442568,0.04263551935691111,0.7731703271475997,0.011846928353747132,0.05561052692490358
dvs,development,observations:crc4:products,train,3,4,0.9263807379642581,0.011575443542587525,0.010231042547901428,0.926202899891395,0.011617146860320084,0.010057029937410766,0.9272077053293061,0.01121633746003745,0.009705025768167617,0.9263807379642581,0.011575443542587611,0.01023104254790146
dvs,development,observations:crc4:products,held,3,4,0.7922888349024713,0.014855225401664453,0.04117940008065817,0.7894554455778479,0.015141266608969884,0.0385713064821347,0.8084294315052496,0.012515568231487044,0.03882055273458914,0.7922888349024713,0.014855225401664451,0.041179400080658235
dvs,development,observations:crc4:width24,train,3,4,0.9355714817602122,0.0027620823118918877,0.00639230107852854,0.9354105980684473,0.0026928224825417523,0.006288479733812857,0.9367327120451221,0.002764814336929122,0.006087713535637266,0.9355714817602122,0.002762082311891943,0.006392301078528562
dvs,development,observations:crc4:width24,held,3,4,0.8003625162716071,0.004254154858724008,0.044491934991574666,0.8000014184507546,0.002954415240902892,0.04023926106403516,0.8165981725238795,0.0008982950814085597,0.035136916537796097,0.8003625162716071,0.004254154858724058,0.04449193499157457
dvs,development,observations:projection:i2,train,3,4,0.4761809977490778,0.0,0.03978133545147803,0.44024371272368984,0.0,0.04521404341459423,0.4937158193176758,0.0,0.052418162226752774,0.4761809977490778,0.0,0.039781335451478106
dvs,development,observations:projection:i2,held,3,4,0.39352408954681684,0.0,0.023931945254475763,0.35053624678083645,6.798699777552591e-17,0.012341490143380684,0.40222378071026615,6.798699777552591e-17,0.035073913680561355,0.39352408954681684,0.0,0.02393194525447576
dvs,development,observations:projection:i4,train,3,4,0.7219151149778368,1.3597399555105182e-16,0.013467839193026371,0.718284354917215,0.0,0.01142037880103812,0.7278686294276989,1.3597399555105182e-16,0.011513182300893179,0.7219151149778368,1.3597399555105182e-16,0.013467839193026321
dvs,development,observations:projection:i4,held,3,4,0.5954500045409137,0.0,0.05517256087584128,0.5822264822198843,0.0,0.059061663527651735,0.6141654454486755,0.0,0.05681507626598136,0.5954500045409137,0.0,0.05517256087584137
dvs,development,observations:qrc2:all,train,3,4,0.760200292211663,0.019747356879607336,0.0209336493153443,0.7590733988706099,0.02058961570264047,0.02087713187428629,0.7645497845248889,0.021193402874602724,0.021674710157810435,0.760200292211663,0.01974735687960729,0.02093364931534441
dvs,development,observations:qrc2:all,held,3,4,0.5096286289468107,0.028982558672603624,0.020544951137051456,0.5015312170346725,0.03079707556888313,0.02673548017808056,0.5235872005555263,0.029952655554566332,0.024606215047485978,0.5096286289468107,0.028982558672603572,0.020544951137051484
dvs,development,observations:qrc2:products,train,3,4,0.7126740771462807,0.024905090538636113,0.018927877045736518,0.7099302731747269,0.02640521135562106,0.01870571409324379,0.7191819615742809,0.0245902002959145,0.02094703254019173,0.7126740771462808,0.02490509053863617,0.01892787704573658
dvs,development,observations:qrc2:products,held,3,4,0.5105210446119537,0.01571867940517866,0.02582098700750284,0.5003660591536905,0.019066879696270973,0.026609522694195878,0.5252489767509249,0.01673255568343448,0.017558245648106527,0.5105210446119537,0.01571867940517866,0.025820987007502856
dvs,development,observations:qrc2:zz,train,3,4,0.7329743508183388,0.021963943916223774,0.012965914117468781,0.7300278092036802,0.02375320054969779,0.013149110324411815,0.7398648823417252,0.02265514668366583,0.01472833450563174,0.7329743508183388,0.02196394391622381,0.012965914117468781
dvs,development,observations:qrc2:zz,held,3,4,0.5231299634708726,0.020560312659193503,0.03143932466493014,0.5106423188128955,0.026112300941430203,0.033221855541984605,0.5417004700530778,0.01758465084237356,0.02958274751422027,0.5231299634708726,0.020560312659193457,0.03143932466493017
dvs,development,observations:qrc4:all,train,3,4,0.9168625937917266,0.003192103828119345,0.014489560483073673,0.9168235287272974,0.003283371290759092,0.01431116281243085,0.9184511626018409,0.003395071325845628,0.014232076007822047,0.9168625937917265,0.0031921038281193964,0.014489560483073666
dvs,development,observations:qrc4:all,held,3,4,0.7516303141303142,0.002172229048781578,0.07465890204063651,0.7490178724810922,0.0013226892526846993,0.074246972771655,0.7684783972551134,0.00291577606965474,0.06941776766378831,0.7516303141303142,0.002172229048781493,0.07465890204063651
dvs,development,observations:qrc4:products,train,3,4,0.8912622192592338,0.011724950154448298,0.022888835410693444,0.8911554540082355,0.011673235589362127,0.02289543657843584,0.8934500211442775,0.011294965327310592,0.022850601189417105,0.8912622192592338,0.011724950154448298,0.022888835410693364
dvs,development,observations:qrc4:products,held,3,4,0.7505404948586767,0.0103095002861238,0.06724081338404006,0.7479247151256824,0.00894164814633461,0.0661172589574567,0.768916815916044,0.005035395039132849,0.061089262976733075,0.7505404948586767,0.01030950028612386,0.06724081338404017
dvs,development,observations:qrc4:zz,train,3,4,0.8934125592256258,0.005160296553578612,0.01802352081557216,0.893267570992376,0.0051004747802966075,0.017905930613516446,0.895175539420007,0.004884280149413009,0.01782589900460966,0.8934125592256258,0.005160296553578612,0.01802352081557216
dvs,development,observations:qrc4:zz,held,3,4,0.7581187751642297,0.008298113019468296,0.07414153739239605,0.7558719454398147,0.011821947226174525,0.07370057033750554,0.7788259996256303,0.012315107687052077,0.06933233373975548,0.7581187751642297,0.008298113019468296,0.07414153739239604
dvs,development,practical:large-crc,train,3,4,0.9989877078870489,0.0005684730369980382,0.0007401457267863922,0.998988733912466,0.0005670772065528015,0.0007380710291241638,0.9990086823527292,0.0005536954622986133,0.0007192363617390323,0.9989877078870489,0.0005684730369980382,0.0007401457267864461
dvs,development,practical:large-crc,held,3,4,0.8353906194815286,0.010621493855662467,0.05890997715504872,0.8326901976839226,0.011369977588928238,0.053474096363818384,0.8514999956141369,0.010636592685679553,0.04324028516003648,0.8353906194815286,0.010621493855662658,0.05890997715504874
dvs,development,practical:lstm,train,3,4,0.8596474455959177,0.024062594000590534,0.03939137103146942,0.8578760839488538,0.024318384925701635,0.03866945260834303,0.8678149254116918,0.026311035558839353,0.03729337264407989,0.8596474455959177,0.024062594000590534,0.03939137103146942
dvs,development,practical:lstm,held,3,4,0.7858303312848767,0.009318818874833323,0.06547033469308322,0.7835379954686523,0.009722292480015824,0.0677139858623503,0.8159108125190105,0.01268373297548575,0.05992813039357763,0.7858303312848767,0.009318818874833323,0.06547033469308325
dvs,development,practical:transformer,train,3,4,0.979602737515486,0.011874434672574489,0.018363127802584582,0.979383287904918,0.012003533313262605,0.018739008970967964,0.9811964064464843,0.011012147708597118,0.016053855257080717,0.979602737515486,0.0118744346725744,0.018363127802584527
dvs,development,practical:transformer,held,3,4,0.7627091973682883,0.011684174832085031,0.058904577937260186,0.7612627747762222,0.012131720058317103,0.060837824400547955,0.7812700714418644,0.012487413133989262,0.0567305091034476,0.7627091973682883,0.011684174832085063,0.05890457793726016
dvs,development,recurrence:crc:all,train,3,4,0.8785206851595211,0.005724698681218257,0.016658446863203117,0.8782560818937563,0.005820335603151936,0.016610515801792094,0.880244653285045,0.005952842081628496,0.016368845281351557,0.8785206851595214,0.005724698681218206,0.016658446863203107
dvs,development,recurrence:crc:all,held,3,4,0.6872231304049485,0.004585562874637369,0.04747457585620772,0.6796710725537363,0.004785613438749734,0.05152856970617286,0.7107360446487802,0.0067992171261528934,0.05487041388050562,0.6872231304049485,0.004585562874637381,0.047474575856207714
dvs,development,recurrence:crc:partial,train,3,4,0.9097685527462236,0.008264497297877302,0.012022596137210878,0.9096996298273944,0.008398829074958114,0.011901856370577913,0.9114720529174732,0.008029320682619492,0.01126898164486158,0.9097685527462236,0.008264497297877302,0.012022596137210871
dvs,development,recurrence:crc:partial,held,3,4,0.7786509576282304,0.01987601549111383,0.04680180976822477,0.7771918883704271,0.02065806346490749,0.04248992538751152,0.7973961414449201,0.01955776789671535,0.03626063877934333,0.7786509576282302,0.01987601549111383,0.046801809768224754
dvs,development,recurrence:qrc:all,train,3,4,0.8748950845577044,0.007380833298783625,0.014662271770729348,0.8746100544893897,0.007367372147407113,0.014702595828046968,0.8770986299498746,0.007228541370292449,0.014515877827248384,0.8748950845577044,0.007380833298783625,0.01466227177072934
dvs,development,recurrence:qrc:all,held,3,4,0.67488887375251,0.015010061808656949,0.03918290682964534,0.6660331125033484,0.016334000089076386,0.04396241894795732,0.6973470045147464,0.014673074807896471,0.041947170171292944,0.67488887375251,0.015010061808656949,0.03918290682964534
dvs,development,recurrence:qrc:partial,train,3,4,0.9180990512797651,0.0041809315755476665,0.013711834402750488,0.9180764472259518,0.004368312970401819,0.01358233175845245,0.9197316194470201,0.004454256660052097,0.013616090197063242,0.9180990512797651,0.004180931575547603,0.01371183440275044
dvs,development,recurrence:qrc:partial,held,3,4,0.7495049142776415,0.0026440771596003064,0.07213699050357165,0.7469709978391222,0.0015451020160882315,0.07191995006824439,0.7678259381523674,0.003631233845643456,0.06711455570772144,0.7495049142776415,0.0026440771596003064,0.07213699050357157
dvs,mapping-development,mapping-paired:i2:legacy:crc,train,3,4,0.6935786169873985,0.008289786319483223,0.023089825713341026,0.6866931833300979,0.007631070507626896,0.02349039196473456,0.6986179926720842,0.00553224334559539,0.025918751203685326,0.6935786169873985,0.008289786319483128,0.02308982571334107
dvs,mapping-development,mapping-paired:i2:legacy:crc,held,3,4,0.4585865523365524,0.014343659924428029,0.05496684347736278,0.4389954453114607,0.01581158718327665,0.0503774615648246,0.4587285750296,0.014262039119312557,0.041046753927335915,0.4585865523365524,0.01434365992442806,0.05496684347736279
dvs,mapping-development,mapping-paired:i2:legacy:projection,train,3,4,0.4227738263659802,6.798699777552591e-17,0.02347082607822579,0.3895359345357605,0.0,0.028607168277096095,0.45204315942836887,0.0,0.03276303749367674,0.4227738263659802,6.798699777552591e-17,0.023470826078225752
dvs,mapping-development,mapping-paired:i2:legacy:projection,held,3,4,0.3202952350679623,0.0,0.05313756048626478,0.2808027144345321,0.0,0.05136437438449161,0.3164270453819182,0.0,0.0504935458591334,0.3202952350679623,0.0,0.053137560486264765
dvs,mapping-development,mapping-paired:i2:legacy:qrc,train,3,4,0.59083225440537,0.021828353391920574,0.019850542170657577,0.5818114403529625,0.025575073404785327,0.02060467124007686,0.6006689105580819,0.018665105746950263,0.020722593533875733,0.5908322544053699,0.02182835339192063,0.01985054217065753
dvs,mapping-development,mapping-paired:i2:legacy:qrc,held,3,4,0.39580621398803223,0.007965875615574644,0.057081726305785944,0.3786187910470775,0.010143301292168224,0.059474824319626536,0.394014477346655,0.012395342838236486,0.058372961246486714,0.39580621398803223,0.007965875615574622,0.05708172630578593
dvs,mapping-development,mapping-paired:i2:pca:crc,train,3,4,0.7378524108585628,0.01558387225873943,0.02137075585991531,0.7349149632177051,0.016533669222482096,0.022603794296903283,0.7426290013969802,0.016146876661075827,0.021780135291602155,0.7378524108585628,0.01558387225873943,0.021370755859915182
dvs,mapping-development,mapping-paired:i2:pca:crc,held,3,4,0.5448954454636273,0.015065878111607348,0.068793990395235,0.5340661090203881,0.014812549951486785,0.07467261289253013,0.5556981061970396,0.01695603163978309,0.07318521478221049,0.5448954454636272,0.015065878111607325,0.06879399039523497
dvs,mapping-development,mapping-paired:i2:pca:projection,train,3,4,0.4761809977490778,0.0,0.03978133545147803,0.44024371272368984,0.0,0.04521404341459423,0.4937158193176758,0.0,0.052418162226752774,0.4761809977490778,0.0,0.039781335451478106
dvs,mapping-development,mapping-paired:i2:pca:projection,held,3,4,0.39352408954681684,0.0,0.023931945254475763,0.35053624678083645,6.798699777552591e-17,0.012341490143380684,0.40222378071026615,6.798699777552591e-17,0.035073913680561355,0.39352408954681684,0.0,0.02393194525447576
dvs,mapping-development,mapping-paired:i2:pca:qrc,train,3,4,0.6000619079585187,0.01678767638409504,0.022583154740478003,0.5854872686885394,0.02080155183295965,0.027596779766633866,0.6126387974677453,0.013584993927328003,0.02360751084243304,0.6000619079585185,0.016787676384095097,0.022583154740478003
dvs,mapping-development,mapping-paired:i2:pca:qrc,held,3,4,0.4280000302727575,0.026384194682837418,0.029766999903164143,0.4080118841248966,0.02222987730275166,0.030414169395457134,0.4396940355788385,0.02559451328965744,0.03963278363165935,0.4280000302727575,0.026384194682837394,0.02976699990316417
dvs,mapping-development,mapping-paired:i4:legacy:crc,train,3,4,0.6269345272317698,0.028352648312027617,0.025472705621317714,0.6209693279072782,0.02862538955771524,0.02470537113854548,0.6415770457758695,0.025904060619372633,0.026784187309412795,0.6269345272317698,0.028352648312027617,0.025472705621317714
dvs,mapping-development,mapping-paired:i4:legacy:crc,held,3,4,0.5090045686636596,0.024787302372022126,0.0894677266063776,0.4969206938495289,0.023703511927868487,0.09227595192036613,0.5403493134423383,0.024337201739292498,0.08019442026152668,0.5090045686636596,0.0247873023720221,0.08946772660637765
dvs,mapping-development,mapping-paired:i4:legacy:projection,train,3,4,0.5522457767312723,0.0,0.01489827144913972,0.5464953482433375,0.0,0.015373600631067208,0.5637787748464197,0.0,0.014889410979318753,0.5522457767312723,0.0,0.014898271449139687
dvs,mapping-development,mapping-paired:i4:legacy:projection,held,3,4,0.42048103411739773,6.798699777552591e-17,0.06169882278596307,0.41019639446455064,6.798699777552591e-17,0.05929517056842748,0.4538990029474433,6.798699777552591e-17,0.04031386913399673,0.42048103411739773,6.798699777552591e-17,0.06169882278596308
dvs,mapping-development,mapping-paired:i4:legacy:qrc,train,3,4,0.602913651408302,0.02030313892319899,0.010667728721695581,0.5963487390472292,0.02175194218449818,0.01122603807500877,0.6208617292106678,0.02034178945809677,0.010946947773221997,0.6029136514083019,0.020303138923198967,0.010667728721695581
dvs,mapping-development,mapping-paired:i4:legacy:qrc,held,3,4,0.4644137428228337,0.040556924112744856,0.07063342298147227,0.45029420466491316,0.04017048775762413,0.07231195591297494,0.5039353666270252,0.05391804298152111,0.05963748709570883,0.4644137428228338,0.04055692411274484,0.07063342298147224
dvs,mapping-development,mapping-paired:i4:pca:crc,train,3,4,0.852829127831963,0.013211016499674873,0.012542247756741577,0.8522433830784468,0.013608751370493702,0.012172233528836585,0.8562425927896125,0.014154535332181075,0.011544885837302893,0.852829127831963,0.013211016499674873,0.012542247756741577
dvs,mapping-development,mapping-paired:i4:pca:crc,held,3,4,0.7529175370084461,0.03163952521123817,0.07693486611910208,0.7484711624412687,0.031452050873869195,0.07261428690430703,0.779180177944092,0.023948157533505054,0.06241424708162899,0.7529175370084461,0.03163952521123817,0.07693486611910211
dvs,mapping-development,mapping-paired:i4:pca:projection,train,3,4,0.7219151149778368,1.3597399555105182e-16,0.013467839193026371,0.718284354917215,0.0,0.01142037880103812,0.7278686294276989,1.3597399555105182e-16,0.011513182300893179,0.7219151149778368,1.3597399555105182e-16,0.013467839193026321
dvs,mapping-development,mapping-paired:i4:pca:projection,held,3,4,0.5954500045409137,0.0,0.05517256087584128,0.5822264822198843,0.0,0.059061663527651735,0.6141654454486755,0.0,0.05681507626598136,0.5954500045409137,0.0,0.05517256087584137
dvs,mapping-development,mapping-paired:i4:pca:qrc,train,3,4,0.8405291708569119,0.008059089919645851,0.010296445634629666,0.8393487388889546,0.008259993733170328,0.010502786867706629,0.8420548862688738,0.00832433065063718,0.00988133690381918,0.8405291708569119,0.008059089919645851,0.010296445634629621
dvs,mapping-development,mapping-paired:i4:pca:qrc,held,3,4,0.6624060913833641,0.027631852883817448,0.05753771728793259,0.6579895269987442,0.026525714990549676,0.058791897383840136,0.6832071364616524,0.023728272076062824,0.05417838223761426,0.6624060913833641,0.027631852883817514,0.05753771728793259
dvs,mapping-robustness,mapping-robustness:i2:legacy:crc:p42,train,1,4,0.6452232259331516,,0.02549300133102277,0.6346531193599094,,0.027244589771517475,0.6554774257882204,,0.02650047348257578,0.6452232259331516,,0.025493001331022756
dvs,mapping-robustness,mapping-robustness:i2:legacy:crc:p42,held,1,4,0.4639413616686344,,0.053789328380475614,0.4371248525587359,,0.051064609394317756,0.4563052389032158,,0.04531685894653702,0.46394136166863437,,0.053789328380475655
dvs,mapping-robustness,mapping-robustness:i2:legacy:crc:p44,train,1,4,0.5028349508425749,,0.019864052689305634,0.4826549756251208,,0.02241816177089516,0.535395521795745,,0.03402732876208712,0.5028349508425749,,0.01986405268930564
dvs,mapping-robustness,mapping-robustness:i2:legacy:crc:p44,held,1,4,0.4017308449126631,,0.060845520787187045,0.37904711708212757,,0.05158099399844737,0.39519148053959097,,0.04932640234166098,0.4017308449126631,,0.060845520787187045
dvs,mapping-robustness,mapping-robustness:i2:legacy:crc:p46,train,1,4,0.6216346376065206,,0.030302299001444346,0.6109672029349705,,0.03199312398702363,0.6321976266692404,,0.036470453039641346,0.6216346376065207,,0.030302299001444304
dvs,mapping-robustness,mapping-robustness:i2:legacy:crc:p46,held,1,4,0.4417391320800412,,0.06343654992113192,0.4231724603667433,,0.05664777970113967,0.45573567793309205,,0.05821314267782273,0.4417391320800412,,0.06343654992113192
dvs,mapping-robustness,mapping-robustness:i2:legacy:projection:p42,train,1,4,0.42277382636598027,,0.0234708260782258,0.3895359345357605,,0.028607168277096084,0.45204315942836887,,0.03276303749367674,0.42277382636598027,,0.023470826078225752
dvs,mapping-robustness,mapping-robustness:i2:legacy:projection:p42,held,1,4,0.3202952350679623,,0.053137560486264765,0.2808027144345321,,0.05136437438449161,0.3164270453819182,,0.0504935458591334,0.3202952350679623,,0.05313756048626476
dvs,mapping-robustness,mapping-robustness:i2:legacy:projection:p44,train,1,4,0.3978363550491223,,0.01750671143796529,0.3691963688904409,,0.02169828637467647,0.4055455913019714,,0.03485398616053345,0.39783635504912235,,0.01750671143796531
dvs,mapping-robustness,mapping-robustness:i2:legacy:projection:p44,held,1,4,0.29800313323040595,,0.059577751572738334,0.2650436839831013,,0.04188280137166262,0.28855326126762343,,0.035674658447482195,0.298003133230406,,0.05957775157273836
dvs,mapping-robustness,mapping-robustness:i2:legacy:projection:p46,train,1,4,0.3945631242389161,,0.02366956633341456,0.3529505495547233,,0.020347258837571,0.39445655849724287,,0.031430245836089575,0.3945631242389161,,0.02366956633341452
dvs,mapping-robustness,mapping-robustness:i2:legacy:projection:p46,held,1,4,0.317067402294675,,0.04184954870427282,0.2683550864364586,,0.03690365067311136,0.2941598966054265,,0.05711102615855711,0.317067402294675,,0.04184954870427283
dvs,mapping-robustness,mapping-robustness:i2:legacy:qrc:p42,train,1,4,0.5900667546141412,,0.023175887157682786,0.5826249540445516,,0.025298221924150138,0.5946502316965954,,0.02420067933625556,0.590066754614141,,0.023175887157682745
dvs,mapping-robustness,mapping-robustness:i2:legacy:qrc:p42,held,1,4,0.3882556837102291,,0.04805692834556596,0.3762791046507858,,0.05303340269606997,0.3886885533531528,,0.05672348447878398,0.38825568371022917,,0.04805692834556596
dvs,mapping-robustness,mapping-robustness:i2:legacy:qrc:p44,train,1,4,0.5134138968753883,,0.025027503616017015,0.5019358596429718,,0.028794627413128326,0.5376669778451793,,0.030254604427308006,0.5134138968753884,,0.025027503616017063
dvs,mapping-robustness,mapping-robustness:i2:legacy:qrc:p44,held,1,4,0.3442617988072534,,0.03580420520982677,0.3245077493910513,,0.03875160643196565,0.35806901272081176,,0.04336251084525711,0.3442617988072534,,0.03580420520982675
dvs,mapping-robustness,mapping-robustness:i2:legacy:qrc:p46,train,1,4,0.538260019005219,,0.01572912779462427,0.5256204186732808,,0.01695734289435032,0.5558608840265117,,0.024441198553918287,0.5382600190052191,,0.015729127794624282
dvs,mapping-robustness,mapping-robustness:i2:legacy:qrc:p46,held,1,4,0.3974188690097781,,0.06889273215911379,0.38023670470268706,,0.0686422722187714,0.4263630346848549,,0.09294022244409518,0.39741886900977813,,0.06889273215911383
dvs,mapping-robustness,mapping-robustness:i4:legacy:crc:p42,train,1,4,0.6239809200390753,,0.02730376762915233,0.6193674170608281,,0.027140095169547872,0.642456263500894,,0.03194956185258616,0.6239809200390753,,0.02730376762915241
dvs,mapping-robustness,mapping-robustness:i4:legacy:crc:p42,held,1,4,0.5023887097750734,,0.08920994517304,0.4921739305252482,,0.0919652325233601,0.5407397158047923,,0.08172964309695355,0.5023887097750734,,0.08920994517304004
dvs,mapping-robustness,mapping-robustness:i4:legacy:crc:p44,train,1,4,0.8115245855381567,,0.018496798372537464,0.8099154981634005,,0.019018908602680504,0.814771751275337,,0.018569491777166266,0.8115245855381567,,0.018496798372537385
dvs,mapping-robustness,mapping-robustness:i4:legacy:crc:p44,held,1,4,0.5999909181727363,,0.0720230511531079,0.5920974476918796,,0.06642522308112171,0.6170651945291911,,0.06433936840875192,0.5999909181727364,,0.07202305115310792
dvs,mapping-robustness,mapping-robustness:i4:legacy:crc:p46,train,1,4,0.6602685889134636,,0.0233795765723422,0.6502402254076688,,0.026929042097356252,0.6653213244357586,,0.023340621075732815,0.6602685889134636,,0.0233795765723422
dvs,mapping-robustness,mapping-robustness:i4:legacy:crc:p46,held,1,4,0.5658839266793813,,0.05938282993500705,0.5484082612342454,,0.0554576988253954,0.5776626240082486,,0.05939063256533161,0.5658839266793813,,0.05938282993500704
dvs,mapping-robustness,mapping-robustness:i4:legacy:projection:p42,train,1,4,0.5522457767312723,,0.01489827144913972,0.5464953482433375,,0.015373600631067208,0.5637787748464197,,0.014889410979318753,0.5522457767312723,,0.014898271449139687
dvs,mapping-robustness,mapping-robustness:i4:legacy:projection:p42,held,1,4,0.4204810341173978,,0.06169882278596308,0.4101963944645507,,0.059295170568427494,0.45389900294744334,,0.04031386913399671,0.4204810341173978,,0.061698822785963094
dvs,mapping-robustness,mapping-robustness:i4:legacy:projection:p44,train,1,4,0.6130179165766498,,0.02756897769170755,0.6056738731801428,,0.02823079415519909,0.622057372214069,,0.029777609460446743,0.6130179165766497,,0.02756897769170759
dvs,mapping-robustness,mapping-robustness:i4:legacy:projection:p44,held,1,4,0.5062825432143614,,0.06988825767941972,0.48499371973181193,,0.06652537185837051,0.5321198770439768,,0.06538619701572759,0.5062825432143614,,0.06988825767941972
dvs,mapping-robustness,mapping-robustness:i4:legacy:projection:p46,train,1,4,0.55876623872259,,0.02781345653211533,0.541975800993865,,0.03153980997742865,0.5689746360250305,,0.02064836353867796,0.55876623872259,,0.02781345653211528
dvs,mapping-robustness,mapping-robustness:i4:legacy:projection:p46,held,1,4,0.49488484999848636,,0.03301073426812083,0.4721787857351739,,0.03227122664767841,0.5284841154551059,,0.028224194240903187,0.49488484999848636,,0.0330107342681209
dvs,mapping-robustness,mapping-robustness:i4:legacy:qrc:p42,train,1,4,0.6901040696046891,,0.012353917608747694,0.6863228281887398,,0.013358786856105802,0.6980463471997164,,0.008016856923166286,0.690104069604689,,0.012353917608747742
dvs,mapping-robustness,mapping-robustness:i4:legacy:qrc:p42,held,1,4,0.48489767807949624,,0.04395408996977862,0.4779863098029219,,0.04160053944801551,0.517286370961159,,0.04563513129586815,0.48489767807949624,,0.043954089969778704
dvs,mapping-robustness,mapping-robustness:i4:legacy:qrc:p44,train,1,4,0.6510688198286879,,0.02101619726681262,0.6440761186156432,,0.0208037135459827,0.6605769739610388,,0.02130592123599358,0.6510688198286879,,0.021016197266812635
dvs,mapping-robustness,mapping-robustness:i4:legacy:qrc:p44,held,1,4,0.5623495822359459,,0.06846646562214233,0.5534536664597343,,0.06990849741200941,0.5955529840185969,,0.0730574852592665,0.5623495822359459,,0.06846646562214231
dvs,mapping-robustness,mapping-robustness:i4:legacy:qrc:p46,train,1,4,0.7069726140922068,,0.014770014310017336,0.7052657307616601,,0.014975205698077554,0.7138761155450425,,0.014871202586745305,0.7069726140922069,,0.014770014310017296
dvs,mapping-robustness,mapping-robustness:i4:legacy:qrc:p46,held,1,4,0.5519121030484666,,0.0604506660562234,0.5434764947598756,,0.05915581034516939,0.5737409911917676,,0.06575197569360502,0.5519121030484666,,0.060450666056223394
shd,preprocessing-diagnostic,paper_counts,train,3,1,0.9600946372239748,0.03810282893629138,,0.9597845532610704,0.03864820422094205,,0.9611020211441829,0.03690270124663491,,0.9602548290722123,0.03791825503785536,
shd,preprocessing-diagnostic,paper_counts,held,3,1,0.7081497797356828,0.03635612519877547,,0.7029736556203163,0.03876492550500106,,0.7562724023715273,0.036962181748809955,,0.7096168203571395,0.03699160208697191,
shd,preprocessing-diagnostic,original_log,train,3,1,0.9152996845425867,0.01042442374880656,,0.9150021467406413,0.009866013781492284,,0.9193018310250496,0.009408193585240417,,0.915248330546148,0.010486223828733383,
shd,preprocessing-diagnostic,original_log,held,3,1,0.7323788546255506,0.013215859030836996,,0.7245342814439978,0.009367934504585219,,0.7680569563721084,0.016317648096425042,,0.7345803814635762,0.01371233851248543,
shd,preprocessing-diagnostic,selected_log,train,3,1,0.7941114616193481,0.0012251503888255424,,0.7880971769413533,0.0022731056998701233,,0.8173934773801425,0.0038552469451855306,,0.7939897854397849,0.001853415716838962,
shd,preprocessing-diagnostic,selected_log,held,3,1,0.6796989720998532,0.03741793100818545,,0.6641336538367663,0.038090050210509686,,0.7207525632772688,0.026728357799785895,,0.682710309207518,0.03787555201729757,
dvs,confirmation,comparison:fixed12:q4-i2-crc,train,3,1,0.671590909090909,0.0292158184822328,,0.6668446349762295,0.029039282325869074,,0.6804701010327919,0.028494616893487795,,0.671590909090909,0.029215818482232817,
dvs,confirmation,comparison:fixed12:q4-i2-crc,held,3,1,0.5668358714043994,0.05109871022179864,,0.5477736418825492,0.060775504896155554,,0.5874161212289157,0.05356327515388989,,0.5659536541889483,0.05129317612849018,
dvs,confirmation,comparison:fixed12:q4-i2-qrc,train,3,1,0.6590909090909092,0.004545454545454575,,0.6528792852409991,0.0035107393438255714,,0.6671111831524422,0.004768210969187427,,0.6590909090909092,0.004545454545454575,
dvs,confirmation,comparison:fixed12:q4-i2-qrc,held,3,1,0.5786802030456853,0.028262763263096586,,0.553470785106699,0.03777803079281444,,0.6061135230317428,0.028298804276741765,,0.5776391364626658,0.02814721135185075,
dvs,confirmation,comparison:fixed12:q6-i2-crc,train,3,1,0.671590909090909,0.0292158184822328,,0.6668446349762295,0.029039282325869074,,0.6804701010327919,0.028494616893487795,,0.671590909090909,0.029215818482232817,
dvs,confirmation,comparison:fixed12:q6-i2-crc,held,3,1,0.5668358714043994,0.05109871022179864,,0.5477736418825492,0.060775504896155554,,0.5874161212289157,0.05356327515388989,,0.5659536541889483,0.05129317612849018,
dvs,confirmation,comparison:fixed12:q6-i2-qrc,train,3,1,0.6344696969696969,0.03612016027042842,,0.6253523006944125,0.04175748909297734,,0.6411241582334767,0.034479800055184306,,0.634469696969697,0.03612016027042836,
dvs,confirmation,comparison:fixed12:q6-i2-qrc,held,3,1,0.571912013536379,0.04877676922301038,,0.5471072439039422,0.048740822746012366,,0.58645896552391,0.04831391178182448,,0.5710041592394534,0.04837072100254957,
dvs,confirmation,comparison:fixed12:q6-i4-crc,train,3,1,0.8178030303030304,0.009185117918925867,,0.815930840962722,0.008850541802034059,,0.8245019679415968,0.006103246662817932,,0.8178030303030304,0.009185117918925817,
dvs,confirmation,comparison:fixed12:q6-i4-crc,held,3,1,0.8426395939086294,0.017584272158059657,,0.8370836770043667,0.016257533978138127,,0.8682947098588999,0.01936665541103714,,0.8408595761536938,0.017838510991004516,
dvs,confirmation,comparison:fixed12:q6-i4-qrc,train,3,1,0.8526515151515152,0.005831365272098725,,0.8526682019361579,0.006165666947370852,,0.8559935255497239,0.007370513382379285,,0.8526515151515152,0.005831365272098834,
dvs,confirmation,comparison:fixed12:q6-i4-qrc,held,3,1,0.8087986463620981,0.01782682530093526,,0.8083513568177118,0.019373140465615377,,0.8396582561155365,0.010233072202870484,,0.8080808080808081,0.01755840981079888,
dvs,confirmation,comparison:fixed12:q8-i2-crc,train,3,1,0.671590909090909,0.0292158184822328,,0.6668446349762295,0.029039282325869074,,0.6804701010327919,0.028494616893487795,,0.671590909090909,0.029215818482232817,
dvs,confirmation,comparison:fixed12:q8-i2-crc,held,3,1,0.5668358714043994,0.05109871022179864,,0.5477736418825492,0.060775504896155554,,0.5874161212289157,0.05356327515388989,,0.5659536541889483,0.05129317612849018,
dvs,confirmation,comparison:fixed12:q8-i2-qrc,train,3,1,0.6655303030303031,0.048986807410521055,,0.6603518092916733,0.05171275829061189,,0.6695665847119359,0.05363938780795931,,0.665530303030303,0.04898680741052112,
dvs,confirmation,comparison:fixed12:q8-i2-qrc,held,3,1,0.5685279187817259,0.023261805558151483,,0.5496652121719006,0.02373151877055548,,0.5890616030647252,0.009426628312309003,,0.56763715587245,0.02327425263319363,
dvs,confirmation,comparison:fixed12:q8-i4-crc,train,3,1,0.8178030303030304,0.009185117918925867,,0.815930840962722,0.008850541802034059,,0.8245019679415968,0.006103246662817932,,0.8178030303030304,0.009185117918925817,
dvs,confirmation,comparison:fixed12:q8-i4-crc,held,3,1,0.8426395939086294,0.017584272158059657,,0.8370836770043667,0.016257533978138127,,0.8682947098588999,0.01936665541103714,,0.8408595761536938,0.017838510991004516,
dvs,confirmation,comparison:fixed12:q8-i4-qrc,train,3,1,0.8151515151515151,0.025163035879155127,,0.8141223711144203,0.024972996514438576,,0.8163393620466927,0.025115950153919774,,0.8151515151515151,0.02516303587915506,
dvs,confirmation,comparison:fixed12:q8-i4-qrc,held,3,1,0.8087986463620981,0.06759723978151669,,0.8076558928045764,0.06752236253941957,,0.8363263445482086,0.05193506959390616,,0.8073876015052486,0.06757202312048075,
dvs,confirmation,comparison:fixed12:q8-i6-crc,train,3,1,0.809469696969697,0.012150768888140519,,0.808409213530393,0.012609492580948442,,0.8173480526803284,0.010931243139524368,,0.809469696969697,0.012150768888140519,
dvs,confirmation,comparison:fixed12:q8-i6-crc,held,3,1,0.8223350253807107,0.04511773815896239,,0.8193488791650246,0.04703932218650189,,0.8350592844275156,0.0548689339972917,,0.820855614973262,0.04488987079452329,
dvs,confirmation,comparison:fixed12:q8-i6-qrc,train,3,1,0.8068181818181818,0.050501104643838564,,0.8047031716775814,0.05017195729964378,,0.8138103207329032,0.05037465605610549,,0.8068181818181818,0.050501104643838564,
dvs,confirmation,comparison:fixed12:q8-i6-qrc,held,3,1,0.820642978003384,0.05135022303043495,,0.8139810295410804,0.049723775340880134,,0.8383662572221536,0.05026937683343152,,0.8191721132897604,0.05106495877723707,
dvs,confirmation,comparison:fixed:q4-i2-crc,train,3,1,0.671590909090909,0.0292158184822328,,0.6668446349762295,0.029039282325869074,,0.6804701010327919,0.028494616893487795,,0.671590909090909,0.029215818482232817,
dvs,confirmation,comparison:fixed:q4-i2-crc,held,3,1,0.5668358714043994,0.05109871022179864,,0.5477736418825492,0.060775504896155554,,0.5874161212289157,0.05356327515388989,,0.5659536541889483,0.05129317612849018,
dvs,confirmation,comparison:fixed:q4-i2-qrc,train,3,1,0.6590909090909092,0.004545454545454575,,0.6528792852409991,0.0035107393438255714,,0.6671111831524422,0.004768210969187427,,0.6590909090909092,0.004545454545454575,
dvs,confirmation,comparison:fixed:q4-i2-qrc,held,3,1,0.5786802030456853,0.028262763263096586,,0.553470785106699,0.03777803079281444,,0.6061135230317428,0.028298804276741765,,0.5776391364626658,0.02814721135185075,
dvs,confirmation,comparison:fixed:q6-i2-crc,train,3,1,0.7147727272727273,0.02235490406012046,,0.7112254371548482,0.022816760607739125,,0.7189535493995006,0.02345038745986557,,0.7147727272727273,0.02235490406012046,
dvs,confirmation,comparison:fixed:q6-i2-crc,held,3,1,0.5972927241962774,0.01782682530093526,,0.5862480940827051,0.016553255350741116,,0.6188136310642399,0.02021895655757401,,0.5967518320459496,0.01792488856977226,
dvs,confirmation,comparison:fixed:q6-i2-qrc,train,3,1,0.6696969696969698,0.025418331923950908,,0.6634327883643252,0.028456459216341826,,0.6760683087769993,0.024653197522725,,0.6696969696969696,0.02541833192395086,
dvs,confirmation,comparison:fixed:q6-i2-qrc,held,3,1,0.5939086294416244,0.026860419401670946,,0.5711584907590156,0.032424732315837285,,0.5993311781537972,0.02014777857245019,,0.5928896811249752,0.026612787667285063,
dvs,confirmation,comparison:fixed:q6-i4-crc,train,3,1,0.8344696969696969,0.01889008733301769,,0.833931169087021,0.018926310407176638,,0.8377434885790606,0.01895784752804959,,0.8344696969696971,0.01889008733301769,
dvs,confirmation,comparison:fixed:q6-i4-crc,held,3,1,0.844331641285956,0.04549688548138323,,0.8424285065593854,0.04685789368666539,,0.8637453207214625,0.03653702764462302,,0.8427411368587839,0.04526710323147728,
dvs,confirmation,comparison:fixed:q6-i4-qrc,train,3,1,0.8950757575757575,0.003990777936686639,,0.8951860345218049,0.003854251913115562,,0.8968113139792658,0.004263230237214022,,0.8950757575757575,0.0039907779366865756,
dvs,confirmation,comparison:fixed:q6-i4-qrc,held,3,1,0.8477157360406092,0.02326180555815148,,0.8496880405230497,0.019948618097214328,,0.8731743968413328,0.011811463393406585,,0.8469003763121411,0.02311252041572912,
dvs,confirmation,comparison:fixed:q8-i2-crc,train,3,1,0.693560606060606,0.008529038067574017,,0.6882359958711372,0.009810397329990148,,0.7040991941132305,0.009991888431320964,,0.693560606060606,0.008529038067573953,
dvs,confirmation,comparison:fixed:q8-i2-crc,held,3,1,0.6159052453468697,0.007753935186050465,,0.597325359461058,0.003620392237870805,,0.6599029081314004,0.008049261833000114,,0.6146761734997028,0.007585944940465666,
dvs,confirmation,comparison:fixed:q8-i2-qrc,train,3,1,0.7712121212121211,0.04080373639240979,,0.7697485948665003,0.04233154620056552,,0.7738052417791165,0.04015258997805095,,0.7712121212121211,0.04080373639240979,
dvs,confirmation,comparison:fixed:q8-i2-qrc,held,3,1,0.6023688663282571,0.05135022303043495,,0.585230097429791,0.04984032897569957,,0.6107629810228391,0.054538533856023634,,0.6015052485640721,0.051419780167782744,
dvs,confirmation,comparison:fixed:q8-i4-crc,train,3,1,0.8678030303030303,0.002365529544847869,,0.8671274154527788,0.003155166859224783,,0.8722627205601499,0.0035664952652055878,,0.8678030303030305,0.0023655295448478868,
dvs,confirmation,comparison:fixed:q8-i4-crc,held,3,1,0.8477157360406092,0.005076142131979711,,0.8448598683588407,0.0046586974611475705,,0.8575661946108232,0.00559108218717228,,0.8462071697365815,0.005199756622232127,
dvs,confirmation,comparison:fixed:q8-i4-qrc,train,3,1,0.8875000000000001,0.004545454545454575,,0.8876937422846587,0.004567235197271039,,0.8896272954435812,0.00490473079354511,,0.8875000000000001,0.004545454545454575,
dvs,confirmation,comparison:fixed:q8-i4-qrc,held,3,1,0.8798646362098138,0.03379861989075833,,0.8797132072017705,0.03433948140199353,,0.8961554417660097,0.03123222398353603,,0.8787878787878789,0.033868092691622144,
dvs,confirmation,comparison:fixed:q8-i6-crc,train,3,1,0.8818181818181818,0.017494095816296174,,0.8816647847416875,0.01814378189448015,,0.8867356225435122,0.017160087403927476,,0.8818181818181818,0.017494095816296115,
dvs,confirmation,comparison:fixed:q8-i6-crc,held,3,1,0.8764805414551607,0.01465356013171637,,0.8720102864136076,0.01427802918121868,,0.8877716968274244,0.015563353468073787,,0.8746286393345217,0.01466606660391854,
dvs,confirmation,comparison:fixed:q8-i6-qrc,train,3,1,0.8984848484848484,0.030008033818694473,,0.8981045028338782,0.030327288160018305,,0.8999548121388887,0.02977172196010676,,0.8984848484848484,0.030008033818694557,
dvs,confirmation,comparison:fixed:q8-i6-qrc,held,3,1,0.8663282571912013,0.043172084000585705,,0.8647468038322225,0.04586967282786266,,0.8815751667057361,0.03874519352362231,,0.8653198653198654,0.04273361491013986,
dvs,confirmation,comparison:projection:i2,train,3,1,0.4625000000000001,6.798699777552591e-17,,0.4139407442157566,0.0,,0.5042365512433956,0.0,,0.4625000000000001,6.798699777552591e-17,
dvs,confirmation,comparison:projection:i2,held,3,1,0.3756345177664975,0.0,,0.3173566570305701,0.0,,0.3852165408024511,0.0,,0.3749257278669043,0.0,
dvs,confirmation,comparison:projection:i4,train,3,1,0.7022727272727273,0.0,,0.6980082959260182,0.0,,0.7061965700674775,0.0,,0.7022727272727273,0.0,
dvs,confirmation,comparison:projection:i4,held,3,1,0.6751269035532995,0.0,,0.6570337470923714,0.0,,0.7192514388738646,1.3597399555105182e-16,,0.6740938799762329,0.0,
dvs,confirmation,comparison:projection:i6,train,3,1,0.7238636363636365,1.3597399555105182e-16,,0.7197732202878296,0.0,,0.734299180347919,0.0,,0.7238636363636365,1.3597399555105182e-16,
dvs,confirmation,comparison:projection:i6,held,3,1,0.7055837563451778,1.3597399555105182e-16,,0.6977266276171886,0.0,,0.7335062345947513,0.0,,0.7043969102792631,0.0,
dvs,confirmation,comparison:tuned:q4-i2-crc,train,3,1,0.7049242424242425,0.012517205789286638,,0.7006003987583657,0.01292484645699316,,0.7120656595129189,0.012275512878041921,,0.7049242424242425,0.012517205789286537,
dvs,confirmation,comparison:tuned:q4-i2-crc,held,3,1,0.5820642978003384,0.025549355110899348,,0.5582849868809746,0.02448456087360475,,0.5863023511335849,0.026027215382001548,,0.581303228362052,0.025522539049883095,
dvs,confirmation,comparison:tuned:q4-i2-qrc,train,3,1,0.6996212121212121,0.01182764772423937,,0.6963319560704379,0.011691507169279866,,0.7026984062226026,0.013633850347403702,,0.6996212121212121,0.011827647724239327,
dvs,confirmation,comparison:tuned:q4-i2-qrc,held,3,1,0.5888324873096447,0.02637640823708952,,0.5750700317529907,0.03041511360624026,,0.6078420294814278,0.02940719135537853,,0.5879382055852646,0.026500896587758484,
dvs,confirmation,comparison:tuned:q6-i2-crc,train,3,1,0.7299242424242425,0.009664659713767482,,0.7267734794038462,0.00973644673006304,,0.7345676045143819,0.008538722600728015,,0.7299242424242424,0.009664659713767544,
dvs,confirmation,comparison:tuned:q6-i2-crc,held,3,1,0.5854483925549915,0.0029307120263432867,,0.5605870287253092,0.006897369216055693,,0.5866779582610285,0.016907504735097834,,0.5849673202614379,0.002834043973312304,
dvs,confirmation,comparison:tuned:q6-i2-qrc,train,3,1,0.6696969696969698,0.025418331923950908,,0.6634327883643252,0.028456459216341826,,0.6760683087769993,0.024653197522725,,0.6696969696969696,0.02541833192395086,
dvs,confirmation,comparison:tuned:q6-i2-qrc,held,3,1,0.5939086294416244,0.026860419401670946,,0.5711584907590156,0.032424732315837285,,0.5993311781537972,0.02014777857245019,,0.5928896811249752,0.026612787667285063,
dvs,confirmation,comparison:tuned:q6-i4-crc,train,3,1,0.8939393939393939,0.007305796031055239,,0.8938722423309388,0.006865318433786845,,0.8954042326456876,0.006432558067097343,,0.893939393939394,0.007305796031055279,
dvs,confirmation,comparison:tuned:q6-i4-crc,held,3,1,0.8595600676818952,0.02795721089992941,,0.8561759367011407,0.028019097101526044,,0.8818880354557491,0.03455203460712724,,0.8576945929887106,0.027619648347894085,
dvs,confirmation,comparison:tuned:q6-i4-qrc,train,3,1,0.8950757575757575,0.003990777936686639,,0.8951860345218049,0.003854251913115562,,0.8968113139792658,0.004263230237214022,,0.8950757575757575,0.0039907779366865756,
dvs,confirmation,comparison:tuned:q6-i4-qrc,held,3,1,0.8477157360406092,0.02326180555815148,,0.8496880405230497,0.019948618097214328,,0.8731743968413328,0.011811463393406585,,0.8469003763121411,0.02311252041572912,
dvs,confirmation,comparison:tuned:q8-i2-crc,train,3,1,0.7496212121212121,0.008604406584545903,,0.7477266591082564,0.008186346638068229,,0.7516468862660544,0.008537648066213566,,0.7496212121212121,0.008604406584545863,
dvs,confirmation,comparison:tuned:q8-i2-crc,held,3,1,0.6362098138747885,0.017826825300935257,,0.6219401564856802,0.017531743417102272,,0.64662176174918,0.015055042099397793,,0.6352743117449,0.017581852290945867,
dvs,confirmation,comparison:tuned:q8-i2-qrc,train,3,1,0.7712121212121211,0.04080373639240979,,0.7697485948665003,0.04233154620056552,,0.7738052417791165,0.04015258997805095,,0.7712121212121211,0.04080373639240979,
dvs,confirmation,comparison:tuned:q8-i2-qrc,held,3,1,0.6023688663282571,0.05135022303043495,,0.585230097429791,0.04984032897569957,,0.6107629810228391,0.054538533856023634,,0.6015052485640721,0.051419780167782744,
dvs,confirmation,comparison:tuned:q8-i4-crc,train,3,1,0.890909090909091,0.007954545454545443,,0.8911104068969095,0.008140322851088302,,0.893669227042151,0.0074695790470718365,,0.890909090909091,0.007954545454545405,
dvs,confirmation,comparison:tuned:q8-i4-crc,held,3,1,0.8697123519458545,0.010566832484599628,,0.866650327754331,0.013042646981631897,,0.8873507977947086,0.018877627998496713,,0.8677956030897206,0.010846783281954053,
dvs,confirmation,comparison:tuned:q8-i4-qrc,train,3,1,0.8875000000000001,0.004545454545454575,,0.8876937422846587,0.004567235197271039,,0.8896272954435812,0.00490473079354511,,0.8875000000000001,0.004545454545454575,
dvs,confirmation,comparison:tuned:q8-i4-qrc,held,3,1,0.8798646362098138,0.03379861989075833,,0.8797132072017705,0.03433948140199353,,0.8961554417660097,0.03123222398353603,,0.8787878787878789,0.033868092691622144,
dvs,confirmation,comparison:tuned:q8-i6-crc,train,3,1,0.9098484848484848,0.003990777936686692,,0.9096636508562995,0.004130216375249616,,0.9110575575733736,0.004461902882942888,,0.9098484848484848,0.003990777936686745,
dvs,confirmation,comparison:tuned:q8-i6-crc,held,3,1,0.8883248730964467,0.010152284263959421,,0.8864310857099094,0.008896066078791585,,0.9029802140926849,0.006375128155393941,,0.8866112101406219,0.010106833687600044,
dvs,confirmation,comparison:tuned:q8-i6-qrc,train,3,1,0.8984848484848484,0.030008033818694473,,0.8981045028338782,0.030327288160018305,,0.8999548121388887,0.02977172196010676,,0.8984848484848484,0.030008033818694557,
dvs,confirmation,comparison:tuned:q8-i6-qrc,held,3,1,0.8663282571912013,0.043172084000585705,,0.8647468038322225,0.04586967282786266,,0.8815751667057361,0.03874519352362231,,0.8653198653198654,0.04273361491013986,
dvs,confirmation,observations:crc2:all,train,3,1,0.6651515151515152,0.010558605958156303,,0.6580922928224163,0.012511070914215784,,0.6767641494317567,0.014617350301610118,,0.6651515151515152,0.010558605958156265,
dvs,confirmation,observations:crc2:all,held,3,1,0.6108291032148899,0.01631751397799145,,0.5917457269331515,0.018715639808142767,,0.6469589678479085,0.016167237866585096,,0.6106159635571401,0.016343469957440415,
dvs,confirmation,observations:crc2:products,train,3,1,0.6833333333333332,0.014388954479714102,,0.6780250744043365,0.014546902535336075,,0.6918339071647743,0.015087647831530479,,0.6833333333333332,0.014388954479714038,
dvs,confirmation,observations:crc2:products,held,3,1,0.6125211505922167,0.019217963945178586,,0.5956094599415437,0.022146168209021905,,0.6430360105720487,0.014402351038815632,,0.6120023767082591,0.019226012700372466,
dvs,confirmation,observations:crc2:width24,train,3,1,0.693939393939394,0.004592558959462904,,0.688565276414161,0.0061561333967953226,,0.6999607148376744,0.006179772709411585,,0.693939393939394,0.004592558959462904,
dvs,confirmation,observations:crc2:width24,held,3,1,0.6294416243654822,0.005076142131979711,,0.6146050525521131,0.003892742465410139,,0.668186159191158,0.01394180408545934,,0.6285403050108932,0.0049027109504799615,
dvs,confirmation,observations:crc4:all,train,3,1,0.8636363636363636,0.008875283722621186,,0.8638516599486254,0.008336890903018382,,0.8673818716961161,0.006050379650158002,,0.8636363636363636,0.00887528372262115,
dvs,confirmation,observations:crc4:all,held,3,1,0.844331641285956,0.02795721089992947,,0.8427706079100986,0.029373582205907276,,0.8726311183857178,0.03274165044290181,,0.8426421073479897,0.027744527386262624,
dvs,confirmation,observations:crc4:products,train,3,1,0.9098484848484848,0.010558605958156348,,0.9097221516253503,0.010481218824934276,,0.9106544851643935,0.010288610988416763,,0.9098484848484848,0.01055860595815627,
dvs,confirmation,observations:crc4:products,held,3,1,0.8730964467005077,0.010152284263959366,,0.8715173365283144,0.011266223630171334,,0.8983806693258786,0.013411488345834218,,0.8714596949891068,0.01024991316349681,
dvs,confirmation,observations:crc4:width24,train,3,1,0.9098484848484848,0.005605548707177549,,0.9097417446956747,0.005644323303568851,,0.9110419089420123,0.005737544108145105,,0.9098484848484848,0.005605548707177549,
dvs,confirmation,observations:crc4:width24,held,3,1,0.8663282571912013,0.012774677555449648,,0.8620800843703161,0.015161461415491038,,0.8896136706600615,0.008739539050726417,,0.8641315111903348,0.012971353925002935,
dvs,confirmation,observations:projection:i2,train,3,1,0.45568181818181824,6.798699777552591e-17,,0.40357276329851605,0.0,,0.5041789946861989,0.0,,0.45568181818181824,6.798699777552591e-17,
dvs,confirmation,observations:projection:i2,held,3,1,0.38071065989847713,0.0,,0.32146447731486094,0.0,,0.3857553513679996,0.0,,0.3799762329174093,6.798699777552591e-17,
dvs,confirmation,observations:projection:i4,train,3,1,0.7079545454545455,0.0,,0.7044667865570692,0.0,,0.7114668825588174,0.0,,0.7079545454545454,0.0,
dvs,confirmation,observations:projection:i4,held,3,1,0.6649746192893401,0.0,,0.6516127978106536,0.0,,0.6782941230309653,0.0,,0.6639928698752228,0.0,
dvs,confirmation,observations:qrc2:all,train,3,1,0.7083333333333334,0.020018500396551266,,0.7059368238507014,0.021450330523762787,,0.712647568013293,0.022321685123489407,,0.7083333333333334,0.020018500396551266,
dvs,confirmation,observations:qrc2:all,held,3,1,0.587140439932318,0.03379861989075833,,0.5742264144000012,0.03976715947907548,,0.5922503287256791,0.04330794596784879,,0.586452762923351,0.03346435612674681,
dvs,confirmation,observations:qrc2:products,train,3,1,0.6825757575757576,0.02480120687101648,,0.6772833736119832,0.026942942220148897,,0.6868520538313055,0.026383020464694203,,0.6825757575757576,0.02480120687101642,
dvs,confirmation,observations:qrc2:products,held,3,1,0.6091370558375635,0.013430209700835463,,0.5916281234069246,0.014974294254121752,,0.6223572656194204,0.011989922680666147,,0.6081402257872845,0.013082019522462301,
dvs,confirmation,observations:qrc2:zz,train,3,1,0.7018939393939393,0.021511016461364673,,0.6979963637945974,0.023173742171292217,,0.7080152437673274,0.022901641803948523,,0.7018939393939393,0.02151101646136461,
dvs,confirmation,observations:qrc2:zz,held,3,1,0.5888324873096447,0.026860419401670988,,0.5668744338762316,0.029274760730736163,,0.602201980006228,0.0033201977434905382,,0.5878391760744702,0.026612787667285063,
dvs,confirmation,observations:qrc4:all,train,3,1,0.8924242424242425,0.003990777936686634,,0.8926328441438253,0.0037854673813271698,,0.8943161409186877,0.003659345601568026,,0.8924242424242425,0.003990777936686634,
dvs,confirmation,observations:qrc4:all,held,3,1,0.8460236886632826,0.026048738271303995,,0.8469526789064412,0.022746581627997572,,0.8712825537452612,0.014316340191209663,,0.8451178451178452,0.025842148835234873,
dvs,confirmation,observations:qrc4:products,train,3,1,0.8723484848484847,0.012772511590975292,,0.8723468335216341,0.012677761176477882,,0.8744771913824859,0.012663925273471781,,0.8723484848484847,0.012772511590975292,
dvs,confirmation,observations:qrc4:products,held,3,1,0.844331641285956,0.007753935186050514,,0.8458023089342745,0.008083105249024412,,0.8688161356143084,0.003512650953816436,,0.8434343434343435,0.007977255842006795,
dvs,confirmation,observations:qrc4:zz,train,3,1,0.8746212121212121,0.009462118179391521,,0.8746272313767035,0.009222295433054188,,0.8766064159381207,0.009144070690378488,,0.8746212121212121,0.009462118179391521,
dvs,confirmation,observations:qrc4:zz,held,3,1,0.8544839255499155,0.01056683248459969,,0.8545626181003039,0.00828978223486289,,0.8820996823774635,0.007459312193323146,,0.8534363240245594,0.0100147188513341,
dvs,confirmation,practical:large-crc,train,3,1,0.9965909090909091,0.001968239554055547,,0.9965969091768424,0.0019630317257355516,,0.9967134853346367,0.001874653349281557,,0.996590909090909,0.0019682395540556114,
dvs,confirmation,practical:large-crc,held,3,1,0.8934010152284264,0.010152284263959421,,0.888799538088851,0.009695063268917382,,0.9133806902505328,0.007788466045271516,,0.8916617151911269,0.010249913163496807,
dvs,confirmation,practical:lstm,train,3,1,0.8912878787878787,0.013170711099025529,,0.8902050590989498,0.012422703432612805,,0.8956606716147796,0.011287042117561959,,0.8912878787878786,0.013170711099025538,
dvs,confirmation,practical:lstm,held,3,1,0.7952622673434857,0.010566832484599628,,0.7871237358798675,0.010501502841851938,,0.8328524414495854,0.01186578044695523,,0.7929292929292929,0.01042353225956555,
dvs,confirmation,practical:transformer,train,3,1,0.9958333333333335,0.002859785770935914,,0.9958313191945279,0.002862384594896509,,0.9959772481711746,0.0027024544299774074,,0.9958333333333335,0.002859785770935855,
dvs,confirmation,practical:transformer,held,3,1,0.8155668358714044,0.007753935186050514,,0.8099102325728044,0.009177017026259593,,0.847781132719764,0.006239696272578531,,0.8140225787284612,0.007792559149497348,
dvs,confirmation,recurrence:crc:all,train,3,1,0.8537878787878789,0.007305796031055279,,0.8533895849321399,0.0073226065798132674,,0.8553355221237222,0.007117482855072385,,0.8537878787878789,0.0073057960310553595,
dvs,confirmation,recurrence:crc:all,held,3,1,0.7648054145516076,0.010566832484599645,,0.7571226554157452,0.009475756874502349,,0.7887878111622997,0.00886420056900783,,0.7634184987126164,0.010680046940847086,
dvs,confirmation,recurrence:crc:partial,train,3,1,0.8939393939393939,0.007305796031055239,,0.8938722423309388,0.006865318433786845,,0.8954042326456876,0.006432558067097343,,0.893939393939394,0.007305796031055279,
dvs,confirmation,recurrence:crc:partial,held,3,1,0.8595600676818952,0.02795721089992941,,0.8561759367011407,0.028019097101526044,,0.8818880354557491,0.03455203460712724,,0.8576945929887106,0.027619648347894085,
dvs,confirmation,recurrence:qrc:all,train,3,1,0.8492424242424242,0.006560798513518469,,0.8488013661181935,0.0066234565389672925,,0.8517239489842705,0.006937955665576961,,0.8492424242424242,0.006560798513518533,
dvs,confirmation,recurrence:qrc:all,held,3,1,0.7648054145516073,0.015507870372100978,,0.7622076234645633,0.01483917629735283,,0.7919254154246628,0.024415856340597716,,0.7641117052881757,0.015559613042392745,
dvs,confirmation,recurrence:qrc:partial,train,3,1,0.8950757575757575,0.003990777936686639,,0.8951860345218049,0.003854251913115562,,0.8968113139792658,0.004263230237214022,,0.8950757575757575,0.0039907779366865756,
dvs,confirmation,recurrence:qrc:partial,held,3,1,0.8477157360406092,0.02326180555815148,,0.8496880405230497,0.019948618097214328,,0.8731743968413328,0.011811463393406585,,0.8469003763121411,0.02311252041572912,
shd,confirmation,comparison:fixed12:q4-i2-crc,train,3,1,0.6778654048370137,0.005603995363773195,,0.6574046981245255,0.010236532566084823,,0.6843681206157649,0.005552425548949734,,0.6773327540463653,0.0057277741138498026,
shd,confirmation,comparison:fixed12:q4-i2-crc,held,3,1,0.5058737151248165,0.02175865126686852,,0.46951819388209154,0.030307663458279316,,0.5607858435200557,0.01922655980358092,,0.507408392959944,0.02280372782190057,
shd,confirmation,comparison:fixed12:q4-i2-qrc,train,3,1,0.6861724500525762,0.02151845830766955,,0.669390862392555,0.02516930815407251,,0.6890200190923967,0.02132464382682002,,0.6854777322012054,0.02134725783316225,
shd,confirmation,comparison:fixed12:q4-i2-qrc,held,3,1,0.5218428781204111,0.024393299404133546,,0.4892548417631753,0.022499278015163333,,0.5528296902297684,0.022883188713038523,,0.5216310408426637,0.024520859524813983,
shd,confirmation,comparison:fixed12:q6-i2-crc,train,3,1,0.6778654048370137,0.005603995363773195,,0.6574046981245255,0.010236532566084823,,0.6843681206157649,0.005552425548949734,,0.6773327540463653,0.0057277741138498026,
shd,confirmation,comparison:fixed12:q6-i2-crc,held,3,1,0.5058737151248165,0.02175865126686852,,0.46951819388209154,0.030307663458279316,,0.5607858435200557,0.01922655980358092,,0.507408392959944,0.02280372782190057,
shd,confirmation,comparison:fixed12:q6-i2-qrc,train,3,1,0.7122502628811777,0.014186233630703989,,0.6998356814563546,0.016561284806060204,,0.7175538749488407,0.013173359260103257,,0.7117388992831716,0.014135736174586688,
shd,confirmation,comparison:fixed12:q6-i2-qrc,held,3,1,0.5361600587371512,0.035662815498375265,,0.505536917695257,0.04022357593217452,,0.5789525972761257,0.04364370055976405,,0.5361790820151775,0.03589995771722962,
shd,confirmation,comparison:fixed12:q6-i4-crc,train,3,1,0.7696109358569926,0.012565280318226018,,0.7607494161763283,0.014849627756805523,,0.7720415591294135,0.011311284134479257,,0.7692482633457955,0.012701670461915626,
shd,confirmation,comparison:fixed12:q6-i4-crc,held,3,1,0.5506607929515419,0.011925334706887511,,0.5310596831735404,0.012200324658011297,,0.6039145147915,0.006602182534112375,,0.5516524157067452,0.012583009880015535,
shd,confirmation,comparison:fixed12:q6-i4-qrc,train,3,1,0.7267613038906414,0.007632070372922869,,0.7169693515275913,0.007997093691297185,,0.7281534958325842,0.014466923320698377,,0.7260269669669359,0.007310139719358153,
shd,confirmation,comparison:fixed12:q6-i4-qrc,held,3,1,0.5007342143906021,0.02887864566125271,,0.4719605309179011,0.027081220316589265,,0.5462118991837529,0.045132170248452085,,0.4998642680162147,0.028755974127605565,
shd,confirmation,comparison:fixed12:q8-i2-crc,train,3,1,0.6778654048370137,0.005603995363773195,,0.6574046981245255,0.010236532566084823,,0.6843681206157649,0.005552425548949734,,0.6773327540463653,0.0057277741138498026,
shd,confirmation,comparison:fixed12:q8-i2-crc,held,3,1,0.5058737151248165,0.02175865126686852,,0.46951819388209154,0.030307663458279316,,0.5607858435200557,0.01922655980358092,,0.507408392959944,0.02280372782190057,
shd,confirmation,comparison:fixed12:q8-i2-qrc,train,3,1,0.7135120925341746,0.0030516870369992725,,0.7015488005259168,0.00242168273302643,,0.718965782003794,0.006342415539155124,,0.7129926803077025,0.0031441373149428795,
shd,confirmation,comparison:fixed12:q8-i2-qrc,held,3,1,0.5297356828193832,0.04081210124160307,,0.4928378876634512,0.04111127724679762,,0.5497174139608605,0.05696613737081246,,0.5298483519754901,0.04106427041974688,
shd,confirmation,comparison:fixed12:q8-i4-crc,train,3,1,0.7696109358569926,0.012565280318226018,,0.7607494161763283,0.014849627756805523,,0.7720415591294135,0.011311284134479257,,0.7692482633457955,0.012701670461915626,
shd,confirmation,comparison:fixed12:q8-i4-crc,held,3,1,0.5506607929515419,0.011925334706887511,,0.5310596831735404,0.012200324658011297,,0.6039145147915,0.006602182534112375,,0.5516524157067452,0.012583009880015535,
shd,confirmation,comparison:fixed12:q8-i4-qrc,train,3,1,0.7355415352260778,0.006870408506380477,,0.7257993984272785,0.007290276825729941,,0.7380772244175127,0.004796972703945787,,0.7347321490704596,0.00687136863756562,
shd,confirmation,comparison:fixed12:q8-i4-qrc,held,3,1,0.5055066079295155,0.04581087430791426,,0.4748023137080764,0.04868864238248732,,0.5417351593986742,0.03633771079812093,,0.5050753964525866,0.04604720288901122,
shd,confirmation,comparison:fixed12:q8-i6-crc,train,3,1,0.8573080967402734,0.009956084513362605,,0.8554024918793187,0.010377741918730598,,0.8576155549698545,0.009898404941057407,,0.8574482342280755,0.009978403407230376,
shd,confirmation,comparison:fixed12:q8-i6-crc,held,3,1,0.6158223201174743,0.02590057688630128,,0.6091721931321256,0.029686447055037136,,0.630428120046156,0.03163628937588446,,0.6200854837077059,0.025911116947944093,
shd,confirmation,comparison:fixed12:q8-i6-qrc,train,3,1,0.6835436382754995,0.07815076743544602,,0.6728827662311062,0.08258838440534481,,0.6871119570997819,0.08459794596359738,,0.6832528096575498,0.0777801300259322,
shd,confirmation,comparison:fixed12:q8-i6-qrc,held,3,1,0.5073421439060206,0.006661250848613833,,0.48902217493447037,0.00512867436981473,,0.5705183125338054,0.04368334777392191,,0.508944795953937,0.006155496678807395,
shd,confirmation,comparison:fixed:q4-i2-crc,train,3,1,0.6778654048370137,0.005603995363773195,,0.6574046981245255,0.010236532566084823,,0.6843681206157649,0.005552425548949734,,0.6773327540463653,0.0057277741138498026,
shd,confirmation,comparison:fixed:q4-i2-crc,held,3,1,0.5058737151248165,0.02175865126686852,,0.46951819388209154,0.030307663458279316,,0.5607858435200557,0.01922655980358092,,0.507408392959944,0.02280372782190057,
shd,confirmation,comparison:fixed:q4-i2-qrc,train,3,1,0.6861724500525762,0.02151845830766955,,0.669390862392555,0.02516930815407251,,0.6890200190923967,0.02132464382682002,,0.6854777322012054,0.02134725783316225,
shd,confirmation,comparison:fixed:q4-i2-qrc,held,3,1,0.5218428781204111,0.024393299404133546,,0.4892548417631753,0.022499278015163333,,0.5528296902297684,0.022883188713038523,,0.5216310408426637,0.024520859524813983,
shd,confirmation,comparison:fixed:q6-i2-crc,train,3,1,0.7509463722397477,0.03990785643260398,,0.7391923142741659,0.04259067623949652,,0.7555210492940492,0.04028643302711211,,0.7503375385422677,0.03977434169785364,
shd,confirmation,comparison:fixed:q6-i2-crc,held,3,1,0.506424375917768,0.02608722210063414,,0.4790940611866948,0.038400160664336686,,0.5480909905940102,0.05282610714148307,,0.507609672894684,0.026204405681519292,
shd,confirmation,comparison:fixed:q6-i2-qrc,train,3,1,0.7508937960042061,0.007940404192589089,,0.7428575159715126,0.00913788693353199,,0.7540431420650383,0.009476540912265744,,0.7504617247744739,0.00785102798920972,
shd,confirmation,comparison:fixed:q6-i2-qrc,held,3,1,0.5412995594713657,0.03731920457017051,,0.5117819443364824,0.03873995666320038,,0.5785529342976944,0.0429820685804195,,0.541266809534806,0.037612903353373306,
shd,confirmation,comparison:fixed:q6-i4-crc,train,3,1,0.8183491062039958,0.0063745297860052915,,0.812863883956024,0.006452470891654123,,0.8199169038240712,0.005551514230165592,,0.8179025600513669,0.006689218067818195,
shd,confirmation,comparison:fixed:q6-i4-crc,held,3,1,0.5631424375917767,0.02804768644720493,,0.5438800263596258,0.03765685774048829,,0.6174361121430286,0.03615405074618823,,0.5645288550895461,0.028615424476564438,
shd,confirmation,comparison:fixed:q6-i4-qrc,train,3,1,0.7991062039957938,0.003780008300319423,,0.793227463945561,0.003737459009264729,,0.8025956112997151,0.00536270451998981,,0.7986276287611682,0.0037897602886667672,
shd,confirmation,comparison:fixed:q6-i4-qrc,held,3,1,0.5669970631424376,0.03132642091511067,,0.5432330831186176,0.02514554475608177,,0.6022635875921213,0.028095133251261225,,0.5667527842375367,0.031819933680767715,
shd,confirmation,comparison:fixed:q8-i2-crc,train,3,1,0.8005783385909568,0.02287084375721321,,0.7929383169333425,0.025326286671104085,,0.8041941350449385,0.022007514241375137,,0.7999536017433405,0.02293953230238173,
shd,confirmation,comparison:fixed:q8-i2-crc,held,3,1,0.5196402349486049,0.0070159746158650685,,0.49075252054943475,0.016421648676200086,,0.5814965220159919,0.02311691813089309,,0.5208189069927701,0.0075037926063493505,
shd,confirmation,comparison:fixed:q8-i2-qrc,train,3,1,0.7624079915878023,0.009299753740359837,,0.7554889103360901,0.010251119988437103,,0.7672944452737102,0.009034216116301313,,0.7619701637670979,0.00928755388180268,
shd,confirmation,comparison:fixed:q8-i2-qrc,held,3,1,0.5350587371512482,0.03780892235830117,,0.5003036263001371,0.03638903641075475,,0.5780018287660036,0.03688231095804418,,0.5351750238690514,0.037891530824093904,
shd,confirmation,comparison:fixed:q8-i4-crc,train,3,1,0.8180336487907466,0.00340611237365839,,0.814193334432805,0.0034841511920626345,,0.8208236492881458,0.0033751922193269715,,0.8176715466811082,0.003436368981182647,
shd,confirmation,comparison:fixed:q8-i4-crc,held,3,1,0.551762114537445,0.021964395016717098,,0.5323585440346879,0.02263682733986935,,0.6217895252504815,0.045826682368257994,,0.5531574359586072,0.02174956217296044,
shd,confirmation,comparison:fixed:q8-i4-qrc,train,3,1,0.8117770767613038,0.0074822836615528595,,0.806823236163719,0.008115249351263464,,0.8148411686723959,0.006959269020315578,,0.8112209327740452,0.007413026738722487,
shd,confirmation,comparison:fixed:q8-i4-qrc,held,3,1,0.5506607929515418,0.04293388883815156,,0.5199039325770832,0.04285597773842466,,0.5787997380334707,0.027532053912653207,,0.5501308794073957,0.0441425502611834,
shd,confirmation,comparison:fixed:q8-i6-crc,train,3,1,0.8690851735015773,0.0139114573257553,,0.8675750127294762,0.014161357195882428,,0.8693961616074809,0.014610308763214216,,0.8692024893265641,0.014036983102714326,
shd,confirmation,comparison:fixed:q8-i6-crc,held,3,1,0.6327092511013216,0.02938176557699142,,0.6221452305731464,0.03224499043132837,,0.6473826798304277,0.023421555566856767,,0.6362000850305475,0.03000522442776902,
shd,confirmation,comparison:fixed:q8-i6-qrc,train,3,1,0.8706624605678234,0.007046784827662033,,0.8687171985872646,0.007734074777537711,,0.8712745985885514,0.008136087302140311,,0.87070791545503,0.006972613780566245,
shd,confirmation,comparison:fixed:q8-i6-qrc,held,3,1,0.6455580029368575,0.012585139292527138,,0.6392504314761115,0.014247263323379866,,0.6717730840448045,0.008115306451134308,,0.6491398236394116,0.01244086646329315,
shd,confirmation,comparison:projection:i2,train,3,1,0.5913249211356467,0.0,,0.5659757872512888,0.0,,0.6019810576096635,0.0,,0.5905556306484971,0.0,
shd,confirmation,comparison:projection:i2,held,3,1,0.5093612334801763,0.0,,0.46496595333138585,0.0,,0.5459667175972274,0.0,,0.5072815898220989,0.0,
shd,confirmation,comparison:projection:i4,train,3,1,0.6973186119873817,0.0,,0.6861918859203197,1.3597399555105182e-16,,0.7001649847871233,0.0,,0.6968569642456067,1.3597399555105182e-16,
shd,confirmation,comparison:projection:i4,held,3,1,0.5308370044052864,0.0,,0.5023765988196472,0.0,,0.6066647388208602,0.0,,0.5289914677533523,0.0,
shd,confirmation,comparison:projection:i6,train,3,1,0.8039432176656152,0.0,,0.8009276298743669,1.3597399555105182e-16,,0.8051160909217779,1.3597399555105182e-16,,0.8039183479336188,0.0,
shd,confirmation,comparison:projection:i6,held,3,1,0.6459251101321586,0.0,,0.6336405780074224,0.0,,0.6520220481938692,0.0,,0.6487587669247264,0.0,
shd,confirmation,comparison:tuned:q4-i2-crc,train,3,1,0.8252365930599369,0.006704861610988099,,0.8187029162437524,0.007921058236649736,,0.8259453289337149,0.005819184983964029,,0.8249778542560459,0.006768837289110183,
shd,confirmation,comparison:tuned:q4-i2-crc,held,3,1,0.5416666666666666,0.006972621113517815,,0.5335974378304226,0.00472543070761379,,0.6337231525919927,0.013439849458483642,,0.5433849300256957,0.0071157983321882496,
shd,confirmation,comparison:tuned:q4-i2-qrc,train,3,1,0.8326498422712935,0.011418730471759122,,0.8275559553802369,0.0119223876936878,,0.8349742066301022,0.011370357343634192,,0.8325344419443795,0.011499058242908058,
shd,confirmation,comparison:tuned:q4-i2-qrc,held,3,1,0.5792951541850221,0.01353326621965251,,0.5661267378216552,0.015507863650247297,,0.6561174225256602,0.01487347171766064,,0.5809858817245938,0.013601057025854693,
shd,confirmation,comparison:tuned:q6-i2-crc,train,3,1,0.8303890641430073,0.005008559117575651,,0.8244640213697282,0.005503363660541041,,0.8300911901584748,0.004187743339240824,,0.8302720120573596,0.0050655581214648785,
shd,confirmation,comparison:tuned:q6-i2-crc,held,3,1,0.5758076358296623,0.007332960482906799,,0.5614300199294449,0.011629513178424972,,0.6383716062861426,0.01306910221459085,,0.57775437765148,0.007221030060188733,
shd,confirmation,comparison:tuned:q6-i2-qrc,train,3,1,0.8282334384858044,0.009393800580017745,,0.8235039365709672,0.010765131476249,,0.8319034371091526,0.009706683680684927,,0.8280154698628094,0.009554500158121475,
shd,confirmation,comparison:tuned:q6-i2-qrc,held,3,1,0.5451541850220264,0.014049945839397672,,0.5218986091970118,0.016986277678042516,,0.6026594942377513,0.009521613781484039,,0.5468037315971176,0.0139859722773107,
shd,confirmation,comparison:tuned:q6-i4-crc,train,3,1,0.8823869610935858,0.0028274089715560127,,0.8806649514726098,0.0027953650286422337,,0.8821696113638491,0.002601140516241786,,0.8824317628359818,0.0027736579488983463,
shd,confirmation,comparison:tuned:q6-i4-crc,held,3,1,0.5859030837004405,0.008259911894273109,,0.580403249891083,0.005107415029203741,,0.6510622481112907,0.014774156859997988,,0.588440301914382,0.008181109876601981,
shd,confirmation,comparison:tuned:q6-i4-qrc,train,3,1,0.8352786540483702,0.004462170850203757,,0.8315482058517357,0.004576387137801461,,0.8379297224735293,0.004069053698499795,,0.8349941430770086,0.004571853249784776,
shd,confirmation,comparison:tuned:q6-i4-qrc,held,3,1,0.5769089574155654,0.012093661094000828,,0.5606096154445485,0.015062348436140464,,0.6391000290157667,0.022071579821533505,,0.5777525524023437,0.012666477010271814,
shd,confirmation,comparison:tuned:q8-i2-crc,train,3,1,0.8581493165089379,0.00434350989533607,,0.8542632041466004,0.004431595035561838,,0.8581524151242084,0.004642197733213208,,0.8580786087155636,0.004384255923418619,
shd,confirmation,comparison:tuned:q8-i2-crc,held,3,1,0.5983847283406755,0.006429618167451178,,0.5894852900030215,0.004989186591074707,,0.6603475637720262,0.0032999470538027263,,0.6009563947778728,0.006480951172478068,
shd,confirmation,comparison:tuned:q8-i2-qrc,train,3,1,0.8005783385909568,0.010412882397654232,,0.7936101961236223,0.01115885316938373,,0.8053532686763439,0.010279267760243035,,0.8003293786386744,0.01052703600399495,
shd,confirmation,comparison:tuned:q8-i2-qrc,held,3,1,0.5567180616740087,0.019107215388653637,,0.5299597607408212,0.024023174039505657,,0.6159009190384604,0.022128239456565755,,0.5577073206816564,0.018759133845199834,
shd,confirmation,comparison:tuned:q8-i4-crc,train,3,1,0.9196109358569927,0.003018901623544843,,0.9188478047496272,0.003055097410800223,,0.9198072806953655,0.0027950725887668604,,0.9196870359932223,0.0030222271794501836,
shd,confirmation,comparison:tuned:q8-i4-crc,held,3,1,0.5835168869309838,0.013046516625489639,,0.5882453758100393,0.01513206726380506,,0.6824310594123842,0.0070276575366843294,,0.5857146759911284,0.01263692271140526,
shd,confirmation,comparison:tuned:q8-i4-qrc,train,3,1,0.8489484752891693,0.002153059435272678,,0.8466617193573357,0.002291174623006609,,0.8501357197889949,0.002639855755022142,,0.8487349021805849,0.0020582406192081563,
shd,confirmation,comparison:tuned:q8-i4-qrc,held,3,1,0.5934287812041116,0.011685605023786334,,0.5784884335025835,0.007966181228211182,,0.6539080439016601,0.022042362802340967,,0.5948048752394585,0.01194941216543338,
shd,confirmation,comparison:tuned:q8-i6-crc,train,3,1,0.8364353312302839,0.0045958366827550225,,0.8336334828126835,0.004757521791341156,,0.8365353921602873,0.00462557782453608,,0.8366030082354574,0.004677093500547,
shd,confirmation,comparison:tuned:q8-i6-crc,held,3,1,0.6369309838472833,0.022586044570251197,,0.6275283052732344,0.024980546296992198,,0.6487401516630737,0.00965433633477182,,0.640648919274518,0.022777070921391154,
shd,confirmation,comparison:tuned:q8-i6-qrc,train,3,1,0.8935856992639327,0.008529511899876793,,0.8926104921984409,0.008884236728502276,,0.8944538292565937,0.008607081060661572,,0.8937164068047122,0.008569840889202464,
shd,confirmation,comparison:tuned:q8-i6-qrc,held,3,1,0.6708883994126285,0.011992948769397688,,0.6602290469492204,0.011802064537934321,,0.6772897307456541,0.011278892134258128,,0.674254768591363,0.012046889180327217,
shd,confirmation,observations:crc2:all,train,3,1,0.7469505783385909,0.042211907215166225,,0.7346242990202475,0.04546829949567088,,0.7510607003387756,0.042479560096698996,,0.7463598895984161,0.042075103364998395,
shd,confirmation,observations:crc2:all,held,3,1,0.5060572687224669,0.030600096893061257,,0.4793131738893281,0.04341257617424503,,0.5439229333492593,0.05945409358327277,,0.5072633382121124,0.03076366861075757,
shd,confirmation,observations:crc2:products,train,3,1,0.7199263932702419,0.03631884000120954,,0.7047428395957075,0.03912030889535362,,0.7260351120455848,0.035994248295436335,,0.7192809680125786,0.03617204508455808,
shd,confirmation,observations:crc2:products,held,3,1,0.5082599118942731,0.030699030539132966,,0.47759081794243324,0.03761995875165464,,0.5714921353082008,0.037203010133621914,,0.5095080601493039,0.030552170970279895,
shd,confirmation,observations:crc2:width24,train,3,1,0.7963196635120925,0.02395209648496499,,0.7884704541288098,0.026407374425481422,,0.8000899850438864,0.022959188486552803,,0.7956891447081912,0.02398690298936104,
shd,confirmation,observations:crc2:width24,held,3,1,0.5198237885462554,0.005588596676812937,,0.4906562691312885,0.013877629457034926,,0.5794481252626832,0.018854927122886816,,0.5209721869694494,0.0060883304661949605,
shd,confirmation,observations:crc4:all,train,3,1,0.8148264984227129,0.0053278693230456005,,0.8091375173807579,0.005143198491130943,,0.8160856183487781,0.004522053841635945,,0.8143544021637187,0.0056267535744612945,
shd,confirmation,observations:crc4:all,held,3,1,0.5603891336270191,0.02701233016547529,,0.5405465348654868,0.03651737611388802,,0.6122295904799372,0.035214128994408074,,0.5617998044276393,0.027485938718353118,
shd,confirmation,observations:crc4:products,train,3,1,0.8349631966351209,0.010921313025498853,,0.830329798901607,0.011285198293520335,,0.8357894630632035,0.009973596154490722,,0.8346068282456812,0.011209604715703831,
shd,confirmation,observations:crc4:products,held,3,1,0.558920704845815,0.03151781502478899,,0.539993639704991,0.0414658387214197,,0.6142858882790043,0.03676190384846159,,0.5602341701543413,0.03236179463311843,
shd,confirmation,observations:crc4:width24,train,3,1,0.8166140904311252,0.003018901623544843,,0.8127574691859131,0.003214224675609356,,0.8192399436033493,0.0031228951036141013,,0.8162676181149887,0.0030676599330154504,
shd,confirmation,observations:crc4:width24,held,3,1,0.552496328928047,0.021158085539509618,,0.5332357287296591,0.021326344474177555,,0.6245992434900756,0.040113439589394034,,0.5538767359263894,0.02094703329058916,
shd,confirmation,observations:projection:i2,train,3,1,0.5910094637223975,0.0,,0.5656137115855702,0.0,,0.6019019330683268,0.0,,0.5902344888266134,0.0,
shd,confirmation,observations:projection:i2,held,3,1,0.512114537444934,0.0,,0.4680085484692394,6.798699777552591e-17,,0.551254794676031,0.0,,0.5100068614218496,0.0,
shd,confirmation,observations:projection:i4,train,3,1,0.6970031545741325,0.0,,0.6856861500804244,0.0,,0.6995148129064153,0.0,,0.6965536759404621,1.3597399555105182e-16,
shd,confirmation,observations:projection:i4,held,3,1,0.5291850220264317,0.0,,0.500883377419064,0.0,,0.5817807948574412,0.0,,0.5273657655061612,0.0,
shd,confirmation,observations:qrc2:all,train,3,1,0.7503680336487907,0.0071958410561201395,,0.7422675786573447,0.008342397422439274,,0.7537003845678703,0.008579316119733789,,0.7499362256618777,0.0071117029814876205,
shd,confirmation,observations:qrc2:all,held,3,1,0.539647577092511,0.03447242120239985,,0.509438020717586,0.03619276791714271,,0.5799129156410026,0.041637206800285265,,0.5395921655998998,0.034809071497764306,
shd,confirmation,observations:qrc2:products,train,3,1,0.7672450052576236,0.0035491879772319252,,0.7604219008326494,0.004609691254689775,,0.7701723798245307,0.0062979778734586845,,0.7668657842094455,0.003495070782956565,
shd,confirmation,observations:qrc2:products,held,3,1,0.5425844346549192,0.0399308184981775,,0.5135617444504016,0.03840270844849101,,0.5916165717913003,0.03379717970042285,,0.5425815198829679,0.040223602499590116,
shd,confirmation,observations:qrc2:zz,train,3,1,0.7653522607781283,0.0007938837471367692,,0.7585199522936854,0.0013825015977765344,,0.7675943377871629,0.002863340580203069,,0.765002561691808,0.0007689489974843769,
shd,confirmation,observations:qrc2:zz,held,3,1,0.5416666666666666,0.03872023877691961,,0.5122916857453665,0.04053082696482582,,0.586635336025198,0.04860010066137992,,0.5416908650071085,0.039085255874310124,
shd,confirmation,observations:qrc4:all,train,3,1,0.79863301787592,0.004411706981240426,,0.792759195601922,0.004382607519348524,,0.8018950978375493,0.006582705837582267,,0.7981610299308705,0.004368760722729031,
shd,confirmation,observations:qrc4:all,held,3,1,0.5682819383259913,0.030495871136564733,,0.5442152862890359,0.023685521613636927,,0.6020609541312453,0.024039503754892423,,0.5679420114075122,0.031055772882608086,
shd,confirmation,observations:qrc4:products,train,3,1,0.8204521556256572,0.0022546563241211195,,0.8160131008445366,0.0024352406187215306,,0.8234829563787321,0.0009884591101116667,,0.8200994565824581,0.0025355321859407013,
shd,confirmation,observations:qrc4:products,held,3,1,0.5719530102790015,0.033524043349973054,,0.5488048359497856,0.025603949474089418,,0.6083527978901551,0.0305692534189832,,0.5722731433671909,0.0337465649721072,
shd,confirmation,observations:qrc4:zz,train,3,1,0.8195057833859095,0.0033135544177894188,,0.8149790525303541,0.0036473665764443735,,0.8224842903943205,0.0011256782234264483,,0.8191512638118684,0.0035934868490752232,
shd,confirmation,observations:qrc4:zz,held,3,1,0.5695668135095447,0.03485005664113309,,0.5463187221762665,0.027449541751433465,,0.6022650348961303,0.03597051793607806,,0.569892306924387,0.035045245810966394,
shd,confirmation,practical:large-crc,train,3,1,0.9846477392218717,0.0015877674942735458,,0.9846813663725582,0.001584611303202314,,0.9847650287200391,0.0016175644019819448,,0.9847316134092446,0.0015658890869657564,
shd,confirmation,practical:large-crc,held,3,1,0.6830029368575624,0.007794006514523536,,0.6872622854769941,0.008485232009469875,,0.7232507633097421,0.02043003832833274,,0.6878321704335796,0.006939883817013441,
shd,confirmation,practical:lstm,train,3,1,0.9192954784437434,0.01009628009764891,,0.9188933948684023,0.010090436874734553,,0.9247655898315571,0.010559770263533426,,0.9193402827976653,0.009955722618029631,
shd,confirmation,practical:lstm,held,3,1,0.6962187958883993,0.013999497037935654,,0.6858943295607776,0.0243335337522441,,0.7455723950229433,0.0345973710981649,,0.6987073317866989,0.014745599599052809,
shd,confirmation,practical:transformer,train,3,1,0.980757097791798,0.004828147591487058,,0.9807348145491178,0.004778396740640679,,0.981582685488369,0.004493354114433064,,0.9807881938922073,0.00475217902001144,
shd,confirmation,practical:transformer,held,3,1,0.7092511013215859,0.026796310706159513,,0.6927326877034187,0.01800172579586277,,0.7532105612475245,0.02713538558446463,,0.7110818908546337,0.026947723702845885,
shd,confirmation,recurrence:crc:all,train,3,1,0.8468454258675079,0.004739741072970574,,0.8444776582202446,0.004966768532063449,,0.8472213282141604,0.00532827794022637,,0.8467131110020514,0.004699509209519525,
shd,confirmation,recurrence:crc:all,held,3,1,0.566079295154185,0.0025234447659448593,,0.5461028120921182,0.004694062119797066,,0.6147636930646448,0.010035182465717014,,0.5664936590301732,0.0025270909294087163,
shd,confirmation,recurrence:crc:partial,train,3,1,0.8823869610935858,0.0028274089715560127,,0.8806649514726098,0.0027953650286422337,,0.8821696113638491,0.002601140516241786,,0.8824317628359818,0.0027736579488983463,
shd,confirmation,recurrence:crc:partial,held,3,1,0.5859030837004405,0.008259911894273109,,0.580403249891083,0.005107415029203741,,0.6510622481112907,0.014774156859997988,,0.588440301914382,0.008181109876601981,
shd,confirmation,recurrence:qrc:all,train,3,1,0.8050998948475289,0.012651114001594053,,0.8007161760925761,0.013523146052573676,,0.8058776679152587,0.013199874445477473,,0.8047754664727099,0.012667242238510765,
shd,confirmation,recurrence:qrc:all,held,3,1,0.5624082232011748,0.01939337357960749,,0.5450345092807407,0.01635416277542984,,0.6385785014989425,0.008799222655348549,,0.5622439677213359,0.019521298771125566,
shd,confirmation,recurrence:qrc:partial,train,3,1,0.8352786540483702,0.004462170850203757,,0.8315482058517357,0.004576387137801461,,0.8379297224735293,0.004069053698499795,,0.8349941430770086,0.004571853249784776,
shd,confirmation,recurrence:qrc:partial,held,3,1,0.5769089574155654,0.012093661094000828,,0.5606096154445485,0.015062348436140464,,0.6391000290157667,0.022071579821533505,,0.5777525524023437,0.012666477010271814,
dvs,official,comparison:fixed12:q4-i2-crc,train,3,1,0.6648096564531104,0.023544516867420522,,0.6611656139661674,0.022472392162997325,,0.6706784391155559,0.02109088165906974,,0.6648783224630058,0.02355209465095979,
dvs,official,comparison:fixed12:q4-i2-crc,held,3,1,0.5580808080808081,0.04438988846274484,,0.5488962056959873,0.04215009000276998,,0.5823000878135265,0.03018738781539374,,0.5580808080808081,0.04438988846274481,
dvs,official,comparison:fixed12:q4-i2-qrc,train,3,1,0.6521200866604767,0.013937889506899068,,0.6482016956948327,0.013606732799746647,,0.6562131371705854,0.013971407030002376,,0.6522100874089093,0.013947075201986557,
dvs,official,comparison:fixed12:q4-i2-qrc,held,3,1,0.5416666666666666,0.03613406065973281,,0.5359777058359949,0.03772090531354842,,0.5550377524249117,0.02667294031705382,,0.5416666666666666,0.03613406065973276,
dvs,official,comparison:fixed12:q6-i2-crc,train,3,1,0.6648096564531104,0.023544516867420522,,0.6611656139661674,0.022472392162997325,,0.6706784391155559,0.02109088165906974,,0.6648783224630058,0.02355209465095979,
dvs,official,comparison:fixed12:q6-i2-crc,held,3,1,0.5580808080808081,0.04438988846274484,,0.5488962056959873,0.04215009000276998,,0.5823000878135265,0.03018738781539374,,0.5580808080808081,0.04438988846274481,
dvs,official,comparison:fixed12:q6-i2-qrc,train,3,1,0.6385020117610648,0.035189404413097904,,0.6316297901541982,0.04145687718169202,,0.6408199897942214,0.035533480600849814,,0.6385887063353928,0.03515866536725553,
dvs,official,comparison:fixed12:q6-i2-qrc,held,3,1,0.5050505050505051,0.03942549241413127,,0.49609314952367894,0.04454609093741517,,0.5283976295173433,0.026402240815864255,,0.5050505050505051,0.03942549241413138,
dvs,official,comparison:fixed12:q6-i4-crc,train,3,1,0.8294645620550912,0.009018138213762584,,0.8281495310324476,0.008184787658191481,,0.8337845864868786,0.006733243240815411,,0.8294028014204745,0.009006823270438908,
dvs,official,comparison:fixed12:q6-i4-crc,held,3,1,0.7777777777777777,0.009532619236452959,,0.7690970166758189,0.009472445398946684,,0.7895735618922118,0.006617367587188316,,0.7777777777777778,0.009532619236452966,
dvs,official,comparison:fixed12:q6-i4-qrc,train,3,1,0.850510677808728,0.008954178979566338,,0.8501381511713908,0.009726916753419133,,0.8523810514113692,0.010218772046297467,,0.8504708350069174,0.008964221954492077,
dvs,official,comparison:fixed12:q6-i4-qrc,held,3,1,0.7272727272727272,0.021090016525871277,,0.7204765890793666,0.020760696177459126,,0.7378337441521872,0.03076954081918431,,0.7272727272727272,0.021090016525871336,
dvs,official,comparison:fixed12:q8-i2-crc,train,3,1,0.6648096564531104,0.023544516867420522,,0.6611656139661674,0.022472392162997325,,0.6706784391155559,0.02109088165906974,,0.6648783224630058,0.02355209465095979,
dvs,official,comparison:fixed12:q8-i2-crc,held,3,1,0.5580808080808081,0.04438988846274484,,0.5488962056959873,0.04215009000276998,,0.5823000878135265,0.03018738781539374,,0.5580808080808081,0.04438988846274481,
dvs,official,comparison:fixed12:q8-i2-qrc,train,3,1,0.6697616836892603,0.05027950174757884,,0.6655942538130036,0.05305547602611831,,0.674202028432004,0.051287758277917345,,0.6698735726718055,0.050260352755028034,
dvs,official,comparison:fixed12:q8-i2-qrc,held,3,1,0.5164141414141414,0.06987926314152382,,0.5147574711635107,0.07462135064866277,,0.5359105724807403,0.08407025585962875,,0.5164141414141414,0.06987926314152378,
dvs,official,comparison:fixed12:q8-i4-crc,train,3,1,0.8294645620550912,0.009018138213762584,,0.8281495310324476,0.008184787658191481,,0.8337845864868786,0.006733243240815411,,0.8294028014204745,0.009006823270438908,
dvs,official,comparison:fixed12:q8-i4-crc,held,3,1,0.7777777777777777,0.009532619236452959,,0.7690970166758189,0.009472445398946684,,0.7895735618922118,0.006617367587188316,,0.7777777777777778,0.009532619236452966,
dvs,official,comparison:fixed12:q8-i4-qrc,train,3,1,0.8142989786443825,0.04686881880825984,,0.8132833777837685,0.04727768431784515,,0.8155875232988578,0.04782108882794106,,0.8142736007242636,0.04688483319241299,
dvs,official,comparison:fixed12:q8-i4-qrc,held,3,1,0.7474747474747474,0.015770196965652506,,0.7418084677410075,0.01507799287851523,,0.7597743127100639,0.013027568974692651,,0.7474747474747475,0.01577019696565255,
dvs,official,comparison:fixed12:q8-i6-crc,train,3,1,0.8102754565150109,0.027875779013798056,,0.80957660927558,0.028029538615648122,,0.8158118249801181,0.028796020996751596,,0.8102569987695172,0.02785034712942117,
dvs,official,comparison:fixed12:q8-i6-crc,held,3,1,0.7550505050505051,0.022194944231372384,,0.7440093687772943,0.02557618620206469,,0.7735081078470604,0.01629598084434547,,0.7550505050505051,0.02219494423137245,
dvs,official,comparison:fixed12:q8-i6-qrc,train,3,1,0.8152274837511606,0.0478247734806905,,0.8136249062272967,0.048583115980998695,,0.8180345826828673,0.049183307875814035,,0.8152299345230126,0.04779499185730581,
dvs,official,comparison:fixed12:q8-i6-qrc,held,3,1,0.7436868686868686,0.055195689379783835,,0.7364414444294397,0.05343652001019017,,0.7599674403634314,0.05564475793626184,,0.7436868686868686,0.055195689379783835,
dvs,official,comparison:fixed:q4-i2-crc,train,3,1,0.6648096564531104,0.023544516867420522,,0.6611656139661674,0.022472392162997325,,0.6706784391155559,0.02109088165906974,,0.6648783224630058,0.02355209465095979,
dvs,official,comparison:fixed:q4-i2-crc,held,3,1,0.5580808080808081,0.04438988846274484,,0.5488962056959873,0.04215009000276998,,0.5823000878135265,0.03018738781539374,,0.5580808080808081,0.04438988846274481,
dvs,official,comparison:fixed:q4-i2-qrc,train,3,1,0.6521200866604767,0.013937889506899068,,0.6482016956948327,0.013606732799746647,,0.6562131371705854,0.013971407030002376,,0.6522100874089093,0.013947075201986557,
dvs,official,comparison:fixed:q4-i2-qrc,held,3,1,0.5416666666666666,0.03613406065973281,,0.5359777058359949,0.03772090531354842,,0.5550377524249117,0.02667294031705382,,0.5416666666666666,0.03613406065973276,
dvs,official,comparison:fixed:q6-i2-crc,train,3,1,0.6979263385948622,0.017771435741201592,,0.6938047454458252,0.018515634789476397,,0.7028454255911513,0.018094873427963058,,0.6979834107963709,0.017768857839619887,
dvs,official,comparison:fixed:q6-i2-crc,held,3,1,0.5593434343434344,0.0121763267184255,,0.5526461092442402,0.0124793607891781,,0.5900323692024113,0.02741710495551663,,0.5593434343434344,0.012176326718425416,
dvs,official,comparison:fixed:q6-i2-qrc,train,3,1,0.673785205818632,0.019856409696496966,,0.6694897862764099,0.023161019688319236,,0.6775432084679854,0.019993673492999138,,0.6738806112885642,0.019825334781804944,
dvs,official,comparison:fixed:q6-i2-qrc,held,3,1,0.5416666666666666,0.015151515151515138,,0.5366800631170848,0.020843021953029527,,0.5711233212642658,0.027269179418522357,,0.5416666666666666,0.015151515151515138,
dvs,official,comparison:fixed:q6-i4-crc,train,3,1,0.8406066233364283,0.015929568842411358,,0.8398213014010976,0.015846984978410382,,0.8417103515136923,0.016178563814397827,,0.8405249634999267,0.015920646680766978,
dvs,official,comparison:fixed:q6-i4-crc,held,3,1,0.7689393939393939,0.0534346059835829,,0.7609074804617683,0.059929663092318,,0.7795547452174917,0.05551409272860928,,0.7689393939393939,0.05343460598358301,
dvs,official,comparison:fixed:q6-i4-qrc,train,3,1,0.8926029093160013,0.004387943942667234,,0.8928101049113585,0.004342091401333632,,0.8946477586832998,0.004756919271891052,,0.8925622732691952,0.0043835605489282205,
dvs,official,comparison:fixed:q6-i4-qrc,held,3,1,0.7613636363636364,0.021090016525871277,,0.7585016133546546,0.02215553837579568,,0.7694310188390779,0.01829610877974038,,0.7613636363636364,0.021090016525871235,
dvs,official,comparison:fixed:q8-i2-crc,train,3,1,0.6809037449705974,0.00428858138673821,,0.6763238897161107,0.00569214429760408,,0.690136978979972,0.0029362056147798172,,0.6809670447372952,0.004273571019712348,
dvs,official,comparison:fixed:q8-i2-crc,held,3,1,0.5555555555555555,0.004373865675678979,,0.545532596544313,0.0101068625449307,,0.5773801955808529,0.015081956081769566,,0.5555555555555555,0.004373865675679043,
dvs,official,comparison:fixed:q8-i2-qrc,train,3,1,0.7542556484060663,0.03228920174743415,,0.7532214327590733,0.032918231256961326,,0.7570027970108346,0.03220218931379141,,0.7543274104393398,0.03226658332387445,
dvs,official,comparison:fixed:q8-i2-qrc,held,3,1,0.5618686868686869,0.008747731351358022,,0.5647745254599653,0.009475138960981205,,0.578395625376483,0.013969224004529997,,0.5618686868686869,0.008747731351358022,
dvs,official,comparison:fixed:q8-i4-crc,train,3,1,0.8724852986691426,0.00511380737909573,,0.8717864653225992,0.005454166994677859,,0.8755258169150877,0.007110399901030963,,0.8724027567915638,0.005092568022439889,
dvs,official,comparison:fixed:q8-i4-crc,held,3,1,0.8118686868686869,0.010934664189197512,,0.8064876622298943,0.009950404151984851,,0.8183069387784846,0.00369054735676921,,0.811868686868687,0.010934664189197448,
dvs,official,comparison:fixed:q8-i4-qrc,train,3,1,0.8873413803775921,0.002680363366711357,,0.8872455541271643,0.002557951075014322,,0.8886017353806537,0.002836342890433941,,0.8872896862587584,0.0026723555485319212,
dvs,official,comparison:fixed:q8-i4-qrc,held,3,1,0.8005050505050505,0.007885098482826255,,0.7958279075471922,0.006749604028994099,,0.803595286352803,0.0001817653665213323,,0.8005050505050505,0.007885098482826165,
dvs,official,comparison:fixed:q8-i6-crc,train,3,1,0.8854843701640359,0.00862727320629299,,0.8856471695802893,0.008758910516143616,,0.8908125855267445,0.008760685948316232,,0.8854280231305268,0.008632661219986524,
dvs,official,comparison:fixed:q8-i6-crc,held,3,1,0.8244949494949495,0.022832249141445896,,0.8209942088393246,0.022096600751933614,,0.8363444378488896,0.017152196843210534,,0.8244949494949495,0.02283224914144579,
dvs,official,comparison:fixed:q8-i6-qrc,train,3,1,0.8981739399566697,0.018577838066801525,,0.8979295102759961,0.01858897160098607,,0.9000498142088335,0.01828480005194458,,0.8981536382125483,0.01856013386828537,
dvs,official,comparison:fixed:q8-i6-qrc,held,3,1,0.8005050505050505,0.03794186666999175,,0.7957330463451778,0.03888618695643304,,0.8080693731023194,0.034110739498027794,,0.8005050505050505,0.03794186666999179,
dvs,official,comparison:projection:i2,train,3,1,0.467038068709378,6.798699777552591e-17,,0.42776644967812366,0.0,,0.47814564725650954,0.0,,0.46713080733699286,0.0,
dvs,official,comparison:projection:i2,held,3,1,0.3636363636363636,6.798699777552591e-17,,0.3202526676330948,0.0,,0.3531397597187071,0.0,,0.3636363636363636,6.798699777552591e-17,
dvs,official,comparison:projection:i4,train,3,1,0.7084493964716806,0.0,,0.7035556496884916,0.0,,0.7103799876624239,0.0,,0.7084425147753571,0.0,
dvs,official,comparison:projection:i4,held,3,1,0.5643939393939394,0.0,,0.5474258498699207,0.0,,0.5899432044315731,0.0,,0.5643939393939394,0.0,
dvs,official,comparison:projection:i6,train,3,1,0.7270194986072424,0.0,,0.7225098055738112,0.0,,0.7364609473885189,0.0,,0.7270240804850525,0.0,
dvs,official,comparison:projection:i6,held,3,1,0.5984848484848485,0.0,,0.5812082548125963,0.0,,0.6136954140018784,0.0,,0.5984848484848485,0.0,
dvs,official,comparison:tuned:q4-i2-crc,train,3,1,0.6926648096564532,0.010545790800000539,,0.6879156018779807,0.010428355529172675,,0.6985077387348841,0.011223806893647895,,0.6927458893585551,0.01055032255022154,
dvs,official,comparison:tuned:q4-i2-crc,held,3,1,0.5707070707070707,0.015308529864876491,,0.5621262858930463,0.01631850304558206,,0.5832277969293348,0.013322298122113822,,0.5707070707070707,0.01530852986487646,
dvs,official,comparison:tuned:q4-i2-qrc,train,3,1,0.6895697926338595,0.010681172347098344,,0.6871083235710566,0.009339378957202842,,0.6916855922880444,0.012026133638161834,,0.6896441800712788,0.010699808266982375,
dvs,official,comparison:tuned:q4-i2-qrc,held,3,1,0.5265151515151515,0.0037878787878787845,,0.5309525984659479,0.005939619482529004,,0.554259816411404,0.008521871491615712,,0.5265151515151515,0.00378787878787884,
dvs,official,comparison:tuned:q6-i2-crc,train,3,1,0.7248529866914267,0.009160413857597485,,0.7216827825028792,0.008784525135965554,,0.7307751085606259,0.0087372808080602,,0.7249456483624378,0.009151916256616356,
dvs,official,comparison:tuned:q6-i2-crc,held,3,1,0.5845959595959597,0.008747731351357958,,0.5768382280601361,0.00865590327948233,,0.5930897829484468,0.0035728837801929903,,0.5845959595959597,0.008747731351358054,
dvs,official,comparison:tuned:q6-i2-qrc,train,3,1,0.673785205818632,0.019856409696496966,,0.6694897862764099,0.023161019688319236,,0.6775432084679854,0.019993673492999138,,0.6738806112885642,0.019825334781804944,
dvs,official,comparison:tuned:q6-i2-qrc,held,3,1,0.5416666666666666,0.015151515151515138,,0.5366800631170848,0.020843021953029527,,0.5711233212642658,0.027269179418522357,,0.5416666666666666,0.015151515151515138,
dvs,official,comparison:tuned:q6-i4-crc,train,3,1,0.8922934076137419,0.00885737420071447,,0.8922658452805874,0.008647614781495361,,0.8933443323971031,0.008158488166182557,,0.892205241984329,0.008862203122530322,
dvs,official,comparison:tuned:q6-i4-crc,held,3,1,0.8181818181818182,0.029584279075404032,,0.8152478468015124,0.02933402315545939,,0.8238581007302909,0.02438574148629598,,0.8181818181818182,0.029584279075403966,
dvs,official,comparison:tuned:q6-i4-qrc,train,3,1,0.8926029093160013,0.004387943942667234,,0.8928101049113585,0.004342091401333632,,0.8946477586832998,0.004756919271891052,,0.8925622732691952,0.0043835605489282205,
dvs,official,comparison:tuned:q6-i4-qrc,held,3,1,0.7613636363636364,0.021090016525871277,,0.7585016133546546,0.02215553837579568,,0.7694310188390779,0.01829610877974038,,0.7613636363636364,0.021090016525871235,
dvs,official,comparison:tuned:q8-i2-crc,train,3,1,0.7499226245744351,0.0023366866094926557,,0.747928777660444,0.0016212515982596818,,0.7537038087549339,0.0017140498267634052,,0.7500015938896646,0.00234596952279437,
dvs,official,comparison:tuned:q8-i2-crc,held,3,1,0.5871212121212122,0.022727272727272707,,0.5805561962657829,0.025663608966416496,,0.5975331323196329,0.026949025421771078,,0.5871212121212122,0.02272727272727265,
dvs,official,comparison:tuned:q8-i2-qrc,train,3,1,0.7542556484060663,0.03228920174743415,,0.7532214327590733,0.032918231256961326,,0.7570027970108346,0.03220218931379141,,0.7543274104393398,0.03226658332387445,
dvs,official,comparison:tuned:q8-i2-qrc,held,3,1,0.5618686868686869,0.008747731351358022,,0.5647745254599653,0.009475138960981205,,0.578395625376483,0.013969224004529997,,0.5618686868686869,0.008747731351358022,
dvs,official,comparison:tuned:q8-i4-crc,train,3,1,0.8978644382544104,0.00804109010013407,,0.897693325715441,0.008083397721746877,,0.8995822446336931,0.007311157005862861,,0.8977679169137196,0.00803363652503837,
dvs,official,comparison:tuned:q8-i4-crc,held,3,1,0.8080808080808081,0.017900816766108413,,0.8041885424772491,0.017967257611080277,,0.8142657566119933,0.016119281845008535,,0.8080808080808081,0.01790081676610831,
dvs,official,comparison:tuned:q8-i4-qrc,train,3,1,0.8873413803775921,0.002680363366711357,,0.8872455541271643,0.002557951075014322,,0.8886017353806537,0.002836342890433941,,0.8872896862587584,0.0026723555485319212,
dvs,official,comparison:tuned:q8-i4-qrc,held,3,1,0.8005050505050505,0.007885098482826255,,0.7958279075471922,0.006749604028994099,,0.803595286352803,0.0001817653665213323,,0.8005050505050505,0.007885098482826165,
dvs,official,comparison:tuned:q8-i6-crc,train,3,1,0.8991024450634478,0.010227614758191436,,0.8992951464441127,0.009994394871563778,,0.9019570645118021,0.00973938150860074,,0.8990685308800184,0.01022484530651929,
dvs,official,comparison:tuned:q8-i6-crc,held,3,1,0.8396464646464646,0.01434067764090977,,0.8362354932514754,0.015637283200581067,,0.8480367742977372,0.014575047757054507,,0.8396464646464649,0.01434067764090981,
dvs,official,comparison:tuned:q8-i6-qrc,train,3,1,0.8981739399566697,0.018577838066801525,,0.8979295102759961,0.01858897160098607,,0.9000498142088335,0.01828480005194458,,0.8981536382125483,0.01856013386828537,
dvs,official,comparison:tuned:q8-i6-qrc,held,3,1,0.8005050505050505,0.03794186666999175,,0.7957330463451778,0.03888618695643304,,0.8080693731023194,0.034110739498027794,,0.8005050505050505,0.03794186666999179,
dvs,official,observations:crc2:all,train,3,1,0.6697616836892603,0.010559407062353424,,0.6639202346431015,0.012682495044485721,,0.6786304583865582,0.011355879335410669,,0.6698799482304637,0.010568402939821225,
dvs,official,observations:crc2:all,held,3,1,0.5555555555555555,0.005786080422924036,,0.5404354428014808,0.0007663306822812078,,0.5760415016044701,0.019051096982088983,,0.5555555555555555,0.005786080422924096,
dvs,official,observations:crc2:products,train,3,1,0.6790467347570411,0.017527199176437955,,0.6743487263978101,0.01828159393502657,,0.6872865755680625,0.018475565786843687,,0.6791468227403427,0.017531881827134985,
dvs,official,observations:crc2:products,held,3,1,0.5568181818181818,0.013657391194939387,,0.5442090864195034,0.015962147149780788,,0.5703496832639487,0.034269113286000644,,0.5568181818181819,0.013657391194939295,
dvs,official,observations:crc2:width24,train,3,1,0.6861652739090065,0.010043318316055698,,0.681572201901977,0.012422779715469299,,0.6920608354253757,0.008187468431973207,,0.6862332561890736,0.01003002383578588,
dvs,official,observations:crc2:width24,held,3,1,0.5555555555555555,0.00953261923645301,,0.541502040201331,0.013262920348538999,,0.5787948432136667,0.011538644831582902,,0.5555555555555555,0.0095326192364529,
dvs,official,observations:crc4:all,train,3,1,0.861652739090065,0.00804109010013407,,0.8615473293332049,0.007831389045252539,,0.8643783842812871,0.007051670322308233,,0.8615738704103947,0.008039157916890336,
dvs,official,observations:crc4:all,held,3,1,0.8143939393939394,0.0300653558075522,,0.8108853422553048,0.03179888471787126,,0.8248118237889431,0.030837474012246596,,0.8143939393939394,0.030065355807552117,
dvs,official,observations:crc4:products,train,3,1,0.9099350046425255,0.00809451985801426,,0.9098009971038453,0.008088356166013881,,0.9107816213215402,0.008184286951834594,,0.9098655394678957,0.008126524882867057,
dvs,official,observations:crc4:products,held,3,1,0.8143939393939394,0.026515151515151554,,0.8095202938735974,0.029032773565649258,,0.8124155585636346,0.028428542843886684,,0.8143939393939394,0.026515151515151516,
dvs,official,observations:crc4:width24,train,3,1,0.9031259671928197,0.001932837511110601,,0.9031189805271295,0.0020203640103764703,,0.9046011867698155,0.0013654577238640222,,0.9030309405861687,0.001941765855543925,
dvs,official,observations:crc4:width24,held,3,1,0.8169191919191919,0.01577019696565257,,0.8127975268421151,0.016700550940479317,,0.8194025307022036,0.019412351860489504,,0.8169191919191919,0.01577019696565255,
dvs,official,observations:projection:i2,train,3,1,0.47075208913649025,0.0,,0.431193435215456,0.0,,0.4944321998337035,0.0,,0.47086050915211447,0.0,
dvs,official,observations:projection:i2,held,3,1,0.35984848484848486,0.0,,0.31751414876294254,0.0,,0.352424681681405,0.0,,0.35984848484848486,0.0,
dvs,official,observations:projection:i4,train,3,1,0.7112349117920148,0.0,,0.7067018187828955,0.0,,0.7122975285808865,1.3597399555105182e-16,,0.7112254461297173,1.3597399555105182e-16,
dvs,official,observations:projection:i4,held,3,1,0.571969696969697,0.0,,0.5549974170940366,0.0,,0.5993134959954182,0.0,,0.571969696969697,0.0,
dvs,official,observations:qrc2:all,train,3,1,0.713091922005571,0.01997904808853297,,0.7112887827729072,0.021721640299672686,,0.7156113294685532,0.02420490160311017,,0.7131699915205069,0.01993651464525141,
dvs,official,observations:qrc2:all,held,3,1,0.5467171717171717,0.011572160845848072,,0.5454158003365347,0.012962303380439247,,0.5650561158414226,0.015569149320583411,,0.5467171717171717,0.011572160845848072,
dvs,official,observations:qrc2:products,train,3,1,0.6818322500773754,0.02093430711616939,,0.6782648305523997,0.023055444685922896,,0.6847891458053076,0.022156962026526405,,0.6819265663153734,0.020909586983886307,
dvs,official,observations:qrc2:products,held,3,1,0.5214646464646465,0.011572160845848072,,0.5209915804450685,0.015784778718723986,,0.5517495912643461,0.024328893100216135,,0.5214646464646465,0.011572160845848058,
dvs,official,observations:qrc2:zz,train,3,1,0.6935933147632313,0.01689266982234004,,0.6897900764478152,0.019724006699368815,,0.6962711492419746,0.017958903500857413,,0.6936830964813292,0.016882518753101147,
dvs,official,observations:qrc2:zz,held,3,1,0.5568181818181818,0.023040767160220573,,0.5533492008169175,0.02221190308773866,,0.5742403074498267,0.014992724537164357,,0.5568181818181818,0.023040767160220573,
dvs,official,observations:qrc4:all,train,3,1,0.8913649025069638,0.003347772772018581,,0.8915650004006602,0.003313441109881915,,0.8935183489153126,0.0038841658793717124,,0.8913254148894797,0.0033433726861547084,
dvs,official,observations:qrc4:all,held,3,1,0.76010101010101,0.024645481434271616,,0.7567716888750353,0.026678142617819846,,0.7690190954669953,0.02311054410257859,,0.76010101010101,0.024645481434271616,
dvs,official,observations:qrc4:products,train,3,1,0.8721757969668832,0.0061822916606122744,,0.8722857483717715,0.006302012440279969,,0.8751475675667809,0.006565411748189253,,0.8721286077692558,0.006171050904199582,
dvs,official,observations:qrc4:products,held,3,1,0.7752525252525252,0.03737032471451705,,0.7706248748942652,0.038541297353544064,,0.7804713255483922,0.038105248634495284,,0.7752525252525254,0.03737032471451703,
dvs,official,observations:qrc4:zz,train,3,1,0.8786753327143298,0.004186861423233878,,0.8786934189773402,0.004349635513913656,,0.8807023499923784,0.004817076568957605,,0.8786189264834331,0.004207013723177322,
dvs,official,observations:qrc4:zz,held,3,1,0.7866161616161617,0.009532619236452959,,0.7829045736341135,0.009049076962618682,,0.7900381258884446,0.008399925255578668,,0.7866161616161617,0.009532619236452959,
dvs,official,practical:large-crc,train,3,1,0.9922624574435158,0.0005360726733422841,,0.9922788328948301,0.0005257859274251507,,0.9924271421893965,0.00047791733688414136,,0.9922505084508031,0.0005438785026369145,
dvs,official,practical:large-crc,held,3,1,0.8813131313131314,0.01577019696565251,,0.8812219153637836,0.01623426290212649,,0.8865725685595295,0.013898952429844636,,0.8813131313131312,0.015770196965652444,
dvs,official,practical:lstm,train,3,1,0.896626431445373,0.008425043385215835,,0.8944375237649939,0.00849642437761368,,0.9067629464272748,0.008031857413416915,,0.8966266919138789,0.008396160530654307,
dvs,official,practical:lstm,held,3,1,0.8106060606060606,0.0075757575757576245,,0.804620435721474,0.00852336345958083,,0.8269824469411575,0.010172006894914898,,0.8106060606060606,0.007575757575757569,
dvs,official,practical:transformer,train,3,1,0.9975239863819251,0.001932837511110601,,0.9975286240257297,0.0019225035623716437,,0.9976075820862103,0.0018079768542140313,,0.99752309546124,0.0019364047393427757,
dvs,official,practical:transformer,held,3,1,0.8181818181818182,0.0037878787878787845,,0.8174237755102727,0.002537210901795588,,0.8259480483523486,0.005448087652194478,,0.8181818181818182,0.0037878787878787845,
dvs,official,recurrence:crc:all,train,3,1,0.8477251624883936,0.00804109010013407,,0.8473392706202171,0.00798677732229197,,0.8488983254999442,0.007832320332223603,,0.8476879036525574,0.008052957137669785,
dvs,official,recurrence:crc:all,held,3,1,0.7032828282828284,0.010934664189197448,,0.6966467759475016,0.012280389576098545,,0.7077072258392133,0.005122613174897344,,0.7032828282828283,0.010934664189197512,
dvs,official,recurrence:crc:partial,train,3,1,0.8922934076137419,0.00885737420071447,,0.8922658452805874,0.008647614781495361,,0.8933443323971031,0.008158488166182557,,0.892205241984329,0.008862203122530322,
dvs,official,recurrence:crc:partial,held,3,1,0.8181818181818182,0.029584279075404032,,0.8152478468015124,0.02933402315545939,,0.8238581007302909,0.02438574148629598,,0.8181818181818182,0.029584279075403966,
dvs,official,recurrence:qrc:all,train,3,1,0.8353450943980191,0.0037525087133959295,,0.8348483326945203,0.0038186906554766586,,0.8380311757786919,0.003189038218942218,,0.8353352587520481,0.0037325125408756523,
dvs,official,recurrence:qrc:all,held,3,1,0.710858585858586,0.019065238472905918,,0.703202296385475,0.02126227898071547,,0.713244599954694,0.02430559849167507,,0.710858585858586,0.019065238472906018,
dvs,official,recurrence:qrc:partial,train,3,1,0.8926029093160013,0.004387943942667234,,0.8928101049113585,0.004342091401333632,,0.8946477586832998,0.004756919271891052,,0.8925622732691952,0.0043835605489282205,
dvs,official,recurrence:qrc:partial,held,3,1,0.7613636363636364,0.021090016525871277,,0.7585016133546546,0.02215553837579568,,0.7694310188390779,0.01829610877974038,,0.7613636363636364,0.021090016525871235,
shd,official,comparison:fixed12:q4-i2-crc,train,3,1,0.6618031714892921,0.0010989316380373335,,0.6359113113316525,0.003073127487586845,,0.6613860171997933,0.003140354206728596,,0.6618488019480712,0.001147057633687774,
shd,official,comparison:fixed12:q4-i2-crc,held,3,1,0.5811248527679623,0.019076636439040683,,0.556563845261509,0.019412892891808226,,0.5971800113494956,0.03188927932376575,,0.5820441209888628,0.019532595605266777,
shd,official,comparison:fixed12:q4-i2-qrc,train,3,1,0.672347555991499,0.022113646573442967,,0.6521694786396396,0.026605304303061458,,0.6725154297610283,0.025019735365021244,,0.6720384322490648,0.02204917698925253,
shd,official,comparison:fixed12:q4-i2-qrc,held,3,1,0.6068904593639576,0.01761808363531725,,0.5835929435288647,0.016803508571389854,,0.6213830181949134,0.009805631170450763,,0.6067864386424556,0.0176709926682732,
shd,official,comparison:fixed12:q6-i2-crc,train,3,1,0.6618031714892921,0.0010989316380373335,,0.6359113113316525,0.003073127487586845,,0.6613860171997933,0.003140354206728596,,0.6618488019480712,0.001147057633687774,
shd,official,comparison:fixed12:q6-i2-crc,held,3,1,0.5811248527679623,0.019076636439040683,,0.556563845261509,0.019412892891808226,,0.5971800113494956,0.03188927932376575,,0.5820441209888628,0.019532595605266777,
shd,official,comparison:fixed12:q6-i2-qrc,train,3,1,0.6955206800719308,0.022616093717330744,,0.6785509761847814,0.025823386299074855,,0.6956887406577715,0.01958885077228247,,0.6955122088168212,0.022727063370909323,
shd,official,comparison:fixed12:q6-i2-qrc,held,3,1,0.6160188457008244,0.03009481915522886,,0.5917967820751722,0.03144129318676002,,0.6336560835880768,0.01638833131628819,,0.6161189038852791,0.030267236231019252,
shd,official,comparison:fixed12:q6-i4-crc,train,3,1,0.753882622200425,0.016312697135318268,,0.7442321158593987,0.018464938340881927,,0.752586043307191,0.015465966505218915,,0.7540760775121239,0.016485093257348916,
shd,official,comparison:fixed12:q6-i4-crc,held,3,1,0.674469964664311,0.022256400507675092,,0.6519883687314193,0.026518335934824572,,0.6859476377375725,0.02737625082032237,,0.6744126397577229,0.022221830048165477,
shd,official,comparison:fixed12:q6-i4-qrc,train,3,1,0.7062285434036292,0.007628416003090845,,0.6931100222128337,0.008957777388037678,,0.7028355234844202,0.012103470617549503,,0.7058722307961425,0.007615553476432729,
shd,official,comparison:fixed12:q6-i4-qrc,held,3,1,0.6381036513545347,0.019365910741215138,,0.6205051117917795,0.023590248018081593,,0.6548657890855201,0.014526891250719936,,0.6369596917612926,0.01899024071030062,
shd,official,comparison:fixed12:q8-i2-crc,train,3,1,0.6618031714892921,0.0010989316380373335,,0.6359113113316525,0.003073127487586845,,0.6613860171997933,0.003140354206728596,,0.6618488019480712,0.001147057633687774,
shd,official,comparison:fixed12:q8-i2-crc,held,3,1,0.5811248527679623,0.019076636439040683,,0.556563845261509,0.019412892891808226,,0.5971800113494956,0.03188927932376575,,0.5820441209888628,0.019532595605266777,
shd,official,comparison:fixed12:q8-i2-qrc,train,3,1,0.6918015367009973,0.008747740556676372,,0.6764754588682957,0.00847162465629257,,0.6918886478842939,0.004639870603516826,,0.69189387190611,0.008852415067269399,
shd,official,comparison:fixed12:q8-i2-qrc,held,3,1,0.6021790341578327,0.02840052197025725,,0.5748893366367814,0.03023762922671871,,0.6173257820235988,0.017820254208725746,,0.6021564435450723,0.028606124986841525,
shd,official,comparison:fixed12:q8-i4-crc,train,3,1,0.753882622200425,0.016312697135318268,,0.7442321158593987,0.018464938340881927,,0.752586043307191,0.015465966505218915,,0.7540760775121239,0.016485093257348916,
shd,official,comparison:fixed12:q8-i4-crc,held,3,1,0.674469964664311,0.022256400507675092,,0.6519883687314193,0.026518335934824572,,0.6859476377375725,0.02737625082032237,,0.6744126397577229,0.022221830048165477,
shd,official,comparison:fixed12:q8-i4-qrc,train,3,1,0.7066781101847311,0.005732987184892389,,0.6925225051488767,0.007245285422529267,,0.7038190707857145,0.0035692635169789883,,0.7062361283483324,0.005962387063710804,
shd,official,comparison:fixed12:q8-i4-qrc,held,3,1,0.6286808009422851,0.023959045562535853,,0.6087255985849285,0.025591644372303563,,0.6440150808878441,0.014854213932272847,,0.6283398290428502,0.023331282902079576,
shd,official,comparison:fixed12:q8-i6-crc,train,3,1,0.8392185711950303,0.015391392886750508,,0.8363997461065701,0.01610129926798007,,0.8379785145748672,0.015357574377918444,,0.839873905205622,0.015335505261518702,
shd,official,comparison:fixed12:q8-i6-crc,held,3,1,0.7336572438162544,0.02065608295245571,,0.7239555543369272,0.01942128435074892,,0.7590778230204772,0.017806356171344656,,0.7352180986442182,0.020882589438964434,
shd,official,comparison:fixed12:q8-i6-qrc,train,3,1,0.6683423246689554,0.06770466397811284,,0.6546840561942103,0.07031958446562273,,0.6674713995694853,0.07533920985118488,,0.6685475994910574,0.06717521850020992,
shd,official,comparison:fixed12:q8-i6-qrc,held,3,1,0.5631625441696112,0.03629710203896068,,0.5421674899205842,0.039391459762799876,,0.5745795973247859,0.04589913262239125,,0.5638191034933555,0.03651397394419752,
shd,official,comparison:fixed:q4-i2-crc,train,3,1,0.6618031714892921,0.0010989316380373335,,0.6359113113316525,0.003073127487586845,,0.6613860171997933,0.003140354206728596,,0.6618488019480712,0.001147057633687774,
shd,official,comparison:fixed:q4-i2-crc,held,3,1,0.5811248527679623,0.019076636439040683,,0.556563845261509,0.019412892891808226,,0.5971800113494956,0.03188927932376575,,0.5820441209888628,0.019532595605266777,
shd,official,comparison:fixed:q4-i2-qrc,train,3,1,0.672347555991499,0.022113646573442967,,0.6521694786396396,0.026605304303061458,,0.6725154297610283,0.025019735365021244,,0.6720384322490648,0.02204917698925253,
shd,official,comparison:fixed:q4-i2-qrc,held,3,1,0.6068904593639576,0.01761808363531725,,0.5835929435288647,0.016803508571389854,,0.6213830181949134,0.009805631170450763,,0.6067864386424556,0.0176709926682732,
shd,official,comparison:fixed:q6-i2-crc,train,3,1,0.7328755926107569,0.041588235859508736,,0.7177752777823252,0.04675206638041127,,0.735686822581057,0.04134031024346978,,0.7329440573665144,0.04158541732161668,
shd,official,comparison:fixed:q6-i2-crc,held,3,1,0.5926089517078915,0.03955667568671246,,0.5695251245919056,0.0414825364874842,,0.6004194329342776,0.046526501065071627,,0.5937078914150283,0.039134788426582225,
shd,official,comparison:fixed:q6-i2-qrc,train,3,1,0.7329164623181299,0.007710089522941532,,0.7218957716809684,0.007840100015902449,,0.7330189485363219,0.006747995353840596,,0.7330938088461841,0.007657798981763587,
shd,official,comparison:fixed:q6-i2-qrc,held,3,1,0.6447290930506479,0.009497322392738618,,0.6244984033259523,0.009425960545416709,,0.6546843837199728,0.007716514018043806,,0.6445893840621221,0.010346907055708895,
shd,official,comparison:fixed:q6-i4-crc,train,3,1,0.7990027791401012,0.012667565635405048,,0.7931140134504377,0.01304955052806273,,0.7984522381001087,0.011871552708064968,,0.7991241722523995,0.013054240935907147,
shd,official,comparison:fixed:q6-i4-crc,held,3,1,0.6794758539458187,0.038870094487196874,,0.6624830524532094,0.037013750485654716,,0.6883297451822216,0.03812212611946833,,0.678894319069073,0.03886582685531024,
shd,official,comparison:fixed:q6-i4-qrc,train,3,1,0.7770557462808566,0.004923230837936258,,0.7693249824390834,0.0047084401946607506,,0.7778175061777363,0.0032095608517503237,,0.7769472226666257,0.005205297470353035,
shd,official,comparison:fixed:q6-i4-qrc,held,3,1,0.6903710247349822,0.030161732588655534,,0.6732878867952103,0.029818726499795153,,0.703626515029986,0.018722788701732572,,0.689142662966728,0.029850080459913754,
shd,official,comparison:fixed:q8-i2-crc,train,3,1,0.7807748896517901,0.025071092184398264,,0.7715986395460459,0.027449281369034437,,0.7826450587925503,0.024774853805065493,,0.7808688633748933,0.025186524234117456,
shd,official,comparison:fixed:q8-i2-crc,held,3,1,0.6341283863368669,0.04116155942587909,,0.6170731830321664,0.040956017480477835,,0.6402061158792023,0.039693906775899894,,0.6337883644985943,0.04142917840616904,
shd,official,comparison:fixed:q8-i2-qrc,train,3,1,0.7421121464770312,0.007024479097002179,,0.7320639820830076,0.00781775469494121,,0.7437331633851422,0.006811218331623041,,0.7422727431742845,0.006957698825040126,
shd,official,comparison:fixed:q8-i2-qrc,held,3,1,0.6335394581861014,0.022969613528901867,,0.6143124145257637,0.022094347720101454,,0.6462952434053483,0.016671476371100197,,0.6332727733421136,0.023179910565207525,
shd,official,comparison:fixed:q8-i4-crc,train,3,1,0.7965914664051006,0.004152450765540993,,0.791570263345501,0.0048505563497488555,,0.7970995840574909,0.004047261660470026,,0.7967487697975656,0.0041927895424330695,
shd,official,comparison:fixed:q8-i4-crc,held,3,1,0.6936101295641932,0.030391560044952918,,0.6775287028585835,0.031712384725132305,,0.7077825408380635,0.033091847617711403,,0.6928737652653937,0.03034813407815116,
shd,official,comparison:fixed:q8-i4-qrc,train,3,1,0.7879270884420468,0.008111993473214377,,0.7807445098416649,0.008775492965769661,,0.7882688670943336,0.008824778519586818,,0.7877547943043578,0.00816791356326853,
shd,official,comparison:fixed:q8-i4-qrc,held,3,1,0.6912544169611308,0.022656039935039184,,0.6758016908615015,0.01954968973537033,,0.7063396305403952,0.01909297909448499,,0.6900813826626718,0.022720357726640137,
shd,official,comparison:fixed:q8-i6-crc,train,3,1,0.8524194866764754,0.01460044197967163,,0.850251831190212,0.014880250056313236,,0.8516941205870725,0.015408279218972455,,0.8530893916237717,0.014681397004995484,
shd,official,comparison:fixed:q8-i6-crc,held,3,1,0.7336572438162543,0.017327778485806588,,0.7193693076426767,0.017959503041050855,,0.7520453070576741,0.017391856831780787,,0.7355776690046625,0.017237630274506813,
shd,official,comparison:fixed:q8-i6-qrc,train,3,1,0.8546673205819847,0.006947008767282263,,0.851858248102737,0.007928230917336495,,0.8543974015995793,0.008952102009359957,,0.855132201710059,0.006903641366285068,
shd,official,comparison:fixed:q8-i6-qrc,held,3,1,0.7685512367491166,0.012717473541420431,,0.7615194551691943,0.015158955172486962,,0.7917968743750574,0.01537603677374476,,0.7690342662793475,0.013269132688427427,
shd,official,comparison:projection:i2,train,3,1,0.5834968121628249,0.0,,0.5517487856583939,0.0,,0.5825492347708165,0.0,,0.5826696794164075,0.0,
shd,official,comparison:projection:i2,held,3,1,0.5830388692579506,0.0,,0.5545799393498156,0.0,,0.6158192931181226,0.0,,0.5819943263444823,0.0,
shd,official,comparison:projection:i4,train,3,1,0.6855076017655714,0.0,,0.6707335715662249,0.0,,0.6806311235468182,0.0,,0.685074224592081,0.0,
shd,official,comparison:projection:i4,held,3,1,0.6806537102473498,0.0,,0.6619540255634268,0.0,,0.6950784453602172,0.0,,0.6786063814047821,1.3597399555105182e-16,
shd,official,comparison:projection:i6,train,3,1,0.7877636096125552,0.0,,0.7832444167677058,1.3597399555105182e-16,,0.7874086602995471,0.0,,0.7881444352470455,0.0,
shd,official,comparison:projection:i6,held,3,1,0.7575088339222615,0.0,,0.7508665028027508,0.0,,0.7879261244736501,1.3597399555105182e-16,,0.7583830815107951,1.3597399555105182e-16,
shd,official,comparison:tuned:q4-i2-crc,train,3,1,0.8067680235409513,0.009794159114046809,,0.7980820661859561,0.011786397704733997,,0.8058888451731865,0.010678801415212318,,0.8071723353088284,0.00983777406661263,
shd,official,comparison:tuned:q4-i2-crc,held,3,1,0.6912544169611308,0.01062827686883038,,0.6746657595732758,0.010955855026639151,,0.711108174248635,0.010266222882398784,,0.6907065297498979,0.01043013809279075,
shd,official,comparison:tuned:q4-i2-qrc,train,3,1,0.8176393657021416,0.013311044722282422,,0.8108066907952605,0.013602176375182682,,0.8175414433695375,0.013773007885875528,,0.8182162273859838,0.013411692117186283,
shd,official,comparison:tuned:q4-i2-qrc,held,3,1,0.7134864546525325,0.018234793373171278,,0.6977527110489854,0.01736798548442574,,0.7292578386228263,0.01826597117279387,,0.712237222861162,0.017548398022059142,
shd,official,comparison:tuned:q6-i2-crc,train,3,1,0.8141245708680726,0.006350868482819924,,0.8071023973119043,0.0067709813863803614,,0.8122672717946734,0.0049274943660796286,,0.8145604104780549,0.006383289506230412,
shd,official,comparison:tuned:q6-i2-crc,held,3,1,0.7167255594817433,0.004639561618547951,,0.7010167528649832,0.004914890155005933,,0.7255102996005803,0.0037860517825206836,,0.7150801528196643,0.004712137751511727,
shd,official,comparison:tuned:q6-i2-qrc,train,3,1,0.8064410658819683,0.01105682328672149,,0.7999811768330144,0.012259036670570269,,0.8085604080658416,0.011320680897639069,,0.806826195466003,0.011203878733604124,
shd,official,comparison:tuned:q6-i2-qrc,held,3,1,0.6787396937573615,0.020980952820177964,,0.6633764104502223,0.021380233307553217,,0.6873750831259683,0.02001358266618028,,0.6783163109009096,0.020420268977200264,
shd,official,comparison:tuned:q6-i4-crc,train,3,1,0.8601029916625796,0.0028279947510227448,,0.8575908096719106,0.003114921899626607,,0.859109039513109,0.0028464635031930636,,0.8606623857323629,0.0027488471974993476,
shd,official,comparison:tuned:q6-i4-crc,held,3,1,0.7685512367491166,0.0101205293616516,,0.7574867458794351,0.009429457665065184,,0.7763148660120495,0.005627957399843128,,0.7675096769146178,0.009807895870319154,
shd,official,comparison:tuned:q6-i4-qrc,train,3,1,0.8138384829164623,0.007235323486172756,,0.8087431931226637,0.007415190518810478,,0.8139169972721568,0.0073100499088010135,,0.8139794645192914,0.007326596662322709,
shd,official,comparison:tuned:q6-i4-qrc,held,3,1,0.7273262661955241,0.021386182020111992,,0.71734313668677,0.021263932292193286,,0.7398344989766806,0.02515956011226324,,0.7258654287625572,0.02119915569359722,
shd,official,comparison:tuned:q8-i2-crc,train,3,1,0.8461255517410495,0.002533592241266789,,0.8417674559675049,0.002630518941896035,,0.8456847300250975,0.003185767436555838,,0.8465973287752785,0.0025640209667363687,
shd,official,comparison:tuned:q8-i2-crc,held,3,1,0.7304181389870436,0.0026988078297737767,,0.7131780901034043,0.002766585471311374,,0.738466637297574,0.00462766328516377,,0.7285964257894234,0.0025389036076968355,
shd,official,comparison:tuned:q8-i2-qrc,train,3,1,0.7829409841425535,0.013527255759159463,,0.7745562229499584,0.01484899117054892,,0.7839441852326198,0.01472798665363299,,0.78335655195215,0.01361397959934818,
shd,official,comparison:tuned:q8-i2-qrc,held,3,1,0.6716725559481743,0.024358783106753254,,0.6551024546927686,0.025714869155453537,,0.6873980568275379,0.022849713806899548,,0.6716245965430009,0.023393246553696692,
shd,official,comparison:tuned:q8-i4-crc,train,3,1,0.8999100866437796,0.003117102332134738,,0.8986342220242243,0.0030826063394942802,,0.8999111323316166,0.003071865830160655,,0.9003538759876509,0.00315913919150735,
shd,official,comparison:tuned:q8-i4-crc,held,3,1,0.7954946996466431,0.012854798772840311,,0.7869542298348287,0.01331658201215457,,0.7989654662737661,0.013554769411154381,,0.7940154517213577,0.012393765838512462,
shd,official,comparison:tuned:q8-i4-qrc,train,3,1,0.829573320255027,0.0016855967490028482,,0.8262773581169593,0.002323431918356181,,0.8295979862541043,0.0030369524986090537,,0.8298130153283219,0.001604812559840531,
shd,official,comparison:tuned:q8-i4-qrc,held,3,1,0.760600706713781,0.014154964981415226,,0.7518752546158964,0.01218208869916593,,0.7730603845649843,0.009896719267591348,,0.7595399564623264,0.013890816357007016,
shd,official,comparison:tuned:q8-i6-crc,train,3,1,0.8205411149256171,0.004428096527965297,,0.8172620147942382,0.0051414541737582545,,0.8213525105362,0.00449418017975534,,0.8212426536206564,0.004528282629773665,
shd,official,comparison:tuned:q8-i6-crc,held,3,1,0.7548586572438163,0.0061362385112410595,,0.7468228157091161,0.005271705828243038,,0.7981850583812031,0.010031790640652443,,0.7574047368714477,0.006173964915107858,
shd,official,comparison:tuned:q8-i6-qrc,train,3,1,0.8738760830472453,0.012944024128248464,,0.8718940253589164,0.013623213636747428,,0.8741590761329395,0.012896213662878759,,0.8743679638854545,0.012997583662253407,
shd,official,comparison:tuned:q8-i6-qrc,held,3,1,0.7928445229681979,0.007271235703690061,,0.7862313208709352,0.0087276144377131,,0.815840569235664,0.006655442706671961,,0.793543833444376,0.007340104073135364,
shd,official,observations:crc2:all,train,3,1,0.7280529671407553,0.04430466673675166,,0.7123214586124545,0.049922350606518215,,0.7303757574307195,0.045043738149214106,,0.7281340250125531,0.0443179862660083,
shd,official,observations:crc2:all,held,3,1,0.5890753828032981,0.03997858188915896,,0.5664744478444297,0.0413136757763216,,0.5967209996609725,0.044864558593764835,,0.590103872518696,0.039304079413105625,
shd,official,observations:crc2:products,train,3,1,0.7006702632009155,0.03522923733234737,,0.68152702368001,0.03968947449913207,,0.7040501057632914,0.038104865802779775,,0.7007108811371191,0.03503834063850467,
shd,official,observations:crc2:products,held,3,1,0.5777385159010601,0.03248493994381078,,0.5530802735252162,0.029938441223528834,,0.5980596648086846,0.03672482840504772,,0.579007233411085,0.03155015748924428,
shd,official,observations:crc2:width24,train,3,1,0.7760340035965343,0.026369894050137184,,0.766573523678217,0.028754764255703662,,0.7777592795927614,0.026088715037941506,,0.7761719224666956,0.02646345934360722,
shd,official,observations:crc2:width24,held,3,1,0.6342756183745583,0.043238868599553795,,0.6170874772779334,0.04315167785513134,,0.6410830482543877,0.04103311427730743,,0.6340639129336219,0.043357806724112255,
shd,official,observations:crc4:all,train,3,1,0.7949566781101848,0.011826749911733861,,0.7887877161105901,0.011950532133007667,,0.7942956848347628,0.011172877684624357,,0.7950811178895355,0.012233043938736725,
shd,official,observations:crc4:all,held,3,1,0.6765312131919906,0.03925218274514493,,0.6594542770089556,0.037652659399194016,,0.6860138135188181,0.03829476719349599,,0.6759943873732982,0.03921400454568217,
shd,official,observations:crc4:products,train,3,1,0.8130619584763773,0.015866081521985185,,0.8076987023372947,0.016214113692177196,,0.8125251732200421,0.015042627945894206,,0.813256199184128,0.016179073558058227,
shd,official,observations:crc4:products,held,3,1,0.6880153121319199,0.047607656398024265,,0.6716842772848239,0.04631746800752969,,0.6956944653165295,0.04870471686614353,,0.6871760613692312,0.04733101415946886,
shd,official,observations:crc4:width24,train,3,1,0.7953653751839136,0.0038597538594157374,,0.7902485308518883,0.004512355658375795,,0.7957199748709197,0.004036137280644614,,0.7955182186331969,0.0038845788201621683,
shd,official,observations:crc4:width24,held,3,1,0.691696113074205,0.02804683368619704,,0.6753858539140377,0.029028180332620612,,0.7058301109160589,0.031051077025414042,,0.6909687308362832,0.027975615953361378,
shd,official,observations:projection:i2,train,3,1,0.5843550760176557,0.0,,0.5531537132754792,0.0,,0.5857743933075611,0.0,,0.5835393334734201,0.0,
shd,official,observations:projection:i2,held,3,1,0.5799469964664311,0.0,,0.5503972296588032,0.0,,0.6138558436265545,0.0,,0.5787607176156511,0.0,
shd,official,observations:projection:i4,train,3,1,0.6847719470328593,0.0,,0.6699745219848591,0.0,,0.6796850438167276,1.3597399555105182e-16,,0.6843247996382361,0.0,
shd,official,observations:projection:i4,held,3,1,0.6806537102473498,0.0,,0.6619530472613546,0.0,,0.6952614925762669,1.3597399555105182e-16,,0.6786063814047821,1.3597399555105182e-16,
shd,official,observations:qrc2:all,train,3,1,0.7324668955370278,0.0075770056672292115,,0.721404805166651,0.007781598971275536,,0.732464384677117,0.007146198864210106,,0.732640181259501,0.007526539467700043,
shd,official,observations:qrc2:all,held,3,1,0.6420789163722026,0.008337806322006943,,0.6214433254350418,0.008265346016287076,,0.6510946891075287,0.007016659250098134,,0.6418327017608129,0.009081955827189684,
shd,official,observations:qrc2:products,train,3,1,0.7470165113617787,0.004563519650877149,,0.7373644096175784,0.004569707104874513,,0.7459728453083739,0.004031917408440372,,0.7473077654037241,0.004614165386122293,
shd,official,observations:qrc2:products,held,3,1,0.6494405182567727,0.012804109305799139,,0.6299214922303958,0.012222510169357308,,0.6588379639173644,0.011428481219467152,,0.6488985752971331,0.013489003162602126,
shd,official,observations:qrc2:zz,train,3,1,0.7458721595553376,0.0062064119158323485,,0.736248474091559,0.005985173727129988,,0.7447824099015223,0.0039983197753204955,,0.7461603327572505,0.006336855443482826,
shd,official,observations:qrc2:zz,held,3,1,0.6503239104829212,0.015379230307796978,,0.6310402036402878,0.014529327661919972,,0.6594954837726327,0.01199278106889875,,0.6501465393721247,0.01608331906327112,
shd,official,observations:qrc4:all,train,3,1,0.7760340035965343,0.0051207965654508115,,0.7681933850269308,0.004896710978455211,,0.7767617821761844,0.0027722650810049357,,0.7759209923348495,0.005396737446692516,
shd,official,observations:qrc4:all,held,3,1,0.690665488810365,0.029538651161048382,,0.6734802166816442,0.028969249582087003,,0.7038754643699026,0.018307444603470738,,0.6894035946638577,0.029198080883781178,
shd,official,observations:qrc4:products,train,3,1,0.7960601602092529,0.001769710241508183,,0.7902743915640281,0.000822822511281385,,0.797578360800963,0.0018560760107585092,,0.7961385029759054,0.0019571035045922616,
shd,official,observations:qrc4:products,held,3,1,0.7067137809187279,0.024325388362216174,,0.6917121161202778,0.02264794692883498,,0.7210216905555725,0.014422812022285125,,0.7054503177239009,0.02402656185063726,
shd,official,observations:qrc4:zz,train,3,1,0.7951610266470492,0.002619171157432102,,0.7893419565499525,0.0018093618336749377,,0.7969048140340957,0.0011745980300969727,,0.795247564183113,0.0028344294496904007,
shd,official,observations:qrc4:zz,held,3,1,0.7047997644287397,0.02266608409649689,,0.689870737853032,0.02127904871214737,,0.7186871195296446,0.012645973602440526,,0.7035649377154997,0.022335069227978132,
shd,official,practical:large-crc,train,3,1,0.9803008010462645,0.0013781032614097791,,0.9803835292057572,0.0013847024811862677,,0.9805038368429729,0.001412652592607661,,0.9804521292066415,0.001357758734985311,
shd,official,practical:large-crc,held,3,1,0.8364252061248528,0.005119357670999298,,0.8347349878484747,0.005919699656404293,,0.856797290716723,0.006548543409049869,,0.8379740374792298,0.005548306443586884,
shd,official,practical:lstm,train,3,1,0.9426598005558281,0.004749158476931929,,0.9428523800011662,0.004475812782495019,,0.9452123105694676,0.003880551578265403,,0.9426517525454496,0.00474655771796024,
shd,official,practical:lstm,held,3,1,0.857773851590106,0.015796426450748823,,0.8517798198423275,0.016052166877223113,,0.8724933909294118,0.012820043613302965,,0.8565364504381311,0.017916210449828163,
shd,official,practical:transformer,train,3,1,0.9859408206637239,0.005414734971449312,,0.9859034283817188,0.005433712037460803,,0.9863121305033209,0.005176467548240845,,0.9858785391803991,0.005442270722158736,
shd,official,practical:transformer,held,3,1,0.8221436984687868,0.036902998751140795,,0.8215376812985484,0.034103120855600015,,0.848416237026484,0.015637704280519884,,0.8224653942240967,0.03666104820565218,
shd,official,recurrence:crc:all,train,3,1,0.8222576426352788,0.005311018079978555,,0.8187512993740252,0.005870270628931516,,0.8213133765057975,0.006229682668445471,,0.8226121132442721,0.005237006283481619,
shd,official,recurrence:crc:all,held,3,1,0.7631036513545348,0.0051573262332558645,,0.7523328846502123,0.005365618189718539,,0.7720906339018366,0.005286967463356504,,0.7614223680674964,0.0051648322396704765,
shd,official,recurrence:crc:partial,train,3,1,0.8601029916625796,0.0028279947510227448,,0.8575908096719106,0.003114921899626607,,0.859109039513109,0.0028464635031930636,,0.8606623857323629,0.0027488471974993476,
shd,official,recurrence:crc:partial,held,3,1,0.7685512367491166,0.0101205293616516,,0.7574867458794351,0.009429457665065184,,0.7763148660120495,0.005627957399843128,,0.7675096769146178,0.009807895870319154,
shd,official,recurrence:qrc:all,train,3,1,0.7818783717508583,0.012911270340731036,,0.7757418173520877,0.01431693199378771,,0.7803696272681616,0.014324893731043037,,0.7818730468353748,0.01294155084536249,
shd,official,recurrence:qrc:all,held,3,1,0.7236454652532393,0.010474191055260571,,0.7146092373503524,0.009571072455353451,,0.7409476884118434,0.006630531533545628,,0.7224130464340967,0.010158195863229835,
shd,official,recurrence:qrc:partial,train,3,1,0.8138384829164623,0.007235323486172756,,0.8087431931226637,0.007415190518810478,,0.8139169972721568,0.0073100499088010135,,0.8139794645192914,0.007326596662322709,
shd,official,recurrence:qrc:partial,held,3,1,0.7273262661955241,0.021386182020111992,,0.71734313668677,0.021263932292193286,,0.7398344989766806,0.02515956011226324,,0.7258654287625572,0.02119915569359722,
