dataset,phase,role,seed,fold,configuration,model,protocol,adapter,training_membership,solver,lambda,population,membership,samples,kind,group,accuracy,macro_f1,macro_precision,macro_recall
shd,official,comparison:fixed12:q4-i2-crc,42,official,e1ef57a0d034ee8456842647dfc5fd4611cc13074e979c96bcdb6b0be7db81a0,crc,a560d44db0c661629b7c48b459042ae78e5779ad39545d336ff210f7a613ccdc,55cd3e5a9b52d613b3f33169af6b9a8086a62d15238441e5d3e96dc6e3227aa8,57ac446f18096446209c84cbc598ea821d682a426b5e975abca3ebe6e75f8622,cholesky,0.1,held,eb61adcd6eadb518c4f65c0bb99027f363a45071089c4ba035537c915acf5670,424,speaker-subset,seen,0.6863207547169812,0.649630548456573,0.6835236620105041,0.6758725649940043
shd,official,comparison:fixed12:q4-i2-crc,42,official,e1ef57a0d034ee8456842647dfc5fd4611cc13074e979c96bcdb6b0be7db81a0,crc,a560d44db0c661629b7c48b459042ae78e5779ad39545d336ff210f7a613ccdc,55cd3e5a9b52d613b3f33169af6b9a8086a62d15238441e5d3e96dc6e3227aa8,57ac446f18096446209c84cbc598ea821d682a426b5e975abca3ebe6e75f8622,cholesky,0.1,held,eb61adcd6eadb518c4f65c0bb99027f363a45071089c4ba035537c915acf5670,1840,speaker-subset,unseen,0.5543478260869565,0.529854307339506,0.6002842527494411,0.5562862898447684
shd,official,comparison:fixed12:q4-i2-crc,42,official,e1ef57a0d034ee8456842647dfc5fd4611cc13074e979c96bcdb6b0be7db81a0,crc,a560d44db0c661629b7c48b459042ae78e5779ad39545d336ff210f7a613ccdc,55cd3e5a9b52d613b3f33169af6b9a8086a62d15238441e5d3e96dc6e3227aa8,57ac446f18096446209c84cbc598ea821d682a426b5e975abca3ebe6e75f8622,cholesky,0.1,held,eb61adcd6eadb518c4f65c0bb99027f363a45071089c4ba035537c915acf5670,2264,speaker-subset,whole,0.5790636042402827,0.5522246454122866,0.6105429246031564,0.5789663398338235
shd,official,comparison:fixed12:q4-i2-qrc,42,official,55e4a37bc4a0e5b13f78125749f642e09718d5669df4e5bc33a35eafbcedb0bd,qrc,ff712c459052c1382a0d0a1f6b2d25f1046b3ebf200dd378a0d24cde56f59161,55cd3e5a9b52d613b3f33169af6b9a8086a62d15238441e5d3e96dc6e3227aa8,57ac446f18096446209c84cbc598ea821d682a426b5e975abca3ebe6e75f8622,cholesky,0.1,held,eb61adcd6eadb518c4f65c0bb99027f363a45071089c4ba035537c915acf5670,424,speaker-subset,seen,0.6839622641509434,0.6486317972506828,0.671814261337606,0.6793894545054591
shd,official,comparison:fixed12:q4-i2-qrc,42,official,55e4a37bc4a0e5b13f78125749f642e09718d5669df4e5bc33a35eafbcedb0bd,qrc,ff712c459052c1382a0d0a1f6b2d25f1046b3ebf200dd378a0d24cde56f59161,55cd3e5a9b52d613b3f33169af6b9a8086a62d15238441e5d3e96dc6e3227aa8,57ac446f18096446209c84cbc598ea821d682a426b5e975abca3ebe6e75f8622,cholesky,0.1,held,eb61adcd6eadb518c4f65c0bb99027f363a45071089c4ba035537c915acf5670,1840,speaker-subset,unseen,0.6141304347826086,0.5934056485793711,0.6267412527785223,0.6157720109017657
shd,official,comparison:fixed12:q4-i2-qrc,42,official,55e4a37bc4a0e5b13f78125749f642e09718d5669df4e5bc33a35eafbcedb0bd,qrc,ff712c459052c1382a0d0a1f6b2d25f1046b3ebf200dd378a0d24cde56f59161,55cd3e5a9b52d613b3f33169af6b9a8086a62d15238441e5d3e96dc6e3227aa8,57ac446f18096446209c84cbc598ea821d682a426b5e975abca3ebe6e75f8622,cholesky,0.1,held,eb61adcd6eadb518c4f65c0bb99027f363a45071089c4ba035537c915acf5670,2264,speaker-subset,whole,0.627208480565371,0.6029221479787783,0.6279756305227112,0.6270766007002582
shd,official,comparison:fixed12:q6-i2-crc,42,official,e1ef57a0d034ee8456842647dfc5fd4611cc13074e979c96bcdb6b0be7db81a0,crc,a560d44db0c661629b7c48b459042ae78e5779ad39545d336ff210f7a613ccdc,55cd3e5a9b52d613b3f33169af6b9a8086a62d15238441e5d3e96dc6e3227aa8,57ac446f18096446209c84cbc598ea821d682a426b5e975abca3ebe6e75f8622,cholesky,0.1,held,eb61adcd6eadb518c4f65c0bb99027f363a45071089c4ba035537c915acf5670,424,speaker-subset,seen,0.6863207547169812,0.649630548456573,0.6835236620105041,0.6758725649940043
shd,official,comparison:fixed12:q6-i2-crc,42,official,e1ef57a0d034ee8456842647dfc5fd4611cc13074e979c96bcdb6b0be7db81a0,crc,a560d44db0c661629b7c48b459042ae78e5779ad39545d336ff210f7a613ccdc,55cd3e5a9b52d613b3f33169af6b9a8086a62d15238441e5d3e96dc6e3227aa8,57ac446f18096446209c84cbc598ea821d682a426b5e975abca3ebe6e75f8622,cholesky,0.1,held,eb61adcd6eadb518c4f65c0bb99027f363a45071089c4ba035537c915acf5670,1840,speaker-subset,unseen,0.5543478260869565,0.529854307339506,0.6002842527494411,0.5562862898447684
shd,official,comparison:fixed12:q6-i2-crc,42,official,e1ef57a0d034ee8456842647dfc5fd4611cc13074e979c96bcdb6b0be7db81a0,crc,a560d44db0c661629b7c48b459042ae78e5779ad39545d336ff210f7a613ccdc,55cd3e5a9b52d613b3f33169af6b9a8086a62d15238441e5d3e96dc6e3227aa8,57ac446f18096446209c84cbc598ea821d682a426b5e975abca3ebe6e75f8622,cholesky,0.1,held,eb61adcd6eadb518c4f65c0bb99027f363a45071089c4ba035537c915acf5670,2264,speaker-subset,whole,0.5790636042402827,0.5522246454122866,0.6105429246031564,0.5789663398338235
shd,official,comparison:fixed12:q6-i2-qrc,42,official,39eaa30489d4e725da580e31d9c85bd24a9788601f4cb85dc21d208c4cc916ad,qrc,531da4a6fd3c38014ce8245c8ffe560f50274ecd8bd2457a4520625efe475c1d,55cd3e5a9b52d613b3f33169af6b9a8086a62d15238441e5d3e96dc6e3227aa8,57ac446f18096446209c84cbc598ea821d682a426b5e975abca3ebe6e75f8622,cholesky,0.1,held,eb61adcd6eadb518c4f65c0bb99027f363a45071089c4ba035537c915acf5670,424,speaker-subset,seen,0.7099056603773585,0.6861788979081724,0.7017183135190519,0.7065499469989726
shd,official,comparison:fixed12:q6-i2-qrc,42,official,39eaa30489d4e725da580e31d9c85bd24a9788601f4cb85dc21d208c4cc916ad,qrc,531da4a6fd3c38014ce8245c8ffe560f50274ecd8bd2457a4520625efe475c1d,55cd3e5a9b52d613b3f33169af6b9a8086a62d15238441e5d3e96dc6e3227aa8,57ac446f18096446209c84cbc598ea821d682a426b5e975abca3ebe6e75f8622,cholesky,0.1,held,eb61adcd6eadb518c4f65c0bb99027f363a45071089c4ba035537c915acf5670,1840,speaker-subset,unseen,0.616304347826087,0.5964118766568588,0.6322606247382103,0.6187225974641545
shd,official,comparison:fixed12:q6-i2-qrc,42,official,39eaa30489d4e725da580e31d9c85bd24a9788601f4cb85dc21d208c4cc916ad,qrc,531da4a6fd3c38014ce8245c8ffe560f50274ecd8bd2457a4520625efe475c1d,55cd3e5a9b52d613b3f33169af6b9a8086a62d15238441e5d3e96dc6e3227aa8,57ac446f18096446209c84cbc598ea821d682a426b5e975abca3ebe6e75f8622,cholesky,0.1,held,eb61adcd6eadb518c4f65c0bb99027f363a45071089c4ba035537c915acf5670,2264,speaker-subset,whole,0.633833922261484,0.6121353600203892,0.6377482486269996,0.6338687427540044
shd,official,comparison:fixed12:q6-i4-crc,42,official,8b55c4405506bc881a2bad09cc92b1f3563c497ff513f3388fd7289d761e1d0d,crc,173de31e1b090ef916b170f092f265a3852fd919819b6a69d82ae5cbf8043bfc,e49c5a0941cd1ab7563977d5a8b88824c14e29a3046bb69f7aec5d688361dfa9,57ac446f18096446209c84cbc598ea821d682a426b5e975abca3ebe6e75f8622,cholesky,0.1,held,eb61adcd6eadb518c4f65c0bb99027f363a45071089c4ba035537c915acf5670,424,speaker-subset,seen,0.7334905660377359,0.7080819659377098,0.7242727833852539,0.7293250887321352
shd,official,comparison:fixed12:q6-i4-crc,42,official,8b55c4405506bc881a2bad09cc92b1f3563c497ff513f3388fd7289d761e1d0d,crc,173de31e1b090ef916b170f092f265a3852fd919819b6a69d82ae5cbf8043bfc,e49c5a0941cd1ab7563977d5a8b88824c14e29a3046bb69f7aec5d688361dfa9,57ac446f18096446209c84cbc598ea821d682a426b5e975abca3ebe6e75f8622,cholesky,0.1,held,eb61adcd6eadb518c4f65c0bb99027f363a45071089c4ba035537c915acf5670,1840,speaker-subset,unseen,0.6429347826086956,0.6151895228965504,0.658946286164905,0.6456392937551843
shd,official,comparison:fixed12:q6-i4-crc,42,official,8b55c4405506bc881a2bad09cc92b1f3563c497ff513f3388fd7289d761e1d0d,crc,173de31e1b090ef916b170f092f265a3852fd919819b6a69d82ae5cbf8043bfc,e49c5a0941cd1ab7563977d5a8b88824c14e29a3046bb69f7aec5d688361dfa9,57ac446f18096446209c84cbc598ea821d682a426b5e975abca3ebe6e75f8622,cholesky,0.1,held,eb61adcd6eadb518c4f65c0bb99027f363a45071089c4ba035537c915acf5670,2264,speaker-subset,whole,0.6598939929328622,0.633741241804902,0.6685903630549161,0.6588844257809336
shd,official,comparison:fixed12:q6-i4-qrc,42,official,4be9869701b60845f11bd96cd9f4523c00c48b03759262c436b9e31581426c1c,qrc,f8463d3d8cd98b18c8b9d4272f873d84d6126507c37aad82beebdf96e860a7e7,e49c5a0941cd1ab7563977d5a8b88824c14e29a3046bb69f7aec5d688361dfa9,57ac446f18096446209c84cbc598ea821d682a426b5e975abca3ebe6e75f8622,cholesky,0.1,held,eb61adcd6eadb518c4f65c0bb99027f363a45071089c4ba035537c915acf5670,424,speaker-subset,seen,0.6674528301886793,0.6485236869420844,0.6698470915918442,0.6627842565147664
shd,official,comparison:fixed12:q6-i4-qrc,42,official,4be9869701b60845f11bd96cd9f4523c00c48b03759262c436b9e31581426c1c,qrc,f8463d3d8cd98b18c8b9d4272f873d84d6126507c37aad82beebdf96e860a7e7,e49c5a0941cd1ab7563977d5a8b88824c14e29a3046bb69f7aec5d688361dfa9,57ac446f18096446209c84cbc598ea821d682a426b5e975abca3ebe6e75f8622,cholesky,0.1,held,eb61adcd6eadb518c4f65c0bb99027f363a45071089c4ba035537c915acf5670,1840,speaker-subset,unseen,0.6059782608695652,0.5824920540493504,0.6413337884031476,0.6066773314373741
shd,official,comparison:fixed12:q6-i4-qrc,42,official,4be9869701b60845f11bd96cd9f4523c00c48b03759262c436b9e31581426c1c,qrc,f8463d3d8cd98b18c8b9d4272f873d84d6126507c37aad82beebdf96e860a7e7,e49c5a0941cd1ab7563977d5a8b88824c14e29a3046bb69f7aec5d688361dfa9,57ac446f18096446209c84cbc598ea821d682a426b5e975abca3ebe6e75f8622,cholesky,0.1,held,eb61adcd6eadb518c4f65c0bb99027f363a45071089c4ba035537c915acf5670,2264,speaker-subset,whole,0.6174911660777385,0.5950166489456807,0.6412715171761787,0.6163251699805501
shd,official,comparison:fixed12:q8-i2-crc,42,official,e1ef57a0d034ee8456842647dfc5fd4611cc13074e979c96bcdb6b0be7db81a0,crc,a560d44db0c661629b7c48b459042ae78e5779ad39545d336ff210f7a613ccdc,55cd3e5a9b52d613b3f33169af6b9a8086a62d15238441e5d3e96dc6e3227aa8,57ac446f18096446209c84cbc598ea821d682a426b5e975abca3ebe6e75f8622,cholesky,0.1,held,eb61adcd6eadb518c4f65c0bb99027f363a45071089c4ba035537c915acf5670,424,speaker-subset,seen,0.6863207547169812,0.649630548456573,0.6835236620105041,0.6758725649940043
shd,official,comparison:fixed12:q8-i2-crc,42,official,e1ef57a0d034ee8456842647dfc5fd4611cc13074e979c96bcdb6b0be7db81a0,crc,a560d44db0c661629b7c48b459042ae78e5779ad39545d336ff210f7a613ccdc,55cd3e5a9b52d613b3f33169af6b9a8086a62d15238441e5d3e96dc6e3227aa8,57ac446f18096446209c84cbc598ea821d682a426b5e975abca3ebe6e75f8622,cholesky,0.1,held,eb61adcd6eadb518c4f65c0bb99027f363a45071089c4ba035537c915acf5670,1840,speaker-subset,unseen,0.5543478260869565,0.529854307339506,0.6002842527494411,0.5562862898447684
shd,official,comparison:fixed12:q8-i2-crc,42,official,e1ef57a0d034ee8456842647dfc5fd4611cc13074e979c96bcdb6b0be7db81a0,crc,a560d44db0c661629b7c48b459042ae78e5779ad39545d336ff210f7a613ccdc,55cd3e5a9b52d613b3f33169af6b9a8086a62d15238441e5d3e96dc6e3227aa8,57ac446f18096446209c84cbc598ea821d682a426b5e975abca3ebe6e75f8622,cholesky,0.1,held,eb61adcd6eadb518c4f65c0bb99027f363a45071089c4ba035537c915acf5670,2264,speaker-subset,whole,0.5790636042402827,0.5522246454122866,0.6105429246031564,0.5789663398338235
shd,official,comparison:fixed12:q8-i2-qrc,42,official,45b2568122c77c7bee9764ba82042f9aeb6ba5a6bce5bae331c361b5a7634f0c,qrc,f7875b9f783eba1eecf8ffbaec25d05a60e53054f967de4fd3fa2f60531a5432,55cd3e5a9b52d613b3f33169af6b9a8086a62d15238441e5d3e96dc6e3227aa8,57ac446f18096446209c84cbc598ea821d682a426b5e975abca3ebe6e75f8622,cholesky,0.1,held,eb61adcd6eadb518c4f65c0bb99027f363a45071089c4ba035537c915acf5670,424,speaker-subset,seen,0.6839622641509434,0.6565322183858102,0.6672367706648983,0.681186988597221
shd,official,comparison:fixed12:q8-i2-qrc,42,official,45b2568122c77c7bee9764ba82042f9aeb6ba5a6bce5bae331c361b5a7634f0c,qrc,f7875b9f783eba1eecf8ffbaec25d05a60e53054f967de4fd3fa2f60531a5432,55cd3e5a9b52d613b3f33169af6b9a8086a62d15238441e5d3e96dc6e3227aa8,57ac446f18096446209c84cbc598ea821d682a426b5e975abca3ebe6e75f8622,cholesky,0.1,held,eb61adcd6eadb518c4f65c0bb99027f363a45071089c4ba035537c915acf5670,1840,speaker-subset,unseen,0.5896739130434783,0.56686376345458,0.6175835010527557,0.592457637160801
shd,official,comparison:fixed12:q8-i2-qrc,42,official,45b2568122c77c7bee9764ba82042f9aeb6ba5a6bce5bae331c361b5a7634f0c,qrc,f7875b9f783eba1eecf8ffbaec25d05a60e53054f967de4fd3fa2f60531a5432,55cd3e5a9b52d613b3f33169af6b9a8086a62d15238441e5d3e96dc6e3227aa8,57ac446f18096446209c84cbc598ea821d682a426b5e975abca3ebe6e75f8622,cholesky,0.1,held,eb61adcd6eadb518c4f65c0bb99027f363a45071089c4ba035537c915acf5670,2264,speaker-subset,whole,0.6073321554770318,0.5828688129036178,0.6168721259507827,0.607910463538619
shd,official,comparison:fixed12:q8-i4-crc,42,official,8b55c4405506bc881a2bad09cc92b1f3563c497ff513f3388fd7289d761e1d0d,crc,173de31e1b090ef916b170f092f265a3852fd919819b6a69d82ae5cbf8043bfc,e49c5a0941cd1ab7563977d5a8b88824c14e29a3046bb69f7aec5d688361dfa9,57ac446f18096446209c84cbc598ea821d682a426b5e975abca3ebe6e75f8622,cholesky,0.1,held,eb61adcd6eadb518c4f65c0bb99027f363a45071089c4ba035537c915acf5670,424,speaker-subset,seen,0.7334905660377359,0.7080819659377098,0.7242727833852539,0.7293250887321352
shd,official,comparison:fixed12:q8-i4-crc,42,official,8b55c4405506bc881a2bad09cc92b1f3563c497ff513f3388fd7289d761e1d0d,crc,173de31e1b090ef916b170f092f265a3852fd919819b6a69d82ae5cbf8043bfc,e49c5a0941cd1ab7563977d5a8b88824c14e29a3046bb69f7aec5d688361dfa9,57ac446f18096446209c84cbc598ea821d682a426b5e975abca3ebe6e75f8622,cholesky,0.1,held,eb61adcd6eadb518c4f65c0bb99027f363a45071089c4ba035537c915acf5670,1840,speaker-subset,unseen,0.6429347826086956,0.6151895228965504,0.658946286164905,0.6456392937551843
shd,official,comparison:fixed12:q8-i4-crc,42,official,8b55c4405506bc881a2bad09cc92b1f3563c497ff513f3388fd7289d761e1d0d,crc,173de31e1b090ef916b170f092f265a3852fd919819b6a69d82ae5cbf8043bfc,e49c5a0941cd1ab7563977d5a8b88824c14e29a3046bb69f7aec5d688361dfa9,57ac446f18096446209c84cbc598ea821d682a426b5e975abca3ebe6e75f8622,cholesky,0.1,held,eb61adcd6eadb518c4f65c0bb99027f363a45071089c4ba035537c915acf5670,2264,speaker-subset,whole,0.6598939929328622,0.633741241804902,0.6685903630549161,0.6588844257809336
shd,official,comparison:fixed12:q8-i4-qrc,42,official,3a1b12a50a6e3d5f4202eea80f4da03cd8a223b9d832097a952f0585206b3cf5,qrc,f1eefd90f6f9f413b0acee8d26e1bd7019d63a89994c73735288f6530cbafba8,e49c5a0941cd1ab7563977d5a8b88824c14e29a3046bb69f7aec5d688361dfa9,57ac446f18096446209c84cbc598ea821d682a426b5e975abca3ebe6e75f8622,cholesky,0.1,held,eb61adcd6eadb518c4f65c0bb99027f363a45071089c4ba035537c915acf5670,424,speaker-subset,seen,0.6674528301886793,0.6417965824016736,0.6577644586589491,0.6626173667453654
shd,official,comparison:fixed12:q8-i4-qrc,42,official,3a1b12a50a6e3d5f4202eea80f4da03cd8a223b9d832097a952f0585206b3cf5,qrc,f1eefd90f6f9f413b0acee8d26e1bd7019d63a89994c73735288f6530cbafba8,e49c5a0941cd1ab7563977d5a8b88824c14e29a3046bb69f7aec5d688361dfa9,57ac446f18096446209c84cbc598ea821d682a426b5e975abca3ebe6e75f8622,cholesky,0.1,held,eb61adcd6eadb518c4f65c0bb99027f363a45071089c4ba035537c915acf5670,1840,speaker-subset,unseen,0.5934782608695652,0.5705209105837036,0.6292804870602523,0.5948216613342814
shd,official,comparison:fixed12:q8-i4-qrc,42,official,3a1b12a50a6e3d5f4202eea80f4da03cd8a223b9d832097a952f0585206b3cf5,qrc,f1eefd90f6f9f413b0acee8d26e1bd7019d63a89994c73735288f6530cbafba8,e49c5a0941cd1ab7563977d5a8b88824c14e29a3046bb69f7aec5d688361dfa9,57ac446f18096446209c84cbc598ea821d682a426b5e975abca3ebe6e75f8622,cholesky,0.1,held,eb61adcd6eadb518c4f65c0bb99027f363a45071089c4ba035537c915acf5670,2264,speaker-subset,whole,0.6073321554770318,0.583345420285364,0.6297040012867476,0.6068050126358986
shd,official,comparison:fixed12:q8-i6-crc,42,official,03d7e0196801b53203583dca70e052c1e92babda4fa7c2eaaca698c0db6bc1de,crc,1ff3257e5283f0741d8c8c12ce622e5b870061e3cae2f0151fe244413855d2a0,955b1fde3ee935633e41f181c46f829a39569a9aea30fac0703af5835a1657fb,57ac446f18096446209c84cbc598ea821d682a426b5e975abca3ebe6e75f8622,cholesky,0.01,held,eb61adcd6eadb518c4f65c0bb99027f363a45071089c4ba035537c915acf5670,424,speaker-subset,seen,0.8278301886792453,0.8180731760328772,0.8296740771343343,0.8252272547126369
shd,official,comparison:fixed12:q8-i6-crc,42,official,03d7e0196801b53203583dca70e052c1e92babda4fa7c2eaaca698c0db6bc1de,crc,1ff3257e5283f0741d8c8c12ce622e5b870061e3cae2f0151fe244413855d2a0,955b1fde3ee935633e41f181c46f829a39569a9aea30fac0703af5835a1657fb,57ac446f18096446209c84cbc598ea821d682a426b5e975abca3ebe6e75f8622,cholesky,0.01,held,eb61adcd6eadb518c4f65c0bb99027f363a45071089c4ba035537c915acf5670,1840,speaker-subset,unseen,0.6972826086956522,0.6887034956105329,0.7315031755807557,0.7012738476122763
shd,official,comparison:fixed12:q8-i6-crc,42,official,03d7e0196801b53203583dca70e052c1e92babda4fa7c2eaaca698c0db6bc1de,crc,1ff3257e5283f0741d8c8c12ce622e5b870061e3cae2f0151fe244413855d2a0,955b1fde3ee935633e41f181c46f829a39569a9aea30fac0703af5835a1657fb,57ac446f18096446209c84cbc598ea821d682a426b5e975abca3ebe6e75f8622,cholesky,0.01,held,eb61adcd6eadb518c4f65c0bb99027f363a45071089c4ba035537c915acf5670,2264,speaker-subset,whole,0.7217314487632509,0.7129247577715094,0.7459539883354264,0.7227347581749002
shd,official,comparison:fixed12:q8-i6-qrc,42,official,61637473b66bdfa39e04aba5b69db2753c5418faf8748f83ed690ef7acf8bdc4,qrc,b7261d306e0b994ea315b52d6135211bdd813ad7bcd9c7022e200c07296639b7,955b1fde3ee935633e41f181c46f829a39569a9aea30fac0703af5835a1657fb,57ac446f18096446209c84cbc598ea821d682a426b5e975abca3ebe6e75f8622,cholesky,0.1,held,eb61adcd6eadb518c4f65c0bb99027f363a45071089c4ba035537c915acf5670,424,speaker-subset,seen,0.7240566037735849,0.7009187005660757,0.7264595143418673,0.7132309473177164
shd,official,comparison:fixed12:q8-i6-qrc,42,official,61637473b66bdfa39e04aba5b69db2753c5418faf8748f83ed690ef7acf8bdc4,qrc,b7261d306e0b994ea315b52d6135211bdd813ad7bcd9c7022e200c07296639b7,955b1fde3ee935633e41f181c46f829a39569a9aea30fac0703af5835a1657fb,57ac446f18096446209c84cbc598ea821d682a426b5e975abca3ebe6e75f8622,cholesky,0.1,held,eb61adcd6eadb518c4f65c0bb99027f363a45071089c4ba035537c915acf5670,1840,speaker-subset,unseen,0.5744565217391304,0.5578777657187158,0.6007399912374374,0.5774914089347079
shd,official,comparison:fixed12:q8-i6-qrc,42,official,61637473b66bdfa39e04aba5b69db2753c5418faf8748f83ed690ef7acf8bdc4,qrc,b7261d306e0b994ea315b52d6135211bdd813ad7bcd9c7022e200c07296639b7,955b1fde3ee935633e41f181c46f829a39569a9aea30fac0703af5835a1657fb,57ac446f18096446209c84cbc598ea821d682a426b5e975abca3ebe6e75f8622,cholesky,0.1,held,eb61adcd6eadb518c4f65c0bb99027f363a45071089c4ba035537c915acf5670,2264,speaker-subset,whole,0.6024734982332155,0.5844235859141225,0.6216043423346653,0.6035457518194202
shd,official,comparison:fixed:q4-i2-crc,42,official,e1ef57a0d034ee8456842647dfc5fd4611cc13074e979c96bcdb6b0be7db81a0,crc,a560d44db0c661629b7c48b459042ae78e5779ad39545d336ff210f7a613ccdc,55cd3e5a9b52d613b3f33169af6b9a8086a62d15238441e5d3e96dc6e3227aa8,57ac446f18096446209c84cbc598ea821d682a426b5e975abca3ebe6e75f8622,cholesky,0.1,held,eb61adcd6eadb518c4f65c0bb99027f363a45071089c4ba035537c915acf5670,424,speaker-subset,seen,0.6863207547169812,0.649630548456573,0.6835236620105041,0.6758725649940043
shd,official,comparison:fixed:q4-i2-crc,42,official,e1ef57a0d034ee8456842647dfc5fd4611cc13074e979c96bcdb6b0be7db81a0,crc,a560d44db0c661629b7c48b459042ae78e5779ad39545d336ff210f7a613ccdc,55cd3e5a9b52d613b3f33169af6b9a8086a62d15238441e5d3e96dc6e3227aa8,57ac446f18096446209c84cbc598ea821d682a426b5e975abca3ebe6e75f8622,cholesky,0.1,held,eb61adcd6eadb518c4f65c0bb99027f363a45071089c4ba035537c915acf5670,1840,speaker-subset,unseen,0.5543478260869565,0.529854307339506,0.6002842527494411,0.5562862898447684
shd,official,comparison:fixed:q4-i2-crc,42,official,e1ef57a0d034ee8456842647dfc5fd4611cc13074e979c96bcdb6b0be7db81a0,crc,a560d44db0c661629b7c48b459042ae78e5779ad39545d336ff210f7a613ccdc,55cd3e5a9b52d613b3f33169af6b9a8086a62d15238441e5d3e96dc6e3227aa8,57ac446f18096446209c84cbc598ea821d682a426b5e975abca3ebe6e75f8622,cholesky,0.1,held,eb61adcd6eadb518c4f65c0bb99027f363a45071089c4ba035537c915acf5670,2264,speaker-subset,whole,0.5790636042402827,0.5522246454122866,0.6105429246031564,0.5789663398338235
shd,official,comparison:fixed:q4-i2-qrc,42,official,c2e4c5b02d7109424baf51b8e65d6cdcb970e110d6e59eec3347466ffd8228b6,qrc,7e32b07941ce73c4c3f6a055f9ba78ebf6f5994925ad14dc6005d3f55094565c,55cd3e5a9b52d613b3f33169af6b9a8086a62d15238441e5d3e96dc6e3227aa8,57ac446f18096446209c84cbc598ea821d682a426b5e975abca3ebe6e75f8622,cholesky,0.1,held,eb61adcd6eadb518c4f65c0bb99027f363a45071089c4ba035537c915acf5670,424,speaker-subset,seen,0.6839622641509434,0.6486317972506828,0.671814261337606,0.6793894545054591
shd,official,comparison:fixed:q4-i2-qrc,42,official,c2e4c5b02d7109424baf51b8e65d6cdcb970e110d6e59eec3347466ffd8228b6,qrc,7e32b07941ce73c4c3f6a055f9ba78ebf6f5994925ad14dc6005d3f55094565c,55cd3e5a9b52d613b3f33169af6b9a8086a62d15238441e5d3e96dc6e3227aa8,57ac446f18096446209c84cbc598ea821d682a426b5e975abca3ebe6e75f8622,cholesky,0.1,held,eb61adcd6eadb518c4f65c0bb99027f363a45071089c4ba035537c915acf5670,1840,speaker-subset,unseen,0.6141304347826086,0.5934056485793711,0.6267412527785223,0.6157720109017657
shd,official,comparison:fixed:q4-i2-qrc,42,official,c2e4c5b02d7109424baf51b8e65d6cdcb970e110d6e59eec3347466ffd8228b6,qrc,7e32b07941ce73c4c3f6a055f9ba78ebf6f5994925ad14dc6005d3f55094565c,55cd3e5a9b52d613b3f33169af6b9a8086a62d15238441e5d3e96dc6e3227aa8,57ac446f18096446209c84cbc598ea821d682a426b5e975abca3ebe6e75f8622,cholesky,0.1,held,eb61adcd6eadb518c4f65c0bb99027f363a45071089c4ba035537c915acf5670,2264,speaker-subset,whole,0.627208480565371,0.6029221479787783,0.6279756305227112,0.6270766007002582
shd,official,comparison:fixed:q6-i2-crc,42,official,1824bbb7cdb251cbeae34ea1c0e3712c3dd0d7a5c191fb4488a940b52f983512,crc,04d74cea161f3282649ee72d6d935d5f4df904fe29fa64d549c8a7e4c957d763,55cd3e5a9b52d613b3f33169af6b9a8086a62d15238441e5d3e96dc6e3227aa8,57ac446f18096446209c84cbc598ea821d682a426b5e975abca3ebe6e75f8622,cholesky,0.01,held,eb61adcd6eadb518c4f65c0bb99027f363a45071089c4ba035537c915acf5670,424,speaker-subset,seen,0.7429245283018868,0.7227612226144241,0.7391997324402977,0.7374142241788418
shd,official,comparison:fixed:q6-i2-crc,42,official,1824bbb7cdb251cbeae34ea1c0e3712c3dd0d7a5c191fb4488a940b52f983512,crc,04d74cea161f3282649ee72d6d935d5f4df904fe29fa64d549c8a7e4c957d763,55cd3e5a9b52d613b3f33169af6b9a8086a62d15238441e5d3e96dc6e3227aa8,57ac446f18096446209c84cbc598ea821d682a426b5e975abca3ebe6e75f8622,cholesky,0.01,held,eb61adcd6eadb518c4f65c0bb99027f363a45071089c4ba035537c915acf5670,1840,speaker-subset,unseen,0.5559782608695653,0.5301114928053191,0.5459489911332065,0.5591954022988506
shd,official,comparison:fixed:q6-i2-crc,42,official,1824bbb7cdb251cbeae34ea1c0e3712c3dd0d7a5c191fb4488a940b52f983512,crc,04d74cea161f3282649ee72d6d935d5f4df904fe29fa64d549c8a7e4c957d763,55cd3e5a9b52d613b3f33169af6b9a8086a62d15238441e5d3e96dc6e3227aa8,57ac446f18096446209c84cbc598ea821d682a426b5e975abca3ebe6e75f8622,cholesky,0.01,held,eb61adcd6eadb518c4f65c0bb99027f363a45071089c4ba035537c915acf5670,2264,speaker-subset,whole,0.5909893992932862,0.5670127411681618,0.5826217256974451,0.5914014733536459
shd,official,comparison:fixed:q6-i2-qrc,42,official,2186605421a629793dfc2ae05c200188e6ed17cf1e293365605c3fedfca8b41f,qrc,86325fc1edb022da022f4166e7309745e391ad37010058a412031fce54c20236,55cd3e5a9b52d613b3f33169af6b9a8086a62d15238441e5d3e96dc6e3227aa8,57ac446f18096446209c84cbc598ea821d682a426b5e975abca3ebe6e75f8622,cholesky,0.1,held,eb61adcd6eadb518c4f65c0bb99027f363a45071089c4ba035537c915acf5670,424,speaker-subset,seen,0.7216981132075472,0.6917269010718056,0.7023181694815157,0.7157681434562995
shd,official,comparison:fixed:q6-i2-qrc,42,official,2186605421a629793dfc2ae05c200188e6ed17cf1e293365605c3fedfca8b41f,qrc,86325fc1edb022da022f4166e7309745e391ad37010058a412031fce54c20236,55cd3e5a9b52d613b3f33169af6b9a8086a62d15238441e5d3e96dc6e3227aa8,57ac446f18096446209c84cbc598ea821d682a426b5e975abca3ebe6e75f8622,cholesky,0.1,held,eb61adcd6eadb518c4f65c0bb99027f363a45071089c4ba035537c915acf5670,1840,speaker-subset,unseen,0.6298913043478261,0.6144216553322566,0.6501986995574809,0.6323794288422798
shd,official,comparison:fixed:q6-i2-qrc,42,official,2186605421a629793dfc2ae05c200188e6ed17cf1e293365605c3fedfca8b41f,qrc,86325fc1edb022da022f4166e7309745e391ad37010058a412031fce54c20236,55cd3e5a9b52d613b3f33169af6b9a8086a62d15238441e5d3e96dc6e3227aa8,57ac446f18096446209c84cbc598ea821d682a426b5e975abca3ebe6e75f8622,cholesky,0.1,held,eb61adcd6eadb518c4f65c0bb99027f363a45071089c4ba035537c915acf5670,2264,speaker-subset,whole,0.6470848056537103,0.6278938159372138,0.6538450018348079,0.6471500494302653
shd,official,comparison:fixed:q6-i4-crc,42,official,f7af82bc7213188d9c6cd0bc412515da79eb2c69f28c3cf2012c79eaa1f094f4,crc,fc8dba0524d2a6730a90b2b98ad8519c94dc19eb237f51611f2d28ae4b91e527,e49c5a0941cd1ab7563977d5a8b88824c14e29a3046bb69f7aec5d688361dfa9,57ac446f18096446209c84cbc598ea821d682a426b5e975abca3ebe6e75f8622,cholesky,0.01,held,eb61adcd6eadb518c4f65c0bb99027f363a45071089c4ba035537c915acf5670,424,speaker-subset,seen,0.7759433962264151,0.758452531385049,0.7665524739437685,0.7749867990025412
shd,official,comparison:fixed:q6-i4-crc,42,official,f7af82bc7213188d9c6cd0bc412515da79eb2c69f28c3cf2012c79eaa1f094f4,crc,fc8dba0524d2a6730a90b2b98ad8519c94dc19eb237f51611f2d28ae4b91e527,e49c5a0941cd1ab7563977d5a8b88824c14e29a3046bb69f7aec5d688361dfa9,57ac446f18096446209c84cbc598ea821d682a426b5e975abca3ebe6e75f8622,cholesky,0.01,held,eb61adcd6eadb518c4f65c0bb99027f363a45071089c4ba035537c915acf5670,1840,speaker-subset,unseen,0.6364130434782609,0.6185965763713861,0.6549637835228663,0.6390389856618083
shd,official,comparison:fixed:q6-i4-crc,42,official,f7af82bc7213188d9c6cd0bc412515da79eb2c69f28c3cf2012c79eaa1f094f4,crc,fc8dba0524d2a6730a90b2b98ad8519c94dc19eb237f51611f2d28ae4b91e527,e49c5a0941cd1ab7563977d5a8b88824c14e29a3046bb69f7aec5d688361dfa9,57ac446f18096446209c84cbc598ea821d682a426b5e975abca3ebe6e75f8622,cholesky,0.01,held,eb61adcd6eadb518c4f65c0bb99027f363a45071089c4ba035537c915acf5670,2264,speaker-subset,whole,0.6625441696113075,0.6459123999409452,0.6725387114165983,0.6626517259191325
shd,official,comparison:fixed:q6-i4-qrc,42,official,794ecd2c0417fbfdff12cd84cae6ac6a875dd96fa43144394df2d985029a235d,qrc,867fedc72c4e85761349299b3c46e2374e8ab471cf4a19ab4c107e0ab41d46df,e49c5a0941cd1ab7563977d5a8b88824c14e29a3046bb69f7aec5d688361dfa9,57ac446f18096446209c84cbc598ea821d682a426b5e975abca3ebe6e75f8622,cholesky,0.1,held,eb61adcd6eadb518c4f65c0bb99027f363a45071089c4ba035537c915acf5670,424,speaker-subset,seen,0.7570754716981132,0.7401296397031201,0.7561835705026241,0.7580356972626463
shd,official,comparison:fixed:q6-i4-qrc,42,official,794ecd2c0417fbfdff12cd84cae6ac6a875dd96fa43144394df2d985029a235d,qrc,867fedc72c4e85761349299b3c46e2374e8ab471cf4a19ab4c107e0ab41d46df,e49c5a0941cd1ab7563977d5a8b88824c14e29a3046bb69f7aec5d688361dfa9,57ac446f18096446209c84cbc598ea821d682a426b5e975abca3ebe6e75f8622,cholesky,0.1,held,eb61adcd6eadb518c4f65c0bb99027f363a45071089c4ba035537c915acf5670,1840,speaker-subset,unseen,0.6326086956521739,0.6164385350292977,0.6698966887461358,0.6327052968361181
shd,official,comparison:fixed:q6-i4-qrc,42,official,794ecd2c0417fbfdff12cd84cae6ac6a875dd96fa43144394df2d985029a235d,qrc,867fedc72c4e85761349299b3c46e2374e8ab471cf4a19ab4c107e0ab41d46df,e49c5a0941cd1ab7563977d5a8b88824c14e29a3046bb69f7aec5d688361dfa9,57ac446f18096446209c84cbc598ea821d682a426b5e975abca3ebe6e75f8622,cholesky,0.1,held,eb61adcd6eadb518c4f65c0bb99027f363a45071089c4ba035537c915acf5670,2264,speaker-subset,whole,0.6559187279151943,0.6393953363015813,0.6821926268985712,0.6549843942539237
shd,official,comparison:fixed:q8-i2-crc,42,official,5aa7bd7ccfb3cb67e7de7a165c3e92e2f7a15e3bf7b7e1de97ec4fe541f65007,crc,1af9c9732134a3557217a631110096f63cf71aab0f9d0984ac3135721d9c8133,55cd3e5a9b52d613b3f33169af6b9a8086a62d15238441e5d3e96dc6e3227aa8,57ac446f18096446209c84cbc598ea821d682a426b5e975abca3ebe6e75f8622,cholesky,0.01,held,eb61adcd6eadb518c4f65c0bb99027f363a45071089c4ba035537c915acf5670,424,speaker-subset,seen,0.7547169811320755,0.726234380235994,0.7310133602984604,0.746095762149173
shd,official,comparison:fixed:q8-i2-crc,42,official,5aa7bd7ccfb3cb67e7de7a165c3e92e2f7a15e3bf7b7e1de97ec4fe541f65007,crc,1af9c9732134a3557217a631110096f63cf71aab0f9d0984ac3135721d9c8133,55cd3e5a9b52d613b3f33169af6b9a8086a62d15238441e5d3e96dc6e3227aa8,57ac446f18096446209c84cbc598ea821d682a426b5e975abca3ebe6e75f8622,cholesky,0.01,held,eb61adcd6eadb518c4f65c0bb99027f363a45071089c4ba035537c915acf5670,1840,speaker-subset,unseen,0.592391304347826,0.5704454879171924,0.6071516647848659,0.593968479677687
shd,official,comparison:fixed:q8-i2-crc,42,official,5aa7bd7ccfb3cb67e7de7a165c3e92e2f7a15e3bf7b7e1de97ec4fe541f65007,crc,1af9c9732134a3557217a631110096f63cf71aab0f9d0984ac3135721d9c8133,55cd3e5a9b52d613b3f33169af6b9a8086a62d15238441e5d3e96dc6e3227aa8,57ac446f18096446209c84cbc598ea821d682a426b5e975abca3ebe6e75f8622,cholesky,0.01,held,eb61adcd6eadb518c4f65c0bb99027f363a45071089c4ba035537c915acf5670,2264,speaker-subset,whole,0.622791519434629,0.600946990334015,0.6303243410332959,0.6220927193683102
shd,official,comparison:fixed:q8-i2-qrc,42,official,f2ee816b29542809fe48d93a21d80b7efc79430a373bfd890efac55b4c83a114,qrc,2ead14568ee4a448cd8f84318cfecdae2530a217db2cab0d743b106d326f7760,55cd3e5a9b52d613b3f33169af6b9a8086a62d15238441e5d3e96dc6e3227aa8,57ac446f18096446209c84cbc598ea821d682a426b5e975abca3ebe6e75f8622,cholesky,0.1,held,eb61adcd6eadb518c4f65c0bb99027f363a45071089c4ba035537c915acf5670,424,speaker-subset,seen,0.7382075471698113,0.7108769999881196,0.7189967962729182,0.7294423857834652
shd,official,comparison:fixed:q8-i2-qrc,42,official,f2ee816b29542809fe48d93a21d80b7efc79430a373bfd890efac55b4c83a114,qrc,2ead14568ee4a448cd8f84318cfecdae2530a217db2cab0d743b106d326f7760,55cd3e5a9b52d613b3f33169af6b9a8086a62d15238441e5d3e96dc6e3227aa8,57ac446f18096446209c84cbc598ea821d682a426b5e975abca3ebe6e75f8622,cholesky,0.1,held,eb61adcd6eadb518c4f65c0bb99027f363a45071089c4ba035537c915acf5670,1840,speaker-subset,unseen,0.6048913043478261,0.5916765124017088,0.6364585161695747,0.6068906268515226
shd,official,comparison:fixed:q8-i2-qrc,42,official,f2ee816b29542809fe48d93a21d80b7efc79430a373bfd890efac55b4c83a114,qrc,2ead14568ee4a448cd8f84318cfecdae2530a217db2cab0d743b106d326f7760,55cd3e5a9b52d613b3f33169af6b9a8086a62d15238441e5d3e96dc6e3227aa8,57ac446f18096446209c84cbc598ea821d682a426b5e975abca3ebe6e75f8622,cholesky,0.1,held,eb61adcd6eadb518c4f65c0bb99027f363a45071089c4ba035537c915acf5670,2264,speaker-subset,whole,0.6298586572438163,0.6135895894112011,0.6439231706616657,0.6292425821338635
shd,official,comparison:fixed:q8-i4-crc,42,official,fe0fed97d42e19e685b217dd8a69423375728936e22411bb0e2668b3d1faeb43,crc,af5292990442c5e491c1650acbe64154ac497f8c91ce6d027fae4ec5d5e7c2e0,e49c5a0941cd1ab7563977d5a8b88824c14e29a3046bb69f7aec5d688361dfa9,57ac446f18096446209c84cbc598ea821d682a426b5e975abca3ebe6e75f8622,cholesky,0.1,held,eb61adcd6eadb518c4f65c0bb99027f363a45071089c4ba035537c915acf5670,424,speaker-subset,seen,0.7924528301886793,0.7752839004230896,0.7894717379422512,0.7812906116940975
shd,official,comparison:fixed:q8-i4-crc,42,official,fe0fed97d42e19e685b217dd8a69423375728936e22411bb0e2668b3d1faeb43,crc,af5292990442c5e491c1650acbe64154ac497f8c91ce6d027fae4ec5d5e7c2e0,e49c5a0941cd1ab7563977d5a8b88824c14e29a3046bb69f7aec5d688361dfa9,57ac446f18096446209c84cbc598ea821d682a426b5e975abca3ebe6e75f8622,cholesky,0.1,held,eb61adcd6eadb518c4f65c0bb99027f363a45071089c4ba035537c915acf5670,1840,speaker-subset,unseen,0.6282608695652174,0.6085513912271914,0.6425267382839651,0.6311885294466169
shd,official,comparison:fixed:q8-i4-crc,42,official,fe0fed97d42e19e685b217dd8a69423375728936e22411bb0e2668b3d1faeb43,crc,af5292990442c5e491c1650acbe64154ac497f8c91ce6d027fae4ec5d5e7c2e0,e49c5a0941cd1ab7563977d5a8b88824c14e29a3046bb69f7aec5d688361dfa9,57ac446f18096446209c84cbc598ea821d682a426b5e975abca3ebe6e75f8622,cholesky,0.1,held,eb61adcd6eadb518c4f65c0bb99027f363a45071089c4ba035537c915acf5670,2264,speaker-subset,whole,0.6590106007067138,0.6417800122973693,0.6698612219357372,0.6583316788524164
shd,official,comparison:fixed:q8-i4-qrc,42,official,4d2e11168f77112185ac3d8df9848508947c3ebc02b118d4c2f81aa1f4caf5a4,qrc,47fb595cd085784cad3fb66448e24c20de4470638daa408ed27ede3ab73b8d23,e49c5a0941cd1ab7563977d5a8b88824c14e29a3046bb69f7aec5d688361dfa9,57ac446f18096446209c84cbc598ea821d682a426b5e975abca3ebe6e75f8622,cholesky,0.1,held,eb61adcd6eadb518c4f65c0bb99027f363a45071089c4ba035537c915acf5670,424,speaker-subset,seen,0.7547169811320755,0.7431886988627381,0.7543930476950399,0.7536197067550141
shd,official,comparison:fixed:q8-i4-qrc,42,official,4d2e11168f77112185ac3d8df9848508947c3ebc02b118d4c2f81aa1f4caf5a4,qrc,47fb595cd085784cad3fb66448e24c20de4470638daa408ed27ede3ab73b8d23,e49c5a0941cd1ab7563977d5a8b88824c14e29a3046bb69f7aec5d688361dfa9,57ac446f18096446209c84cbc598ea821d682a426b5e975abca3ebe6e75f8622,cholesky,0.1,held,eb61adcd6eadb518c4f65c0bb99027f363a45071089c4ba035537c915acf5670,1840,speaker-subset,unseen,0.6445652173913043,0.6345178926954009,0.6748373724576915,0.6457637160801043
shd,official,comparison:fixed:q8-i4-qrc,42,official,4d2e11168f77112185ac3d8df9848508947c3ebc02b118d4c2f81aa1f4caf5a4,qrc,47fb595cd085784cad3fb66448e24c20de4470638daa408ed27ede3ab73b8d23,e49c5a0941cd1ab7563977d5a8b88824c14e29a3046bb69f7aec5d688361dfa9,57ac446f18096446209c84cbc598ea821d682a426b5e975abca3ebe6e75f8622,cholesky,0.1,held,eb61adcd6eadb518c4f65c0bb99027f363a45071089c4ba035537c915acf5670,2264,speaker-subset,whole,0.6651943462897526,0.6532276785823146,0.6845173790934381,0.6639193077261788
shd,official,comparison:fixed:q8-i6-crc,42,official,5eea900e7bfb47cdf024b3a63d426d7f94133ef6665310ed377403f92fcfbfa3,crc,35a69eb88d21ffec0e409afa838d088fade4c18282cdb354e7895d1160253a53,955b1fde3ee935633e41f181c46f829a39569a9aea30fac0703af5835a1657fb,57ac446f18096446209c84cbc598ea821d682a426b5e975abca3ebe6e75f8622,cholesky,0.1,held,eb61adcd6eadb518c4f65c0bb99027f363a45071089c4ba035537c915acf5670,424,speaker-subset,seen,0.8349056603773585,0.8242824787356501,0.8290534003787302,0.8293197457146106
shd,official,comparison:fixed:q8-i6-crc,42,official,5eea900e7bfb47cdf024b3a63d426d7f94133ef6665310ed377403f92fcfbfa3,crc,35a69eb88d21ffec0e409afa838d088fade4c18282cdb354e7895d1160253a53,955b1fde3ee935633e41f181c46f829a39569a9aea30fac0703af5835a1657fb,57ac446f18096446209c84cbc598ea821d682a426b5e975abca3ebe6e75f8622,cholesky,0.1,held,eb61adcd6eadb518c4f65c0bb99027f363a45071089c4ba035537c915acf5670,1840,speaker-subset,unseen,0.720108695652174,0.7035326746821606,0.7442549319721569,0.7251747837421496
shd,official,comparison:fixed:q8-i6-crc,42,official,5eea900e7bfb47cdf024b3a63d426d7f94133ef6665310ed377403f92fcfbfa3,crc,35a69eb88d21ffec0e409afa838d088fade4c18282cdb354e7895d1160253a53,955b1fde3ee935633e41f181c46f829a39569a9aea30fac0703af5835a1657fb,57ac446f18096446209c84cbc598ea821d682a426b5e975abca3ebe6e75f8622,cholesky,0.1,held,eb61adcd6eadb518c4f65c0bb99027f363a45071089c4ba035537c915acf5670,2264,speaker-subset,whole,0.7416077738515902,0.727213220682358,0.7552714000785467,0.74307399753995
shd,official,comparison:fixed:q8-i6-qrc,42,official,8df85e01c90e923b8ee61cc39373e160fe77c20bbcefb9d266b07200adcd14ee,qrc,e1075996f7b9c42544bb778b530d5fbe8b7eff834c86948beb517d9c75f0a658,955b1fde3ee935633e41f181c46f829a39569a9aea30fac0703af5835a1657fb,57ac446f18096446209c84cbc598ea821d682a426b5e975abca3ebe6e75f8622,cholesky,0.1,held,eb61adcd6eadb518c4f65c0bb99027f363a45071089c4ba035537c915acf5670,424,speaker-subset,seen,0.8561320754716981,0.842767134971699,0.8488523196278951,0.8478014907242792
shd,official,comparison:fixed:q8-i6-qrc,42,official,8df85e01c90e923b8ee61cc39373e160fe77c20bbcefb9d266b07200adcd14ee,qrc,e1075996f7b9c42544bb778b530d5fbe8b7eff834c86948beb517d9c75f0a658,955b1fde3ee935633e41f181c46f829a39569a9aea30fac0703af5835a1657fb,57ac446f18096446209c84cbc598ea821d682a426b5e975abca3ebe6e75f8622,cholesky,0.1,held,eb61adcd6eadb518c4f65c0bb99027f363a45071089c4ba035537c915acf5670,1840,speaker-subset,unseen,0.7554347826086957,0.7564881979886328,0.7907064978575165,0.7590946794643915
shd,official,comparison:fixed:q8-i6-qrc,42,official,8df85e01c90e923b8ee61cc39373e160fe77c20bbcefb9d266b07200adcd14ee,qrc,e1075996f7b9c42544bb778b530d5fbe8b7eff834c86948beb517d9c75f0a658,955b1fde3ee935633e41f181c46f829a39569a9aea30fac0703af5835a1657fb,57ac446f18096446209c84cbc598ea821d682a426b5e975abca3ebe6e75f8622,cholesky,0.1,held,eb61adcd6eadb518c4f65c0bb99027f363a45071089c4ba035537c915acf5670,2264,speaker-subset,whole,0.7742932862190812,0.7716733695130219,0.7973654346317542,0.7744976131619195
shd,official,comparison:projection:i2,42,official,b7c8a2187e8ac5763a6bbf7b0b1df4b11583131fa0c5dbc34f9b1d33caacf4d8,projection,0e26e4d3298a4543acf8dc0000db8008813328861d34e565852020ca0412c717,55cd3e5a9b52d613b3f33169af6b9a8086a62d15238441e5d3e96dc6e3227aa8,57ac446f18096446209c84cbc598ea821d682a426b5e975abca3ebe6e75f8622,cholesky,0.1,held,eb61adcd6eadb518c4f65c0bb99027f363a45071089c4ba035537c915acf5670,424,speaker-subset,seen,0.5801886792452831,0.5401963024906046,0.5745618473231706,0.5778070949817576
shd,official,comparison:projection:i2,42,official,b7c8a2187e8ac5763a6bbf7b0b1df4b11583131fa0c5dbc34f9b1d33caacf4d8,projection,0e26e4d3298a4543acf8dc0000db8008813328861d34e565852020ca0412c717,55cd3e5a9b52d613b3f33169af6b9a8086a62d15238441e5d3e96dc6e3227aa8,57ac446f18096446209c84cbc598ea821d682a426b5e975abca3ebe6e75f8622,cholesky,0.1,held,eb61adcd6eadb518c4f65c0bb99027f363a45071089c4ba035537c915acf5670,1840,speaker-subset,unseen,0.5836956521739131,0.5588256672012587,0.6227797317219332,0.5843583362957696
shd,official,comparison:projection:i2,42,official,b7c8a2187e8ac5763a6bbf7b0b1df4b11583131fa0c5dbc34f9b1d33caacf4d8,projection,0e26e4d3298a4543acf8dc0000db8008813328861d34e565852020ca0412c717,55cd3e5a9b52d613b3f33169af6b9a8086a62d15238441e5d3e96dc6e3227aa8,57ac446f18096446209c84cbc598ea821d682a426b5e975abca3ebe6e75f8622,cholesky,0.1,held,eb61adcd6eadb518c4f65c0bb99027f363a45071089c4ba035537c915acf5670,2264,speaker-subset,whole,0.5830388692579506,0.5545799393498156,0.6158192931181226,0.5819943263444823
shd,official,comparison:projection:i4,42,official,0ad936492ed758b3291f29f895e1e2ab0665bd8fbf5d37af9767c54f67e25313,projection,58f2c297e89d839f04b48df5fdda76f658a17fafffe1a7208812f5af13bf4798,e49c5a0941cd1ab7563977d5a8b88824c14e29a3046bb69f7aec5d688361dfa9,57ac446f18096446209c84cbc598ea821d682a426b5e975abca3ebe6e75f8622,cholesky,0.1,held,eb61adcd6eadb518c4f65c0bb99027f363a45071089c4ba035537c915acf5670,424,speaker-subset,seen,0.6886792452830188,0.6578507269456708,0.6785886466261826,0.6800375846667077
shd,official,comparison:projection:i4,42,official,0ad936492ed758b3291f29f895e1e2ab0665bd8fbf5d37af9767c54f67e25313,projection,58f2c297e89d839f04b48df5fdda76f658a17fafffe1a7208812f5af13bf4798,e49c5a0941cd1ab7563977d5a8b88824c14e29a3046bb69f7aec5d688361dfa9,57ac446f18096446209c84cbc598ea821d682a426b5e975abca3ebe6e75f8622,cholesky,0.1,held,eb61adcd6eadb518c4f65c0bb99027f363a45071089c4ba035537c915acf5670,1840,speaker-subset,unseen,0.678804347826087,0.6615584982168073,0.7060962350195898,0.6804301457518663
shd,official,comparison:projection:i4,42,official,0ad936492ed758b3291f29f895e1e2ab0665bd8fbf5d37af9767c54f67e25313,projection,58f2c297e89d839f04b48df5fdda76f658a17fafffe1a7208812f5af13bf4798,e49c5a0941cd1ab7563977d5a8b88824c14e29a3046bb69f7aec5d688361dfa9,57ac446f18096446209c84cbc598ea821d682a426b5e975abca3ebe6e75f8622,cholesky,0.1,held,eb61adcd6eadb518c4f65c0bb99027f363a45071089c4ba035537c915acf5670,2264,speaker-subset,whole,0.6806537102473498,0.6619540255634268,0.6950784453602172,0.678606381404782
shd,official,comparison:projection:i6,42,official,1b2230ae1f16245cf27f0002dd0af81d0780fb1f1ef46751fd42ed7956892027,projection,70d99d48657e9dced6a42b066f5ee710787f8eea130990e40c962cc4897729da,955b1fde3ee935633e41f181c46f829a39569a9aea30fac0703af5835a1657fb,57ac446f18096446209c84cbc598ea821d682a426b5e975abca3ebe6e75f8622,cholesky,0.1,held,eb61adcd6eadb518c4f65c0bb99027f363a45071089c4ba035537c915acf5670,424,speaker-subset,seen,0.785377358490566,0.7683857702121355,0.775822722472036,0.7808321005581126
shd,official,comparison:projection:i6,42,official,1b2230ae1f16245cf27f0002dd0af81d0780fb1f1ef46751fd42ed7956892027,projection,70d99d48657e9dced6a42b066f5ee710787f8eea130990e40c962cc4897729da,955b1fde3ee935633e41f181c46f829a39569a9aea30fac0703af5835a1657fb,57ac446f18096446209c84cbc598ea821d682a426b5e975abca3ebe6e75f8622,cholesky,0.1,held,eb61adcd6eadb518c4f65c0bb99027f363a45071089c4ba035537c915acf5670,1840,speaker-subset,unseen,0.7510869565217392,0.7475217539844627,0.7981711461835956,0.7559189477426236
shd,official,comparison:projection:i6,42,official,1b2230ae1f16245cf27f0002dd0af81d0780fb1f1ef46751fd42ed7956892027,projection,70d99d48657e9dced6a42b066f5ee710787f8eea130990e40c962cc4897729da,955b1fde3ee935633e41f181c46f829a39569a9aea30fac0703af5835a1657fb,57ac446f18096446209c84cbc598ea821d682a426b5e975abca3ebe6e75f8622,cholesky,0.1,held,eb61adcd6eadb518c4f65c0bb99027f363a45071089c4ba035537c915acf5670,2264,speaker-subset,whole,0.7575088339222615,0.7508665028027508,0.78792612447365,0.758383081510795
shd,official,comparison:tuned:q4-i2-crc,42,official,f3e1e9997411738fc9df7d753eadebf54c6c08214caf16d074787805d0fcb293,crc,db38493e760d91b19a4d7490f35fd38862a45668052a5698f362a4ca3e61c073,55cd3e5a9b52d613b3f33169af6b9a8086a62d15238441e5d3e96dc6e3227aa8,57ac446f18096446209c84cbc598ea821d682a426b5e975abca3ebe6e75f8622,cholesky,0.0001,held,eb61adcd6eadb518c4f65c0bb99027f363a45071089c4ba035537c915acf5670,424,speaker-subset,seen,0.7995283018867925,0.7848533630511312,0.8015034618953385,0.7948447557148832
shd,official,comparison:tuned:q4-i2-crc,42,official,f3e1e9997411738fc9df7d753eadebf54c6c08214caf16d074787805d0fcb293,crc,db38493e760d91b19a4d7490f35fd38862a45668052a5698f362a4ca3e61c073,55cd3e5a9b52d613b3f33169af6b9a8086a62d15238441e5d3e96dc6e3227aa8,57ac446f18096446209c84cbc598ea821d682a426b5e975abca3ebe6e75f8622,cholesky,0.0001,held,eb61adcd6eadb518c4f65c0bb99027f363a45071089c4ba035537c915acf5670,1840,speaker-subset,unseen,0.6527173913043478,0.6358684219330349,0.6800796105011898,0.6548583955444958
shd,official,comparison:tuned:q4-i2-crc,42,official,f3e1e9997411738fc9df7d753eadebf54c6c08214caf16d074787805d0fcb293,crc,db38493e760d91b19a4d7490f35fd38862a45668052a5698f362a4ca3e61c073,55cd3e5a9b52d613b3f33169af6b9a8086a62d15238441e5d3e96dc6e3227aa8,57ac446f18096446209c84cbc598ea821d682a426b5e975abca3ebe6e75f8622,cholesky,0.0001,held,eb61adcd6eadb518c4f65c0bb99027f363a45071089c4ba035537c915acf5670,2264,speaker-subset,whole,0.6802120141342756,0.6631463505910611,0.6994671422896791,0.6798093473688451
shd,official,comparison:tuned:q4-i2-qrc,42,official,1db1c207d39957ec13e0a048f67a067d7fb148b7f0371cccd49164a1ef98f7f2,qrc,643bd816514e7a00122e935327be11c97902f162ad09e1b6484c82eb6d8951ef,55cd3e5a9b52d613b3f33169af6b9a8086a62d15238441e5d3e96dc6e3227aa8,57ac446f18096446209c84cbc598ea821d682a426b5e975abca3ebe6e75f8622,cholesky,0.001,held,eb61adcd6eadb518c4f65c0bb99027f363a45071089c4ba035537c915acf5670,424,speaker-subset,seen,0.8183962264150944,0.8014913973387987,0.8201011776848647,0.8129194504964744
shd,official,comparison:tuned:q4-i2-qrc,42,official,1db1c207d39957ec13e0a048f67a067d7fb148b7f0371cccd49164a1ef98f7f2,qrc,643bd816514e7a00122e935327be11c97902f162ad09e1b6484c82eb6d8951ef,55cd3e5a9b52d613b3f33169af6b9a8086a62d15238441e5d3e96dc6e3227aa8,57ac446f18096446209c84cbc598ea821d682a426b5e975abca3ebe6e75f8622,cholesky,0.001,held,eb61adcd6eadb518c4f65c0bb99027f363a45071089c4ba035537c915acf5670,1840,speaker-subset,unseen,0.6766304347826086,0.6614641741109779,0.6916462533375126,0.678190543903306
shd,official,comparison:tuned:q4-i2-qrc,42,official,1db1c207d39957ec13e0a048f67a067d7fb148b7f0371cccd49164a1ef98f7f2,qrc,643bd816514e7a00122e935327be11c97902f162ad09e1b6484c82eb6d8951ef,55cd3e5a9b52d613b3f33169af6b9a8086a62d15238441e5d3e96dc6e3227aa8,57ac446f18096446209c84cbc598ea821d682a426b5e975abca3ebe6e75f8622,cholesky,0.001,held,eb61adcd6eadb518c4f65c0bb99027f363a45071089c4ba035537c915acf5670,2264,speaker-subset,whole,0.7031802120141343,0.6875755238449288,0.7132120030014273,0.7024114863536425
shd,official,comparison:tuned:q6-i2-crc,42,official,888f984ba00d2c26f7d40bb8009698c2d781f5874900d14bfcdd33a22d235954,crc,6b555d44489f17659120459ae75a5a46bf41fe67a80c4ce96ee0916226343369,55cd3e5a9b52d613b3f33169af6b9a8086a62d15238441e5d3e96dc6e3227aa8,57ac446f18096446209c84cbc598ea821d682a426b5e975abca3ebe6e75f8622,cholesky,0.001,held,eb61adcd6eadb518c4f65c0bb99027f363a45071089c4ba035537c915acf5670,424,speaker-subset,seen,0.7971698113207547,0.7798876675951896,0.7902885288285746,0.7915422460265039
shd,official,comparison:tuned:q6-i2-crc,42,official,888f984ba00d2c26f7d40bb8009698c2d781f5874900d14bfcdd33a22d235954,crc,6b555d44489f17659120459ae75a5a46bf41fe67a80c4ce96ee0916226343369,55cd3e5a9b52d613b3f33169af6b9a8086a62d15238441e5d3e96dc6e3227aa8,57ac446f18096446209c84cbc598ea821d682a426b5e975abca3ebe6e75f8622,cholesky,0.001,held,eb61adcd6eadb518c4f65c0bb99027f363a45071089c4ba035537c915acf5670,1840,speaker-subset,unseen,0.6983695652173914,0.6829268656877844,0.7149237469266099,0.69987557767508
shd,official,comparison:tuned:q6-i2-crc,42,official,888f984ba00d2c26f7d40bb8009698c2d781f5874900d14bfcdd33a22d235954,crc,6b555d44489f17659120459ae75a5a46bf41fe67a80c4ce96ee0916226343369,55cd3e5a9b52d613b3f33169af6b9a8086a62d15238441e5d3e96dc6e3227aa8,57ac446f18096446209c84cbc598ea821d682a426b5e975abca3ebe6e75f8622,cholesky,0.001,held,eb61adcd6eadb518c4f65c0bb99027f363a45071089c4ba035537c915acf5670,2264,speaker-subset,whole,0.7168727915194346,0.701363145672625,0.7271625354607104,0.7156674992305613
shd,official,comparison:tuned:q6-i2-qrc,42,official,779f7cadce6d8791182d3bfe42654f214cbedf3fb7a36ea419b64dc3925a0ec9,qrc,640f9ce12f95ee866efec7e475bcb37e6b32eb82bc15d5218b55b4b7d05650e0,55cd3e5a9b52d613b3f33169af6b9a8086a62d15238441e5d3e96dc6e3227aa8,57ac446f18096446209c84cbc598ea821d682a426b5e975abca3ebe6e75f8622,cholesky,0.01,held,eb61adcd6eadb518c4f65c0bb99027f363a45071089c4ba035537c915acf5670,424,speaker-subset,seen,0.7806603773584906,0.7600980207094684,0.7750400614039453,0.7738023378836721
shd,official,comparison:tuned:q6-i2-qrc,42,official,779f7cadce6d8791182d3bfe42654f214cbedf3fb7a36ea419b64dc3925a0ec9,qrc,640f9ce12f95ee866efec7e475bcb37e6b32eb82bc15d5218b55b4b7d05650e0,55cd3e5a9b52d613b3f33169af6b9a8086a62d15238441e5d3e96dc6e3227aa8,57ac446f18096446209c84cbc598ea821d682a426b5e975abca3ebe6e75f8622,cholesky,0.01,held,eb61adcd6eadb518c4f65c0bb99027f363a45071089c4ba035537c915acf5670,1840,speaker-subset,unseen,0.6369565217391304,0.6187098447194785,0.65014848012347,0.6383102263301339
shd,official,comparison:tuned:q6-i2-qrc,42,official,779f7cadce6d8791182d3bfe42654f214cbedf3fb7a36ea419b64dc3925a0ec9,qrc,640f9ce12f95ee866efec7e475bcb37e6b32eb82bc15d5218b55b4b7d05650e0,55cd3e5a9b52d613b3f33169af6b9a8086a62d15238441e5d3e96dc6e3227aa8,57ac446f18096446209c84cbc598ea821d682a426b5e975abca3ebe6e75f8622,cholesky,0.01,held,eb61adcd6eadb518c4f65c0bb99027f363a45071089c4ba035537c915acf5670,2264,speaker-subset,whole,0.6638692579505301,0.6448953218070128,0.6681551454385708,0.6630585803225291
shd,official,comparison:tuned:q6-i4-crc,42,official,9f58dd5db7a6a7048b221d92bfb45c2b75c243f66619bd2f551f313d0f93e7c9,crc,89acb819f6e30b41e8a04cc469c787c45d840fe57d3990edb13d60d4fe9dc116,e49c5a0941cd1ab7563977d5a8b88824c14e29a3046bb69f7aec5d688361dfa9,57ac446f18096446209c84cbc598ea821d682a426b5e975abca3ebe6e75f8622,cholesky,0.001,held,eb61adcd6eadb518c4f65c0bb99027f363a45071089c4ba035537c915acf5670,424,speaker-subset,seen,0.8608490566037735,0.8489429218034061,0.8574411731722608,0.8540686782469017
shd,official,comparison:tuned:q6-i4-crc,42,official,9f58dd5db7a6a7048b221d92bfb45c2b75c243f66619bd2f551f313d0f93e7c9,crc,89acb819f6e30b41e8a04cc469c787c45d840fe57d3990edb13d60d4fe9dc116,e49c5a0941cd1ab7563977d5a8b88824c14e29a3046bb69f7aec5d688361dfa9,57ac446f18096446209c84cbc598ea821d682a426b5e975abca3ebe6e75f8622,cholesky,0.001,held,eb61adcd6eadb518c4f65c0bb99027f363a45071089c4ba035537c915acf5670,1840,speaker-subset,unseen,0.7445652173913043,0.7334548562919394,0.7573762860879082,0.7469486906031519
shd,official,comparison:tuned:q6-i4-crc,42,official,9f58dd5db7a6a7048b221d92bfb45c2b75c243f66619bd2f551f313d0f93e7c9,crc,89acb819f6e30b41e8a04cc469c787c45d840fe57d3990edb13d60d4fe9dc116,e49c5a0941cd1ab7563977d5a8b88824c14e29a3046bb69f7aec5d688361dfa9,57ac446f18096446209c84cbc598ea821d682a426b5e975abca3ebe6e75f8622,cholesky,0.001,held,eb61adcd6eadb518c4f65c0bb99027f363a45071089c4ba035537c915acf5670,2264,speaker-subset,whole,0.7663427561837456,0.7546221600694525,0.7737930324186661,0.7648400132680878
shd,official,comparison:tuned:q6-i4-qrc,42,official,bc804b7297583326a51df4df4045d1a135fd94e65755d50fb3cf33c8d782cd0a,qrc,6787e0edd4db684a71af05000d74e8f9960872d1db425f67aad91db6fd4d95df,e49c5a0941cd1ab7563977d5a8b88824c14e29a3046bb69f7aec5d688361dfa9,57ac446f18096446209c84cbc598ea821d682a426b5e975abca3ebe6e75f8622,cholesky,0.1,held,eb61adcd6eadb518c4f65c0bb99027f363a45071089c4ba035537c915acf5670,424,speaker-subset,seen,0.8160377358490566,0.7984220212319456,0.8098490376607383,0.809264981880799
shd,official,comparison:tuned:q6-i4-qrc,42,official,bc804b7297583326a51df4df4045d1a135fd94e65755d50fb3cf33c8d782cd0a,qrc,6787e0edd4db684a71af05000d74e8f9960872d1db425f67aad91db6fd4d95df,e49c5a0941cd1ab7563977d5a8b88824c14e29a3046bb69f7aec5d688361dfa9,57ac446f18096446209c84cbc598ea821d682a426b5e975abca3ebe6e75f8622,cholesky,0.1,held,eb61adcd6eadb518c4f65c0bb99027f363a45071089c4ba035537c915acf5670,1840,speaker-subset,unseen,0.7108695652173913,0.7074712526713202,0.7480001504756905,0.7129162223012206
shd,official,comparison:tuned:q6-i4-qrc,42,official,bc804b7297583326a51df4df4045d1a135fd94e65755d50fb3cf33c8d782cd0a,qrc,6787e0edd4db684a71af05000d74e8f9960872d1db425f67aad91db6fd4d95df,e49c5a0941cd1ab7563977d5a8b88824c14e29a3046bb69f7aec5d688361dfa9,57ac446f18096446209c84cbc598ea821d682a426b5e975abca3ebe6e75f8622,cholesky,0.1,held,eb61adcd6eadb518c4f65c0bb99027f363a45071089c4ba035537c915acf5670,2264,speaker-subset,whole,0.730565371024735,0.7240836583742334,0.7530631949167288,0.72967604466138
shd,official,comparison:tuned:q8-i2-crc,42,official,a357bf67d14c2c6f2a3c2278b1ce80793b830a411b63edfbe325e48a1cc28850,crc,60d361eb945c746916fef6bf276f0c5ebdc8d1722f3f43b2ab5cd37f6d6063d6,55cd3e5a9b52d613b3f33169af6b9a8086a62d15238441e5d3e96dc6e3227aa8,57ac446f18096446209c84cbc598ea821d682a426b5e975abca3ebe6e75f8622,cholesky,0.001,held,eb61adcd6eadb518c4f65c0bb99027f363a45071089c4ba035537c915acf5670,424,speaker-subset,seen,0.8278301886792453,0.8196209644137967,0.8246663682427411,0.8275266652942816
shd,official,comparison:tuned:q8-i2-crc,42,official,a357bf67d14c2c6f2a3c2278b1ce80793b830a411b63edfbe325e48a1cc28850,crc,60d361eb945c746916fef6bf276f0c5ebdc8d1722f3f43b2ab5cd37f6d6063d6,55cd3e5a9b52d613b3f33169af6b9a8086a62d15238441e5d3e96dc6e3227aa8,57ac446f18096446209c84cbc598ea821d682a426b5e975abca3ebe6e75f8622,cholesky,0.001,held,eb61adcd6eadb518c4f65c0bb99027f363a45071089c4ba035537c915acf5670,1840,speaker-subset,unseen,0.7043478260869566,0.6857412377134886,0.7177207489015455,0.7055456807678635
shd,official,comparison:tuned:q8-i2-crc,42,official,a357bf67d14c2c6f2a3c2278b1ce80793b830a411b63edfbe325e48a1cc28850,crc,60d361eb945c746916fef6bf276f0c5ebdc8d1722f3f43b2ab5cd37f6d6063d6,55cd3e5a9b52d613b3f33169af6b9a8086a62d15238441e5d3e96dc6e3227aa8,57ac446f18096446209c84cbc598ea821d682a426b5e975abca3ebe6e75f8622,cholesky,0.001,held,eb61adcd6eadb518c4f65c0bb99027f363a45071089c4ba035537c915acf5670,2264,speaker-subset,whole,0.7274734982332155,0.7110395186900248,0.7371290948131255,0.7259285827210882
shd,official,comparison:tuned:q8-i2-qrc,42,official,3e19df15055f851cc0143e9b9a1dc2f75b7011164a98f2eec6846efead36651d,qrc,01744a3c53aafb0c2754616b0e941c9ac605eeace004d70345a51e2ff8d9b351,55cd3e5a9b52d613b3f33169af6b9a8086a62d15238441e5d3e96dc6e3227aa8,57ac446f18096446209c84cbc598ea821d682a426b5e975abca3ebe6e75f8622,cholesky,0.1,held,eb61adcd6eadb518c4f65c0bb99027f363a45071089c4ba035537c915acf5670,424,speaker-subset,seen,0.785377358490566,0.7697449621519585,0.7855498116271709,0.7844722626130047
shd,official,comparison:tuned:q8-i2-qrc,42,official,3e19df15055f851cc0143e9b9a1dc2f75b7011164a98f2eec6846efead36651d,qrc,01744a3c53aafb0c2754616b0e941c9ac605eeace004d70345a51e2ff8d9b351,55cd3e5a9b52d613b3f33169af6b9a8086a62d15238441e5d3e96dc6e3227aa8,57ac446f18096446209c84cbc598ea821d682a426b5e975abca3ebe6e75f8622,cholesky,0.1,held,eb61adcd6eadb518c4f65c0bb99027f363a45071089c4ba035537c915acf5670,1840,speaker-subset,unseen,0.6429347826086956,0.6255862610699982,0.6686156915199178,0.6451060552198127
shd,official,comparison:tuned:q8-i2-qrc,42,official,3e19df15055f851cc0143e9b9a1dc2f75b7011164a98f2eec6846efead36651d,qrc,01744a3c53aafb0c2754616b0e941c9ac605eeace004d70345a51e2ff8d9b351,55cd3e5a9b52d613b3f33169af6b9a8086a62d15238441e5d3e96dc6e3227aa8,57ac446f18096446209c84cbc598ea821d682a426b5e975abca3ebe6e75f8622,cholesky,0.1,held,eb61adcd6eadb518c4f65c0bb99027f363a45071089c4ba035537c915acf5670,2264,speaker-subset,whole,0.6696113074204947,0.6525948023310457,0.6880721802737831,0.6694132054786637
shd,official,comparison:tuned:q8-i4-crc,42,official,4f9f85a32c066b9c2d3cab8c4d261553e762fae1287ee1f3e8c465f62865928b,crc,24a7948e83d6c36f8de5b8a715e8e536d4872a4450dc26ea53910a597810f894,e49c5a0941cd1ab7563977d5a8b88824c14e29a3046bb69f7aec5d688361dfa9,57ac446f18096446209c84cbc598ea821d682a426b5e975abca3ebe6e75f8622,cholesky,0.0001,held,eb61adcd6eadb518c4f65c0bb99027f363a45071089c4ba035537c915acf5670,424,speaker-subset,seen,0.8891509433962265,0.8785251957604812,0.8863023475492516,0.8822877164065319
shd,official,comparison:tuned:q8-i4-crc,42,official,4f9f85a32c066b9c2d3cab8c4d261553e762fae1287ee1f3e8c465f62865928b,crc,24a7948e83d6c36f8de5b8a715e8e536d4872a4450dc26ea53910a597810f894,e49c5a0941cd1ab7563977d5a8b88824c14e29a3046bb69f7aec5d688361dfa9,57ac446f18096446209c84cbc598ea821d682a426b5e975abca3ebe6e75f8622,cholesky,0.0001,held,eb61adcd6eadb518c4f65c0bb99027f363a45071089c4ba035537c915acf5670,1840,speaker-subset,unseen,0.7679347826086956,0.7602453674699231,0.7800228921550245,0.7707726033890273
shd,official,comparison:tuned:q8-i4-crc,42,official,4f9f85a32c066b9c2d3cab8c4d261553e762fae1287ee1f3e8c465f62865928b,crc,24a7948e83d6c36f8de5b8a715e8e536d4872a4450dc26ea53910a597810f894,e49c5a0941cd1ab7563977d5a8b88824c14e29a3046bb69f7aec5d688361dfa9,57ac446f18096446209c84cbc598ea821d682a426b5e975abca3ebe6e75f8622,cholesky,0.0001,held,eb61adcd6eadb518c4f65c0bb99027f363a45071089c4ba035537c915acf5670,2264,speaker-subset,whole,0.7906360424028268,0.7815217611429348,0.7957155624083637,0.7898536273036962
shd,official,comparison:tuned:q8-i4-qrc,42,official,7d14a39d5fd238493fa586e279ade90de4b7b1d0eeb8b8bdd7c990fba8c0b6e6,qrc,2569052f44979790c4af0407c0ad6fc4c5bb25d67940e2cdaa1d7ce4e42cbd7d,e49c5a0941cd1ab7563977d5a8b88824c14e29a3046bb69f7aec5d688361dfa9,57ac446f18096446209c84cbc598ea821d682a426b5e975abca3ebe6e75f8622,cholesky,0.1,held,eb61adcd6eadb518c4f65c0bb99027f363a45071089c4ba035537c915acf5670,424,speaker-subset,seen,0.8207547169811321,0.807351569786594,0.8147781548377303,0.8158632928443648
shd,official,comparison:tuned:q8-i4-qrc,42,official,7d14a39d5fd238493fa586e279ade90de4b7b1d0eeb8b8bdd7c990fba8c0b6e6,qrc,2569052f44979790c4af0407c0ad6fc4c5bb25d67940e2cdaa1d7ce4e42cbd7d,e49c5a0941cd1ab7563977d5a8b88824c14e29a3046bb69f7aec5d688361dfa9,57ac446f18096446209c84cbc598ea821d682a426b5e975abca3ebe6e75f8622,cholesky,0.1,held,eb61adcd6eadb518c4f65c0bb99027f363a45071089c4ba035537c915acf5670,1840,speaker-subset,unseen,0.7369565217391304,0.7287026617831287,0.7627886044608297,0.7394952008531817
shd,official,comparison:tuned:q8-i4-qrc,42,official,7d14a39d5fd238493fa586e279ade90de4b7b1d0eeb8b8bdd7c990fba8c0b6e6,qrc,2569052f44979790c4af0407c0ad6fc4c5bb25d67940e2cdaa1d7ce4e42cbd7d,e49c5a0941cd1ab7563977d5a8b88824c14e29a3046bb69f7aec5d688361dfa9,57ac446f18096446209c84cbc598ea821d682a426b5e975abca3ebe6e75f8622,cholesky,0.1,held,eb61adcd6eadb518c4f65c0bb99027f363a45071089c4ba035537c915acf5670,2264,speaker-subset,whole,0.7526501766784452,0.7439345578088142,0.7686462490613419,0.7517776867477447
shd,official,comparison:tuned:q8-i6-crc,42,official,63289a1525df0134c30aa4ae088ae1eff9e13540ad2e3a5ed43b9af23a8813c8,crc,e76bb345115103a193696f8017914418720fa5806c0fc780d3f38e6aedefad7e,955b1fde3ee935633e41f181c46f829a39569a9aea30fac0703af5835a1657fb,57ac446f18096446209c84cbc598ea821d682a426b5e975abca3ebe6e75f8622,cholesky,1.0,held,eb61adcd6eadb518c4f65c0bb99027f363a45071089c4ba035537c915acf5670,424,speaker-subset,seen,0.8183962264150944,0.8065708247246043,0.8145764636581369,0.8151247087633895
shd,official,comparison:tuned:q8-i6-crc,42,official,63289a1525df0134c30aa4ae088ae1eff9e13540ad2e3a5ed43b9af23a8813c8,crc,e76bb345115103a193696f8017914418720fa5806c0fc780d3f38e6aedefad7e,955b1fde3ee935633e41f181c46f829a39569a9aea30fac0703af5835a1657fb,57ac446f18096446209c84cbc598ea821d682a426b5e975abca3ebe6e75f8622,cholesky,1.0,held,eb61adcd6eadb518c4f65c0bb99027f363a45071089c4ba035537c915acf5670,1840,speaker-subset,unseen,0.7451086956521739,0.7379664385681127,0.8076663442941892,0.7517300628036497
shd,official,comparison:tuned:q8-i6-crc,42,official,63289a1525df0134c30aa4ae088ae1eff9e13540ad2e3a5ed43b9af23a8813c8,crc,e76bb345115103a193696f8017914418720fa5806c0fc780d3f38e6aedefad7e,955b1fde3ee935633e41f181c46f829a39569a9aea30fac0703af5835a1657fb,57ac446f18096446209c84cbc598ea821d682a426b5e975abca3ebe6e75f8622,cholesky,1.0,held,eb61adcd6eadb518c4f65c0bb99027f363a45071089c4ba035537c915acf5670,2264,speaker-subset,whole,0.758833922261484,0.750682950684639,0.8015566436347925,0.7617734722351639
shd,official,comparison:tuned:q8-i6-qrc,42,official,b30a18509a2788bd448a44aab382fc06f2d4030d5767ad74032fad34399e6289,qrc,78d488f4944130a8405c0d925233827f0351a7bb38c48295d62fd581c92fabc1,955b1fde3ee935633e41f181c46f829a39569a9aea30fac0703af5835a1657fb,57ac446f18096446209c84cbc598ea821d682a426b5e975abca3ebe6e75f8622,cholesky,0.1,held,eb61adcd6eadb518c4f65c0bb99027f363a45071089c4ba035537c915acf5670,424,speaker-subset,seen,0.8726415094339622,0.8603270405085042,0.8617014750702999,0.8657992975151896
shd,official,comparison:tuned:q8-i6-qrc,42,official,b30a18509a2788bd448a44aab382fc06f2d4030d5767ad74032fad34399e6289,qrc,78d488f4944130a8405c0d925233827f0351a7bb38c48295d62fd581c92fabc1,955b1fde3ee935633e41f181c46f829a39569a9aea30fac0703af5835a1657fb,57ac446f18096446209c84cbc598ea821d682a426b5e975abca3ebe6e75f8622,cholesky,0.1,held,eb61adcd6eadb518c4f65c0bb99027f363a45071089c4ba035537c915acf5670,1840,speaker-subset,unseen,0.7793478260869565,0.7768684927463352,0.8144281630875977,0.7841450408816211
shd,official,comparison:tuned:q8-i6-qrc,42,official,b30a18509a2788bd448a44aab382fc06f2d4030d5767ad74032fad34399e6289,qrc,78d488f4944130a8405c0d925233827f0351a7bb38c48295d62fd581c92fabc1,955b1fde3ee935633e41f181c46f829a39569a9aea30fac0703af5835a1657fb,57ac446f18096446209c84cbc598ea821d682a426b5e975abca3ebe6e75f8622,cholesky,0.1,held,eb61adcd6eadb518c4f65c0bb99027f363a45071089c4ba035537c915acf5670,2264,speaker-subset,whole,0.7968197879858657,0.7922376561356346,0.819146861639466,0.797669470936436
shd,official,observations:crc2:all,42,official,1fd36ce890b4ce3067724eeb1ad5e75675b3750d401261ad6bf5541d3bd0fec1,crc,7437e12e451c6fe23dedffcba8427f6b1ff3eef90ac8d44c5de93188b3a2dce7,55cd3e5a9b52d613b3f33169af6b9a8086a62d15238441e5d3e96dc6e3227aa8,57ac446f18096446209c84cbc598ea821d682a426b5e975abca3ebe6e75f8622,lsqr,0.01,held,eb61adcd6eadb518c4f65c0bb99027f363a45071089c4ba035537c915acf5670,424,speaker-subset,seen,0.7452830188679245,0.7245542677870602,0.7396368780530779,0.7385344973755769
shd,official,observations:crc2:all,42,official,1fd36ce890b4ce3067724eeb1ad5e75675b3750d401261ad6bf5541d3bd0fec1,crc,7437e12e451c6fe23dedffcba8427f6b1ff3eef90ac8d44c5de93188b3a2dce7,55cd3e5a9b52d613b3f33169af6b9a8086a62d15238441e5d3e96dc6e3227aa8,57ac446f18096446209c84cbc598ea821d682a426b5e975abca3ebe6e75f8622,lsqr,0.01,held,eb61adcd6eadb518c4f65c0bb99027f363a45071089c4ba035537c915acf5670,1840,speaker-subset,unseen,0.5521739130434783,0.5269327300899322,0.5455527280669963,0.5554686574238653
shd,official,observations:crc2:all,42,official,1fd36ce890b4ce3067724eeb1ad5e75675b3750d401261ad6bf5541d3bd0fec1,crc,7437e12e451c6fe23dedffcba8427f6b1ff3eef90ac8d44c5de93188b3a2dce7,55cd3e5a9b52d613b3f33169af6b9a8086a62d15238441e5d3e96dc6e3227aa8,57ac446f18096446209c84cbc598ea821d682a426b5e975abca3ebe6e75f8622,lsqr,0.01,held,eb61adcd6eadb518c4f65c0bb99027f363a45071089c4ba035537c915acf5670,2264,speaker-subset,whole,0.588339222614841,0.5647587269731796,0.581875405429075,0.5889433687184203
shd,official,observations:crc2:products,42,official,6ae66d35da54d00c5e70f9782333548ed628bc7c7270ab0a2c8624787a3f6142,crc,a9f09719ec1a1bf2f7e49f21f4da4eeb0c65e7b6d6e6d7db70c346cec543cdee,55cd3e5a9b52d613b3f33169af6b9a8086a62d15238441e5d3e96dc6e3227aa8,57ac446f18096446209c84cbc598ea821d682a426b5e975abca3ebe6e75f8622,lsqr,0.1,held,eb61adcd6eadb518c4f65c0bb99027f363a45071089c4ba035537c915acf5670,424,speaker-subset,seen,0.7193396226415094,0.6909000752706034,0.715901607689745,0.7120153537186896
shd,official,observations:crc2:products,42,official,6ae66d35da54d00c5e70f9782333548ed628bc7c7270ab0a2c8624787a3f6142,crc,a9f09719ec1a1bf2f7e49f21f4da4eeb0c65e7b6d6e6d7db70c346cec543cdee,55cd3e5a9b52d613b3f33169af6b9a8086a62d15238441e5d3e96dc6e3227aa8,57ac446f18096446209c84cbc598ea821d682a426b5e975abca3ebe6e75f8622,lsqr,0.1,held,eb61adcd6eadb518c4f65c0bb99027f363a45071089c4ba035537c915acf5670,1840,speaker-subset,unseen,0.5467391304347826,0.5196335612865424,0.545785153453059,0.5494252873563219
shd,official,observations:crc2:products,42,official,6ae66d35da54d00c5e70f9782333548ed628bc7c7270ab0a2c8624787a3f6142,crc,a9f09719ec1a1bf2f7e49f21f4da4eeb0c65e7b6d6e6d7db70c346cec543cdee,55cd3e5a9b52d613b3f33169af6b9a8086a62d15238441e5d3e96dc6e3227aa8,57ac446f18096446209c84cbc598ea821d682a426b5e975abca3ebe6e75f8622,lsqr,0.1,held,eb61adcd6eadb518c4f65c0bb99027f363a45071089c4ba035537c915acf5670,2264,speaker-subset,whole,0.5790636042402827,0.552013855887454,0.5757763245005562,0.5791835501651005
shd,official,observations:crc2:width24,42,official,ab7086fd6010d2f3afa5bc78572088a815d8b948112d9953fead54d908534cfa,crc,0a577d9cc8e47b1c37adf85ccddd8f1e54a0cd721232c21e5d5cd18bb286612e,55cd3e5a9b52d613b3f33169af6b9a8086a62d15238441e5d3e96dc6e3227aa8,57ac446f18096446209c84cbc598ea821d682a426b5e975abca3ebe6e75f8622,lsqr,0.01,held,eb61adcd6eadb518c4f65c0bb99027f363a45071089c4ba035537c915acf5670,424,speaker-subset,seen,0.7547169811320755,0.7249783061851314,0.7360988085405207,0.7450224178689322
shd,official,observations:crc2:width24,42,official,ab7086fd6010d2f3afa5bc78572088a815d8b948112d9953fead54d908534cfa,crc,0a577d9cc8e47b1c37adf85ccddd8f1e54a0cd721232c21e5d5cd18bb286612e,55cd3e5a9b52d613b3f33169af6b9a8086a62d15238441e5d3e96dc6e3227aa8,57ac446f18096446209c84cbc598ea821d682a426b5e975abca3ebe6e75f8622,lsqr,0.01,held,eb61adcd6eadb518c4f65c0bb99027f363a45071089c4ba035537c915acf5670,1840,speaker-subset,unseen,0.596195652173913,0.5735815875344432,0.6137701779405003,0.5978729707311293
shd,official,observations:crc2:width24,42,official,ab7086fd6010d2f3afa5bc78572088a815d8b948112d9953fead54d908534cfa,crc,0a577d9cc8e47b1c37adf85ccddd8f1e54a0cd721232c21e5d5cd18bb286612e,55cd3e5a9b52d613b3f33169af6b9a8086a62d15238441e5d3e96dc6e3227aa8,57ac446f18096446209c84cbc598ea821d682a426b5e975abca3ebe6e75f8622,lsqr,0.01,held,eb61adcd6eadb518c4f65c0bb99027f363a45071089c4ba035537c915acf5670,2264,speaker-subset,whole,0.6258833922261484,0.6031879467283143,0.6364013807218274,0.6253778895966021
shd,official,observations:crc4:all,42,official,873b417ea25cd86e44b4adaf1cced3b2c3bb39bf4f5d659358001461e8007f4e,crc,c906596e5de4902abfaa05fb1674b2b990ab80b1a82170c9bb3c3ee38797961a,e49c5a0941cd1ab7563977d5a8b88824c14e29a3046bb69f7aec5d688361dfa9,57ac446f18096446209c84cbc598ea821d682a426b5e975abca3ebe6e75f8622,lsqr,0.01,held,eb61adcd6eadb518c4f65c0bb99027f363a45071089c4ba035537c915acf5670,424,speaker-subset,seen,0.7806603773584906,0.7618089869311596,0.7681591431884889,0.7784470480446867
shd,official,observations:crc4:all,42,official,873b417ea25cd86e44b4adaf1cced3b2c3bb39bf4f5d659358001461e8007f4e,crc,c906596e5de4902abfaa05fb1674b2b990ab80b1a82170c9bb3c3ee38797961a,e49c5a0941cd1ab7563977d5a8b88824c14e29a3046bb69f7aec5d688361dfa9,57ac446f18096446209c84cbc598ea821d682a426b5e975abca3ebe6e75f8622,lsqr,0.01,held,eb61adcd6eadb518c4f65c0bb99027f363a45071089c4ba035537c915acf5670,1840,speaker-subset,unseen,0.6326086956521739,0.6141719093447361,0.650316979604621,0.6353714895129754
shd,official,observations:crc4:all,42,official,873b417ea25cd86e44b4adaf1cced3b2c3bb39bf4f5d659358001461e8007f4e,crc,c906596e5de4902abfaa05fb1674b2b990ab80b1a82170c9bb3c3ee38797961a,e49c5a0941cd1ab7563977d5a8b88824c14e29a3046bb69f7aec5d688361dfa9,57ac446f18096446209c84cbc598ea821d682a426b5e975abca3ebe6e75f8622,lsqr,0.01,held,eb61adcd6eadb518c4f65c0bb99027f363a45071089c4ba035537c915acf5670,2264,speaker-subset,whole,0.6603356890459364,0.6439287906480259,0.6716031244468486,0.6606507391005841
shd,official,observations:crc4:products,42,official,2e8913309b4e3bcf9c2af09c8017d7da91453ea301913d371bd9ec43cccd3701,crc,274e610f0832ddbd66e74962d254e129749f247d9d61d5295ec83a19343a9d46,e49c5a0941cd1ab7563977d5a8b88824c14e29a3046bb69f7aec5d688361dfa9,57ac446f18096446209c84cbc598ea821d682a426b5e975abca3ebe6e75f8622,lsqr,0.01,held,eb61adcd6eadb518c4f65c0bb99027f363a45071089c4ba035537c915acf5670,424,speaker-subset,seen,0.7971698113207547,0.7804130195902964,0.7875352930093642,0.7952849138340145
shd,official,observations:crc4:products,42,official,2e8913309b4e3bcf9c2af09c8017d7da91453ea301913d371bd9ec43cccd3701,crc,274e610f0832ddbd66e74962d254e129749f247d9d61d5295ec83a19343a9d46,e49c5a0941cd1ab7563977d5a8b88824c14e29a3046bb69f7aec5d688361dfa9,57ac446f18096446209c84cbc598ea821d682a426b5e975abca3ebe6e75f8622,lsqr,0.01,held,eb61adcd6eadb518c4f65c0bb99027f363a45071089c4ba035537c915acf5670,1840,speaker-subset,unseen,0.6429347826086956,0.6280707415126893,0.6665200349296913,0.6448098115890508
shd,official,observations:crc4:products,42,official,2e8913309b4e3bcf9c2af09c8017d7da91453ea301913d371bd9ec43cccd3701,crc,274e610f0832ddbd66e74962d254e129749f247d9d61d5295ec83a19343a9d46,e49c5a0941cd1ab7563977d5a8b88824c14e29a3046bb69f7aec5d688361dfa9,57ac446f18096446209c84cbc598ea821d682a426b5e975abca3ebe6e75f8622,lsqr,0.01,held,eb61adcd6eadb518c4f65c0bb99027f363a45071089c4ba035537c915acf5670,2264,speaker-subset,whole,0.6718197879858657,0.6586240105214201,0.6861155701162105,0.671345369441221
shd,official,observations:crc4:width24,42,official,0a2564a01950101a3565761c21c3c698677322706a8a50c68713e6c49a1c90b5,crc,847af2383f1f6a844261d205c5d99e823db2f941438d88c4ccf391a31a788ef5,e49c5a0941cd1ab7563977d5a8b88824c14e29a3046bb69f7aec5d688361dfa9,57ac446f18096446209c84cbc598ea821d682a426b5e975abca3ebe6e75f8622,lsqr,0.1,held,eb61adcd6eadb518c4f65c0bb99027f363a45071089c4ba035537c915acf5670,424,speaker-subset,seen,0.7971698113207547,0.7814479237063079,0.7962096667660934,0.7867978580709092
shd,official,observations:crc4:width24,42,official,0a2564a01950101a3565761c21c3c698677322706a8a50c68713e6c49a1c90b5,crc,847af2383f1f6a844261d205c5d99e823db2f941438d88c4ccf391a31a788ef5,e49c5a0941cd1ab7563977d5a8b88824c14e29a3046bb69f7aec5d688361dfa9,57ac446f18096446209c84cbc598ea821d682a426b5e975abca3ebe6e75f8622,lsqr,0.1,held,eb61adcd6eadb518c4f65c0bb99027f363a45071089c4ba035537c915acf5670,1840,speaker-subset,unseen,0.6282608695652174,0.6085770831087747,0.6414932086366448,0.6312477781727692
shd,official,observations:crc4:width24,42,official,0a2564a01950101a3565761c21c3c698677322706a8a50c68713e6c49a1c90b5,crc,847af2383f1f6a844261d205c5d99e823db2f941438d88c4ccf391a31a788ef5,e49c5a0941cd1ab7563977d5a8b88824c14e29a3046bb69f7aec5d688361dfa9,57ac446f18096446209c84cbc598ea821d682a426b5e975abca3ebe6e75f8622,lsqr,0.1,held,eb61adcd6eadb518c4f65c0bb99027f363a45071089c4ba035537c915acf5670,2264,speaker-subset,whole,0.6598939929328622,0.6429098178600545,0.670223519036845,0.6592563529397771
shd,official,observations:projection:i2,42,official,b74738fd93be0559fb49a00a0619eb885d4458adfed3b46d441fe0cfd16af10d,projection,9f7f73642cf8a13573ca56999183d3caafe2adfbb52fce4f9299c722c99a54c6,55cd3e5a9b52d613b3f33169af6b9a8086a62d15238441e5d3e96dc6e3227aa8,57ac446f18096446209c84cbc598ea821d682a426b5e975abca3ebe6e75f8622,lsqr,0.1,held,eb61adcd6eadb518c4f65c0bb99027f363a45071089c4ba035537c915acf5670,424,speaker-subset,seen,0.5825471698113207,0.5423749101038626,0.5763329177998863,0.5799810080252359
shd,official,observations:projection:i2,42,official,b74738fd93be0559fb49a00a0619eb885d4458adfed3b46d441fe0cfd16af10d,projection,9f7f73642cf8a13573ca56999183d3caafe2adfbb52fce4f9299c722c99a54c6,55cd3e5a9b52d613b3f33169af6b9a8086a62d15238441e5d3e96dc6e3227aa8,57ac446f18096446209c84cbc598ea821d682a426b5e975abca3ebe6e75f8622,lsqr,0.1,held,eb61adcd6eadb518c4f65c0bb99027f363a45071089c4ba035537c915acf5670,1840,speaker-subset,unseen,0.5793478260869566,0.5531147181223187,0.6181604664968934,0.5797606351463443
shd,official,observations:projection:i2,42,official,b74738fd93be0559fb49a00a0619eb885d4458adfed3b46d441fe0cfd16af10d,projection,9f7f73642cf8a13573ca56999183d3caafe2adfbb52fce4f9299c722c99a54c6,55cd3e5a9b52d613b3f33169af6b9a8086a62d15238441e5d3e96dc6e3227aa8,57ac446f18096446209c84cbc598ea821d682a426b5e975abca3ebe6e75f8622,lsqr,0.1,held,eb61adcd6eadb518c4f65c0bb99027f363a45071089c4ba035537c915acf5670,2264,speaker-subset,whole,0.5799469964664311,0.5503972296588032,0.6138558436265545,0.5787607176156511
shd,official,observations:projection:i4,42,official,fbb90ff5d421bcaa0548fc7812ea1874070ef14c2d8fd220714f8c02858002a9,projection,8c97f9a42cdaa3596167b29c6a1000db7c9ce05ab9f7bccead164ea20f184d0e,e49c5a0941cd1ab7563977d5a8b88824c14e29a3046bb69f7aec5d688361dfa9,57ac446f18096446209c84cbc598ea821d682a426b5e975abca3ebe6e75f8622,lsqr,0.1,held,eb61adcd6eadb518c4f65c0bb99027f363a45071089c4ba035537c915acf5670,424,speaker-subset,seen,0.6863207547169812,0.6560650126599564,0.6769757434003763,0.6780375846667077
shd,official,observations:projection:i4,42,official,fbb90ff5d421bcaa0548fc7812ea1874070ef14c2d8fd220714f8c02858002a9,projection,8c97f9a42cdaa3596167b29c6a1000db7c9ce05ab9f7bccead164ea20f184d0e,e49c5a0941cd1ab7563977d5a8b88824c14e29a3046bb69f7aec5d688361dfa9,57ac446f18096446209c84cbc598ea821d682a426b5e975abca3ebe6e75f8622,lsqr,0.1,held,eb61adcd6eadb518c4f65c0bb99027f363a45071089c4ba035537c915acf5670,1840,speaker-subset,unseen,0.6793478260869565,0.6620299081491002,0.7066826826287425,0.6809456096693921
shd,official,observations:projection:i4,42,official,fbb90ff5d421bcaa0548fc7812ea1874070ef14c2d8fd220714f8c02858002a9,projection,8c97f9a42cdaa3596167b29c6a1000db7c9ce05ab9f7bccead164ea20f184d0e,e49c5a0941cd1ab7563977d5a8b88824c14e29a3046bb69f7aec5d688361dfa9,57ac446f18096446209c84cbc598ea821d682a426b5e975abca3ebe6e75f8622,lsqr,0.1,held,eb61adcd6eadb518c4f65c0bb99027f363a45071089c4ba035537c915acf5670,2264,speaker-subset,whole,0.6806537102473498,0.6619530472613546,0.695261492576267,0.678606381404782
shd,official,observations:qrc2:all,42,official,1c508aa0283982dbebec8c361aa94d8d326dc9cf7a4b21d6d1e0defa8bd2551b,qrc,c2237eb5c1183d73bbb9368168ef296cb200b161dbdb341a62688cb85ce6ac45,55cd3e5a9b52d613b3f33169af6b9a8086a62d15238441e5d3e96dc6e3227aa8,57ac446f18096446209c84cbc598ea821d682a426b5e975abca3ebe6e75f8622,lsqr,0.1,held,eb61adcd6eadb518c4f65c0bb99027f363a45071089c4ba035537c915acf5670,424,speaker-subset,seen,0.7193396226415094,0.6893124758576201,0.7008707822582665,0.7129639106520667
shd,official,observations:qrc2:all,42,official,1c508aa0283982dbebec8c361aa94d8d326dc9cf7a4b21d6d1e0defa8bd2551b,qrc,c2237eb5c1183d73bbb9368168ef296cb200b161dbdb341a62688cb85ce6ac45,55cd3e5a9b52d613b3f33169af6b9a8086a62d15238441e5d3e96dc6e3227aa8,57ac446f18096446209c84cbc598ea821d682a426b5e975abca3ebe6e75f8622,lsqr,0.1,held,eb61adcd6eadb518c4f65c0bb99027f363a45071089c4ba035537c915acf5670,1840,speaker-subset,unseen,0.6266304347826087,0.6115199461314498,0.6491658342739488,0.6291088991586681
shd,official,observations:qrc2:all,42,official,1c508aa0283982dbebec8c361aa94d8d326dc9cf7a4b21d6d1e0defa8bd2551b,qrc,c2237eb5c1183d73bbb9368168ef296cb200b161dbdb341a62688cb85ce6ac45,55cd3e5a9b52d613b3f33169af6b9a8086a62d15238441e5d3e96dc6e3227aa8,57ac446f18096446209c84cbc598ea821d682a426b5e975abca3ebe6e75f8622,lsqr,0.1,held,eb61adcd6eadb518c4f65c0bb99027f363a45071089c4ba035537c915acf5670,2264,speaker-subset,whole,0.6439929328621908,0.6250219023412646,0.6522302397464353,0.6440191017358533
shd,official,observations:qrc2:products,42,official,ccbb3a1022fe453188388588b0fea80935acc71e35d168af1b980fe1b0b3838c,qrc,20178b2b2eb21024622d89ccc6f3f49de01a0226a89a1d984f609dbea56e13d9,55cd3e5a9b52d613b3f33169af6b9a8086a62d15238441e5d3e96dc6e3227aa8,57ac446f18096446209c84cbc598ea821d682a426b5e975abca3ebe6e75f8622,lsqr,0.1,held,eb61adcd6eadb518c4f65c0bb99027f363a45071089c4ba035537c915acf5670,424,speaker-subset,seen,0.7311320754716981,0.7055054513890113,0.7156096461608772,0.7220176375279449
shd,official,observations:qrc2:products,42,official,ccbb3a1022fe453188388588b0fea80935acc71e35d168af1b980fe1b0b3838c,qrc,20178b2b2eb21024622d89ccc6f3f49de01a0226a89a1d984f609dbea56e13d9,55cd3e5a9b52d613b3f33169af6b9a8086a62d15238441e5d3e96dc6e3227aa8,57ac446f18096446209c84cbc598ea821d682a426b5e975abca3ebe6e75f8622,lsqr,0.1,held,eb61adcd6eadb518c4f65c0bb99027f363a45071089c4ba035537c915acf5670,1840,speaker-subset,unseen,0.6353260869565217,0.6213695539833098,0.6538477651867937,0.6369415807560138
shd,official,observations:qrc2:products,42,official,ccbb3a1022fe453188388588b0fea80935acc71e35d168af1b980fe1b0b3838c,qrc,20178b2b2eb21024622d89ccc6f3f49de01a0226a89a1d984f609dbea56e13d9,55cd3e5a9b52d613b3f33169af6b9a8086a62d15238441e5d3e96dc6e3227aa8,57ac446f18096446209c84cbc598ea821d682a426b5e975abca3ebe6e75f8622,lsqr,0.1,held,eb61adcd6eadb518c4f65c0bb99027f363a45071089c4ba035537c915acf5670,2264,speaker-subset,whole,0.6532685512367491,0.6361370371637658,0.6585620682854735,0.6523190935873118
shd,official,observations:qrc2:zz,42,official,ce848420860abf047340e4e86f8b70bbeb0935478a66965e0ffda2f9ccce264d,qrc,57e31aa5d4397fcfd337754f9453d1189b8768fae7acacea2241f7aec803be68,55cd3e5a9b52d613b3f33169af6b9a8086a62d15238441e5d3e96dc6e3227aa8,57ac446f18096446209c84cbc598ea821d682a426b5e975abca3ebe6e75f8622,lsqr,0.1,held,eb61adcd6eadb518c4f65c0bb99027f363a45071089c4ba035537c915acf5670,424,speaker-subset,seen,0.7264150943396226,0.7005478775517129,0.7136858360853371,0.7180359674267096
shd,official,observations:qrc2:zz,42,official,ce848420860abf047340e4e86f8b70bbeb0935478a66965e0ffda2f9ccce264d,qrc,57e31aa5d4397fcfd337754f9453d1189b8768fae7acacea2241f7aec803be68,55cd3e5a9b52d613b3f33169af6b9a8086a62d15238441e5d3e96dc6e3227aa8,57ac446f18096446209c84cbc598ea821d682a426b5e975abca3ebe6e75f8622,lsqr,0.1,held,eb61adcd6eadb518c4f65c0bb99027f363a45071089c4ba035537c915acf5670,1840,speaker-subset,unseen,0.6375,0.622290448861969,0.657662662856246,0.6395366749614882
shd,official,observations:qrc2:zz,42,official,ce848420860abf047340e4e86f8b70bbeb0935478a66965e0ffda2f9ccce264d,qrc,57e31aa5d4397fcfd337754f9453d1189b8768fae7acacea2241f7aec803be68,55cd3e5a9b52d613b3f33169af6b9a8086a62d15238441e5d3e96dc6e3227aa8,57ac446f18096446209c84cbc598ea821d682a426b5e975abca3ebe6e75f8622,lsqr,0.1,held,eb61adcd6eadb518c4f65c0bb99027f363a45071089c4ba035537c915acf5670,2264,speaker-subset,whole,0.6541519434628975,0.636297113488717,0.6624254818202168,0.6540611686974901
shd,official,observations:qrc4:all,42,official,e2d216180266ee61a487147f34d7d8fa10e2d15df968b7067e1722474967ded0,qrc,acbd69c0f26b31a6ea0d88f288bb37830d8b3ed3c85aee9c426315d257e77480,e49c5a0941cd1ab7563977d5a8b88824c14e29a3046bb69f7aec5d688361dfa9,57ac446f18096446209c84cbc598ea821d682a426b5e975abca3ebe6e75f8622,lsqr,0.1,held,eb61adcd6eadb518c4f65c0bb99027f363a45071089c4ba035537c915acf5670,424,speaker-subset,seen,0.7594339622641509,0.7424337904649465,0.7553336470994554,0.7604166496435987
shd,official,observations:qrc4:all,42,official,e2d216180266ee61a487147f34d7d8fa10e2d15df968b7067e1722474967ded0,qrc,acbd69c0f26b31a6ea0d88f288bb37830d8b3ed3c85aee9c426315d257e77480,e49c5a0941cd1ab7563977d5a8b88824c14e29a3046bb69f7aec5d688361dfa9,57ac446f18096446209c84cbc598ea821d682a426b5e975abca3ebe6e75f8622,lsqr,0.1,held,eb61adcd6eadb518c4f65c0bb99027f363a45071089c4ba035537c915acf5670,1840,speaker-subset,unseen,0.6331521739130435,0.6167494169054848,0.6696086973895606,0.6331615120274915
shd,official,observations:qrc4:all,42,official,e2d216180266ee61a487147f34d7d8fa10e2d15df968b7067e1722474967ded0,qrc,acbd69c0f26b31a6ea0d88f288bb37830d8b3ed3c85aee9c426315d257e77480,e49c5a0941cd1ab7563977d5a8b88824c14e29a3046bb69f7aec5d688361dfa9,57ac446f18096446209c84cbc598ea821d682a426b5e975abca3ebe6e75f8622,lsqr,0.1,held,eb61adcd6eadb518c4f65c0bb99027f363a45071089c4ba035537c915acf5670,2264,speaker-subset,whole,0.6568021201413428,0.6403712176917333,0.6828130930290505,0.6558683220697686
shd,official,observations:qrc4:products,42,official,82b17f39d82a3c58eee59619b528160273f45e0ab5e44358776a3e77c160d64a,qrc,2cf0955e9bd5397881de475842673b227cfc4695a3dfc468284a8157193fd49e,e49c5a0941cd1ab7563977d5a8b88824c14e29a3046bb69f7aec5d688361dfa9,57ac446f18096446209c84cbc598ea821d682a426b5e975abca3ebe6e75f8622,lsqr,0.1,held,eb61adcd6eadb518c4f65c0bb99027f363a45071089c4ba035537c915acf5670,424,speaker-subset,seen,0.7830188679245284,0.7698929700290702,0.7799002790570694,0.784285531670839
shd,official,observations:qrc4:products,42,official,82b17f39d82a3c58eee59619b528160273f45e0ab5e44358776a3e77c160d64a,qrc,2cf0955e9bd5397881de475842673b227cfc4695a3dfc468284a8157193fd49e,e49c5a0941cd1ab7563977d5a8b88824c14e29a3046bb69f7aec5d688361dfa9,57ac446f18096446209c84cbc598ea821d682a426b5e975abca3ebe6e75f8622,lsqr,0.1,held,eb61adcd6eadb518c4f65c0bb99027f363a45071089c4ba035537c915acf5670,1840,speaker-subset,unseen,0.654891304347826,0.6425451548472395,0.6902985718320191,0.6554982817869416
shd,official,observations:qrc4:products,42,official,82b17f39d82a3c58eee59619b528160273f45e0ab5e44358776a3e77c160d64a,qrc,2cf0955e9bd5397881de475842673b227cfc4695a3dfc468284a8157193fd49e,e49c5a0941cd1ab7563977d5a8b88824c14e29a3046bb69f7aec5d688361dfa9,57ac446f18096446209c84cbc598ea821d682a426b5e975abca3ebe6e75f8622,lsqr,0.1,held,eb61adcd6eadb518c4f65c0bb99027f363a45071089c4ba035537c915acf5670,2264,speaker-subset,whole,0.678886925795053,0.6659653023788605,0.7044058784411699,0.6779311902355485
shd,official,observations:qrc4:zz,42,official,2f3f7210103a38681171de5d125053889446567f266cc811fbae317b289684cb,qrc,5716ca84321b84882a569ef3f79efc899ac8138152360c82dde106ca5be5c007,e49c5a0941cd1ab7563977d5a8b88824c14e29a3046bb69f7aec5d688361dfa9,57ac446f18096446209c84cbc598ea821d682a426b5e975abca3ebe6e75f8622,lsqr,0.1,held,eb61adcd6eadb518c4f65c0bb99027f363a45071089c4ba035537c915acf5670,424,speaker-subset,seen,0.7759433962264151,0.7628803111867681,0.7721743871403819,0.776498494633802
shd,official,observations:qrc4:zz,42,official,2f3f7210103a38681171de5d125053889446567f266cc811fbae317b289684cb,qrc,5716ca84321b84882a569ef3f79efc899ac8138152360c82dde106ca5be5c007,e49c5a0941cd1ab7563977d5a8b88824c14e29a3046bb69f7aec5d688361dfa9,57ac446f18096446209c84cbc598ea821d682a426b5e975abca3ebe6e75f8622,lsqr,0.1,held,eb61adcd6eadb518c4f65c0bb99027f363a45071089c4ba035537c915acf5670,1840,speaker-subset,unseen,0.657608695652174,0.6451922234605121,0.6929841103616414,0.6582533475530277
shd,official,observations:qrc4:zz,42,official,2f3f7210103a38681171de5d125053889446567f266cc811fbae317b289684cb,qrc,5716ca84321b84882a569ef3f79efc899ac8138152360c82dde106ca5be5c007,e49c5a0941cd1ab7563977d5a8b88824c14e29a3046bb69f7aec5d688361dfa9,57ac446f18096446209c84cbc598ea821d682a426b5e975abca3ebe6e75f8622,lsqr,0.1,held,eb61adcd6eadb518c4f65c0bb99027f363a45071089c4ba035537c915acf5670,2264,speaker-subset,whole,0.6797703180212014,0.6667351103543612,0.7044071490209641,0.6788312020273538
shd,official,practical:large-crc,42,official,098d568f097c2e272fff3931746706f9da1c1e7b66ecfb552a73104b5fb93fdd,crc,461a860e1fa254a8db588f76d5849cd38db711366f94ee6857a15c8922208c47,ae5bc743be4f044f2a359c50f1d803b3b1d5e1fe25bce151dc5ee9b5d8c26534,57ac446f18096446209c84cbc598ea821d682a426b5e975abca3ebe6e75f8622,lsqr,0.1,held,eb61adcd6eadb518c4f65c0bb99027f363a45071089c4ba035537c915acf5670,424,speaker-subset,seen,0.9811320754716981,0.978442264047288,0.9789340776182881,0.9800022451381146
shd,official,practical:large-crc,42,official,098d568f097c2e272fff3931746706f9da1c1e7b66ecfb552a73104b5fb93fdd,crc,461a860e1fa254a8db588f76d5849cd38db711366f94ee6857a15c8922208c47,ae5bc743be4f044f2a359c50f1d803b3b1d5e1fe25bce151dc5ee9b5d8c26534,57ac446f18096446209c84cbc598ea821d682a426b5e975abca3ebe6e75f8622,lsqr,0.1,held,eb61adcd6eadb518c4f65c0bb99027f363a45071089c4ba035537c915acf5670,1840,speaker-subset,unseen,0.8,0.796580921471005,0.8238002596364156,0.8052138879014101
shd,official,practical:large-crc,42,official,098d568f097c2e272fff3931746706f9da1c1e7b66ecfb552a73104b5fb93fdd,crc,461a860e1fa254a8db588f76d5849cd38db711366f94ee6857a15c8922208c47,ae5bc743be4f044f2a359c50f1d803b3b1d5e1fe25bce151dc5ee9b5d8c26534,57ac446f18096446209c84cbc598ea821d682a426b5e975abca3ebe6e75f8622,lsqr,0.1,held,eb61adcd6eadb518c4f65c0bb99027f363a45071089c4ba035537c915acf5670,2264,speaker-subset,whole,0.833922261484099,0.8303528306681134,0.8494956383919389,0.8359268050344651
shd,official,practical:lstm,42,official,bf5b09f783a7efe9b35957150d016aa1814423fd89439f553eb183e93e35ae9c,lstm,98e958e280cc87a92b2cd1772c3e433d8163d0396d18a1d5695da378bb6f465d,rich-input,57ac446f18096446209c84cbc598ea821d682a426b5e975abca3ebe6e75f8622,cholesky,,held,eb61adcd6eadb518c4f65c0bb99027f363a45071089c4ba035537c915acf5670,424,speaker-subset,seen,0.9268867924528302,0.9251983484167653,0.9293546571565315,0.9286424145985614
shd,official,practical:lstm,42,official,bf5b09f783a7efe9b35957150d016aa1814423fd89439f553eb183e93e35ae9c,lstm,98e958e280cc87a92b2cd1772c3e433d8163d0396d18a1d5695da378bb6f465d,rich-input,57ac446f18096446209c84cbc598ea821d682a426b5e975abca3ebe6e75f8622,cholesky,,held,eb61adcd6eadb518c4f65c0bb99027f363a45071089c4ba035537c915acf5670,1840,speaker-subset,unseen,0.8597826086956522,0.849451858018206,0.8742471585741697,0.8638108780661217
shd,official,practical:lstm,42,official,bf5b09f783a7efe9b35957150d016aa1814423fd89439f553eb183e93e35ae9c,lstm,98e958e280cc87a92b2cd1772c3e433d8163d0396d18a1d5695da378bb6f465d,rich-input,57ac446f18096446209c84cbc598ea821d682a426b5e975abca3ebe6e75f8622,cholesky,,held,eb61adcd6eadb518c4f65c0bb99027f363a45071089c4ba035537c915acf5670,2264,speaker-subset,whole,0.8723498233215548,0.8639042049852016,0.8845610958264561,0.8734052317045654
shd,official,practical:transformer,42,official,f730ad2438c8d3be23911d57181c773e6ade8cc3b84f23af1556e55d0ba91747,transformer,9e215d266049fcfcd0278a2f2b93ea8205bf791fc672a0a71f5e1e090671e60e,rich-input,57ac446f18096446209c84cbc598ea821d682a426b5e975abca3ebe6e75f8622,cholesky,,held,eb61adcd6eadb518c4f65c0bb99027f363a45071089c4ba035537c915acf5670,424,speaker-subset,seen,0.9740566037735849,0.9739782257619887,0.9737945418650089,0.9753845886885617
shd,official,practical:transformer,42,official,f730ad2438c8d3be23911d57181c773e6ade8cc3b84f23af1556e55d0ba91747,transformer,9e215d266049fcfcd0278a2f2b93ea8205bf791fc672a0a71f5e1e090671e60e,rich-input,57ac446f18096446209c84cbc598ea821d682a426b5e975abca3ebe6e75f8622,cholesky,,held,eb61adcd6eadb518c4f65c0bb99027f363a45071089c4ba035537c915acf5670,1840,speaker-subset,unseen,0.8222826086956522,0.8182809719967894,0.8360451586265183,0.824985187818462
shd,official,practical:transformer,42,official,f730ad2438c8d3be23911d57181c773e6ade8cc3b84f23af1556e55d0ba91747,transformer,9e215d266049fcfcd0278a2f2b93ea8205bf791fc672a0a71f5e1e090671e60e,rich-input,57ac446f18096446209c84cbc598ea821d682a426b5e975abca3ebe6e75f8622,cholesky,,held,eb61adcd6eadb518c4f65c0bb99027f363a45071089c4ba035537c915acf5670,2264,speaker-subset,whole,0.8507067137809188,0.8458369179871277,0.8586796706807508,0.8499807178016466
shd,official,recurrence:crc:all,42,official,c49fe318ec050177a647529a375837861997eae786229936dd349a94a058c979,crc,1a0bf4cd7a9a4ef864b71672e3878c0bbb1202d27b7b332511036a6f706abd1c,e49c5a0941cd1ab7563977d5a8b88824c14e29a3046bb69f7aec5d688361dfa9,57ac446f18096446209c84cbc598ea821d682a426b5e975abca3ebe6e75f8622,cholesky,0.001,held,eb61adcd6eadb518c4f65c0bb99027f363a45071089c4ba035537c915acf5670,424,speaker-subset,seen,0.8018867924528302,0.7807526591666432,0.7878118134327248,0.7950309624366971
shd,official,recurrence:crc:all,42,official,c49fe318ec050177a647529a375837861997eae786229936dd349a94a058c979,crc,1a0bf4cd7a9a4ef864b71672e3878c0bbb1202d27b7b332511036a6f706abd1c,e49c5a0941cd1ab7563977d5a8b88824c14e29a3046bb69f7aec5d688361dfa9,57ac446f18096446209c84cbc598ea821d682a426b5e975abca3ebe6e75f8622,cholesky,0.001,held,eb61adcd6eadb518c4f65c0bb99027f363a45071089c4ba035537c915acf5670,1840,speaker-subset,unseen,0.7472826086956522,0.7381440420362525,0.7684429799272124,0.7505332385353715
shd,official,recurrence:crc:all,42,official,c49fe318ec050177a647529a375837861997eae786229936dd349a94a058c979,crc,1a0bf4cd7a9a4ef864b71672e3878c0bbb1202d27b7b332511036a6f706abd1c,e49c5a0941cd1ab7563977d5a8b88824c14e29a3046bb69f7aec5d688361dfa9,57ac446f18096446209c84cbc598ea821d682a426b5e975abca3ebe6e75f8622,cholesky,0.001,held,eb61adcd6eadb518c4f65c0bb99027f363a45071089c4ba035537c915acf5670,2264,speaker-subset,whole,0.7575088339222615,0.7462108679838522,0.7671348768386721,0.7559016773823591
shd,official,recurrence:crc:partial,42,official,18d6a61477fa7d9701ec8d5d3129d84e78069cf07496339ef9e731b8476e116c,crc,ecbd2365e6af46a84ae388b99104d9f2a19be8f8c516eb605308966253d79760,e49c5a0941cd1ab7563977d5a8b88824c14e29a3046bb69f7aec5d688361dfa9,57ac446f18096446209c84cbc598ea821d682a426b5e975abca3ebe6e75f8622,cholesky,0.001,held,eb61adcd6eadb518c4f65c0bb99027f363a45071089c4ba035537c915acf5670,424,speaker-subset,seen,0.8608490566037735,0.8489429218034061,0.8574411731722608,0.8540686782469017
shd,official,recurrence:crc:partial,42,official,18d6a61477fa7d9701ec8d5d3129d84e78069cf07496339ef9e731b8476e116c,crc,ecbd2365e6af46a84ae388b99104d9f2a19be8f8c516eb605308966253d79760,e49c5a0941cd1ab7563977d5a8b88824c14e29a3046bb69f7aec5d688361dfa9,57ac446f18096446209c84cbc598ea821d682a426b5e975abca3ebe6e75f8622,cholesky,0.001,held,eb61adcd6eadb518c4f65c0bb99027f363a45071089c4ba035537c915acf5670,1840,speaker-subset,unseen,0.7445652173913043,0.7334548562919394,0.7573762860879082,0.7469486906031519
shd,official,recurrence:crc:partial,42,official,18d6a61477fa7d9701ec8d5d3129d84e78069cf07496339ef9e731b8476e116c,crc,ecbd2365e6af46a84ae388b99104d9f2a19be8f8c516eb605308966253d79760,e49c5a0941cd1ab7563977d5a8b88824c14e29a3046bb69f7aec5d688361dfa9,57ac446f18096446209c84cbc598ea821d682a426b5e975abca3ebe6e75f8622,cholesky,0.001,held,eb61adcd6eadb518c4f65c0bb99027f363a45071089c4ba035537c915acf5670,2264,speaker-subset,whole,0.7663427561837456,0.7546221600694525,0.7737930324186661,0.7648400132680878
shd,official,recurrence:qrc:all,42,official,cab8367f318033458aca4df629d491b9d0286e7893762319c6e7bfdff4fde7eb,qrc,a7e63b622e4ebaffddb8e7d8e3b12e5d240179f78a7e6f8d74f41a9ebab87ab0,e49c5a0941cd1ab7563977d5a8b88824c14e29a3046bb69f7aec5d688361dfa9,57ac446f18096446209c84cbc598ea821d682a426b5e975abca3ebe6e75f8622,cholesky,0.1,held,eb61adcd6eadb518c4f65c0bb99027f363a45071089c4ba035537c915acf5670,424,speaker-subset,seen,0.7948113207547169,0.7797248351337301,0.7920525361549978,0.7908863839322986
shd,official,recurrence:qrc:all,42,official,cab8367f318033458aca4df629d491b9d0286e7893762319c6e7bfdff4fde7eb,qrc,a7e63b622e4ebaffddb8e7d8e3b12e5d240179f78a7e6f8d74f41a9ebab87ab0,e49c5a0941cd1ab7563977d5a8b88824c14e29a3046bb69f7aec5d688361dfa9,57ac446f18096446209c84cbc598ea821d682a426b5e975abca3ebe6e75f8622,cholesky,0.1,held,eb61adcd6eadb518c4f65c0bb99027f363a45071089c4ba035537c915acf5670,1840,speaker-subset,unseen,0.6934782608695652,0.687307435964618,0.7263670736462,0.6958288896788718
shd,official,recurrence:qrc:all,42,official,cab8367f318033458aca4df629d491b9d0286e7893762319c6e7bfdff4fde7eb,qrc,a7e63b622e4ebaffddb8e7d8e3b12e5d240179f78a7e6f8d74f41a9ebab87ab0,e49c5a0941cd1ab7563977d5a8b88824c14e29a3046bb69f7aec5d688361dfa9,57ac446f18096446209c84cbc598ea821d682a426b5e975abca3ebe6e75f8622,cholesky,0.1,held,eb61adcd6eadb518c4f65c0bb99027f363a45071089c4ba035537c915acf5670,2264,speaker-subset,whole,0.7124558303886925,0.7044754346755239,0.7334920444843495,0.7115445246938651
shd,official,recurrence:qrc:partial,42,official,b53f219f042c0596ad6e1ded27d47be7911b7621599445a2f86e94bbccb9d497,qrc,fff199542d25c67631273604f5cc5507aefeee30b56904171e997dad8ad0608d,e49c5a0941cd1ab7563977d5a8b88824c14e29a3046bb69f7aec5d688361dfa9,57ac446f18096446209c84cbc598ea821d682a426b5e975abca3ebe6e75f8622,cholesky,0.1,held,eb61adcd6eadb518c4f65c0bb99027f363a45071089c4ba035537c915acf5670,424,speaker-subset,seen,0.8160377358490566,0.7984220212319456,0.8098490376607383,0.809264981880799
shd,official,recurrence:qrc:partial,42,official,b53f219f042c0596ad6e1ded27d47be7911b7621599445a2f86e94bbccb9d497,qrc,fff199542d25c67631273604f5cc5507aefeee30b56904171e997dad8ad0608d,e49c5a0941cd1ab7563977d5a8b88824c14e29a3046bb69f7aec5d688361dfa9,57ac446f18096446209c84cbc598ea821d682a426b5e975abca3ebe6e75f8622,cholesky,0.1,held,eb61adcd6eadb518c4f65c0bb99027f363a45071089c4ba035537c915acf5670,1840,speaker-subset,unseen,0.7108695652173913,0.7074712526713202,0.7480001504756905,0.7129162223012206
shd,official,recurrence:qrc:partial,42,official,b53f219f042c0596ad6e1ded27d47be7911b7621599445a2f86e94bbccb9d497,qrc,fff199542d25c67631273604f5cc5507aefeee30b56904171e997dad8ad0608d,e49c5a0941cd1ab7563977d5a8b88824c14e29a3046bb69f7aec5d688361dfa9,57ac446f18096446209c84cbc598ea821d682a426b5e975abca3ebe6e75f8622,cholesky,0.1,held,eb61adcd6eadb518c4f65c0bb99027f363a45071089c4ba035537c915acf5670,2264,speaker-subset,whole,0.730565371024735,0.7240836583742334,0.7530631949167288,0.72967604466138
shd,official,comparison:fixed12:q4-i2-crc,44,official,e1ef57a0d034ee8456842647dfc5fd4611cc13074e979c96bcdb6b0be7db81a0,crc,a560d44db0c661629b7c48b459042ae78e5779ad39545d336ff210f7a613ccdc,55cd3e5a9b52d613b3f33169af6b9a8086a62d15238441e5d3e96dc6e3227aa8,57ac446f18096446209c84cbc598ea821d682a426b5e975abca3ebe6e75f8622,cholesky,0.1,held,eb61adcd6eadb518c4f65c0bb99027f363a45071089c4ba035537c915acf5670,424,speaker-subset,seen,0.6650943396226415,0.6201185475532315,0.6600916930574884,0.6510104152191858
shd,official,comparison:fixed12:q4-i2-crc,44,official,e1ef57a0d034ee8456842647dfc5fd4611cc13074e979c96bcdb6b0be7db81a0,crc,a560d44db0c661629b7c48b459042ae78e5779ad39545d336ff210f7a613ccdc,55cd3e5a9b52d613b3f33169af6b9a8086a62d15238441e5d3e96dc6e3227aa8,57ac446f18096446209c84cbc598ea821d682a426b5e975abca3ebe6e75f8622,cholesky,0.1,held,eb61adcd6eadb518c4f65c0bb99027f363a45071089c4ba035537c915acf5670,1840,speaker-subset,unseen,0.5396739130434782,0.5207696258551031,0.5535037171828794,0.5431389975115535
shd,official,comparison:fixed12:q4-i2-crc,44,official,e1ef57a0d034ee8456842647dfc5fd4611cc13074e979c96bcdb6b0be7db81a0,crc,a560d44db0c661629b7c48b459042ae78e5779ad39545d336ff210f7a613ccdc,55cd3e5a9b52d613b3f33169af6b9a8086a62d15238441e5d3e96dc6e3227aa8,57ac446f18096446209c84cbc598ea821d682a426b5e975abca3ebe6e75f8622,cholesky,0.1,held,eb61adcd6eadb518c4f65c0bb99027f363a45071089c4ba035537c915acf5670,2264,speaker-subset,whole,0.5631625441696113,0.5396877391364565,0.5607832295886455,0.5642331346042375
shd,official,comparison:fixed12:q4-i2-qrc,44,official,55e4a37bc4a0e5b13f78125749f642e09718d5669df4e5bc33a35eafbcedb0bd,qrc,ff712c459052c1382a0d0a1f6b2d25f1046b3ebf200dd378a0d24cde56f59161,55cd3e5a9b52d613b3f33169af6b9a8086a62d15238441e5d3e96dc6e3227aa8,57ac446f18096446209c84cbc598ea821d682a426b5e975abca3ebe6e75f8622,cholesky,0.1,held,eb61adcd6eadb518c4f65c0bb99027f363a45071089c4ba035537c915acf5670,424,speaker-subset,seen,0.6438679245283019,0.6043344121280483,0.621622177020195,0.6402113823693659
shd,official,comparison:fixed12:q4-i2-qrc,44,official,55e4a37bc4a0e5b13f78125749f642e09718d5669df4e5bc33a35eafbcedb0bd,qrc,ff712c459052c1382a0d0a1f6b2d25f1046b3ebf200dd378a0d24cde56f59161,55cd3e5a9b52d613b3f33169af6b9a8086a62d15238441e5d3e96dc6e3227aa8,57ac446f18096446209c84cbc598ea821d682a426b5e975abca3ebe6e75f8622,cholesky,0.1,held,eb61adcd6eadb518c4f65c0bb99027f363a45071089c4ba035537c915acf5670,1840,speaker-subset,unseen,0.5869565217391305,0.5652750695544069,0.6307813754615449,0.5894655764901053
shd,official,comparison:fixed12:q4-i2-qrc,44,official,55e4a37bc4a0e5b13f78125749f642e09718d5669df4e5bc33a35eafbcedb0bd,qrc,ff712c459052c1382a0d0a1f6b2d25f1046b3ebf200dd378a0d24cde56f59161,55cd3e5a9b52d613b3f33169af6b9a8086a62d15238441e5d3e96dc6e3227aa8,57ac446f18096446209c84cbc598ea821d682a426b5e975abca3ebe6e75f8622,cholesky,0.1,held,eb61adcd6eadb518c4f65c0bb99027f363a45071089c4ba035537c915acf5670,2264,speaker-subset,whole,0.5976148409893993,0.57246400124475,0.6260587569175189,0.5985111101729179
shd,official,comparison:fixed12:q6-i2-crc,44,official,e1ef57a0d034ee8456842647dfc5fd4611cc13074e979c96bcdb6b0be7db81a0,crc,a560d44db0c661629b7c48b459042ae78e5779ad39545d336ff210f7a613ccdc,55cd3e5a9b52d613b3f33169af6b9a8086a62d15238441e5d3e96dc6e3227aa8,57ac446f18096446209c84cbc598ea821d682a426b5e975abca3ebe6e75f8622,cholesky,0.1,held,eb61adcd6eadb518c4f65c0bb99027f363a45071089c4ba035537c915acf5670,424,speaker-subset,seen,0.6650943396226415,0.6201185475532315,0.6600916930574884,0.6510104152191858
shd,official,comparison:fixed12:q6-i2-crc,44,official,e1ef57a0d034ee8456842647dfc5fd4611cc13074e979c96bcdb6b0be7db81a0,crc,a560d44db0c661629b7c48b459042ae78e5779ad39545d336ff210f7a613ccdc,55cd3e5a9b52d613b3f33169af6b9a8086a62d15238441e5d3e96dc6e3227aa8,57ac446f18096446209c84cbc598ea821d682a426b5e975abca3ebe6e75f8622,cholesky,0.1,held,eb61adcd6eadb518c4f65c0bb99027f363a45071089c4ba035537c915acf5670,1840,speaker-subset,unseen,0.5396739130434782,0.5207696258551031,0.5535037171828794,0.5431389975115535
shd,official,comparison:fixed12:q6-i2-crc,44,official,e1ef57a0d034ee8456842647dfc5fd4611cc13074e979c96bcdb6b0be7db81a0,crc,a560d44db0c661629b7c48b459042ae78e5779ad39545d336ff210f7a613ccdc,55cd3e5a9b52d613b3f33169af6b9a8086a62d15238441e5d3e96dc6e3227aa8,57ac446f18096446209c84cbc598ea821d682a426b5e975abca3ebe6e75f8622,cholesky,0.1,held,eb61adcd6eadb518c4f65c0bb99027f363a45071089c4ba035537c915acf5670,2264,speaker-subset,whole,0.5631625441696113,0.5396877391364565,0.5607832295886455,0.5642331346042375
shd,official,comparison:fixed12:q6-i2-qrc,44,official,39eaa30489d4e725da580e31d9c85bd24a9788601f4cb85dc21d208c4cc916ad,qrc,531da4a6fd3c38014ce8245c8ffe560f50274ecd8bd2457a4520625efe475c1d,55cd3e5a9b52d613b3f33169af6b9a8086a62d15238441e5d3e96dc6e3227aa8,57ac446f18096446209c84cbc598ea821d682a426b5e975abca3ebe6e75f8622,cholesky,0.1,held,eb61adcd6eadb518c4f65c0bb99027f363a45071089c4ba035537c915acf5670,424,speaker-subset,seen,0.6863207547169812,0.6592262129554155,0.6774702689986571,0.6795162019597926
shd,official,comparison:fixed12:q6-i2-qrc,44,official,39eaa30489d4e725da580e31d9c85bd24a9788601f4cb85dc21d208c4cc916ad,qrc,531da4a6fd3c38014ce8245c8ffe560f50274ecd8bd2457a4520625efe475c1d,55cd3e5a9b52d613b3f33169af6b9a8086a62d15238441e5d3e96dc6e3227aa8,57ac446f18096446209c84cbc598ea821d682a426b5e975abca3ebe6e75f8622,cholesky,0.1,held,eb61adcd6eadb518c4f65c0bb99027f363a45071089c4ba035537c915acf5670,1840,speaker-subset,unseen,0.6206521739130435,0.5961630442184441,0.6475708816548146,0.623498044792037
shd,official,comparison:fixed12:q6-i2-qrc,44,official,39eaa30489d4e725da580e31d9c85bd24a9788601f4cb85dc21d208c4cc916ad,qrc,531da4a6fd3c38014ce8245c8ffe560f50274ecd8bd2457a4520625efe475c1d,55cd3e5a9b52d613b3f33169af6b9a8086a62d15238441e5d3e96dc6e3227aa8,57ac446f18096446209c84cbc598ea821d682a426b5e975abca3ebe6e75f8622,cholesky,0.1,held,eb61adcd6eadb518c4f65c0bb99027f363a45071089c4ba035537c915acf5670,2264,speaker-subset,whole,0.6329505300353356,0.6076719090612784,0.6476105648806532,0.6333172083437351
shd,official,comparison:fixed12:q6-i4-crc,44,official,8b55c4405506bc881a2bad09cc92b1f3563c497ff513f3388fd7289d761e1d0d,crc,173de31e1b090ef916b170f092f265a3852fd919819b6a69d82ae5cbf8043bfc,e49c5a0941cd1ab7563977d5a8b88824c14e29a3046bb69f7aec5d688361dfa9,57ac446f18096446209c84cbc598ea821d682a426b5e975abca3ebe6e75f8622,cholesky,0.1,held,eb61adcd6eadb518c4f65c0bb99027f363a45071089c4ba035537c915acf5670,424,speaker-subset,seen,0.7665094339622641,0.7510558543401538,0.7642402816394605,0.7632329121472675
shd,official,comparison:fixed12:q6-i4-crc,44,official,8b55c4405506bc881a2bad09cc92b1f3563c497ff513f3388fd7289d761e1d0d,crc,173de31e1b090ef916b170f092f265a3852fd919819b6a69d82ae5cbf8043bfc,e49c5a0941cd1ab7563977d5a8b88824c14e29a3046bb69f7aec5d688361dfa9,57ac446f18096446209c84cbc598ea821d682a426b5e975abca3ebe6e75f8622,cholesky,0.1,held,eb61adcd6eadb518c4f65c0bb99027f363a45071089c4ba035537c915acf5670,1840,speaker-subset,unseen,0.6396739130434783,0.6136200623540129,0.6495870008165362,0.6442054745822965
shd,official,comparison:fixed12:q6-i4-crc,44,official,8b55c4405506bc881a2bad09cc92b1f3563c497ff513f3388fd7289d761e1d0d,crc,173de31e1b090ef916b170f092f265a3852fd919819b6a69d82ae5cbf8043bfc,e49c5a0941cd1ab7563977d5a8b88824c14e29a3046bb69f7aec5d688361dfa9,57ac446f18096446209c84cbc598ea821d682a426b5e975abca3ebe6e75f8622,cholesky,0.1,held,eb61adcd6eadb518c4f65c0bb99027f363a45071089c4ba035537c915acf5670,2264,speaker-subset,whole,0.6634275618374559,0.6398163009537898,0.6717460899688471,0.6644859113020848
shd,official,comparison:fixed12:q6-i4-qrc,44,official,4be9869701b60845f11bd96cd9f4523c00c48b03759262c436b9e31581426c1c,qrc,f8463d3d8cd98b18c8b9d4272f873d84d6126507c37aad82beebdf96e860a7e7,e49c5a0941cd1ab7563977d5a8b88824c14e29a3046bb69f7aec5d688361dfa9,57ac446f18096446209c84cbc598ea821d682a426b5e975abca3ebe6e75f8622,cholesky,0.1,held,eb61adcd6eadb518c4f65c0bb99027f363a45071089c4ba035537c915acf5670,424,speaker-subset,seen,0.7264150943396226,0.7057627026500748,0.7229868438024111,0.7213946809201681
shd,official,comparison:fixed12:q6-i4-qrc,44,official,4be9869701b60845f11bd96cd9f4523c00c48b03759262c436b9e31581426c1c,qrc,f8463d3d8cd98b18c8b9d4272f873d84d6126507c37aad82beebdf96e860a7e7,e49c5a0941cd1ab7563977d5a8b88824c14e29a3046bb69f7aec5d688361dfa9,57ac446f18096446209c84cbc598ea821d682a426b5e975abca3ebe6e75f8622,cholesky,0.1,held,eb61adcd6eadb518c4f65c0bb99027f363a45071089c4ba035537c915acf5670,1840,speaker-subset,unseen,0.6396739130434783,0.6285732202162978,0.6645991660541604,0.6411837895485246
shd,official,comparison:fixed12:q6-i4-qrc,44,official,4be9869701b60845f11bd96cd9f4523c00c48b03759262c436b9e31581426c1c,qrc,f8463d3d8cd98b18c8b9d4272f873d84d6126507c37aad82beebdf96e860a7e7,e49c5a0941cd1ab7563977d5a8b88824c14e29a3046bb69f7aec5d688361dfa9,57ac446f18096446209c84cbc598ea821d682a426b5e975abca3ebe6e75f8622,cholesky,0.1,held,eb61adcd6eadb518c4f65c0bb99027f363a45071089c4ba035537c915acf5670,2264,speaker-subset,whole,0.6559187279151943,0.6415712118668736,0.6701733538103182,0.6537028086565246
shd,official,comparison:fixed12:q8-i2-crc,44,official,e1ef57a0d034ee8456842647dfc5fd4611cc13074e979c96bcdb6b0be7db81a0,crc,a560d44db0c661629b7c48b459042ae78e5779ad39545d336ff210f7a613ccdc,55cd3e5a9b52d613b3f33169af6b9a8086a62d15238441e5d3e96dc6e3227aa8,57ac446f18096446209c84cbc598ea821d682a426b5e975abca3ebe6e75f8622,cholesky,0.1,held,eb61adcd6eadb518c4f65c0bb99027f363a45071089c4ba035537c915acf5670,424,speaker-subset,seen,0.6650943396226415,0.6201185475532315,0.6600916930574884,0.6510104152191858
shd,official,comparison:fixed12:q8-i2-crc,44,official,e1ef57a0d034ee8456842647dfc5fd4611cc13074e979c96bcdb6b0be7db81a0,crc,a560d44db0c661629b7c48b459042ae78e5779ad39545d336ff210f7a613ccdc,55cd3e5a9b52d613b3f33169af6b9a8086a62d15238441e5d3e96dc6e3227aa8,57ac446f18096446209c84cbc598ea821d682a426b5e975abca3ebe6e75f8622,cholesky,0.1,held,eb61adcd6eadb518c4f65c0bb99027f363a45071089c4ba035537c915acf5670,1840,speaker-subset,unseen,0.5396739130434782,0.5207696258551031,0.5535037171828794,0.5431389975115535
shd,official,comparison:fixed12:q8-i2-crc,44,official,e1ef57a0d034ee8456842647dfc5fd4611cc13074e979c96bcdb6b0be7db81a0,crc,a560d44db0c661629b7c48b459042ae78e5779ad39545d336ff210f7a613ccdc,55cd3e5a9b52d613b3f33169af6b9a8086a62d15238441e5d3e96dc6e3227aa8,57ac446f18096446209c84cbc598ea821d682a426b5e975abca3ebe6e75f8622,cholesky,0.1,held,eb61adcd6eadb518c4f65c0bb99027f363a45071089c4ba035537c915acf5670,2264,speaker-subset,whole,0.5631625441696113,0.5396877391364565,0.5607832295886455,0.5642331346042375
shd,official,comparison:fixed12:q8-i2-qrc,44,official,45b2568122c77c7bee9764ba82042f9aeb6ba5a6bce5bae331c361b5a7634f0c,qrc,f7875b9f783eba1eecf8ffbaec25d05a60e53054f967de4fd3fa2f60531a5432,55cd3e5a9b52d613b3f33169af6b9a8086a62d15238441e5d3e96dc6e3227aa8,57ac446f18096446209c84cbc598ea821d682a426b5e975abca3ebe6e75f8622,cholesky,0.1,held,eb61adcd6eadb518c4f65c0bb99027f363a45071089c4ba035537c915acf5670,424,speaker-subset,seen,0.6698113207547169,0.6430858064715053,0.6643683143111984,0.6639960970646878
shd,official,comparison:fixed12:q8-i2-qrc,44,official,45b2568122c77c7bee9764ba82042f9aeb6ba5a6bce5bae331c361b5a7634f0c,qrc,f7875b9f783eba1eecf8ffbaec25d05a60e53054f967de4fd3fa2f60531a5432,55cd3e5a9b52d613b3f33169af6b9a8086a62d15238441e5d3e96dc6e3227aa8,57ac446f18096446209c84cbc598ea821d682a426b5e975abca3ebe6e75f8622,cholesky,0.1,held,eb61adcd6eadb518c4f65c0bb99027f363a45071089c4ba035537c915acf5670,1840,speaker-subset,unseen,0.6179347826086956,0.5908380942650191,0.634003060243679,0.6202097404905794
shd,official,comparison:fixed12:q8-i2-qrc,44,official,45b2568122c77c7bee9764ba82042f9aeb6ba5a6bce5bae331c361b5a7634f0c,qrc,f7875b9f783eba1eecf8ffbaec25d05a60e53054f967de4fd3fa2f60531a5432,55cd3e5a9b52d613b3f33169af6b9a8086a62d15238441e5d3e96dc6e3227aa8,57ac446f18096446209c84cbc598ea821d682a426b5e975abca3ebe6e75f8622,cholesky,0.1,held,eb61adcd6eadb518c4f65c0bb99027f363a45071089c4ba035537c915acf5670,2264,speaker-subset,whole,0.6276501766784452,0.6003369929215647,0.6353685329153996,0.6274481897721402
shd,official,comparison:fixed12:q8-i4-crc,44,official,8b55c4405506bc881a2bad09cc92b1f3563c497ff513f3388fd7289d761e1d0d,crc,173de31e1b090ef916b170f092f265a3852fd919819b6a69d82ae5cbf8043bfc,e49c5a0941cd1ab7563977d5a8b88824c14e29a3046bb69f7aec5d688361dfa9,57ac446f18096446209c84cbc598ea821d682a426b5e975abca3ebe6e75f8622,cholesky,0.1,held,eb61adcd6eadb518c4f65c0bb99027f363a45071089c4ba035537c915acf5670,424,speaker-subset,seen,0.7665094339622641,0.7510558543401538,0.7642402816394605,0.7632329121472675
shd,official,comparison:fixed12:q8-i4-crc,44,official,8b55c4405506bc881a2bad09cc92b1f3563c497ff513f3388fd7289d761e1d0d,crc,173de31e1b090ef916b170f092f265a3852fd919819b6a69d82ae5cbf8043bfc,e49c5a0941cd1ab7563977d5a8b88824c14e29a3046bb69f7aec5d688361dfa9,57ac446f18096446209c84cbc598ea821d682a426b5e975abca3ebe6e75f8622,cholesky,0.1,held,eb61adcd6eadb518c4f65c0bb99027f363a45071089c4ba035537c915acf5670,1840,speaker-subset,unseen,0.6396739130434783,0.6136200623540129,0.6495870008165362,0.6442054745822965
shd,official,comparison:fixed12:q8-i4-crc,44,official,8b55c4405506bc881a2bad09cc92b1f3563c497ff513f3388fd7289d761e1d0d,crc,173de31e1b090ef916b170f092f265a3852fd919819b6a69d82ae5cbf8043bfc,e49c5a0941cd1ab7563977d5a8b88824c14e29a3046bb69f7aec5d688361dfa9,57ac446f18096446209c84cbc598ea821d682a426b5e975abca3ebe6e75f8622,cholesky,0.1,held,eb61adcd6eadb518c4f65c0bb99027f363a45071089c4ba035537c915acf5670,2264,speaker-subset,whole,0.6634275618374559,0.6398163009537898,0.6717460899688471,0.6644859113020848
shd,official,comparison:fixed12:q8-i4-qrc,44,official,3a1b12a50a6e3d5f4202eea80f4da03cd8a223b9d832097a952f0585206b3cf5,qrc,f1eefd90f6f9f413b0acee8d26e1bd7019d63a89994c73735288f6530cbafba8,e49c5a0941cd1ab7563977d5a8b88824c14e29a3046bb69f7aec5d688361dfa9,57ac446f18096446209c84cbc598ea821d682a426b5e975abca3ebe6e75f8622,cholesky,0.1,held,eb61adcd6eadb518c4f65c0bb99027f363a45071089c4ba035537c915acf5670,424,speaker-subset,seen,0.7122641509433962,0.6869217457886868,0.7013922440281136,0.7041585013908852
shd,official,comparison:fixed12:q8-i4-qrc,44,official,3a1b12a50a6e3d5f4202eea80f4da03cd8a223b9d832097a952f0585206b3cf5,qrc,f1eefd90f6f9f413b0acee8d26e1bd7019d63a89994c73735288f6530cbafba8,e49c5a0941cd1ab7563977d5a8b88824c14e29a3046bb69f7aec5d688361dfa9,57ac446f18096446209c84cbc598ea821d682a426b5e975abca3ebe6e75f8622,cholesky,0.1,held,eb61adcd6eadb518c4f65c0bb99027f363a45071089c4ba035537c915acf5670,1840,speaker-subset,unseen,0.6413043478260869,0.6234172265099255,0.6547771037748082,0.6434411660149306
shd,official,comparison:fixed12:q8-i4-qrc,44,official,3a1b12a50a6e3d5f4202eea80f4da03cd8a223b9d832097a952f0585206b3cf5,qrc,f1eefd90f6f9f413b0acee8d26e1bd7019d63a89994c73735288f6530cbafba8,e49c5a0941cd1ab7563977d5a8b88824c14e29a3046bb69f7aec5d688361dfa9,57ac446f18096446209c84cbc598ea821d682a426b5e975abca3ebe6e75f8622,cholesky,0.1,held,eb61adcd6eadb518c4f65c0bb99027f363a45071089c4ba035537c915acf5670,2264,speaker-subset,whole,0.6545936395759717,0.6345235927461987,0.6593585643883721,0.653126421373658
shd,official,comparison:fixed12:q8-i6-crc,44,official,03d7e0196801b53203583dca70e052c1e92babda4fa7c2eaaca698c0db6bc1de,crc,1ff3257e5283f0741d8c8c12ce622e5b870061e3cae2f0151fe244413855d2a0,955b1fde3ee935633e41f181c46f829a39569a9aea30fac0703af5835a1657fb,57ac446f18096446209c84cbc598ea821d682a426b5e975abca3ebe6e75f8622,cholesky,0.01,held,eb61adcd6eadb518c4f65c0bb99027f363a45071089c4ba035537c915acf5670,424,speaker-subset,seen,0.8231132075471698,0.8121965646782648,0.8263267895668791,0.8199856473417192
shd,official,comparison:fixed12:q8-i6-crc,44,official,03d7e0196801b53203583dca70e052c1e92babda4fa7c2eaaca698c0db6bc1de,crc,1ff3257e5283f0741d8c8c12ce622e5b870061e3cae2f0151fe244413855d2a0,955b1fde3ee935633e41f181c46f829a39569a9aea30fac0703af5835a1657fb,57ac446f18096446209c84cbc598ea821d682a426b5e975abca3ebe6e75f8622,cholesky,0.01,held,eb61adcd6eadb518c4f65c0bb99027f363a45071089c4ba035537c915acf5670,1840,speaker-subset,unseen,0.6983695652173914,0.6901416955439331,0.7413579872327513,0.7036674961488327
shd,official,comparison:fixed12:q8-i6-crc,44,official,03d7e0196801b53203583dca70e052c1e92babda4fa7c2eaaca698c0db6bc1de,crc,1ff3257e5283f0741d8c8c12ce622e5b870061e3cae2f0151fe244413855d2a0,955b1fde3ee935633e41f181c46f829a39569a9aea30fac0703af5835a1657fb,57ac446f18096446209c84cbc598ea821d682a426b5e975abca3ebe6e75f8622,cholesky,0.01,held,eb61adcd6eadb518c4f65c0bb99027f363a45071089c4ba035537c915acf5670,2264,speaker-subset,whole,0.7217314487632509,0.7125615637725512,0.7519324414872076,0.7235933982423526
shd,official,comparison:fixed12:q8-i6-qrc,44,official,61637473b66bdfa39e04aba5b69db2753c5418faf8748f83ed690ef7acf8bdc4,qrc,b7261d306e0b994ea315b52d6135211bdd813ad7bcd9c7022e200c07296639b7,955b1fde3ee935633e41f181c46f829a39569a9aea30fac0703af5835a1657fb,57ac446f18096446209c84cbc598ea821d682a426b5e975abca3ebe6e75f8622,cholesky,0.1,held,eb61adcd6eadb518c4f65c0bb99027f363a45071089c4ba035537c915acf5670,424,speaker-subset,seen,0.6485849056603774,0.6224276101321636,0.6485787208365918,0.6369330595136441
shd,official,comparison:fixed12:q8-i6-qrc,44,official,61637473b66bdfa39e04aba5b69db2753c5418faf8748f83ed690ef7acf8bdc4,qrc,b7261d306e0b994ea315b52d6135211bdd813ad7bcd9c7022e200c07296639b7,955b1fde3ee935633e41f181c46f829a39569a9aea30fac0703af5835a1657fb,57ac446f18096446209c84cbc598ea821d682a426b5e975abca3ebe6e75f8622,cholesky,0.1,held,eb61adcd6eadb518c4f65c0bb99027f363a45071089c4ba035537c915acf5670,1840,speaker-subset,unseen,0.5347826086956522,0.5167604983716096,0.5649818965435068,0.5369593553738594
shd,official,comparison:fixed12:q8-i6-qrc,44,official,61637473b66bdfa39e04aba5b69db2753c5418faf8748f83ed690ef7acf8bdc4,qrc,b7261d306e0b994ea315b52d6135211bdd813ad7bcd9c7022e200c07296639b7,955b1fde3ee935633e41f181c46f829a39569a9aea30fac0703af5835a1657fb,57ac446f18096446209c84cbc598ea821d682a426b5e975abca3ebe6e75f8622,cholesky,0.1,held,eb61adcd6eadb518c4f65c0bb99027f363a45071089c4ba035537c915acf5670,2264,speaker-subset,whole,0.556095406360424,0.5356169542555859,0.5722387952163647,0.5561875148073689
shd,official,comparison:fixed:q4-i2-crc,44,official,e1ef57a0d034ee8456842647dfc5fd4611cc13074e979c96bcdb6b0be7db81a0,crc,a560d44db0c661629b7c48b459042ae78e5779ad39545d336ff210f7a613ccdc,55cd3e5a9b52d613b3f33169af6b9a8086a62d15238441e5d3e96dc6e3227aa8,57ac446f18096446209c84cbc598ea821d682a426b5e975abca3ebe6e75f8622,cholesky,0.1,held,eb61adcd6eadb518c4f65c0bb99027f363a45071089c4ba035537c915acf5670,424,speaker-subset,seen,0.6650943396226415,0.6201185475532315,0.6600916930574884,0.6510104152191858
shd,official,comparison:fixed:q4-i2-crc,44,official,e1ef57a0d034ee8456842647dfc5fd4611cc13074e979c96bcdb6b0be7db81a0,crc,a560d44db0c661629b7c48b459042ae78e5779ad39545d336ff210f7a613ccdc,55cd3e5a9b52d613b3f33169af6b9a8086a62d15238441e5d3e96dc6e3227aa8,57ac446f18096446209c84cbc598ea821d682a426b5e975abca3ebe6e75f8622,cholesky,0.1,held,eb61adcd6eadb518c4f65c0bb99027f363a45071089c4ba035537c915acf5670,1840,speaker-subset,unseen,0.5396739130434782,0.5207696258551031,0.5535037171828794,0.5431389975115535
shd,official,comparison:fixed:q4-i2-crc,44,official,e1ef57a0d034ee8456842647dfc5fd4611cc13074e979c96bcdb6b0be7db81a0,crc,a560d44db0c661629b7c48b459042ae78e5779ad39545d336ff210f7a613ccdc,55cd3e5a9b52d613b3f33169af6b9a8086a62d15238441e5d3e96dc6e3227aa8,57ac446f18096446209c84cbc598ea821d682a426b5e975abca3ebe6e75f8622,cholesky,0.1,held,eb61adcd6eadb518c4f65c0bb99027f363a45071089c4ba035537c915acf5670,2264,speaker-subset,whole,0.5631625441696113,0.5396877391364565,0.5607832295886455,0.5642331346042375
shd,official,comparison:fixed:q4-i2-qrc,44,official,c2e4c5b02d7109424baf51b8e65d6cdcb970e110d6e59eec3347466ffd8228b6,qrc,7e32b07941ce73c4c3f6a055f9ba78ebf6f5994925ad14dc6005d3f55094565c,55cd3e5a9b52d613b3f33169af6b9a8086a62d15238441e5d3e96dc6e3227aa8,57ac446f18096446209c84cbc598ea821d682a426b5e975abca3ebe6e75f8622,cholesky,0.1,held,eb61adcd6eadb518c4f65c0bb99027f363a45071089c4ba035537c915acf5670,424,speaker-subset,seen,0.6438679245283019,0.6043344121280483,0.621622177020195,0.6402113823693659
shd,official,comparison:fixed:q4-i2-qrc,44,official,c2e4c5b02d7109424baf51b8e65d6cdcb970e110d6e59eec3347466ffd8228b6,qrc,7e32b07941ce73c4c3f6a055f9ba78ebf6f5994925ad14dc6005d3f55094565c,55cd3e5a9b52d613b3f33169af6b9a8086a62d15238441e5d3e96dc6e3227aa8,57ac446f18096446209c84cbc598ea821d682a426b5e975abca3ebe6e75f8622,cholesky,0.1,held,eb61adcd6eadb518c4f65c0bb99027f363a45071089c4ba035537c915acf5670,1840,speaker-subset,unseen,0.5869565217391305,0.5652750695544069,0.6307813754615449,0.5894655764901053
shd,official,comparison:fixed:q4-i2-qrc,44,official,c2e4c5b02d7109424baf51b8e65d6cdcb970e110d6e59eec3347466ffd8228b6,qrc,7e32b07941ce73c4c3f6a055f9ba78ebf6f5994925ad14dc6005d3f55094565c,55cd3e5a9b52d613b3f33169af6b9a8086a62d15238441e5d3e96dc6e3227aa8,57ac446f18096446209c84cbc598ea821d682a426b5e975abca3ebe6e75f8622,cholesky,0.1,held,eb61adcd6eadb518c4f65c0bb99027f363a45071089c4ba035537c915acf5670,2264,speaker-subset,whole,0.5976148409893993,0.57246400124475,0.6260587569175189,0.5985111101729179
shd,official,comparison:fixed:q6-i2-crc,44,official,1824bbb7cdb251cbeae34ea1c0e3712c3dd0d7a5c191fb4488a940b52f983512,crc,04d74cea161f3282649ee72d6d935d5f4df904fe29fa64d549c8a7e4c957d763,55cd3e5a9b52d613b3f33169af6b9a8086a62d15238441e5d3e96dc6e3227aa8,57ac446f18096446209c84cbc598ea821d682a426b5e975abca3ebe6e75f8622,cholesky,0.01,held,eb61adcd6eadb518c4f65c0bb99027f363a45071089c4ba035537c915acf5670,424,speaker-subset,seen,0.7429245283018868,0.7284314454909264,0.7511854225798347,0.746014964164327
shd,official,comparison:fixed:q6-i2-crc,44,official,1824bbb7cdb251cbeae34ea1c0e3712c3dd0d7a5c191fb4488a940b52f983512,crc,04d74cea161f3282649ee72d6d935d5f4df904fe29fa64d549c8a7e4c957d763,55cd3e5a9b52d613b3f33169af6b9a8086a62d15238441e5d3e96dc6e3227aa8,57ac446f18096446209c84cbc598ea821d682a426b5e975abca3ebe6e75f8622,cholesky,0.01,held,eb61adcd6eadb518c4f65c0bb99027f363a45071089c4ba035537c915acf5670,1840,speaker-subset,unseen,0.6076086956521739,0.5848796660321158,0.6304422230602407,0.6103566773314373
shd,official,comparison:fixed:q6-i2-crc,44,official,1824bbb7cdb251cbeae34ea1c0e3712c3dd0d7a5c191fb4488a940b52f983512,crc,04d74cea161f3282649ee72d6d935d5f4df904fe29fa64d549c8a7e4c957d763,55cd3e5a9b52d613b3f33169af6b9a8086a62d15238441e5d3e96dc6e3227aa8,57ac446f18096446209c84cbc598ea821d682a426b5e975abca3ebe6e75f8622,cholesky,0.01,held,eb61adcd6eadb518c4f65c0bb99027f363a45071089c4ba035537c915acf5670,2264,speaker-subset,whole,0.6329505300353356,0.6122067526996025,0.6532175634737561,0.6339448821459076
shd,official,comparison:fixed:q6-i2-qrc,44,official,2186605421a629793dfc2ae05c200188e6ed17cf1e293365605c3fedfca8b41f,qrc,86325fc1edb022da022f4166e7309745e391ad37010058a412031fce54c20236,55cd3e5a9b52d613b3f33169af6b9a8086a62d15238441e5d3e96dc6e3227aa8,57ac446f18096446209c84cbc598ea821d682a426b5e975abca3ebe6e75f8622,cholesky,0.1,held,eb61adcd6eadb518c4f65c0bb99027f363a45071089c4ba035537c915acf5670,424,speaker-subset,seen,0.7216981132075472,0.7010916964747522,0.711941532335349,0.7145086705523362
shd,official,comparison:fixed:q6-i2-qrc,44,official,2186605421a629793dfc2ae05c200188e6ed17cf1e293365605c3fedfca8b41f,qrc,86325fc1edb022da022f4166e7309745e391ad37010058a412031fce54c20236,55cd3e5a9b52d613b3f33169af6b9a8086a62d15238441e5d3e96dc6e3227aa8,57ac446f18096446209c84cbc598ea821d682a426b5e975abca3ebe6e75f8622,cholesky,0.1,held,eb61adcd6eadb518c4f65c0bb99027f363a45071089c4ba035537c915acf5670,1840,speaker-subset,unseen,0.6369565217391304,0.6160797378557635,0.6537181413931407,0.6403839317454676
shd,official,comparison:fixed:q6-i2-qrc,44,official,2186605421a629793dfc2ae05c200188e6ed17cf1e293365605c3fedfca8b41f,qrc,86325fc1edb022da022f4166e7309745e391ad37010058a412031fce54c20236,55cd3e5a9b52d613b3f33169af6b9a8086a62d15238441e5d3e96dc6e3227aa8,57ac446f18096446209c84cbc598ea821d682a426b5e975abca3ebe6e75f8622,cholesky,0.1,held,eb61adcd6eadb518c4f65c0bb99027f363a45071089c4ba035537c915acf5670,2264,speaker-subset,whole,0.6528268551236749,0.631756260213288,0.6627862727287868,0.653415521101637
shd,official,comparison:fixed:q6-i4-crc,44,official,f7af82bc7213188d9c6cd0bc412515da79eb2c69f28c3cf2012c79eaa1f094f4,crc,fc8dba0524d2a6730a90b2b98ad8519c94dc19eb237f51611f2d28ae4b91e527,e49c5a0941cd1ab7563977d5a8b88824c14e29a3046bb69f7aec5d688361dfa9,57ac446f18096446209c84cbc598ea821d682a426b5e975abca3ebe6e75f8622,cholesky,0.01,held,eb61adcd6eadb518c4f65c0bb99027f363a45071089c4ba035537c915acf5670,424,speaker-subset,seen,0.7830188679245284,0.7717393505041718,0.7854170516306949,0.7793302057554307
shd,official,comparison:fixed:q6-i4-crc,44,official,f7af82bc7213188d9c6cd0bc412515da79eb2c69f28c3cf2012c79eaa1f094f4,crc,fc8dba0524d2a6730a90b2b98ad8519c94dc19eb237f51611f2d28ae4b91e527,e49c5a0941cd1ab7563977d5a8b88824c14e29a3046bb69f7aec5d688361dfa9,57ac446f18096446209c84cbc598ea821d682a426b5e975abca3ebe6e75f8622,cholesky,0.01,held,eb61adcd6eadb518c4f65c0bb99027f363a45071089c4ba035537c915acf5670,1840,speaker-subset,unseen,0.6217391304347826,0.6061454838415338,0.6352956109979118,0.6236994904609551
shd,official,comparison:fixed:q6-i4-crc,44,official,f7af82bc7213188d9c6cd0bc412515da79eb2c69f28c3cf2012c79eaa1f094f4,crc,fc8dba0524d2a6730a90b2b98ad8519c94dc19eb237f51611f2d28ae4b91e527,e49c5a0941cd1ab7563977d5a8b88824c14e29a3046bb69f7aec5d688361dfa9,57ac446f18096446209c84cbc598ea821d682a426b5e975abca3ebe6e75f8622,cholesky,0.01,held,eb61adcd6eadb518c4f65c0bb99027f363a45071089c4ba035537c915acf5670,2264,speaker-subset,whole,0.6519434628975265,0.6366497938690724,0.66064044874069,0.6507846051285872
shd,official,comparison:fixed:q6-i4-qrc,44,official,794ecd2c0417fbfdff12cd84cae6ac6a875dd96fa43144394df2d985029a235d,qrc,867fedc72c4e85761349299b3c46e2374e8ab471cf4a19ab4c107e0ab41d46df,e49c5a0941cd1ab7563977d5a8b88824c14e29a3046bb69f7aec5d688361dfa9,57ac446f18096446209c84cbc598ea821d682a426b5e975abca3ebe6e75f8622,cholesky,0.1,held,eb61adcd6eadb518c4f65c0bb99027f363a45071089c4ba035537c915acf5670,424,speaker-subset,seen,0.7971698113207547,0.7828147605743444,0.7917341720170669,0.7956789921375753
shd,official,comparison:fixed:q6-i4-qrc,44,official,794ecd2c0417fbfdff12cd84cae6ac6a875dd96fa43144394df2d985029a235d,qrc,867fedc72c4e85761349299b3c46e2374e8ab471cf4a19ab4c107e0ab41d46df,e49c5a0941cd1ab7563977d5a8b88824c14e29a3046bb69f7aec5d688361dfa9,57ac446f18096446209c84cbc598ea821d682a426b5e975abca3ebe6e75f8622,cholesky,0.1,held,eb61adcd6eadb518c4f65c0bb99027f363a45071089c4ba035537c915acf5670,1840,speaker-subset,unseen,0.6815217391304348,0.6629501820501782,0.6959566287508706,0.6843701860410001
shd,official,comparison:fixed:q6-i4-qrc,44,official,794ecd2c0417fbfdff12cd84cae6ac6a875dd96fa43144394df2d985029a235d,qrc,867fedc72c4e85761349299b3c46e2374e8ab471cf4a19ab4c107e0ab41d46df,e49c5a0941cd1ab7563977d5a8b88824c14e29a3046bb69f7aec5d688361dfa9,57ac446f18096446209c84cbc598ea821d682a426b5e975abca3ebe6e75f8622,cholesky,0.1,held,eb61adcd6eadb518c4f65c0bb99027f363a45071089c4ba035537c915acf5670,2264,speaker-subset,whole,0.7031802120141343,0.6849779546786126,0.711897207586297,0.7022297035903602
shd,official,comparison:fixed:q8-i2-crc,44,official,5aa7bd7ccfb3cb67e7de7a165c3e92e2f7a15e3bf7b7e1de97ec4fe541f65007,crc,1af9c9732134a3557217a631110096f63cf71aab0f9d0984ac3135721d9c8133,55cd3e5a9b52d613b3f33169af6b9a8086a62d15238441e5d3e96dc6e3227aa8,57ac446f18096446209c84cbc598ea821d682a426b5e975abca3ebe6e75f8622,cholesky,0.01,held,eb61adcd6eadb518c4f65c0bb99027f363a45071089c4ba035537c915acf5670,424,speaker-subset,seen,0.7688679245283019,0.7497680358751639,0.7636001653052232,0.7635470718062548
shd,official,comparison:fixed:q8-i2-crc,44,official,5aa7bd7ccfb3cb67e7de7a165c3e92e2f7a15e3bf7b7e1de97ec4fe541f65007,crc,1af9c9732134a3557217a631110096f63cf71aab0f9d0984ac3135721d9c8133,55cd3e5a9b52d613b3f33169af6b9a8086a62d15238441e5d3e96dc6e3227aa8,57ac446f18096446209c84cbc598ea821d682a426b5e975abca3ebe6e75f8622,cholesky,0.01,held,eb61adcd6eadb518c4f65c0bb99027f363a45071089c4ba035537c915acf5670,1840,speaker-subset,unseen,0.5608695652173913,0.5482616925881783,0.5756032758432043,0.5617608721412488
shd,official,comparison:fixed:q8-i2-crc,44,official,5aa7bd7ccfb3cb67e7de7a165c3e92e2f7a15e3bf7b7e1de97ec4fe541f65007,crc,1af9c9732134a3557217a631110096f63cf71aab0f9d0984ac3135721d9c8133,55cd3e5a9b52d613b3f33169af6b9a8086a62d15238441e5d3e96dc6e3227aa8,57ac446f18096446209c84cbc598ea821d682a426b5e975abca3ebe6e75f8622,cholesky,0.01,held,eb61adcd6eadb518c4f65c0bb99027f363a45071089c4ba035537c915acf5670,2264,speaker-subset,whole,0.5998233215547704,0.5866349183707821,0.6063865965762845,0.5994642349435066
shd,official,comparison:fixed:q8-i2-qrc,44,official,f2ee816b29542809fe48d93a21d80b7efc79430a373bfd890efac55b4c83a114,qrc,2ead14568ee4a448cd8f84318cfecdae2530a217db2cab0d743b106d326f7760,55cd3e5a9b52d613b3f33169af6b9a8086a62d15238441e5d3e96dc6e3227aa8,57ac446f18096446209c84cbc598ea821d682a426b5e975abca3ebe6e75f8622,cholesky,0.1,held,eb61adcd6eadb518c4f65c0bb99027f363a45071089c4ba035537c915acf5670,424,speaker-subset,seen,0.7240566037735849,0.703469556794768,0.7166893672270565,0.716930627364473
shd,official,comparison:fixed:q8-i2-qrc,44,official,f2ee816b29542809fe48d93a21d80b7efc79430a373bfd890efac55b4c83a114,qrc,2ead14568ee4a448cd8f84318cfecdae2530a217db2cab0d743b106d326f7760,55cd3e5a9b52d613b3f33169af6b9a8086a62d15238441e5d3e96dc6e3227aa8,57ac446f18096446209c84cbc598ea821d682a426b5e975abca3ebe6e75f8622,cholesky,0.1,held,eb61adcd6eadb518c4f65c0bb99027f363a45071089c4ba035537c915acf5670,1840,speaker-subset,unseen,0.6429347826086956,0.6224672859597173,0.6597551817413362,0.645757791207489
shd,official,comparison:fixed:q8-i2-qrc,44,official,f2ee816b29542809fe48d93a21d80b7efc79430a373bfd890efac55b4c83a114,qrc,2ead14568ee4a448cd8f84318cfecdae2530a217db2cab0d743b106d326f7760,55cd3e5a9b52d613b3f33169af6b9a8086a62d15238441e5d3e96dc6e3227aa8,57ac446f18096446209c84cbc598ea821d682a426b5e975abca3ebe6e75f8622,cholesky,0.1,held,eb61adcd6eadb518c4f65c0bb99027f363a45071089c4ba035537c915acf5670,2264,speaker-subset,whole,0.6581272084805654,0.6367593052093403,0.6640257071642635,0.6582035060294561
shd,official,comparison:fixed:q8-i4-crc,44,official,fe0fed97d42e19e685b217dd8a69423375728936e22411bb0e2668b3d1faeb43,crc,af5292990442c5e491c1650acbe64154ac497f8c91ce6d027fae4ec5d5e7c2e0,e49c5a0941cd1ab7563977d5a8b88824c14e29a3046bb69f7aec5d688361dfa9,57ac446f18096446209c84cbc598ea821d682a426b5e975abca3ebe6e75f8622,cholesky,0.1,held,eb61adcd6eadb518c4f65c0bb99027f363a45071089c4ba035537c915acf5670,424,speaker-subset,seen,0.8066037735849056,0.7890077285369673,0.8023784025352553,0.7984138380082908
shd,official,comparison:fixed:q8-i4-crc,44,official,fe0fed97d42e19e685b217dd8a69423375728936e22411bb0e2668b3d1faeb43,crc,af5292990442c5e491c1650acbe64154ac497f8c91ce6d027fae4ec5d5e7c2e0,e49c5a0941cd1ab7563977d5a8b88824c14e29a3046bb69f7aec5d688361dfa9,57ac446f18096446209c84cbc598ea821d682a426b5e975abca3ebe6e75f8622,cholesky,0.1,held,eb61adcd6eadb518c4f65c0bb99027f363a45071089c4ba035537c915acf5670,1840,speaker-subset,unseen,0.6951086956521739,0.6815815371016137,0.7184848298866511,0.6977900225145159
shd,official,comparison:fixed:q8-i4-crc,44,official,fe0fed97d42e19e685b217dd8a69423375728936e22411bb0e2668b3d1faeb43,crc,af5292990442c5e491c1650acbe64154ac497f8c91ce6d027fae4ec5d5e7c2e0,e49c5a0941cd1ab7563977d5a8b88824c14e29a3046bb69f7aec5d688361dfa9,57ac446f18096446209c84cbc598ea821d682a426b5e975abca3ebe6e75f8622,cholesky,0.1,held,eb61adcd6eadb518c4f65c0bb99027f363a45071089c4ba035537c915acf5670,2264,speaker-subset,whole,0.7159893992932862,0.7022731782197436,0.7308114380262428,0.7152577764655479
shd,official,comparison:fixed:q8-i4-qrc,44,official,4d2e11168f77112185ac3d8df9848508947c3ebc02b118d4c2f81aa1f4caf5a4,qrc,47fb595cd085784cad3fb66448e24c20de4470638daa408ed27ede3ab73b8d23,e49c5a0941cd1ab7563977d5a8b88824c14e29a3046bb69f7aec5d688361dfa9,57ac446f18096446209c84cbc598ea821d682a426b5e975abca3ebe6e75f8622,cholesky,0.1,held,eb61adcd6eadb518c4f65c0bb99027f363a45071089c4ba035537c915acf5670,424,speaker-subset,seen,0.8018867924528302,0.7857124602111681,0.7924354351788563,0.7969907118188603
shd,official,comparison:fixed:q8-i4-qrc,44,official,4d2e11168f77112185ac3d8df9848508947c3ebc02b118d4c2f81aa1f4caf5a4,qrc,47fb595cd085784cad3fb66448e24c20de4470638daa408ed27ede3ab73b8d23,e49c5a0941cd1ab7563977d5a8b88824c14e29a3046bb69f7aec5d688361dfa9,57ac446f18096446209c84cbc598ea821d682a426b5e975abca3ebe6e75f8622,cholesky,0.1,held,eb61adcd6eadb518c4f65c0bb99027f363a45071089c4ba035537c915acf5670,1840,speaker-subset,unseen,0.6842391304347826,0.6645737407718781,0.7072273587458314,0.686651261997867
shd,official,comparison:fixed:q8-i4-qrc,44,official,4d2e11168f77112185ac3d8df9848508947c3ebc02b118d4c2f81aa1f4caf5a4,qrc,47fb595cd085784cad3fb66448e24c20de4470638daa408ed27ede3ab73b8d23,e49c5a0941cd1ab7563977d5a8b88824c14e29a3046bb69f7aec5d688361dfa9,57ac446f18096446209c84cbc598ea821d682a426b5e975abca3ebe6e75f8622,cholesky,0.1,held,eb61adcd6eadb518c4f65c0bb99027f363a45071089c4ba035537c915acf5670,2264,speaker-subset,whole,0.7062720848056537,0.6870596115480009,0.7199680816109344,0.7048577170044743
shd,official,comparison:fixed:q8-i6-crc,44,official,5eea900e7bfb47cdf024b3a63d426d7f94133ef6665310ed377403f92fcfbfa3,crc,35a69eb88d21ffec0e409afa838d088fade4c18282cdb354e7895d1160253a53,955b1fde3ee935633e41f181c46f829a39569a9aea30fac0703af5835a1657fb,57ac446f18096446209c84cbc598ea821d682a426b5e975abca3ebe6e75f8622,cholesky,0.1,held,eb61adcd6eadb518c4f65c0bb99027f363a45071089c4ba035537c915acf5670,424,speaker-subset,seen,0.8632075471698113,0.8523290740722178,0.8626263795855262,0.8608594679170016
shd,official,comparison:fixed:q8-i6-crc,44,official,5eea900e7bfb47cdf024b3a63d426d7f94133ef6665310ed377403f92fcfbfa3,crc,35a69eb88d21ffec0e409afa838d088fade4c18282cdb354e7895d1160253a53,955b1fde3ee935633e41f181c46f829a39569a9aea30fac0703af5835a1657fb,57ac446f18096446209c84cbc598ea821d682a426b5e975abca3ebe6e75f8622,cholesky,0.1,held,eb61adcd6eadb518c4f65c0bb99027f363a45071089c4ba035537c915acf5670,1840,speaker-subset,unseen,0.7184782608695652,0.7038708898502178,0.7464290888138969,0.724517122881858
shd,official,comparison:fixed:q8-i6-crc,44,official,5eea900e7bfb47cdf024b3a63d426d7f94133ef6665310ed377403f92fcfbfa3,crc,35a69eb88d21ffec0e409afa838d088fade4c18282cdb354e7895d1160253a53,955b1fde3ee935633e41f181c46f829a39569a9aea30fac0703af5835a1657fb,57ac446f18096446209c84cbc598ea821d682a426b5e975abca3ebe6e75f8622,cholesky,0.1,held,eb61adcd6eadb518c4f65c0bb99027f363a45071089c4ba035537c915acf5670,2264,speaker-subset,whole,0.7455830388692579,0.7320725885843266,0.7675982422238758,0.7477979013800405
shd,official,comparison:fixed:q8-i6-qrc,44,official,8df85e01c90e923b8ee61cc39373e160fe77c20bbcefb9d266b07200adcd14ee,qrc,e1075996f7b9c42544bb778b530d5fbe8b7eff834c86948beb517d9c75f0a658,955b1fde3ee935633e41f181c46f829a39569a9aea30fac0703af5835a1657fb,57ac446f18096446209c84cbc598ea821d682a426b5e975abca3ebe6e75f8622,cholesky,0.1,held,eb61adcd6eadb518c4f65c0bb99027f363a45071089c4ba035537c915acf5670,424,speaker-subset,seen,0.8490566037735849,0.8358976332077545,0.8391448234602427,0.8442731801626104
shd,official,comparison:fixed:q8-i6-qrc,44,official,8df85e01c90e923b8ee61cc39373e160fe77c20bbcefb9d266b07200adcd14ee,qrc,e1075996f7b9c42544bb778b530d5fbe8b7eff834c86948beb517d9c75f0a658,955b1fde3ee935633e41f181c46f829a39569a9aea30fac0703af5835a1657fb,57ac446f18096446209c84cbc598ea821d682a426b5e975abca3ebe6e75f8622,cholesky,0.1,held,eb61adcd6eadb518c4f65c0bb99027f363a45071089c4ba035537c915acf5670,1840,speaker-subset,unseen,0.7320652173913044,0.7242489756212639,0.7653207864859168,0.7356855077615831
shd,official,comparison:fixed:q8-i6-qrc,44,official,8df85e01c90e923b8ee61cc39373e160fe77c20bbcefb9d266b07200adcd14ee,qrc,e1075996f7b9c42544bb778b530d5fbe8b7eff834c86948beb517d9c75f0a658,955b1fde3ee935633e41f181c46f829a39569a9aea30fac0703af5835a1657fb,57ac446f18096446209c84cbc598ea821d682a426b5e975abca3ebe6e75f8622,cholesky,0.1,held,eb61adcd6eadb518c4f65c0bb99027f363a45071089c4ba035537c915acf5670,2264,speaker-subset,whole,0.7539752650176679,0.7440947273667121,0.7744123935847933,0.7539056672944595
shd,official,comparison:projection:i2,44,official,b7c8a2187e8ac5763a6bbf7b0b1df4b11583131fa0c5dbc34f9b1d33caacf4d8,projection,0e26e4d3298a4543acf8dc0000db8008813328861d34e565852020ca0412c717,55cd3e5a9b52d613b3f33169af6b9a8086a62d15238441e5d3e96dc6e3227aa8,57ac446f18096446209c84cbc598ea821d682a426b5e975abca3ebe6e75f8622,cholesky,0.1,held,eb61adcd6eadb518c4f65c0bb99027f363a45071089c4ba035537c915acf5670,424,speaker-subset,seen,0.5801886792452831,0.5401963024906046,0.5745618473231706,0.5778070949817576
shd,official,comparison:projection:i2,44,official,b7c8a2187e8ac5763a6bbf7b0b1df4b11583131fa0c5dbc34f9b1d33caacf4d8,projection,0e26e4d3298a4543acf8dc0000db8008813328861d34e565852020ca0412c717,55cd3e5a9b52d613b3f33169af6b9a8086a62d15238441e5d3e96dc6e3227aa8,57ac446f18096446209c84cbc598ea821d682a426b5e975abca3ebe6e75f8622,cholesky,0.1,held,eb61adcd6eadb518c4f65c0bb99027f363a45071089c4ba035537c915acf5670,1840,speaker-subset,unseen,0.5836956521739131,0.5588256672012587,0.6227797317219332,0.5843583362957696
shd,official,comparison:projection:i2,44,official,b7c8a2187e8ac5763a6bbf7b0b1df4b11583131fa0c5dbc34f9b1d33caacf4d8,projection,0e26e4d3298a4543acf8dc0000db8008813328861d34e565852020ca0412c717,55cd3e5a9b52d613b3f33169af6b9a8086a62d15238441e5d3e96dc6e3227aa8,57ac446f18096446209c84cbc598ea821d682a426b5e975abca3ebe6e75f8622,cholesky,0.1,held,eb61adcd6eadb518c4f65c0bb99027f363a45071089c4ba035537c915acf5670,2264,speaker-subset,whole,0.5830388692579506,0.5545799393498156,0.6158192931181226,0.5819943263444823
shd,official,comparison:projection:i4,44,official,0ad936492ed758b3291f29f895e1e2ab0665bd8fbf5d37af9767c54f67e25313,projection,58f2c297e89d839f04b48df5fdda76f658a17fafffe1a7208812f5af13bf4798,e49c5a0941cd1ab7563977d5a8b88824c14e29a3046bb69f7aec5d688361dfa9,57ac446f18096446209c84cbc598ea821d682a426b5e975abca3ebe6e75f8622,cholesky,0.1,held,eb61adcd6eadb518c4f65c0bb99027f363a45071089c4ba035537c915acf5670,424,speaker-subset,seen,0.6886792452830188,0.6578507269456708,0.6785886466261826,0.6800375846667077
shd,official,comparison:projection:i4,44,official,0ad936492ed758b3291f29f895e1e2ab0665bd8fbf5d37af9767c54f67e25313,projection,58f2c297e89d839f04b48df5fdda76f658a17fafffe1a7208812f5af13bf4798,e49c5a0941cd1ab7563977d5a8b88824c14e29a3046bb69f7aec5d688361dfa9,57ac446f18096446209c84cbc598ea821d682a426b5e975abca3ebe6e75f8622,cholesky,0.1,held,eb61adcd6eadb518c4f65c0bb99027f363a45071089c4ba035537c915acf5670,1840,speaker-subset,unseen,0.678804347826087,0.6615584982168073,0.7060962350195898,0.6804301457518663
shd,official,comparison:projection:i4,44,official,0ad936492ed758b3291f29f895e1e2ab0665bd8fbf5d37af9767c54f67e25313,projection,58f2c297e89d839f04b48df5fdda76f658a17fafffe1a7208812f5af13bf4798,e49c5a0941cd1ab7563977d5a8b88824c14e29a3046bb69f7aec5d688361dfa9,57ac446f18096446209c84cbc598ea821d682a426b5e975abca3ebe6e75f8622,cholesky,0.1,held,eb61adcd6eadb518c4f65c0bb99027f363a45071089c4ba035537c915acf5670,2264,speaker-subset,whole,0.6806537102473498,0.6619540255634268,0.6950784453602172,0.678606381404782
shd,official,comparison:projection:i6,44,official,1b2230ae1f16245cf27f0002dd0af81d0780fb1f1ef46751fd42ed7956892027,projection,70d99d48657e9dced6a42b066f5ee710787f8eea130990e40c962cc4897729da,955b1fde3ee935633e41f181c46f829a39569a9aea30fac0703af5835a1657fb,57ac446f18096446209c84cbc598ea821d682a426b5e975abca3ebe6e75f8622,cholesky,0.1,held,eb61adcd6eadb518c4f65c0bb99027f363a45071089c4ba035537c915acf5670,424,speaker-subset,seen,0.785377358490566,0.7683857702121355,0.775822722472036,0.7808321005581126
shd,official,comparison:projection:i6,44,official,1b2230ae1f16245cf27f0002dd0af81d0780fb1f1ef46751fd42ed7956892027,projection,70d99d48657e9dced6a42b066f5ee710787f8eea130990e40c962cc4897729da,955b1fde3ee935633e41f181c46f829a39569a9aea30fac0703af5835a1657fb,57ac446f18096446209c84cbc598ea821d682a426b5e975abca3ebe6e75f8622,cholesky,0.1,held,eb61adcd6eadb518c4f65c0bb99027f363a45071089c4ba035537c915acf5670,1840,speaker-subset,unseen,0.7510869565217392,0.7475217539844627,0.7981711461835956,0.7559189477426236
shd,official,comparison:projection:i6,44,official,1b2230ae1f16245cf27f0002dd0af81d0780fb1f1ef46751fd42ed7956892027,projection,70d99d48657e9dced6a42b066f5ee710787f8eea130990e40c962cc4897729da,955b1fde3ee935633e41f181c46f829a39569a9aea30fac0703af5835a1657fb,57ac446f18096446209c84cbc598ea821d682a426b5e975abca3ebe6e75f8622,cholesky,0.1,held,eb61adcd6eadb518c4f65c0bb99027f363a45071089c4ba035537c915acf5670,2264,speaker-subset,whole,0.7575088339222615,0.7508665028027508,0.78792612447365,0.758383081510795
shd,official,comparison:tuned:q4-i2-crc,44,official,f3e1e9997411738fc9df7d753eadebf54c6c08214caf16d074787805d0fcb293,crc,db38493e760d91b19a4d7490f35fd38862a45668052a5698f362a4ca3e61c073,55cd3e5a9b52d613b3f33169af6b9a8086a62d15238441e5d3e96dc6e3227aa8,57ac446f18096446209c84cbc598ea821d682a426b5e975abca3ebe6e75f8622,cholesky,0.0001,held,eb61adcd6eadb518c4f65c0bb99027f363a45071089c4ba035537c915acf5670,424,speaker-subset,seen,0.8113207547169812,0.7935915925315621,0.8002303417842184,0.8050552451601927
shd,official,comparison:tuned:q4-i2-crc,44,official,f3e1e9997411738fc9df7d753eadebf54c6c08214caf16d074787805d0fcb293,crc,db38493e760d91b19a4d7490f35fd38862a45668052a5698f362a4ca3e61c073,55cd3e5a9b52d613b3f33169af6b9a8086a62d15238441e5d3e96dc6e3227aa8,57ac446f18096446209c84cbc598ea821d682a426b5e975abca3ebe6e75f8622,cholesky,0.0001,held,eb61adcd6eadb518c4f65c0bb99027f363a45071089c4ba035537c915acf5670,1840,speaker-subset,unseen,0.6760869565217391,0.6607658889414653,0.7048667270012716,0.6788008057826757
shd,official,comparison:tuned:q4-i2-crc,44,official,f3e1e9997411738fc9df7d753eadebf54c6c08214caf16d074787805d0fcb293,crc,db38493e760d91b19a4d7490f35fd38862a45668052a5698f362a4ca3e61c073,55cd3e5a9b52d613b3f33169af6b9a8086a62d15238441e5d3e96dc6e3227aa8,57ac446f18096446209c84cbc598ea821d682a426b5e975abca3ebe6e75f8622,cholesky,0.0001,held,eb61adcd6eadb518c4f65c0bb99027f363a45071089c4ba035537c915acf5670,2264,speaker-subset,whole,0.7014134275618374,0.684954058977829,0.7188677914294465,0.7005965557030026
shd,official,comparison:tuned:q4-i2-qrc,44,official,1db1c207d39957ec13e0a048f67a067d7fb148b7f0371cccd49164a1ef98f7f2,qrc,643bd816514e7a00122e935327be11c97902f162ad09e1b6484c82eb6d8951ef,55cd3e5a9b52d613b3f33169af6b9a8086a62d15238441e5d3e96dc6e3227aa8,57ac446f18096446209c84cbc598ea821d682a426b5e975abca3ebe6e75f8622,cholesky,0.001,held,eb61adcd6eadb518c4f65c0bb99027f363a45071089c4ba035537c915acf5670,424,speaker-subset,seen,0.7995283018867925,0.7806400171701183,0.8074016995289316,0.7951824209717764
shd,official,comparison:tuned:q4-i2-qrc,44,official,1db1c207d39957ec13e0a048f67a067d7fb148b7f0371cccd49164a1ef98f7f2,qrc,643bd816514e7a00122e935327be11c97902f162ad09e1b6484c82eb6d8951ef,55cd3e5a9b52d613b3f33169af6b9a8086a62d15238441e5d3e96dc6e3227aa8,57ac446f18096446209c84cbc598ea821d682a426b5e975abca3ebe6e75f8622,cholesky,0.001,held,eb61adcd6eadb518c4f65c0bb99027f363a45071089c4ba035537c915acf5670,1840,speaker-subset,unseen,0.6804347826086956,0.6671498786921817,0.710969726221644,0.6822135324090531
shd,official,comparison:tuned:q4-i2-qrc,44,official,1db1c207d39957ec13e0a048f67a067d7fb148b7f0371cccd49164a1ef98f7f2,qrc,643bd816514e7a00122e935327be11c97902f162ad09e1b6484c82eb6d8951ef,55cd3e5a9b52d613b3f33169af6b9a8086a62d15238441e5d3e96dc6e3227aa8,57ac446f18096446209c84cbc598ea821d682a426b5e975abca3ebe6e75f8622,cholesky,0.001,held,eb61adcd6eadb518c4f65c0bb99027f363a45071089c4ba035537c915acf5670,2264,speaker-subset,whole,0.7027385159010601,0.6878758255324753,0.7254256279106621,0.701802861732906
shd,official,comparison:tuned:q6-i2-crc,44,official,888f984ba00d2c26f7d40bb8009698c2d781f5874900d14bfcdd33a22d235954,crc,6b555d44489f17659120459ae75a5a46bf41fe67a80c4ce96ee0916226343369,55cd3e5a9b52d613b3f33169af6b9a8086a62d15238441e5d3e96dc6e3227aa8,57ac446f18096446209c84cbc598ea821d682a426b5e975abca3ebe6e75f8622,cholesky,0.001,held,eb61adcd6eadb518c4f65c0bb99027f363a45071089c4ba035537c915acf5670,424,speaker-subset,seen,0.8042452830188679,0.7859482590685148,0.8033066991131295,0.796760206261893
shd,official,comparison:tuned:q6-i2-crc,44,official,888f984ba00d2c26f7d40bb8009698c2d781f5874900d14bfcdd33a22d235954,crc,6b555d44489f17659120459ae75a5a46bf41fe67a80c4ce96ee0916226343369,55cd3e5a9b52d613b3f33169af6b9a8086a62d15238441e5d3e96dc6e3227aa8,57ac446f18096446209c84cbc598ea821d682a426b5e975abca3ebe6e75f8622,cholesky,0.001,held,eb61adcd6eadb518c4f65c0bb99027f363a45071089c4ba035537c915acf5670,1840,speaker-subset,unseen,0.6907608695652174,0.674899110073681,0.7048338726484609,0.6915333570328237
shd,official,comparison:tuned:q6-i2-crc,44,official,888f984ba00d2c26f7d40bb8009698c2d781f5874900d14bfcdd33a22d235954,crc,6b555d44489f17659120459ae75a5a46bf41fe67a80c4ce96ee0916226343369,55cd3e5a9b52d613b3f33169af6b9a8086a62d15238441e5d3e96dc6e3227aa8,57ac446f18096446209c84cbc598ea821d682a426b5e975abca3ebe6e75f8622,cholesky,0.001,held,eb61adcd6eadb518c4f65c0bb99027f363a45071089c4ba035537c915acf5670,2264,speaker-subset,whole,0.7120141342756183,0.6959378297817715,0.7211789319509085,0.7101018760734209
shd,official,comparison:tuned:q6-i2-qrc,44,official,779f7cadce6d8791182d3bfe42654f214cbedf3fb7a36ea419b64dc3925a0ec9,qrc,640f9ce12f95ee866efec7e475bcb37e6b32eb82bc15d5218b55b4b7d05650e0,55cd3e5a9b52d613b3f33169af6b9a8086a62d15238441e5d3e96dc6e3227aa8,57ac446f18096446209c84cbc598ea821d682a426b5e975abca3ebe6e75f8622,cholesky,0.01,held,eb61adcd6eadb518c4f65c0bb99027f363a45071089c4ba035537c915acf5670,424,speaker-subset,seen,0.8160377358490566,0.7988136942440198,0.8135186646347974,0.8084344717626202
shd,official,comparison:tuned:q6-i2-qrc,44,official,779f7cadce6d8791182d3bfe42654f214cbedf3fb7a36ea419b64dc3925a0ec9,qrc,640f9ce12f95ee866efec7e475bcb37e6b32eb82bc15d5218b55b4b7d05650e0,55cd3e5a9b52d613b3f33169af6b9a8086a62d15238441e5d3e96dc6e3227aa8,57ac446f18096446209c84cbc598ea821d682a426b5e975abca3ebe6e75f8622,cholesky,0.01,held,eb61adcd6eadb518c4f65c0bb99027f363a45071089c4ba035537c915acf5670,1840,speaker-subset,unseen,0.6766304347826086,0.6611311439205219,0.6842637502797742,0.6784275388079156
shd,official,comparison:tuned:q6-i2-qrc,44,official,779f7cadce6d8791182d3bfe42654f214cbedf3fb7a36ea419b64dc3925a0ec9,qrc,640f9ce12f95ee866efec7e475bcb37e6b32eb82bc15d5218b55b4b7d05650e0,55cd3e5a9b52d613b3f33169af6b9a8086a62d15238441e5d3e96dc6e3227aa8,57ac446f18096446209c84cbc598ea821d682a426b5e975abca3ebe6e75f8622,cholesky,0.01,held,eb61adcd6eadb518c4f65c0bb99027f363a45071089c4ba035537c915acf5670,2264,speaker-subset,whole,0.7027385159010601,0.6867926874938695,0.7080976118730129,0.7015140113520306
shd,official,comparison:tuned:q6-i4-crc,44,official,9f58dd5db7a6a7048b221d92bfb45c2b75c243f66619bd2f551f313d0f93e7c9,crc,89acb819f6e30b41e8a04cc469c787c45d840fe57d3990edb13d60d4fe9dc116,e49c5a0941cd1ab7563977d5a8b88824c14e29a3046bb69f7aec5d688361dfa9,57ac446f18096446209c84cbc598ea821d682a426b5e975abca3ebe6e75f8622,cholesky,0.001,held,eb61adcd6eadb518c4f65c0bb99027f363a45071089c4ba035537c915acf5670,424,speaker-subset,seen,0.8655660377358491,0.8577603256347981,0.8628884114027638,0.8630967361876282
shd,official,comparison:tuned:q6-i4-crc,44,official,9f58dd5db7a6a7048b221d92bfb45c2b75c243f66619bd2f551f313d0f93e7c9,crc,89acb819f6e30b41e8a04cc469c787c45d840fe57d3990edb13d60d4fe9dc116,e49c5a0941cd1ab7563977d5a8b88824c14e29a3046bb69f7aec5d688361dfa9,57ac446f18096446209c84cbc598ea821d682a426b5e975abca3ebe6e75f8622,cholesky,0.001,held,eb61adcd6eadb518c4f65c0bb99027f363a45071089c4ba035537c915acf5670,1840,speaker-subset,unseen,0.7353260869565217,0.7255730647973638,0.7538207690347606,0.7380080578267567
shd,official,comparison:tuned:q6-i4-crc,44,official,9f58dd5db7a6a7048b221d92bfb45c2b75c243f66619bd2f551f313d0f93e7c9,crc,89acb819f6e30b41e8a04cc469c787c45d840fe57d3990edb13d60d4fe9dc116,e49c5a0941cd1ab7563977d5a8b88824c14e29a3046bb69f7aec5d688361dfa9,57ac446f18096446209c84cbc598ea821d682a426b5e975abca3ebe6e75f8622,cholesky,0.001,held,eb61adcd6eadb518c4f65c0bb99027f363a45071089c4ba035537c915acf5670,2264,speaker-subset,whole,0.7597173144876325,0.7498217709000452,0.7723888597333611,0.7593130086768314
shd,official,comparison:tuned:q6-i4-qrc,44,official,bc804b7297583326a51df4df4045d1a135fd94e65755d50fb3cf33c8d782cd0a,qrc,6787e0edd4db684a71af05000d74e8f9960872d1db425f67aad91db6fd4d95df,e49c5a0941cd1ab7563977d5a8b88824c14e29a3046bb69f7aec5d688361dfa9,57ac446f18096446209c84cbc598ea821d682a426b5e975abca3ebe6e75f8622,cholesky,0.1,held,eb61adcd6eadb518c4f65c0bb99027f363a45071089c4ba035537c915acf5670,424,speaker-subset,seen,0.7830188679245284,0.7650258484453805,0.7769938773877236,0.7761403418198771
shd,official,comparison:tuned:q6-i4-qrc,44,official,bc804b7297583326a51df4df4045d1a135fd94e65755d50fb3cf33c8d782cd0a,qrc,6787e0edd4db684a71af05000d74e8f9960872d1db425f67aad91db6fd4d95df,e49c5a0941cd1ab7563977d5a8b88824c14e29a3046bb69f7aec5d688361dfa9,57ac446f18096446209c84cbc598ea821d682a426b5e975abca3ebe6e75f8622,cholesky,0.1,held,eb61adcd6eadb518c4f65c0bb99027f363a45071089c4ba035537c915acf5670,1840,speaker-subset,unseen,0.6864130434782608,0.6767460008990993,0.7001972517948647,0.6887723663941225
shd,official,comparison:tuned:q6-i4-qrc,44,official,bc804b7297583326a51df4df4045d1a135fd94e65755d50fb3cf33c8d782cd0a,qrc,6787e0edd4db684a71af05000d74e8f9960872d1db425f67aad91db6fd4d95df,e49c5a0941cd1ab7563977d5a8b88824c14e29a3046bb69f7aec5d688361dfa9,57ac446f18096446209c84cbc598ea821d682a426b5e975abca3ebe6e75f8622,cholesky,0.1,held,eb61adcd6eadb518c4f65c0bb99027f363a45071089c4ba035537c915acf5670,2264,speaker-subset,whole,0.7045053003533569,0.6935258994880217,0.7108202700284706,0.7030194043264756
shd,official,comparison:tuned:q8-i2-crc,44,official,a357bf67d14c2c6f2a3c2278b1ce80793b830a411b63edfbe325e48a1cc28850,crc,60d361eb945c746916fef6bf276f0c5ebdc8d1722f3f43b2ab5cd37f6d6063d6,55cd3e5a9b52d613b3f33169af6b9a8086a62d15238441e5d3e96dc6e3227aa8,57ac446f18096446209c84cbc598ea821d682a426b5e975abca3ebe6e75f8622,cholesky,0.001,held,eb61adcd6eadb518c4f65c0bb99027f363a45071089c4ba035537c915acf5670,424,speaker-subset,seen,0.8372641509433962,0.8230768119495423,0.8306345916911942,0.8333957194035904
shd,official,comparison:tuned:q8-i2-crc,44,official,a357bf67d14c2c6f2a3c2278b1ce80793b830a411b63edfbe325e48a1cc28850,crc,60d361eb945c746916fef6bf276f0c5ebdc8d1722f3f43b2ab5cd37f6d6063d6,55cd3e5a9b52d613b3f33169af6b9a8086a62d15238441e5d3e96dc6e3227aa8,57ac446f18096446209c84cbc598ea821d682a426b5e975abca3ebe6e75f8622,cholesky,0.001,held,eb61adcd6eadb518c4f65c0bb99027f363a45071089c4ba035537c915acf5670,1840,speaker-subset,unseen,0.7086956521739131,0.6915577038895988,0.7261377733595278,0.7097878895603744
shd,official,comparison:tuned:q8-i2-crc,44,official,a357bf67d14c2c6f2a3c2278b1ce80793b830a411b63edfbe325e48a1cc28850,crc,60d361eb945c746916fef6bf276f0c5ebdc8d1722f3f43b2ab5cd37f6d6063d6,55cd3e5a9b52d613b3f33169af6b9a8086a62d15238441e5d3e96dc6e3227aa8,57ac446f18096446209c84cbc598ea821d682a426b5e975abca3ebe6e75f8622,cholesky,0.001,held,eb61adcd6eadb518c4f65c0bb99027f363a45071089c4ba035537c915acf5670,2264,speaker-subset,whole,0.732773851590106,0.7163025836833949,0.7436157547940038,0.7309829590997116
shd,official,comparison:tuned:q8-i2-qrc,44,official,3e19df15055f851cc0143e9b9a1dc2f75b7011164a98f2eec6846efead36651d,qrc,01744a3c53aafb0c2754616b0e941c9ac605eeace004d70345a51e2ff8d9b351,55cd3e5a9b52d613b3f33169af6b9a8086a62d15238441e5d3e96dc6e3227aa8,57ac446f18096446209c84cbc598ea821d682a426b5e975abca3ebe6e75f8622,cholesky,0.1,held,eb61adcd6eadb518c4f65c0bb99027f363a45071089c4ba035537c915acf5670,424,speaker-subset,seen,0.7924528301886793,0.7727435081427805,0.7909792917058363,0.7851542167366754
shd,official,comparison:tuned:q8-i2-qrc,44,official,3e19df15055f851cc0143e9b9a1dc2f75b7011164a98f2eec6846efead36651d,qrc,01744a3c53aafb0c2754616b0e941c9ac605eeace004d70345a51e2ff8d9b351,55cd3e5a9b52d613b3f33169af6b9a8086a62d15238441e5d3e96dc6e3227aa8,57ac446f18096446209c84cbc598ea821d682a426b5e975abca3ebe6e75f8622,cholesky,0.1,held,eb61adcd6eadb518c4f65c0bb99027f363a45071089c4ba035537c915acf5670,1840,speaker-subset,unseen,0.675,0.6607149548297118,0.6935508654163237,0.6767626496030335
shd,official,comparison:tuned:q8-i2-qrc,44,official,3e19df15055f851cc0143e9b9a1dc2f75b7011164a98f2eec6846efead36651d,qrc,01744a3c53aafb0c2754616b0e941c9ac605eeace004d70345a51e2ff8d9b351,55cd3e5a9b52d613b3f33169af6b9a8086a62d15238441e5d3e96dc6e3227aa8,57ac446f18096446209c84cbc598ea821d682a426b5e975abca3ebe6e75f8622,cholesky,0.1,held,eb61adcd6eadb518c4f65c0bb99027f363a45071089c4ba035537c915acf5670,2264,speaker-subset,whole,0.6969964664310954,0.6819792833402938,0.7099032495737453,0.6960450148162288
shd,official,comparison:tuned:q8-i4-crc,44,official,4f9f85a32c066b9c2d3cab8c4d261553e762fae1287ee1f3e8c465f62865928b,crc,24a7948e83d6c36f8de5b8a715e8e536d4872a4450dc26ea53910a597810f894,e49c5a0941cd1ab7563977d5a8b88824c14e29a3046bb69f7aec5d688361dfa9,57ac446f18096446209c84cbc598ea821d682a426b5e975abca3ebe6e75f8622,cholesky,0.0001,held,eb61adcd6eadb518c4f65c0bb99027f363a45071089c4ba035537c915acf5670,424,speaker-subset,seen,0.8938679245283019,0.8831527279837326,0.8906715953353119,0.886541930791181
shd,official,comparison:tuned:q8-i4-crc,44,official,4f9f85a32c066b9c2d3cab8c4d261553e762fae1287ee1f3e8c465f62865928b,crc,24a7948e83d6c36f8de5b8a715e8e536d4872a4450dc26ea53910a597810f894,e49c5a0941cd1ab7563977d5a8b88824c14e29a3046bb69f7aec5d688361dfa9,57ac446f18096446209c84cbc598ea821d682a426b5e975abca3ebe6e75f8622,cholesky,0.0001,held,eb61adcd6eadb518c4f65c0bb99027f363a45071089c4ba035537c915acf5670,1840,speaker-subset,unseen,0.7907608695652174,0.7846292054235813,0.7992769075241011,0.7917703519374334
shd,official,comparison:tuned:q8-i4-crc,44,official,4f9f85a32c066b9c2d3cab8c4d261553e762fae1287ee1f3e8c465f62865928b,crc,24a7948e83d6c36f8de5b8a715e8e536d4872a4450dc26ea53910a597810f894,e49c5a0941cd1ab7563977d5a8b88824c14e29a3046bb69f7aec5d688361dfa9,57ac446f18096446209c84cbc598ea821d682a426b5e975abca3ebe6e75f8622,cholesky,0.0001,held,eb61adcd6eadb518c4f65c0bb99027f363a45071089c4ba035537c915acf5670,2264,speaker-subset,whole,0.8100706713780919,0.8021282958307913,0.8138497683956281,0.8079544769671475
shd,official,comparison:tuned:q8-i4-qrc,44,official,7d14a39d5fd238493fa586e279ade90de4b7b1d0eeb8b8bdd7c990fba8c0b6e6,qrc,2569052f44979790c4af0407c0ad6fc4c5bb25d67940e2cdaa1d7ce4e42cbd7d,e49c5a0941cd1ab7563977d5a8b88824c14e29a3046bb69f7aec5d688361dfa9,57ac446f18096446209c84cbc598ea821d682a426b5e975abca3ebe6e75f8622,cholesky,0.1,held,eb61adcd6eadb518c4f65c0bb99027f363a45071089c4ba035537c915acf5670,424,speaker-subset,seen,0.8207547169811321,0.8025769636770821,0.8090045959459744,0.8098761430210082
shd,official,comparison:tuned:q8-i4-qrc,44,official,7d14a39d5fd238493fa586e279ade90de4b7b1d0eeb8b8bdd7c990fba8c0b6e6,qrc,2569052f44979790c4af0407c0ad6fc4c5bb25d67940e2cdaa1d7ce4e42cbd7d,e49c5a0941cd1ab7563977d5a8b88824c14e29a3046bb69f7aec5d688361dfa9,57ac446f18096446209c84cbc598ea821d682a426b5e975abca3ebe6e75f8622,cholesky,0.1,held,eb61adcd6eadb518c4f65c0bb99027f363a45071089c4ba035537c915acf5670,1840,speaker-subset,unseen,0.7668478260869566,0.7562188359021689,0.7832558256729099,0.7689121933878422
shd,official,comparison:tuned:q8-i4-qrc,44,official,7d14a39d5fd238493fa586e279ade90de4b7b1d0eeb8b8bdd7c990fba8c0b6e6,qrc,2569052f44979790c4af0407c0ad6fc4c5bb25d67940e2cdaa1d7ce4e42cbd7d,e49c5a0941cd1ab7563977d5a8b88824c14e29a3046bb69f7aec5d688361dfa9,57ac446f18096446209c84cbc598ea821d682a426b5e975abca3ebe6e75f8622,cholesky,0.1,held,eb61adcd6eadb518c4f65c0bb99027f363a45071089c4ba035537c915acf5670,2264,speaker-subset,whole,0.7769434628975265,0.7659010635130122,0.7843960671119498,0.7755769605079008
shd,official,comparison:tuned:q8-i6-crc,44,official,63289a1525df0134c30aa4ae088ae1eff9e13540ad2e3a5ed43b9af23a8813c8,crc,e76bb345115103a193696f8017914418720fa5806c0fc780d3f38e6aedefad7e,955b1fde3ee935633e41f181c46f829a39569a9aea30fac0703af5835a1657fb,57ac446f18096446209c84cbc598ea821d682a426b5e975abca3ebe6e75f8622,cholesky,1.0,held,eb61adcd6eadb518c4f65c0bb99027f363a45071089c4ba035537c915acf5670,424,speaker-subset,seen,0.8278301886792453,0.8114235874757594,0.8164913941289462,0.8204200918258264
shd,official,comparison:tuned:q8-i6-crc,44,official,63289a1525df0134c30aa4ae088ae1eff9e13540ad2e3a5ed43b9af23a8813c8,crc,e76bb345115103a193696f8017914418720fa5806c0fc780d3f38e6aedefad7e,955b1fde3ee935633e41f181c46f829a39569a9aea30fac0703af5835a1657fb,57ac446f18096446209c84cbc598ea821d682a426b5e975abca3ebe6e75f8622,cholesky,1.0,held,eb61adcd6eadb518c4f65c0bb99027f363a45071089c4ba035537c915acf5670,1840,speaker-subset,unseen,0.7418478260869565,0.7345843435293109,0.8169592624094012,0.748341035667733
shd,official,comparison:tuned:q8-i6-crc,44,official,63289a1525df0134c30aa4ae088ae1eff9e13540ad2e3a5ed43b9af23a8813c8,crc,e76bb345115103a193696f8017914418720fa5806c0fc780d3f38e6aedefad7e,955b1fde3ee935633e41f181c46f829a39569a9aea30fac0703af5835a1657fb,57ac446f18096446209c84cbc598ea821d682a426b5e975abca3ebe6e75f8622,cholesky,1.0,held,eb61adcd6eadb518c4f65c0bb99027f363a45071089c4ba035537c915acf5670,2264,speaker-subset,whole,0.7579505300353356,0.7489689475316916,0.8060967202667371,0.7600992477763496
shd,official,comparison:tuned:q8-i6-qrc,44,official,b30a18509a2788bd448a44aab382fc06f2d4030d5767ad74032fad34399e6289,qrc,78d488f4944130a8405c0d925233827f0351a7bb38c48295d62fd581c92fabc1,955b1fde3ee935633e41f181c46f829a39569a9aea30fac0703af5835a1657fb,57ac446f18096446209c84cbc598ea821d682a426b5e975abca3ebe6e75f8622,cholesky,0.1,held,eb61adcd6eadb518c4f65c0bb99027f363a45071089c4ba035537c915acf5670,424,speaker-subset,seen,0.8632075471698113,0.8470148062944387,0.8506344933365394,0.8522673602010183
shd,official,comparison:tuned:q8-i6-qrc,44,official,b30a18509a2788bd448a44aab382fc06f2d4030d5767ad74032fad34399e6289,qrc,78d488f4944130a8405c0d925233827f0351a7bb38c48295d62fd581c92fabc1,955b1fde3ee935633e41f181c46f829a39569a9aea30fac0703af5835a1657fb,57ac446f18096446209c84cbc598ea821d682a426b5e975abca3ebe6e75f8622,cholesky,0.1,held,eb61adcd6eadb518c4f65c0bb99027f363a45071089c4ba035537c915acf5670,1840,speaker-subset,unseen,0.7820652173913043,0.7771547686061304,0.8203246554584475,0.7870778528261642
shd,official,comparison:tuned:q8-i6-qrc,44,official,b30a18509a2788bd448a44aab382fc06f2d4030d5767ad74032fad34399e6289,qrc,78d488f4944130a8405c0d925233827f0351a7bb38c48295d62fd581c92fabc1,955b1fde3ee935633e41f181c46f829a39569a9aea30fac0703af5835a1657fb,57ac446f18096446209c84cbc598ea821d682a426b5e975abca3ebe6e75f8622,cholesky,0.1,held,eb61adcd6eadb518c4f65c0bb99027f363a45071089c4ba035537c915acf5670,2264,speaker-subset,whole,0.7972614840989399,0.790236306082909,0.8201954377247581,0.7978928369251035
shd,official,observations:crc2:all,44,official,1fd36ce890b4ce3067724eeb1ad5e75675b3750d401261ad6bf5541d3bd0fec1,crc,7437e12e451c6fe23dedffcba8427f6b1ff3eef90ac8d44c5de93188b3a2dce7,55cd3e5a9b52d613b3f33169af6b9a8086a62d15238441e5d3e96dc6e3227aa8,57ac446f18096446209c84cbc598ea821d682a426b5e975abca3ebe6e75f8622,lsqr,0.01,held,eb61adcd6eadb518c4f65c0bb99027f363a45071089c4ba035537c915acf5670,424,speaker-subset,seen,0.7334905660377359,0.7152520544014317,0.7429454926165453,0.7315589783224715
shd,official,observations:crc2:all,44,official,1fd36ce890b4ce3067724eeb1ad5e75675b3750d401261ad6bf5541d3bd0fec1,crc,7437e12e451c6fe23dedffcba8427f6b1ff3eef90ac8d44c5de93188b3a2dce7,55cd3e5a9b52d613b3f33169af6b9a8086a62d15238441e5d3e96dc6e3227aa8,57ac446f18096446209c84cbc598ea821d682a426b5e975abca3ebe6e75f8622,lsqr,0.01,held,eb61adcd6eadb518c4f65c0bb99027f363a45071089c4ba035537c915acf5670,1840,speaker-subset,unseen,0.6054347826086957,0.5831942582789318,0.6258285593249997,0.6082355729351818
shd,official,observations:crc2:all,44,official,1fd36ce890b4ce3067724eeb1ad5e75675b3750d401261ad6bf5541d3bd0fec1,crc,7437e12e451c6fe23dedffcba8427f6b1ff3eef90ac8d44c5de93188b3a2dce7,55cd3e5a9b52d613b3f33169af6b9a8086a62d15238441e5d3e96dc6e3227aa8,57ac446f18096446209c84cbc598ea821d682a426b5e975abca3ebe6e75f8622,lsqr,0.01,held,eb61adcd6eadb518c4f65c0bb99027f363a45071089c4ba035537c915acf5670,2264,speaker-subset,whole,0.6294169611307421,0.6086192557643383,0.6471267569674404,0.6299753522147282
shd,official,observations:crc2:products,44,official,6ae66d35da54d00c5e70f9782333548ed628bc7c7270ab0a2c8624787a3f6142,crc,a9f09719ec1a1bf2f7e49f21f4da4eeb0c65e7b6d6e6d7db70c346cec543cdee,55cd3e5a9b52d613b3f33169af6b9a8086a62d15238441e5d3e96dc6e3227aa8,57ac446f18096446209c84cbc598ea821d682a426b5e975abca3ebe6e75f8622,lsqr,0.1,held,eb61adcd6eadb518c4f65c0bb99027f363a45071089c4ba035537c915acf5670,424,speaker-subset,seen,0.6981132075471698,0.6596722474458769,0.6926279187418555,0.6881745156600853
shd,official,observations:crc2:products,44,official,6ae66d35da54d00c5e70f9782333548ed628bc7c7270ab0a2c8624787a3f6142,crc,a9f09719ec1a1bf2f7e49f21f4da4eeb0c65e7b6d6e6d7db70c346cec543cdee,55cd3e5a9b52d613b3f33169af6b9a8086a62d15238441e5d3e96dc6e3227aa8,57ac446f18096446209c84cbc598ea821d682a426b5e975abca3ebe6e75f8622,lsqr,0.1,held,eb61adcd6eadb518c4f65c0bb99027f363a45071089c4ba035537c915acf5670,1840,speaker-subset,unseen,0.5891304347826087,0.565100694498984,0.6328682379494805,0.5921199194217325
shd,official,observations:crc2:products,44,official,6ae66d35da54d00c5e70f9782333548ed628bc7c7270ab0a2c8624787a3f6142,crc,a9f09719ec1a1bf2f7e49f21f4da4eeb0c65e7b6d6e6d7db70c346cec543cdee,55cd3e5a9b52d613b3f33169af6b9a8086a62d15238441e5d3e96dc6e3227aa8,57ac446f18096446209c84cbc598ea821d682a426b5e975abca3ebe6e75f8622,lsqr,0.1,held,eb61adcd6eadb518c4f65c0bb99027f363a45071089c4ba035537c915acf5670,2264,speaker-subset,whole,0.6095406360424028,0.5835376753651478,0.6404471759646214,0.6104688630190669
shd,official,observations:crc2:width24,44,official,ab7086fd6010d2f3afa5bc78572088a815d8b948112d9953fead54d908534cfa,crc,0a577d9cc8e47b1c37adf85ccddd8f1e54a0cd721232c21e5d5cd18bb286612e,55cd3e5a9b52d613b3f33169af6b9a8086a62d15238441e5d3e96dc6e3227aa8,57ac446f18096446209c84cbc598ea821d682a426b5e975abca3ebe6e75f8622,lsqr,0.01,held,eb61adcd6eadb518c4f65c0bb99027f363a45071089c4ba035537c915acf5670,424,speaker-subset,seen,0.7688679245283019,0.7545614600329299,0.7675049158538524,0.76726587906929
shd,official,observations:crc2:width24,44,official,ab7086fd6010d2f3afa5bc78572088a815d8b948112d9953fead54d908534cfa,crc,0a577d9cc8e47b1c37adf85ccddd8f1e54a0cd721232c21e5d5cd18bb286612e,55cd3e5a9b52d613b3f33169af6b9a8086a62d15238441e5d3e96dc6e3227aa8,57ac446f18096446209c84cbc598ea821d682a426b5e975abca3ebe6e75f8622,lsqr,0.01,held,eb61adcd6eadb518c4f65c0bb99027f363a45071089c4ba035537c915acf5670,1840,speaker-subset,unseen,0.5559782608695653,0.5417691424250166,0.5676165604821299,0.5569439507050598
shd,official,observations:crc2:width24,44,official,ab7086fd6010d2f3afa5bc78572088a815d8b948112d9953fead54d908534cfa,crc,0a577d9cc8e47b1c37adf85ccddd8f1e54a0cd721232c21e5d5cd18bb286612e,55cd3e5a9b52d613b3f33169af6b9a8086a62d15238441e5d3e96dc6e3227aa8,57ac446f18096446209c84cbc598ea821d682a426b5e975abca3ebe6e75f8622,lsqr,0.01,held,eb61adcd6eadb518c4f65c0bb99027f363a45071089c4ba035537c915acf5670,2264,speaker-subset,whole,0.5958480565371025,0.5825984975236258,0.6025915668875468,0.5957066417826111
shd,official,observations:crc4:all,44,official,873b417ea25cd86e44b4adaf1cced3b2c3bb39bf4f5d659358001461e8007f4e,crc,c906596e5de4902abfaa05fb1674b2b990ab80b1a82170c9bb3c3ee38797961a,e49c5a0941cd1ab7563977d5a8b88824c14e29a3046bb69f7aec5d688361dfa9,57ac446f18096446209c84cbc598ea821d682a426b5e975abca3ebe6e75f8622,lsqr,0.01,held,eb61adcd6eadb518c4f65c0bb99027f363a45071089c4ba035537c915acf5670,424,speaker-subset,seen,0.7806603773584906,0.7688152311615459,0.7831546959195365,0.7762572535951472
shd,official,observations:crc4:all,44,official,873b417ea25cd86e44b4adaf1cced3b2c3bb39bf4f5d659358001461e8007f4e,crc,c906596e5de4902abfaa05fb1674b2b990ab80b1a82170c9bb3c3ee38797961a,e49c5a0941cd1ab7563977d5a8b88824c14e29a3046bb69f7aec5d688361dfa9,57ac446f18096446209c84cbc598ea821d682a426b5e975abca3ebe6e75f8622,lsqr,0.01,held,eb61adcd6eadb518c4f65c0bb99027f363a45071089c4ba035537c915acf5670,1840,speaker-subset,unseen,0.6173913043478261,0.6007753969647581,0.6307391268940142,0.6192795354899869
shd,official,observations:crc4:all,44,official,873b417ea25cd86e44b4adaf1cced3b2c3bb39bf4f5d659358001461e8007f4e,crc,c906596e5de4902abfaa05fb1674b2b990ab80b1a82170c9bb3c3ee38797961a,e49c5a0941cd1ab7563977d5a8b88824c14e29a3046bb69f7aec5d688361dfa9,57ac446f18096446209c84cbc598ea821d682a426b5e975abca3ebe6e75f8622,lsqr,0.01,held,eb61adcd6eadb518c4f65c0bb99027f363a45071089c4ba035537c915acf5670,2264,speaker-subset,whole,0.6479681978798587,0.6320468308982872,0.6570150391626475,0.6467722079891479
shd,official,observations:crc4:products,44,official,2e8913309b4e3bcf9c2af09c8017d7da91453ea301913d371bd9ec43cccd3701,crc,274e610f0832ddbd66e74962d254e129749f247d9d61d5295ec83a19343a9d46,e49c5a0941cd1ab7563977d5a8b88824c14e29a3046bb69f7aec5d688361dfa9,57ac446f18096446209c84cbc598ea821d682a426b5e975abca3ebe6e75f8622,lsqr,0.01,held,eb61adcd6eadb518c4f65c0bb99027f363a45071089c4ba035537c915acf5670,424,speaker-subset,seen,0.7830188679245284,0.7703121984254078,0.7823074417248426,0.7789191677679309
shd,official,observations:crc4:products,44,official,2e8913309b4e3bcf9c2af09c8017d7da91453ea301913d371bd9ec43cccd3701,crc,274e610f0832ddbd66e74962d254e129749f247d9d61d5295ec83a19343a9d46,e49c5a0941cd1ab7563977d5a8b88824c14e29a3046bb69f7aec5d688361dfa9,57ac446f18096446209c84cbc598ea821d682a426b5e975abca3ebe6e75f8622,lsqr,0.01,held,eb61adcd6eadb518c4f65c0bb99027f363a45071089c4ba035537c915acf5670,1840,speaker-subset,unseen,0.6201086956521739,0.6023571252516924,0.6256155673845087,0.6224493423391397
shd,official,observations:crc4:products,44,official,2e8913309b4e3bcf9c2af09c8017d7da91453ea301913d371bd9ec43cccd3701,crc,274e610f0832ddbd66e74962d254e129749f247d9d61d5295ec83a19343a9d46,e49c5a0941cd1ab7563977d5a8b88824c14e29a3046bb69f7aec5d688361dfa9,57ac446f18096446209c84cbc598ea821d682a426b5e975abca3ebe6e75f8622,lsqr,0.01,held,eb61adcd6eadb518c4f65c0bb99027f363a45071089c4ba035537c915acf5670,2264,speaker-subset,whole,0.6506183745583038,0.6332991580603111,0.6524908611272143,0.6497894559826138
shd,official,observations:crc4:width24,44,official,0a2564a01950101a3565761c21c3c698677322706a8a50c68713e6c49a1c90b5,crc,847af2383f1f6a844261d205c5d99e823db2f941438d88c4ccf391a31a788ef5,e49c5a0941cd1ab7563977d5a8b88824c14e29a3046bb69f7aec5d688361dfa9,57ac446f18096446209c84cbc598ea821d682a426b5e975abca3ebe6e75f8622,lsqr,0.1,held,eb61adcd6eadb518c4f65c0bb99027f363a45071089c4ba035537c915acf5670,424,speaker-subset,seen,0.8018867924528302,0.7843720790850572,0.7966149181490592,0.7934621471870347
shd,official,observations:crc4:width24,44,official,0a2564a01950101a3565761c21c3c698677322706a8a50c68713e6c49a1c90b5,crc,847af2383f1f6a844261d205c5d99e823db2f941438d88c4ccf391a31a788ef5,e49c5a0941cd1ab7563977d5a8b88824c14e29a3046bb69f7aec5d688361dfa9,57ac446f18096446209c84cbc598ea821d682a426b5e975abca3ebe6e75f8622,lsqr,0.1,held,eb61adcd6eadb518c4f65c0bb99027f363a45071089c4ba035537c915acf5670,1840,speaker-subset,unseen,0.6923913043478261,0.6785098575208928,0.715294005517224,0.6950349567484299
shd,official,observations:crc4:width24,44,official,0a2564a01950101a3565761c21c3c698677322706a8a50c68713e6c49a1c90b5,crc,847af2383f1f6a844261d205c5d99e823db2f941438d88c4ccf391a31a788ef5,e49c5a0941cd1ab7563977d5a8b88824c14e29a3046bb69f7aec5d688361dfa9,57ac446f18096446209c84cbc598ea821d682a426b5e975abca3ebe6e75f8622,lsqr,0.1,held,eb61adcd6eadb518c4f65c0bb99027f363a45071089c4ba035537c915acf5670,2264,speaker-subset,whole,0.7128975265017667,0.6988082692775099,0.7272799594054753,0.7121521051653789
shd,official,observations:projection:i2,44,official,b74738fd93be0559fb49a00a0619eb885d4458adfed3b46d441fe0cfd16af10d,projection,9f7f73642cf8a13573ca56999183d3caafe2adfbb52fce4f9299c722c99a54c6,55cd3e5a9b52d613b3f33169af6b9a8086a62d15238441e5d3e96dc6e3227aa8,57ac446f18096446209c84cbc598ea821d682a426b5e975abca3ebe6e75f8622,lsqr,0.1,held,eb61adcd6eadb518c4f65c0bb99027f363a45071089c4ba035537c915acf5670,424,speaker-subset,seen,0.5825471698113207,0.5423749101038626,0.5763329177998863,0.5799810080252359
shd,official,observations:projection:i2,44,official,b74738fd93be0559fb49a00a0619eb885d4458adfed3b46d441fe0cfd16af10d,projection,9f7f73642cf8a13573ca56999183d3caafe2adfbb52fce4f9299c722c99a54c6,55cd3e5a9b52d613b3f33169af6b9a8086a62d15238441e5d3e96dc6e3227aa8,57ac446f18096446209c84cbc598ea821d682a426b5e975abca3ebe6e75f8622,lsqr,0.1,held,eb61adcd6eadb518c4f65c0bb99027f363a45071089c4ba035537c915acf5670,1840,speaker-subset,unseen,0.5793478260869566,0.5531147181223187,0.6181604664968934,0.5797606351463443
shd,official,observations:projection:i2,44,official,b74738fd93be0559fb49a00a0619eb885d4458adfed3b46d441fe0cfd16af10d,projection,9f7f73642cf8a13573ca56999183d3caafe2adfbb52fce4f9299c722c99a54c6,55cd3e5a9b52d613b3f33169af6b9a8086a62d15238441e5d3e96dc6e3227aa8,57ac446f18096446209c84cbc598ea821d682a426b5e975abca3ebe6e75f8622,lsqr,0.1,held,eb61adcd6eadb518c4f65c0bb99027f363a45071089c4ba035537c915acf5670,2264,speaker-subset,whole,0.5799469964664311,0.5503972296588032,0.6138558436265545,0.5787607176156511
shd,official,observations:projection:i4,44,official,fbb90ff5d421bcaa0548fc7812ea1874070ef14c2d8fd220714f8c02858002a9,projection,8c97f9a42cdaa3596167b29c6a1000db7c9ce05ab9f7bccead164ea20f184d0e,e49c5a0941cd1ab7563977d5a8b88824c14e29a3046bb69f7aec5d688361dfa9,57ac446f18096446209c84cbc598ea821d682a426b5e975abca3ebe6e75f8622,lsqr,0.1,held,eb61adcd6eadb518c4f65c0bb99027f363a45071089c4ba035537c915acf5670,424,speaker-subset,seen,0.6863207547169812,0.6560650126599564,0.6769757434003763,0.6780375846667077
shd,official,observations:projection:i4,44,official,fbb90ff5d421bcaa0548fc7812ea1874070ef14c2d8fd220714f8c02858002a9,projection,8c97f9a42cdaa3596167b29c6a1000db7c9ce05ab9f7bccead164ea20f184d0e,e49c5a0941cd1ab7563977d5a8b88824c14e29a3046bb69f7aec5d688361dfa9,57ac446f18096446209c84cbc598ea821d682a426b5e975abca3ebe6e75f8622,lsqr,0.1,held,eb61adcd6eadb518c4f65c0bb99027f363a45071089c4ba035537c915acf5670,1840,speaker-subset,unseen,0.6793478260869565,0.6620299081491002,0.7066826826287425,0.6809456096693921
shd,official,observations:projection:i4,44,official,fbb90ff5d421bcaa0548fc7812ea1874070ef14c2d8fd220714f8c02858002a9,projection,8c97f9a42cdaa3596167b29c6a1000db7c9ce05ab9f7bccead164ea20f184d0e,e49c5a0941cd1ab7563977d5a8b88824c14e29a3046bb69f7aec5d688361dfa9,57ac446f18096446209c84cbc598ea821d682a426b5e975abca3ebe6e75f8622,lsqr,0.1,held,eb61adcd6eadb518c4f65c0bb99027f363a45071089c4ba035537c915acf5670,2264,speaker-subset,whole,0.6806537102473498,0.6619530472613546,0.695261492576267,0.678606381404782
shd,official,observations:qrc2:all,44,official,1c508aa0283982dbebec8c361aa94d8d326dc9cf7a4b21d6d1e0defa8bd2551b,qrc,c2237eb5c1183d73bbb9368168ef296cb200b161dbdb341a62688cb85ce6ac45,55cd3e5a9b52d613b3f33169af6b9a8086a62d15238441e5d3e96dc6e3227aa8,57ac446f18096446209c84cbc598ea821d682a426b5e975abca3ebe6e75f8622,lsqr,0.1,held,eb61adcd6eadb518c4f65c0bb99027f363a45071089c4ba035537c915acf5670,424,speaker-subset,seen,0.7193396226415094,0.6987083189177473,0.7107238728911623,0.7130160141027833
shd,official,observations:qrc2:all,44,official,1c508aa0283982dbebec8c361aa94d8d326dc9cf7a4b21d6d1e0defa8bd2551b,qrc,c2237eb5c1183d73bbb9368168ef296cb200b161dbdb341a62688cb85ce6ac45,55cd3e5a9b52d613b3f33169af6b9a8086a62d15238441e5d3e96dc6e3227aa8,57ac446f18096446209c84cbc598ea821d682a426b5e975abca3ebe6e75f8622,lsqr,0.1,held,eb61adcd6eadb518c4f65c0bb99027f363a45071089c4ba035537c915acf5670,1840,speaker-subset,unseen,0.6331521739130435,0.6114533493272606,0.6479583209159705,0.636301694513568
shd,official,observations:qrc2:all,44,official,1c508aa0283982dbebec8c361aa94d8d326dc9cf7a4b21d6d1e0defa8bd2551b,qrc,c2237eb5c1183d73bbb9368168ef296cb200b161dbdb341a62688cb85ce6ac45,55cd3e5a9b52d613b3f33169af6b9a8086a62d15238441e5d3e96dc6e3227aa8,57ac446f18096446209c84cbc598ea821d682a426b5e975abca3ebe6e75f8622,lsqr,0.1,held,eb61adcd6eadb518c4f65c0bb99027f363a45071089c4ba035537c915acf5670,2264,speaker-subset,whole,0.6492932862190812,0.6273163659531791,0.6574743162229315,0.6496218811284475
shd,official,observations:qrc2:products,44,official,ccbb3a1022fe453188388588b0fea80935acc71e35d168af1b980fe1b0b3838c,qrc,20178b2b2eb21024622d89ccc6f3f49de01a0226a89a1d984f609dbea56e13d9,55cd3e5a9b52d613b3f33169af6b9a8086a62d15238441e5d3e96dc6e3227aa8,57ac446f18096446209c84cbc598ea821d682a426b5e975abca3ebe6e75f8622,lsqr,0.1,held,eb61adcd6eadb518c4f65c0bb99027f363a45071089c4ba035537c915acf5670,424,speaker-subset,seen,0.7429245283018868,0.7246689932787296,0.7353845497783791,0.7371240300803644
shd,official,observations:qrc2:products,44,official,ccbb3a1022fe453188388588b0fea80935acc71e35d168af1b980fe1b0b3838c,qrc,20178b2b2eb21024622d89ccc6f3f49de01a0226a89a1d984f609dbea56e13d9,55cd3e5a9b52d613b3f33169af6b9a8086a62d15238441e5d3e96dc6e3227aa8,57ac446f18096446209c84cbc598ea821d682a426b5e975abca3ebe6e75f8622,lsqr,0.1,held,eb61adcd6eadb518c4f65c0bb99027f363a45071089c4ba035537c915acf5670,1840,speaker-subset,unseen,0.6407608695652174,0.6180500595758922,0.656458043171474,0.6439921791681479
shd,official,observations:qrc2:products,44,official,ccbb3a1022fe453188388588b0fea80935acc71e35d168af1b980fe1b0b3838c,qrc,20178b2b2eb21024622d89ccc6f3f49de01a0226a89a1d984f609dbea56e13d9,55cd3e5a9b52d613b3f33169af6b9a8086a62d15238441e5d3e96dc6e3227aa8,57ac446f18096446209c84cbc598ea821d682a426b5e975abca3ebe6e75f8622,lsqr,0.1,held,eb61adcd6eadb518c4f65c0bb99027f363a45071089c4ba035537c915acf5670,2264,speaker-subset,whole,0.6598939929328622,0.6377870968977563,0.6704018950250858,0.6603480367908191
shd,official,observations:qrc2:zz,44,official,ce848420860abf047340e4e86f8b70bbeb0935478a66965e0ffda2f9ccce264d,qrc,57e31aa5d4397fcfd337754f9453d1189b8768fae7acacea2241f7aec803be68,55cd3e5a9b52d613b3f33169af6b9a8086a62d15238441e5d3e96dc6e3227aa8,57ac446f18096446209c84cbc598ea821d682a426b5e975abca3ebe6e75f8622,lsqr,0.1,held,eb61adcd6eadb518c4f65c0bb99027f363a45071089c4ba035537c915acf5670,424,speaker-subset,seen,0.7452830188679245,0.7251106368350637,0.7324303867653311,0.7376927556382206
shd,official,observations:qrc2:zz,44,official,ce848420860abf047340e4e86f8b70bbeb0935478a66965e0ffda2f9ccce264d,qrc,57e31aa5d4397fcfd337754f9453d1189b8768fae7acacea2241f7aec803be68,55cd3e5a9b52d613b3f33169af6b9a8086a62d15238441e5d3e96dc6e3227aa8,57ac446f18096446209c84cbc598ea821d682a426b5e975abca3ebe6e75f8622,lsqr,0.1,held,eb61adcd6eadb518c4f65c0bb99027f363a45071089c4ba035537c915acf5670,1840,speaker-subset,unseen,0.6445652173913043,0.6236936295057695,0.6609333650254565,0.6477781727692855
shd,official,observations:qrc2:zz,44,official,ce848420860abf047340e4e86f8b70bbeb0935478a66965e0ffda2f9ccce264d,qrc,57e31aa5d4397fcfd337754f9453d1189b8768fae7acacea2241f7aec803be68,55cd3e5a9b52d613b3f33169af6b9a8086a62d15238441e5d3e96dc6e3227aa8,57ac446f18096446209c84cbc598ea821d682a426b5e975abca3ebe6e75f8622,lsqr,0.1,held,eb61adcd6eadb518c4f65c0bb99027f363a45071089c4ba035537c915acf5670,2264,speaker-subset,whole,0.6634275618374559,0.642209394763191,0.6697517530824043,0.6639111810134368
shd,official,observations:qrc4:all,44,official,e2d216180266ee61a487147f34d7d8fa10e2d15df968b7067e1722474967ded0,qrc,acbd69c0f26b31a6ea0d88f288bb37830d8b3ed3c85aee9c426315d257e77480,e49c5a0941cd1ab7563977d5a8b88824c14e29a3046bb69f7aec5d688361dfa9,57ac446f18096446209c84cbc598ea821d682a426b5e975abca3ebe6e75f8622,lsqr,0.1,held,eb61adcd6eadb518c4f65c0bb99027f363a45071089c4ba035537c915acf5670,424,speaker-subset,seen,0.7995283018867925,0.7854171968977111,0.7940236457012773,0.7978529051810537
shd,official,observations:qrc4:all,44,official,e2d216180266ee61a487147f34d7d8fa10e2d15df968b7067e1722474967ded0,qrc,acbd69c0f26b31a6ea0d88f288bb37830d8b3ed3c85aee9c426315d257e77480,e49c5a0941cd1ab7563977d5a8b88824c14e29a3046bb69f7aec5d688361dfa9,57ac446f18096446209c84cbc598ea821d682a426b5e975abca3ebe6e75f8622,lsqr,0.1,held,eb61adcd6eadb518c4f65c0bb99027f363a45071089c4ba035537c915acf5670,1840,speaker-subset,unseen,0.6820652173913043,0.663534912023942,0.6968284624115149,0.6848856499585259
shd,official,observations:qrc4:all,44,official,e2d216180266ee61a487147f34d7d8fa10e2d15df968b7067e1722474967ded0,qrc,acbd69c0f26b31a6ea0d88f288bb37830d8b3ed3c85aee9c426315d257e77480,e49c5a0941cd1ab7563977d5a8b88824c14e29a3046bb69f7aec5d688361dfa9,57ac446f18096446209c84cbc598ea821d682a426b5e975abca3ebe6e75f8622,lsqr,0.1,held,eb61adcd6eadb518c4f65c0bb99027f363a45071089c4ba035537c915acf5670,2264,speaker-subset,whole,0.7040636042402827,0.6859039703887528,0.7128430282720646,0.7031600773072452
shd,official,observations:qrc4:products,44,official,82b17f39d82a3c58eee59619b528160273f45e0ab5e44358776a3e77c160d64a,qrc,2cf0955e9bd5397881de475842673b227cfc4695a3dfc468284a8157193fd49e,e49c5a0941cd1ab7563977d5a8b88824c14e29a3046bb69f7aec5d688361dfa9,57ac446f18096446209c84cbc598ea821d682a426b5e975abca3ebe6e75f8622,lsqr,0.1,held,eb61adcd6eadb518c4f65c0bb99027f363a45071089c4ba035537c915acf5670,424,speaker-subset,seen,0.8231132075471698,0.8103202227672147,0.8198440792405324,0.8193877528365909
shd,official,observations:qrc4:products,44,official,82b17f39d82a3c58eee59619b528160273f45e0ab5e44358776a3e77c160d64a,qrc,2cf0955e9bd5397881de475842673b227cfc4695a3dfc468284a8157193fd49e,e49c5a0941cd1ab7563977d5a8b88824c14e29a3046bb69f7aec5d688361dfa9,57ac446f18096446209c84cbc598ea821d682a426b5e975abca3ebe6e75f8622,lsqr,0.1,held,eb61adcd6eadb518c4f65c0bb99027f363a45071089c4ba035537c915acf5670,1840,speaker-subset,unseen,0.6929347826086957,0.6758333239302412,0.7098842008135542,0.6956689181182605
shd,official,observations:qrc4:products,44,official,82b17f39d82a3c58eee59619b528160273f45e0ab5e44358776a3e77c160d64a,qrc,2cf0955e9bd5397881de475842673b227cfc4695a3dfc468284a8157193fd49e,e49c5a0941cd1ab7563977d5a8b88824c14e29a3046bb69f7aec5d688361dfa9,57ac446f18096446209c84cbc598ea821d682a426b5e975abca3ebe6e75f8622,lsqr,0.1,held,eb61adcd6eadb518c4f65c0bb99027f363a45071089c4ba035537c915acf5670,2264,speaker-subset,whole,0.7173144876325088,0.7006161796303161,0.7303061197637162,0.7161604731529521
shd,official,observations:qrc4:zz,44,official,2f3f7210103a38681171de5d125053889446567f266cc811fbae317b289684cb,qrc,5716ca84321b84882a569ef3f79efc899ac8138152360c82dde106ca5be5c007,e49c5a0941cd1ab7563977d5a8b88824c14e29a3046bb69f7aec5d688361dfa9,57ac446f18096446209c84cbc598ea821d682a426b5e975abca3ebe6e75f8622,lsqr,0.1,held,eb61adcd6eadb518c4f65c0bb99027f363a45071089c4ba035537c915acf5670,424,speaker-subset,seen,0.8136792452830188,0.8006331856480532,0.8109079785339846,0.8094406628895008
shd,official,observations:qrc4:zz,44,official,2f3f7210103a38681171de5d125053889446567f266cc811fbae317b289684cb,qrc,5716ca84321b84882a569ef3f79efc899ac8138152360c82dde106ca5be5c007,e49c5a0941cd1ab7563977d5a8b88824c14e29a3046bb69f7aec5d688361dfa9,57ac446f18096446209c84cbc598ea821d682a426b5e975abca3ebe6e75f8622,lsqr,0.1,held,eb61adcd6eadb518c4f65c0bb99027f363a45071089c4ba035537c915acf5670,1840,speaker-subset,unseen,0.6869565217391305,0.6704437300293664,0.7039799323264055,0.6897618201208674
shd,official,observations:qrc4:zz,44,official,2f3f7210103a38681171de5d125053889446567f266cc811fbae317b289684cb,qrc,5716ca84321b84882a569ef3f79efc899ac8138152360c82dde106ca5be5c007,e49c5a0941cd1ab7563977d5a8b88824c14e29a3046bb69f7aec5d688361dfa9,57ac446f18096446209c84cbc598ea821d682a426b5e975abca3ebe6e75f8622,lsqr,0.1,held,eb61adcd6eadb518c4f65c0bb99027f363a45071089c4ba035537c915acf5670,2264,speaker-subset,whole,0.7106890459363958,0.6942723134486359,0.7231846665052291,0.7096043213359432
shd,official,practical:large-crc,44,official,098d568f097c2e272fff3931746706f9da1c1e7b66ecfb552a73104b5fb93fdd,crc,461a860e1fa254a8db588f76d5849cd38db711366f94ee6857a15c8922208c47,ae5bc743be4f044f2a359c50f1d803b3b1d5e1fe25bce151dc5ee9b5d8c26534,57ac446f18096446209c84cbc598ea821d682a426b5e975abca3ebe6e75f8622,lsqr,0.1,held,eb61adcd6eadb518c4f65c0bb99027f363a45071089c4ba035537c915acf5670,424,speaker-subset,seen,0.9764150943396226,0.9743128590736321,0.9757574356328226,0.9749895042558085
shd,official,practical:large-crc,44,official,098d568f097c2e272fff3931746706f9da1c1e7b66ecfb552a73104b5fb93fdd,crc,461a860e1fa254a8db588f76d5849cd38db711366f94ee6857a15c8922208c47,ae5bc743be4f044f2a359c50f1d803b3b1d5e1fe25bce151dc5ee9b5d8c26534,57ac446f18096446209c84cbc598ea821d682a426b5e975abca3ebe6e75f8622,lsqr,0.1,held,eb61adcd6eadb518c4f65c0bb99027f363a45071089c4ba035537c915acf5670,1840,speaker-subset,unseen,0.8114130434782608,0.8120851435736371,0.8397898918948113,0.8162163763479084
shd,official,practical:large-crc,44,official,098d568f097c2e272fff3931746706f9da1c1e7b66ecfb552a73104b5fb93fdd,crc,461a860e1fa254a8db588f76d5849cd38db711366f94ee6857a15c8922208c47,ae5bc743be4f044f2a359c50f1d803b3b1d5e1fe25bce151dc5ee9b5d8c26534,57ac446f18096446209c84cbc598ea821d682a426b5e975abca3ebe6e75f8622,lsqr,0.1,held,eb61adcd6eadb518c4f65c0bb99027f363a45071089c4ba035537c915acf5670,2264,speaker-subset,whole,0.8423144876325088,0.8414692336001176,0.8621504170219195,0.8442550612262174
shd,official,practical:lstm,44,official,bf5b09f783a7efe9b35957150d016aa1814423fd89439f553eb183e93e35ae9c,lstm,98e958e280cc87a92b2cd1772c3e433d8163d0396d18a1d5695da378bb6f465d,rich-input,57ac446f18096446209c84cbc598ea821d682a426b5e975abca3ebe6e75f8622,cholesky,,held,eb61adcd6eadb518c4f65c0bb99027f363a45071089c4ba035537c915acf5670,424,speaker-subset,seen,0.9457547169811321,0.9411504396126716,0.9464774370366473,0.942146874663179
shd,official,practical:lstm,44,official,bf5b09f783a7efe9b35957150d016aa1814423fd89439f553eb183e93e35ae9c,lstm,98e958e280cc87a92b2cd1772c3e433d8163d0396d18a1d5695da378bb6f465d,rich-input,57ac446f18096446209c84cbc598ea821d682a426b5e975abca3ebe6e75f8622,cholesky,,held,eb61adcd6eadb518c4f65c0bb99027f363a45071089c4ba035537c915acf5670,1840,speaker-subset,unseen,0.8168478260869565,0.8097994416370108,0.8428341682211986,0.817223604692499
shd,official,practical:lstm,44,official,bf5b09f783a7efe9b35957150d016aa1814423fd89439f553eb183e93e35ae9c,lstm,98e958e280cc87a92b2cd1772c3e433d8163d0396d18a1d5695da378bb6f465d,rich-input,57ac446f18096446209c84cbc598ea821d682a426b5e975abca3ebe6e75f8622,cholesky,,held,eb61adcd6eadb518c4f65c0bb99027f363a45071089c4ba035537c915acf5670,2264,speaker-subset,whole,0.8409893992932862,0.8335759006583094,0.8590344868221212,0.8377302826755388
shd,official,practical:transformer,44,official,f730ad2438c8d3be23911d57181c773e6ade8cc3b84f23af1556e55d0ba91747,transformer,9e215d266049fcfcd0278a2f2b93ea8205bf791fc672a0a71f5e1e090671e60e,rich-input,57ac446f18096446209c84cbc598ea821d682a426b5e975abca3ebe6e75f8622,cholesky,,held,eb61adcd6eadb518c4f65c0bb99027f363a45071089c4ba035537c915acf5670,424,speaker-subset,seen,0.9599056603773585,0.9585868579329141,0.9606101888000506,0.9595506405832493
shd,official,practical:transformer,44,official,f730ad2438c8d3be23911d57181c773e6ade8cc3b84f23af1556e55d0ba91747,transformer,9e215d266049fcfcd0278a2f2b93ea8205bf791fc672a0a71f5e1e090671e60e,rich-input,57ac446f18096446209c84cbc598ea821d682a426b5e975abca3ebe6e75f8622,cholesky,,held,eb61adcd6eadb518c4f65c0bb99027f363a45071089c4ba035537c915acf5670,1840,speaker-subset,unseen,0.8065217391304348,0.8092054158304679,0.8365936507477505,0.8101552316625193
shd,official,practical:transformer,44,official,f730ad2438c8d3be23911d57181c773e6ade8cc3b84f23af1556e55d0ba91747,transformer,9e215d266049fcfcd0278a2f2b93ea8205bf791fc672a0a71f5e1e090671e60e,rich-input,57ac446f18096446209c84cbc598ea821d682a426b5e975abca3ebe6e75f8622,cholesky,,held,eb61adcd6eadb518c4f65c0bb99027f363a45071089c4ba035537c915acf5670,2264,speaker-subset,whole,0.8352473498233216,0.8362242917197907,0.8561505313288086,0.8365683261449718
shd,official,recurrence:crc:all,44,official,c49fe318ec050177a647529a375837861997eae786229936dd349a94a058c979,crc,1a0bf4cd7a9a4ef864b71672e3878c0bbb1202d27b7b332511036a6f706abd1c,e49c5a0941cd1ab7563977d5a8b88824c14e29a3046bb69f7aec5d688361dfa9,57ac446f18096446209c84cbc598ea821d682a426b5e975abca3ebe6e75f8622,cholesky,0.001,held,eb61adcd6eadb518c4f65c0bb99027f363a45071089c4ba035537c915acf5670,424,speaker-subset,seen,0.8207547169811321,0.8024167162814146,0.8070707642031172,0.8124834758084385
shd,official,recurrence:crc:all,44,official,c49fe318ec050177a647529a375837861997eae786229936dd349a94a058c979,crc,1a0bf4cd7a9a4ef864b71672e3878c0bbb1202d27b7b332511036a6f706abd1c,e49c5a0941cd1ab7563977d5a8b88824c14e29a3046bb69f7aec5d688361dfa9,57ac446f18096446209c84cbc598ea821d682a426b5e975abca3ebe6e75f8622,cholesky,0.001,held,eb61adcd6eadb518c4f65c0bb99027f363a45071089c4ba035537c915acf5670,1840,speaker-subset,unseen,0.7554347826086957,0.7454970784533682,0.7753896505927355,0.7587984358336295
shd,official,recurrence:crc:all,44,official,c49fe318ec050177a647529a375837861997eae786229936dd349a94a058c979,crc,1a0bf4cd7a9a4ef864b71672e3878c0bbb1202d27b7b332511036a6f706abd1c,e49c5a0941cd1ab7563977d5a8b88824c14e29a3046bb69f7aec5d688361dfa9,57ac446f18096446209c84cbc598ea821d682a426b5e975abca3ebe6e75f8622,cholesky,0.001,held,eb61adcd6eadb518c4f65c0bb99027f363a45071089c4ba035537c915acf5670,2264,speaker-subset,whole,0.7676678445229682,0.7562188429882072,0.7776559675192074,0.766136420868519
shd,official,recurrence:crc:partial,44,official,18d6a61477fa7d9701ec8d5d3129d84e78069cf07496339ef9e731b8476e116c,crc,ecbd2365e6af46a84ae388b99104d9f2a19be8f8c516eb605308966253d79760,e49c5a0941cd1ab7563977d5a8b88824c14e29a3046bb69f7aec5d688361dfa9,57ac446f18096446209c84cbc598ea821d682a426b5e975abca3ebe6e75f8622,cholesky,0.001,held,eb61adcd6eadb518c4f65c0bb99027f363a45071089c4ba035537c915acf5670,424,speaker-subset,seen,0.8655660377358491,0.8577603256347981,0.8628884114027638,0.8630967361876282
shd,official,recurrence:crc:partial,44,official,18d6a61477fa7d9701ec8d5d3129d84e78069cf07496339ef9e731b8476e116c,crc,ecbd2365e6af46a84ae388b99104d9f2a19be8f8c516eb605308966253d79760,e49c5a0941cd1ab7563977d5a8b88824c14e29a3046bb69f7aec5d688361dfa9,57ac446f18096446209c84cbc598ea821d682a426b5e975abca3ebe6e75f8622,cholesky,0.001,held,eb61adcd6eadb518c4f65c0bb99027f363a45071089c4ba035537c915acf5670,1840,speaker-subset,unseen,0.7353260869565217,0.7255730647973638,0.7538207690347606,0.7380080578267567
shd,official,recurrence:crc:partial,44,official,18d6a61477fa7d9701ec8d5d3129d84e78069cf07496339ef9e731b8476e116c,crc,ecbd2365e6af46a84ae388b99104d9f2a19be8f8c516eb605308966253d79760,e49c5a0941cd1ab7563977d5a8b88824c14e29a3046bb69f7aec5d688361dfa9,57ac446f18096446209c84cbc598ea821d682a426b5e975abca3ebe6e75f8622,cholesky,0.001,held,eb61adcd6eadb518c4f65c0bb99027f363a45071089c4ba035537c915acf5670,2264,speaker-subset,whole,0.7597173144876325,0.7498217709000452,0.7723888597333611,0.7593130086768314
shd,official,recurrence:qrc:all,44,official,cab8367f318033458aca4df629d491b9d0286e7893762319c6e7bfdff4fde7eb,qrc,a7e63b622e4ebaffddb8e7d8e3b12e5d240179f78a7e6f8d74f41a9ebab87ab0,e49c5a0941cd1ab7563977d5a8b88824c14e29a3046bb69f7aec5d688361dfa9,57ac446f18096446209c84cbc598ea821d682a426b5e975abca3ebe6e75f8622,cholesky,0.1,held,eb61adcd6eadb518c4f65c0bb99027f363a45071089c4ba035537c915acf5670,424,speaker-subset,seen,0.7877358490566038,0.7699275627152138,0.7778768679222643,0.7821695607962476
shd,official,recurrence:qrc:all,44,official,cab8367f318033458aca4df629d491b9d0286e7893762319c6e7bfdff4fde7eb,qrc,a7e63b622e4ebaffddb8e7d8e3b12e5d240179f78a7e6f8d74f41a9ebab87ab0,e49c5a0941cd1ab7563977d5a8b88824c14e29a3046bb69f7aec5d688361dfa9,57ac446f18096446209c84cbc598ea821d682a426b5e975abca3ebe6e75f8622,cholesky,0.1,held,eb61adcd6eadb518c4f65c0bb99027f363a45071089c4ba035537c915acf5670,1840,speaker-subset,unseen,0.7206521739130435,0.7122217690056789,0.7444947115032974,0.7223130702689893
shd,official,recurrence:qrc:all,44,official,cab8367f318033458aca4df629d491b9d0286e7893762319c6e7bfdff4fde7eb,qrc,a7e63b622e4ebaffddb8e7d8e3b12e5d240179f78a7e6f8d74f41a9ebab87ab0,e49c5a0941cd1ab7563977d5a8b88824c14e29a3046bb69f7aec5d688361dfa9,57ac446f18096446209c84cbc598ea821d682a426b5e975abca3ebe6e75f8622,cholesky,0.1,held,eb61adcd6eadb518c4f65c0bb99027f363a45071089c4ba035537c915acf5670,2264,speaker-subset,whole,0.7332155477031802,0.7234951648013661,0.7461834820719956,0.7316676959732257
shd,official,recurrence:qrc:partial,44,official,b53f219f042c0596ad6e1ded27d47be7911b7621599445a2f86e94bbccb9d497,qrc,fff199542d25c67631273604f5cc5507aefeee30b56904171e997dad8ad0608d,e49c5a0941cd1ab7563977d5a8b88824c14e29a3046bb69f7aec5d688361dfa9,57ac446f18096446209c84cbc598ea821d682a426b5e975abca3ebe6e75f8622,cholesky,0.1,held,eb61adcd6eadb518c4f65c0bb99027f363a45071089c4ba035537c915acf5670,424,speaker-subset,seen,0.7830188679245284,0.7650258484453805,0.7769938773877236,0.7761403418198771
shd,official,recurrence:qrc:partial,44,official,b53f219f042c0596ad6e1ded27d47be7911b7621599445a2f86e94bbccb9d497,qrc,fff199542d25c67631273604f5cc5507aefeee30b56904171e997dad8ad0608d,e49c5a0941cd1ab7563977d5a8b88824c14e29a3046bb69f7aec5d688361dfa9,57ac446f18096446209c84cbc598ea821d682a426b5e975abca3ebe6e75f8622,cholesky,0.1,held,eb61adcd6eadb518c4f65c0bb99027f363a45071089c4ba035537c915acf5670,1840,speaker-subset,unseen,0.6864130434782608,0.6767460008990993,0.7001972517948647,0.6887723663941225
shd,official,recurrence:qrc:partial,44,official,b53f219f042c0596ad6e1ded27d47be7911b7621599445a2f86e94bbccb9d497,qrc,fff199542d25c67631273604f5cc5507aefeee30b56904171e997dad8ad0608d,e49c5a0941cd1ab7563977d5a8b88824c14e29a3046bb69f7aec5d688361dfa9,57ac446f18096446209c84cbc598ea821d682a426b5e975abca3ebe6e75f8622,cholesky,0.1,held,eb61adcd6eadb518c4f65c0bb99027f363a45071089c4ba035537c915acf5670,2264,speaker-subset,whole,0.7045053003533569,0.6935258994880217,0.7108202700284706,0.7030194043264756
shd,official,comparison:fixed12:q4-i2-crc,46,official,e1ef57a0d034ee8456842647dfc5fd4611cc13074e979c96bcdb6b0be7db81a0,crc,a560d44db0c661629b7c48b459042ae78e5779ad39545d336ff210f7a613ccdc,55cd3e5a9b52d613b3f33169af6b9a8086a62d15238441e5d3e96dc6e3227aa8,57ac446f18096446209c84cbc598ea821d682a426b5e975abca3ebe6e75f8622,cholesky,0.1,held,eb61adcd6eadb518c4f65c0bb99027f363a45071089c4ba035537c915acf5670,424,speaker-subset,seen,0.6650943396226415,0.6306732546665156,0.6590575587687495,0.6587984595503337
shd,official,comparison:fixed12:q4-i2-crc,46,official,e1ef57a0d034ee8456842647dfc5fd4611cc13074e979c96bcdb6b0be7db81a0,crc,a560d44db0c661629b7c48b459042ae78e5779ad39545d336ff210f7a613ccdc,55cd3e5a9b52d613b3f33169af6b9a8086a62d15238441e5d3e96dc6e3227aa8,57ac446f18096446209c84cbc598ea821d682a426b5e975abca3ebe6e75f8622,cholesky,0.1,held,eb61adcd6eadb518c4f65c0bb99027f363a45071089c4ba035537c915acf5670,1840,speaker-subset,unseen,0.5864130434782608,0.5644823285770355,0.613416433584619,0.5907275743571512
shd,official,comparison:fixed12:q4-i2-crc,46,official,e1ef57a0d034ee8456842647dfc5fd4611cc13074e979c96bcdb6b0be7db81a0,crc,a560d44db0c661629b7c48b459042ae78e5779ad39545d336ff210f7a613ccdc,55cd3e5a9b52d613b3f33169af6b9a8086a62d15238441e5d3e96dc6e3227aa8,57ac446f18096446209c84cbc598ea821d682a426b5e975abca3ebe6e75f8622,cholesky,0.1,held,eb61adcd6eadb518c4f65c0bb99027f363a45071089c4ba035537c915acf5670,2264,speaker-subset,whole,0.601148409893993,0.577779151235784,0.620213879856685,0.6029328885285276
shd,official,comparison:fixed12:q4-i2-qrc,46,official,55e4a37bc4a0e5b13f78125749f642e09718d5669df4e5bc33a35eafbcedb0bd,qrc,ff712c459052c1382a0d0a1f6b2d25f1046b3ebf200dd378a0d24cde56f59161,55cd3e5a9b52d613b3f33169af6b9a8086a62d15238441e5d3e96dc6e3227aa8,57ac446f18096446209c84cbc598ea821d682a426b5e975abca3ebe6e75f8622,cholesky,0.1,held,eb61adcd6eadb518c4f65c0bb99027f363a45071089c4ba035537c915acf5670,424,speaker-subset,seen,0.6297169811320755,0.61098592817242,0.6383502818209873,0.624923342919782
shd,official,comparison:fixed12:q4-i2-qrc,46,official,55e4a37bc4a0e5b13f78125749f642e09718d5669df4e5bc33a35eafbcedb0bd,qrc,ff712c459052c1382a0d0a1f6b2d25f1046b3ebf200dd378a0d24cde56f59161,55cd3e5a9b52d613b3f33169af6b9a8086a62d15238441e5d3e96dc6e3227aa8,57ac446f18096446209c84cbc598ea821d682a426b5e975abca3ebe6e75f8622,cholesky,0.1,held,eb61adcd6eadb518c4f65c0bb99027f363a45071089c4ba035537c915acf5670,1840,speaker-subset,unseen,0.5880434782608696,0.5669101061918701,0.6053405822783826,0.5884820476359758
shd,official,comparison:fixed12:q4-i2-qrc,46,official,55e4a37bc4a0e5b13f78125749f642e09718d5669df4e5bc33a35eafbcedb0bd,qrc,ff712c459052c1382a0d0a1f6b2d25f1046b3ebf200dd378a0d24cde56f59161,55cd3e5a9b52d613b3f33169af6b9a8086a62d15238441e5d3e96dc6e3227aa8,57ac446f18096446209c84cbc598ea821d682a426b5e975abca3ebe6e75f8622,cholesky,0.1,held,eb61adcd6eadb518c4f65c0bb99027f363a45071089c4ba035537c915acf5670,2264,speaker-subset,whole,0.5958480565371025,0.575392681363066,0.61011466714451,0.5947716050541907
shd,official,comparison:fixed12:q6-i2-crc,46,official,e1ef57a0d034ee8456842647dfc5fd4611cc13074e979c96bcdb6b0be7db81a0,crc,a560d44db0c661629b7c48b459042ae78e5779ad39545d336ff210f7a613ccdc,55cd3e5a9b52d613b3f33169af6b9a8086a62d15238441e5d3e96dc6e3227aa8,57ac446f18096446209c84cbc598ea821d682a426b5e975abca3ebe6e75f8622,cholesky,0.1,held,eb61adcd6eadb518c4f65c0bb99027f363a45071089c4ba035537c915acf5670,424,speaker-subset,seen,0.6650943396226415,0.6306732546665156,0.6590575587687495,0.6587984595503337
shd,official,comparison:fixed12:q6-i2-crc,46,official,e1ef57a0d034ee8456842647dfc5fd4611cc13074e979c96bcdb6b0be7db81a0,crc,a560d44db0c661629b7c48b459042ae78e5779ad39545d336ff210f7a613ccdc,55cd3e5a9b52d613b3f33169af6b9a8086a62d15238441e5d3e96dc6e3227aa8,57ac446f18096446209c84cbc598ea821d682a426b5e975abca3ebe6e75f8622,cholesky,0.1,held,eb61adcd6eadb518c4f65c0bb99027f363a45071089c4ba035537c915acf5670,1840,speaker-subset,unseen,0.5864130434782608,0.5644823285770355,0.613416433584619,0.5907275743571512
shd,official,comparison:fixed12:q6-i2-crc,46,official,e1ef57a0d034ee8456842647dfc5fd4611cc13074e979c96bcdb6b0be7db81a0,crc,a560d44db0c661629b7c48b459042ae78e5779ad39545d336ff210f7a613ccdc,55cd3e5a9b52d613b3f33169af6b9a8086a62d15238441e5d3e96dc6e3227aa8,57ac446f18096446209c84cbc598ea821d682a426b5e975abca3ebe6e75f8622,cholesky,0.1,held,eb61adcd6eadb518c4f65c0bb99027f363a45071089c4ba035537c915acf5670,2264,speaker-subset,whole,0.601148409893993,0.577779151235784,0.620213879856685,0.6029328885285276
shd,official,comparison:fixed12:q6-i2-qrc,46,official,39eaa30489d4e725da580e31d9c85bd24a9788601f4cb85dc21d208c4cc916ad,qrc,531da4a6fd3c38014ce8245c8ffe560f50274ecd8bd2457a4520625efe475c1d,55cd3e5a9b52d613b3f33169af6b9a8086a62d15238441e5d3e96dc6e3227aa8,57ac446f18096446209c84cbc598ea821d682a426b5e975abca3ebe6e75f8622,cholesky,0.1,held,eb61adcd6eadb518c4f65c0bb99027f363a45071089c4ba035537c915acf5670,424,speaker-subset,seen,0.6580188679245284,0.6364404484717664,0.6589540570680883,0.6514819971313599
shd,official,comparison:fixed12:q6-i2-qrc,46,official,39eaa30489d4e725da580e31d9c85bd24a9788601f4cb85dc21d208c4cc916ad,qrc,531da4a6fd3c38014ce8245c8ffe560f50274ecd8bd2457a4520625efe475c1d,55cd3e5a9b52d613b3f33169af6b9a8086a62d15238441e5d3e96dc6e3227aa8,57ac446f18096446209c84cbc598ea821d682a426b5e975abca3ebe6e75f8622,cholesky,0.1,held,eb61adcd6eadb518c4f65c0bb99027f363a45071089c4ba035537c915acf5670,1840,speaker-subset,unseen,0.5635869565217392,0.5366736189376164,0.618043812758747,0.5649899277165541
shd,official,comparison:fixed12:q6-i2-qrc,46,official,39eaa30489d4e725da580e31d9c85bd24a9788601f4cb85dc21d208c4cc916ad,qrc,531da4a6fd3c38014ce8245c8ffe560f50274ecd8bd2457a4520625efe475c1d,55cd3e5a9b52d613b3f33169af6b9a8086a62d15238441e5d3e96dc6e3227aa8,57ac446f18096446209c84cbc598ea821d682a426b5e975abca3ebe6e75f8622,cholesky,0.1,held,eb61adcd6eadb518c4f65c0bb99027f363a45071089c4ba035537c915acf5670,2264,speaker-subset,whole,0.5812720848056537,0.555583077143849,0.6156094372565775,0.581170760558098
shd,official,comparison:fixed12:q6-i4-crc,46,official,8b55c4405506bc881a2bad09cc92b1f3563c497ff513f3388fd7289d761e1d0d,crc,173de31e1b090ef916b170f092f265a3852fd919819b6a69d82ae5cbf8043bfc,e49c5a0941cd1ab7563977d5a8b88824c14e29a3046bb69f7aec5d688361dfa9,57ac446f18096446209c84cbc598ea821d682a426b5e975abca3ebe6e75f8622,cholesky,0.1,held,eb61adcd6eadb518c4f65c0bb99027f363a45071089c4ba035537c915acf5670,424,speaker-subset,seen,0.75,0.7310841490751654,0.7439449689589455,0.7496646572720411
shd,official,comparison:fixed12:q6-i4-crc,46,official,8b55c4405506bc881a2bad09cc92b1f3563c497ff513f3388fd7289d761e1d0d,crc,173de31e1b090ef916b170f092f265a3852fd919819b6a69d82ae5cbf8043bfc,e49c5a0941cd1ab7563977d5a8b88824c14e29a3046bb69f7aec5d688361dfa9,57ac446f18096446209c84cbc598ea821d682a426b5e975abca3ebe6e75f8622,cholesky,0.1,held,eb61adcd6eadb518c4f65c0bb99027f363a45071089c4ba035537c915acf5670,1840,speaker-subset,unseen,0.6885869565217392,0.6707796092439131,0.7181186978460239,0.6920784453134257
shd,official,comparison:fixed12:q6-i4-crc,46,official,8b55c4405506bc881a2bad09cc92b1f3563c497ff513f3388fd7289d761e1d0d,crc,173de31e1b090ef916b170f092f265a3852fd919819b6a69d82ae5cbf8043bfc,e49c5a0941cd1ab7563977d5a8b88824c14e29a3046bb69f7aec5d688361dfa9,57ac446f18096446209c84cbc598ea821d682a426b5e975abca3ebe6e75f8622,cholesky,0.1,held,eb61adcd6eadb518c4f65c0bb99027f363a45071089c4ba035537c915acf5670,2264,speaker-subset,whole,0.7000883392226148,0.6824075634355659,0.7175064601889541,0.6998675821901499
shd,official,comparison:fixed12:q6-i4-qrc,46,official,4be9869701b60845f11bd96cd9f4523c00c48b03759262c436b9e31581426c1c,qrc,f8463d3d8cd98b18c8b9d4272f873d84d6126507c37aad82beebdf96e860a7e7,e49c5a0941cd1ab7563977d5a8b88824c14e29a3046bb69f7aec5d688361dfa9,57ac446f18096446209c84cbc598ea821d682a426b5e975abca3ebe6e75f8622,cholesky,0.1,held,eb61adcd6eadb518c4f65c0bb99027f363a45071089c4ba035537c915acf5670,424,speaker-subset,seen,0.6886792452830188,0.6615747608654344,0.674082053259019,0.6797257965672509
shd,official,comparison:fixed12:q6-i4-qrc,46,official,4be9869701b60845f11bd96cd9f4523c00c48b03759262c436b9e31581426c1c,qrc,f8463d3d8cd98b18c8b9d4272f873d84d6126507c37aad82beebdf96e860a7e7,e49c5a0941cd1ab7563977d5a8b88824c14e29a3046bb69f7aec5d688361dfa9,57ac446f18096446209c84cbc598ea821d682a426b5e975abca3ebe6e75f8622,cholesky,0.1,held,eb61adcd6eadb518c4f65c0bb99027f363a45071089c4ba035537c915acf5670,1840,speaker-subset,unseen,0.6298913043478261,0.6169086344949799,0.6591232401064465,0.6332089110084134
shd,official,comparison:fixed12:q6-i4-qrc,46,official,4be9869701b60845f11bd96cd9f4523c00c48b03759262c436b9e31581426c1c,qrc,f8463d3d8cd98b18c8b9d4272f873d84d6126507c37aad82beebdf96e860a7e7,e49c5a0941cd1ab7563977d5a8b88824c14e29a3046bb69f7aec5d688361dfa9,57ac446f18096446209c84cbc598ea821d682a426b5e975abca3ebe6e75f8622,cholesky,0.1,held,eb61adcd6eadb518c4f65c0bb99027f363a45071089c4ba035537c915acf5670,2264,speaker-subset,whole,0.6409010600706714,0.6249274745627842,0.6531524962700633,0.6408510966468033
shd,official,comparison:fixed12:q8-i2-crc,46,official,e1ef57a0d034ee8456842647dfc5fd4611cc13074e979c96bcdb6b0be7db81a0,crc,a560d44db0c661629b7c48b459042ae78e5779ad39545d336ff210f7a613ccdc,55cd3e5a9b52d613b3f33169af6b9a8086a62d15238441e5d3e96dc6e3227aa8,57ac446f18096446209c84cbc598ea821d682a426b5e975abca3ebe6e75f8622,cholesky,0.1,held,eb61adcd6eadb518c4f65c0bb99027f363a45071089c4ba035537c915acf5670,424,speaker-subset,seen,0.6650943396226415,0.6306732546665156,0.6590575587687495,0.6587984595503337
shd,official,comparison:fixed12:q8-i2-crc,46,official,e1ef57a0d034ee8456842647dfc5fd4611cc13074e979c96bcdb6b0be7db81a0,crc,a560d44db0c661629b7c48b459042ae78e5779ad39545d336ff210f7a613ccdc,55cd3e5a9b52d613b3f33169af6b9a8086a62d15238441e5d3e96dc6e3227aa8,57ac446f18096446209c84cbc598ea821d682a426b5e975abca3ebe6e75f8622,cholesky,0.1,held,eb61adcd6eadb518c4f65c0bb99027f363a45071089c4ba035537c915acf5670,1840,speaker-subset,unseen,0.5864130434782608,0.5644823285770355,0.613416433584619,0.5907275743571512
shd,official,comparison:fixed12:q8-i2-crc,46,official,e1ef57a0d034ee8456842647dfc5fd4611cc13074e979c96bcdb6b0be7db81a0,crc,a560d44db0c661629b7c48b459042ae78e5779ad39545d336ff210f7a613ccdc,55cd3e5a9b52d613b3f33169af6b9a8086a62d15238441e5d3e96dc6e3227aa8,57ac446f18096446209c84cbc598ea821d682a426b5e975abca3ebe6e75f8622,cholesky,0.1,held,eb61adcd6eadb518c4f65c0bb99027f363a45071089c4ba035537c915acf5670,2264,speaker-subset,whole,0.601148409893993,0.577779151235784,0.620213879856685,0.6029328885285276
shd,official,comparison:fixed12:q8-i2-qrc,46,official,45b2568122c77c7bee9764ba82042f9aeb6ba5a6bce5bae331c361b5a7634f0c,qrc,f7875b9f783eba1eecf8ffbaec25d05a60e53054f967de4fd3fa2f60531a5432,55cd3e5a9b52d613b3f33169af6b9a8086a62d15238441e5d3e96dc6e3227aa8,57ac446f18096446209c84cbc598ea821d682a426b5e975abca3ebe6e75f8622,cholesky,0.1,held,eb61adcd6eadb518c4f65c0bb99027f363a45071089c4ba035537c915acf5670,424,speaker-subset,seen,0.6650943396226415,0.6462835698345514,0.6661891888202744,0.6601819334186275
shd,official,comparison:fixed12:q8-i2-qrc,46,official,45b2568122c77c7bee9764ba82042f9aeb6ba5a6bce5bae331c361b5a7634f0c,qrc,f7875b9f783eba1eecf8ffbaec25d05a60e53054f967de4fd3fa2f60531a5432,55cd3e5a9b52d613b3f33169af6b9a8086a62d15238441e5d3e96dc6e3227aa8,57ac446f18096446209c84cbc598ea821d682a426b5e975abca3ebe6e75f8622,cholesky,0.1,held,eb61adcd6eadb518c4f65c0bb99027f363a45071089c4ba035537c915acf5670,1840,speaker-subset,unseen,0.55,0.5166585096229657,0.5971329889820681,0.550918355255362
shd,official,comparison:fixed12:q8-i2-qrc,46,official,45b2568122c77c7bee9764ba82042f9aeb6ba5a6bce5bae331c361b5a7634f0c,qrc,f7875b9f783eba1eecf8ffbaec25d05a60e53054f967de4fd3fa2f60531a5432,55cd3e5a9b52d613b3f33169af6b9a8086a62d15238441e5d3e96dc6e3227aa8,57ac446f18096446209c84cbc598ea821d682a426b5e975abca3ebe6e75f8622,cholesky,0.1,held,eb61adcd6eadb518c4f65c0bb99027f363a45071089c4ba035537c915acf5670,2264,speaker-subset,whole,0.5715547703180212,0.5414622040851618,0.5997366872046141,0.5711106773244576
shd,official,comparison:fixed12:q8-i4-crc,46,official,8b55c4405506bc881a2bad09cc92b1f3563c497ff513f3388fd7289d761e1d0d,crc,173de31e1b090ef916b170f092f265a3852fd919819b6a69d82ae5cbf8043bfc,e49c5a0941cd1ab7563977d5a8b88824c14e29a3046bb69f7aec5d688361dfa9,57ac446f18096446209c84cbc598ea821d682a426b5e975abca3ebe6e75f8622,cholesky,0.1,held,eb61adcd6eadb518c4f65c0bb99027f363a45071089c4ba035537c915acf5670,424,speaker-subset,seen,0.75,0.7310841490751654,0.7439449689589455,0.7496646572720411
shd,official,comparison:fixed12:q8-i4-crc,46,official,8b55c4405506bc881a2bad09cc92b1f3563c497ff513f3388fd7289d761e1d0d,crc,173de31e1b090ef916b170f092f265a3852fd919819b6a69d82ae5cbf8043bfc,e49c5a0941cd1ab7563977d5a8b88824c14e29a3046bb69f7aec5d688361dfa9,57ac446f18096446209c84cbc598ea821d682a426b5e975abca3ebe6e75f8622,cholesky,0.1,held,eb61adcd6eadb518c4f65c0bb99027f363a45071089c4ba035537c915acf5670,1840,speaker-subset,unseen,0.6885869565217392,0.6707796092439131,0.7181186978460239,0.6920784453134257
shd,official,comparison:fixed12:q8-i4-crc,46,official,8b55c4405506bc881a2bad09cc92b1f3563c497ff513f3388fd7289d761e1d0d,crc,173de31e1b090ef916b170f092f265a3852fd919819b6a69d82ae5cbf8043bfc,e49c5a0941cd1ab7563977d5a8b88824c14e29a3046bb69f7aec5d688361dfa9,57ac446f18096446209c84cbc598ea821d682a426b5e975abca3ebe6e75f8622,cholesky,0.1,held,eb61adcd6eadb518c4f65c0bb99027f363a45071089c4ba035537c915acf5670,2264,speaker-subset,whole,0.7000883392226148,0.6824075634355659,0.7175064601889541,0.6998675821901499
shd,official,comparison:fixed12:q8-i4-qrc,46,official,3a1b12a50a6e3d5f4202eea80f4da03cd8a223b9d832097a952f0585206b3cf5,qrc,f1eefd90f6f9f413b0acee8d26e1bd7019d63a89994c73735288f6530cbafba8,e49c5a0941cd1ab7563977d5a8b88824c14e29a3046bb69f7aec5d688361dfa9,57ac446f18096446209c84cbc598ea821d682a426b5e975abca3ebe6e75f8622,cholesky,0.1,held,eb61adcd6eadb518c4f65c0bb99027f363a45071089c4ba035537c915acf5670,424,speaker-subset,seen,0.7287735849056604,0.7007333159711575,0.7130128096402459,0.7252854324239257
shd,official,comparison:fixed12:q8-i4-qrc,46,official,3a1b12a50a6e3d5f4202eea80f4da03cd8a223b9d832097a952f0585206b3cf5,qrc,f1eefd90f6f9f413b0acee8d26e1bd7019d63a89994c73735288f6530cbafba8,e49c5a0941cd1ab7563977d5a8b88824c14e29a3046bb69f7aec5d688361dfa9,57ac446f18096446209c84cbc598ea821d682a426b5e975abca3ebe6e75f8622,cholesky,0.1,held,eb61adcd6eadb518c4f65c0bb99027f363a45071089c4ba035537c915acf5670,1840,speaker-subset,unseen,0.6,0.5881215115883949,0.6350250523912151,0.6036734210214479
shd,official,comparison:fixed12:q8-i4-qrc,46,official,3a1b12a50a6e3d5f4202eea80f4da03cd8a223b9d832097a952f0585206b3cf5,qrc,f1eefd90f6f9f413b0acee8d26e1bd7019d63a89994c73735288f6530cbafba8,e49c5a0941cd1ab7563977d5a8b88824c14e29a3046bb69f7aec5d688361dfa9,57ac446f18096446209c84cbc598ea821d682a426b5e975abca3ebe6e75f8622,cholesky,0.1,held,eb61adcd6eadb518c4f65c0bb99027f363a45071089c4ba035537c915acf5670,2264,speaker-subset,whole,0.6241166077738516,0.6083077827232226,0.6429826769884124,0.6250880531189938
shd,official,comparison:fixed12:q8-i6-crc,46,official,03d7e0196801b53203583dca70e052c1e92babda4fa7c2eaaca698c0db6bc1de,crc,1ff3257e5283f0741d8c8c12ce622e5b870061e3cae2f0151fe244413855d2a0,955b1fde3ee935633e41f181c46f829a39569a9aea30fac0703af5835a1657fb,57ac446f18096446209c84cbc598ea821d682a426b5e975abca3ebe6e75f8622,cholesky,0.01,held,eb61adcd6eadb518c4f65c0bb99027f363a45071089c4ba035537c915acf5670,424,speaker-subset,seen,0.8443396226415094,0.8303387455649908,0.8414128887101036,0.840846449534418
shd,official,comparison:fixed12:q8-i6-crc,46,official,03d7e0196801b53203583dca70e052c1e92babda4fa7c2eaaca698c0db6bc1de,crc,1ff3257e5283f0741d8c8c12ce622e5b870061e3cae2f0151fe244413855d2a0,955b1fde3ee935633e41f181c46f829a39569a9aea30fac0703af5835a1657fb,57ac446f18096446209c84cbc598ea821d682a426b5e975abca3ebe6e75f8622,cholesky,0.01,held,eb61adcd6eadb518c4f65c0bb99027f363a45071089c4ba035537c915acf5670,1840,speaker-subset,unseen,0.7375,0.7261619560833912,0.7653093399962417,0.7439803294229174
shd,official,comparison:fixed12:q8-i6-crc,46,official,03d7e0196801b53203583dca70e052c1e92babda4fa7c2eaaca698c0db6bc1de,crc,1ff3257e5283f0741d8c8c12ce622e5b870061e3cae2f0151fe244413855d2a0,955b1fde3ee935633e41f181c46f829a39569a9aea30fac0703af5835a1657fb,57ac446f18096446209c84cbc598ea821d682a426b5e975abca3ebe6e75f8622,cholesky,0.01,held,eb61adcd6eadb518c4f65c0bb99027f363a45071089c4ba035537c915acf5670,2264,speaker-subset,whole,0.7575088339222615,0.746380341466721,0.7793470392387979,0.7593261395154016
shd,official,comparison:fixed12:q8-i6-qrc,46,official,61637473b66bdfa39e04aba5b69db2753c5418faf8748f83ed690ef7acf8bdc4,qrc,b7261d306e0b994ea315b52d6135211bdd813ad7bcd9c7022e200c07296639b7,955b1fde3ee935633e41f181c46f829a39569a9aea30fac0703af5835a1657fb,57ac446f18096446209c84cbc598ea821d682a426b5e975abca3ebe6e75f8622,cholesky,0.1,held,eb61adcd6eadb518c4f65c0bb99027f363a45071089c4ba035537c915acf5670,424,speaker-subset,seen,0.5801886792452831,0.5555220598126909,0.5650220838659396,0.5718818197461376
shd,official,comparison:fixed12:q8-i6-qrc,46,official,61637473b66bdfa39e04aba5b69db2753c5418faf8748f83ed690ef7acf8bdc4,qrc,b7261d306e0b994ea315b52d6135211bdd813ad7bcd9c7022e200c07296639b7,955b1fde3ee935633e41f181c46f829a39569a9aea30fac0703af5835a1657fb,57ac446f18096446209c84cbc598ea821d682a426b5e975abca3ebe6e75f8622,cholesky,0.1,held,eb61adcd6eadb518c4f65c0bb99027f363a45071089c4ba035537c915acf5670,1840,speaker-subset,unseen,0.5195652173913043,0.493109149590823,0.5280363146122946,0.5240075838369475
shd,official,comparison:fixed12:q8-i6-qrc,46,official,61637473b66bdfa39e04aba5b69db2753c5418faf8748f83ed690ef7acf8bdc4,qrc,b7261d306e0b994ea315b52d6135211bdd813ad7bcd9c7022e200c07296639b7,955b1fde3ee935633e41f181c46f829a39569a9aea30fac0703af5835a1657fb,57ac446f18096446209c84cbc598ea821d682a426b5e975abca3ebe6e75f8622,cholesky,0.1,held,eb61adcd6eadb518c4f65c0bb99027f363a45071089c4ba035537c915acf5670,2264,speaker-subset,whole,0.5309187279151943,0.506461929592044,0.529895654423328,0.5317240438532773
shd,official,comparison:fixed:q4-i2-crc,46,official,e1ef57a0d034ee8456842647dfc5fd4611cc13074e979c96bcdb6b0be7db81a0,crc,a560d44db0c661629b7c48b459042ae78e5779ad39545d336ff210f7a613ccdc,55cd3e5a9b52d613b3f33169af6b9a8086a62d15238441e5d3e96dc6e3227aa8,57ac446f18096446209c84cbc598ea821d682a426b5e975abca3ebe6e75f8622,cholesky,0.1,held,eb61adcd6eadb518c4f65c0bb99027f363a45071089c4ba035537c915acf5670,424,speaker-subset,seen,0.6650943396226415,0.6306732546665156,0.6590575587687495,0.6587984595503337
shd,official,comparison:fixed:q4-i2-crc,46,official,e1ef57a0d034ee8456842647dfc5fd4611cc13074e979c96bcdb6b0be7db81a0,crc,a560d44db0c661629b7c48b459042ae78e5779ad39545d336ff210f7a613ccdc,55cd3e5a9b52d613b3f33169af6b9a8086a62d15238441e5d3e96dc6e3227aa8,57ac446f18096446209c84cbc598ea821d682a426b5e975abca3ebe6e75f8622,cholesky,0.1,held,eb61adcd6eadb518c4f65c0bb99027f363a45071089c4ba035537c915acf5670,1840,speaker-subset,unseen,0.5864130434782608,0.5644823285770355,0.613416433584619,0.5907275743571512
shd,official,comparison:fixed:q4-i2-crc,46,official,e1ef57a0d034ee8456842647dfc5fd4611cc13074e979c96bcdb6b0be7db81a0,crc,a560d44db0c661629b7c48b459042ae78e5779ad39545d336ff210f7a613ccdc,55cd3e5a9b52d613b3f33169af6b9a8086a62d15238441e5d3e96dc6e3227aa8,57ac446f18096446209c84cbc598ea821d682a426b5e975abca3ebe6e75f8622,cholesky,0.1,held,eb61adcd6eadb518c4f65c0bb99027f363a45071089c4ba035537c915acf5670,2264,speaker-subset,whole,0.601148409893993,0.577779151235784,0.620213879856685,0.6029328885285276
shd,official,comparison:fixed:q4-i2-qrc,46,official,c2e4c5b02d7109424baf51b8e65d6cdcb970e110d6e59eec3347466ffd8228b6,qrc,7e32b07941ce73c4c3f6a055f9ba78ebf6f5994925ad14dc6005d3f55094565c,55cd3e5a9b52d613b3f33169af6b9a8086a62d15238441e5d3e96dc6e3227aa8,57ac446f18096446209c84cbc598ea821d682a426b5e975abca3ebe6e75f8622,cholesky,0.1,held,eb61adcd6eadb518c4f65c0bb99027f363a45071089c4ba035537c915acf5670,424,speaker-subset,seen,0.6297169811320755,0.61098592817242,0.6383502818209873,0.624923342919782
shd,official,comparison:fixed:q4-i2-qrc,46,official,c2e4c5b02d7109424baf51b8e65d6cdcb970e110d6e59eec3347466ffd8228b6,qrc,7e32b07941ce73c4c3f6a055f9ba78ebf6f5994925ad14dc6005d3f55094565c,55cd3e5a9b52d613b3f33169af6b9a8086a62d15238441e5d3e96dc6e3227aa8,57ac446f18096446209c84cbc598ea821d682a426b5e975abca3ebe6e75f8622,cholesky,0.1,held,eb61adcd6eadb518c4f65c0bb99027f363a45071089c4ba035537c915acf5670,1840,speaker-subset,unseen,0.5880434782608696,0.5669101061918701,0.6053405822783826,0.5884820476359758
shd,official,comparison:fixed:q4-i2-qrc,46,official,c2e4c5b02d7109424baf51b8e65d6cdcb970e110d6e59eec3347466ffd8228b6,qrc,7e32b07941ce73c4c3f6a055f9ba78ebf6f5994925ad14dc6005d3f55094565c,55cd3e5a9b52d613b3f33169af6b9a8086a62d15238441e5d3e96dc6e3227aa8,57ac446f18096446209c84cbc598ea821d682a426b5e975abca3ebe6e75f8622,cholesky,0.1,held,eb61adcd6eadb518c4f65c0bb99027f363a45071089c4ba035537c915acf5670,2264,speaker-subset,whole,0.5958480565371025,0.575392681363066,0.61011466714451,0.5947716050541907
shd,official,comparison:fixed:q6-i2-crc,46,official,1824bbb7cdb251cbeae34ea1c0e3712c3dd0d7a5c191fb4488a940b52f983512,crc,04d74cea161f3282649ee72d6d935d5f4df904fe29fa64d549c8a7e4c957d763,55cd3e5a9b52d613b3f33169af6b9a8086a62d15238441e5d3e96dc6e3227aa8,57ac446f18096446209c84cbc598ea821d682a426b5e975abca3ebe6e75f8622,cholesky,0.01,held,eb61adcd6eadb518c4f65c0bb99027f363a45071089c4ba035537c915acf5670,424,speaker-subset,seen,0.6933962264150944,0.6685657591923789,0.7053862211081139,0.6917466684434451
shd,official,comparison:fixed:q6-i2-crc,46,official,1824bbb7cdb251cbeae34ea1c0e3712c3dd0d7a5c191fb4488a940b52f983512,crc,04d74cea161f3282649ee72d6d935d5f4df904fe29fa64d549c8a7e4c957d763,55cd3e5a9b52d613b3f33169af6b9a8086a62d15238441e5d3e96dc6e3227aa8,57ac446f18096446209c84cbc598ea821d682a426b5e975abca3ebe6e75f8622,cholesky,0.01,held,eb61adcd6eadb518c4f65c0bb99027f363a45071089c4ba035537c915acf5670,1840,speaker-subset,unseen,0.5217391304347826,0.49646483742400693,0.5345530045906711,0.5250029624363075
shd,official,comparison:fixed:q6-i2-crc,46,official,1824bbb7cdb251cbeae34ea1c0e3712c3dd0d7a5c191fb4488a940b52f983512,crc,04d74cea161f3282649ee72d6d935d5f4df904fe29fa64d549c8a7e4c957d763,55cd3e5a9b52d613b3f33169af6b9a8086a62d15238441e5d3e96dc6e3227aa8,57ac446f18096446209c84cbc598ea821d682a426b5e975abca3ebe6e75f8622,cholesky,0.01,held,eb61adcd6eadb518c4f65c0bb99027f363a45071089c4ba035537c915acf5670,2264,speaker-subset,whole,0.553886925795053,0.5293558799079527,0.5654190096316316,0.5557773187455316
shd,official,comparison:fixed:q6-i2-qrc,46,official,2186605421a629793dfc2ae05c200188e6ed17cf1e293365605c3fedfca8b41f,qrc,86325fc1edb022da022f4166e7309745e391ad37010058a412031fce54c20236,55cd3e5a9b52d613b3f33169af6b9a8086a62d15238441e5d3e96dc6e3227aa8,57ac446f18096446209c84cbc598ea821d682a426b5e975abca3ebe6e75f8622,cholesky,0.1,held,eb61adcd6eadb518c4f65c0bb99027f363a45071089c4ba035537c915acf5670,424,speaker-subset,seen,0.7311320754716981,0.7091958640256969,0.7213026531664147,0.7205541858746506
shd,official,comparison:fixed:q6-i2-qrc,46,official,2186605421a629793dfc2ae05c200188e6ed17cf1e293365605c3fedfca8b41f,qrc,86325fc1edb022da022f4166e7309745e391ad37010058a412031fce54c20236,55cd3e5a9b52d613b3f33169af6b9a8086a62d15238441e5d3e96dc6e3227aa8,57ac446f18096446209c84cbc598ea821d682a426b5e975abca3ebe6e75f8622,cholesky,0.1,held,eb61adcd6eadb518c4f65c0bb99027f363a45071089c4ba035537c915acf5670,1840,speaker-subset,unseen,0.6119565217391304,0.592847174475619,0.6420808246927275,0.6128214243393767
shd,official,comparison:fixed:q6-i2-qrc,46,official,2186605421a629793dfc2ae05c200188e6ed17cf1e293365605c3fedfca8b41f,qrc,86325fc1edb022da022f4166e7309745e391ad37010058a412031fce54c20236,55cd3e5a9b52d613b3f33169af6b9a8086a62d15238441e5d3e96dc6e3227aa8,57ac446f18096446209c84cbc598ea821d682a426b5e975abca3ebe6e75f8622,cholesky,0.1,held,eb61adcd6eadb518c4f65c0bb99027f363a45071089c4ba035537c915acf5670,2264,speaker-subset,whole,0.6342756183745583,0.613845133827355,0.647421876596324,0.6332025816544639
shd,official,comparison:fixed:q6-i4-crc,46,official,f7af82bc7213188d9c6cd0bc412515da79eb2c69f28c3cf2012c79eaa1f094f4,crc,fc8dba0524d2a6730a90b2b98ad8519c94dc19eb237f51611f2d28ae4b91e527,e49c5a0941cd1ab7563977d5a8b88824c14e29a3046bb69f7aec5d688361dfa9,57ac446f18096446209c84cbc598ea821d682a426b5e975abca3ebe6e75f8622,cholesky,0.01,held,eb61adcd6eadb518c4f65c0bb99027f363a45071089c4ba035537c915acf5670,424,speaker-subset,seen,0.8066037735849056,0.7896787723333913,0.7988888322282297,0.8042932738315047
shd,official,comparison:fixed:q6-i4-crc,46,official,f7af82bc7213188d9c6cd0bc412515da79eb2c69f28c3cf2012c79eaa1f094f4,crc,fc8dba0524d2a6730a90b2b98ad8519c94dc19eb237f51611f2d28ae4b91e527,e49c5a0941cd1ab7563977d5a8b88824c14e29a3046bb69f7aec5d688361dfa9,57ac446f18096446209c84cbc598ea821d682a426b5e975abca3ebe6e75f8622,cholesky,0.01,held,eb61adcd6eadb518c4f65c0bb99027f363a45071089c4ba035537c915acf5670,1840,speaker-subset,unseen,0.7048913043478261,0.6851159486535564,0.7181018245548152,0.7084903424576371
shd,official,comparison:fixed:q6-i4-crc,46,official,f7af82bc7213188d9c6cd0bc412515da79eb2c69f28c3cf2012c79eaa1f094f4,crc,fc8dba0524d2a6730a90b2b98ad8519c94dc19eb237f51611f2d28ae4b91e527,e49c5a0941cd1ab7563977d5a8b88824c14e29a3046bb69f7aec5d688361dfa9,57ac446f18096446209c84cbc598ea821d682a426b5e975abca3ebe6e75f8622,cholesky,0.01,held,eb61adcd6eadb518c4f65c0bb99027f363a45071089c4ba035537c915acf5670,2264,speaker-subset,whole,0.723939929328622,0.7048869635496108,0.7318100753893765,0.7232466261594992
shd,official,comparison:fixed:q6-i4-qrc,46,official,794ecd2c0417fbfdff12cd84cae6ac6a875dd96fa43144394df2d985029a235d,qrc,867fedc72c4e85761349299b3c46e2374e8ab471cf4a19ab4c107e0ab41d46df,e49c5a0941cd1ab7563977d5a8b88824c14e29a3046bb69f7aec5d688361dfa9,57ac446f18096446209c84cbc598ea821d682a426b5e975abca3ebe6e75f8622,cholesky,0.1,held,eb61adcd6eadb518c4f65c0bb99027f363a45071089c4ba035537c915acf5670,424,speaker-subset,seen,0.7665094339622641,0.7423029681852115,0.7512463803664168,0.7574638442100963
shd,official,comparison:fixed:q6-i4-qrc,46,official,794ecd2c0417fbfdff12cd84cae6ac6a875dd96fa43144394df2d985029a235d,qrc,867fedc72c4e85761349299b3c46e2374e8ab471cf4a19ab4c107e0ab41d46df,e49c5a0941cd1ab7563977d5a8b88824c14e29a3046bb69f7aec5d688361dfa9,57ac446f18096446209c84cbc598ea821d682a426b5e975abca3ebe6e75f8622,cholesky,0.1,held,eb61adcd6eadb518c4f65c0bb99027f363a45071089c4ba035537c915acf5670,1840,speaker-subset,unseen,0.6994565217391304,0.6837764205126073,0.7143692227779819,0.7016174902239601
shd,official,comparison:fixed:q6-i4-qrc,46,official,794ecd2c0417fbfdff12cd84cae6ac6a875dd96fa43144394df2d985029a235d,qrc,867fedc72c4e85761349299b3c46e2374e8ab471cf4a19ab4c107e0ab41d46df,e49c5a0941cd1ab7563977d5a8b88824c14e29a3046bb69f7aec5d688361dfa9,57ac446f18096446209c84cbc598ea821d682a426b5e975abca3ebe6e75f8622,cholesky,0.1,held,eb61adcd6eadb518c4f65c0bb99027f363a45071089c4ba035537c915acf5670,2264,speaker-subset,whole,0.7120141342756183,0.6954903694054372,0.7167897106050896,0.7102138910558999
shd,official,comparison:fixed:q8-i2-crc,46,official,5aa7bd7ccfb3cb67e7de7a165c3e92e2f7a15e3bf7b7e1de97ec4fe541f65007,crc,1af9c9732134a3557217a631110096f63cf71aab0f9d0984ac3135721d9c8133,55cd3e5a9b52d613b3f33169af6b9a8086a62d15238441e5d3e96dc6e3227aa8,57ac446f18096446209c84cbc598ea821d682a426b5e975abca3ebe6e75f8622,cholesky,0.01,held,eb61adcd6eadb518c4f65c0bb99027f363a45071089c4ba035537c915acf5670,424,speaker-subset,seen,0.8231132075471698,0.8144302784453503,0.8242763069265685,0.8247617996210576
shd,official,comparison:fixed:q8-i2-crc,46,official,5aa7bd7ccfb3cb67e7de7a165c3e92e2f7a15e3bf7b7e1de97ec4fe541f65007,crc,1af9c9732134a3557217a631110096f63cf71aab0f9d0984ac3135721d9c8133,55cd3e5a9b52d613b3f33169af6b9a8086a62d15238441e5d3e96dc6e3227aa8,57ac446f18096446209c84cbc598ea821d682a426b5e975abca3ebe6e75f8622,cholesky,0.01,held,eb61adcd6eadb518c4f65c0bb99027f363a45071089c4ba035537c915acf5670,1840,speaker-subset,unseen,0.6467391304347826,0.6279877148500976,0.6539789853048754,0.6489512975471028
shd,official,comparison:fixed:q8-i2-crc,46,official,5aa7bd7ccfb3cb67e7de7a165c3e92e2f7a15e3bf7b7e1de97ec4fe541f65007,crc,1af9c9732134a3557217a631110096f63cf71aab0f9d0984ac3135721d9c8133,55cd3e5a9b52d613b3f33169af6b9a8086a62d15238441e5d3e96dc6e3227aa8,57ac446f18096446209c84cbc598ea821d682a426b5e975abca3ebe6e75f8622,cholesky,0.01,held,eb61adcd6eadb518c4f65c0bb99027f363a45071089c4ba035537c915acf5670,2264,speaker-subset,whole,0.6797703180212014,0.6636376403917021,0.6839074100280264,0.6798081391839661
shd,official,comparison:fixed:q8-i2-qrc,46,official,f2ee816b29542809fe48d93a21d80b7efc79430a373bfd890efac55b4c83a114,qrc,2ead14568ee4a448cd8f84318cfecdae2530a217db2cab0d743b106d326f7760,55cd3e5a9b52d613b3f33169af6b9a8086a62d15238441e5d3e96dc6e3227aa8,57ac446f18096446209c84cbc598ea821d682a426b5e975abca3ebe6e75f8622,cholesky,0.1,held,eb61adcd6eadb518c4f65c0bb99027f363a45071089c4ba035537c915acf5670,424,speaker-subset,seen,0.7287735849056604,0.711402636208638,0.7248469659971689,0.7196552042687724
shd,official,comparison:fixed:q8-i2-qrc,46,official,f2ee816b29542809fe48d93a21d80b7efc79430a373bfd890efac55b4c83a114,qrc,2ead14568ee4a448cd8f84318cfecdae2530a217db2cab0d743b106d326f7760,55cd3e5a9b52d613b3f33169af6b9a8086a62d15238441e5d3e96dc6e3227aa8,57ac446f18096446209c84cbc598ea821d682a426b5e975abca3ebe6e75f8622,cholesky,0.1,held,eb61adcd6eadb518c4f65c0bb99027f363a45071089c4ba035537c915acf5670,1840,speaker-subset,unseen,0.5858695652173913,0.5645593645879042,0.6173777832945927,0.587071927953549
shd,official,comparison:fixed:q8-i2-qrc,46,official,f2ee816b29542809fe48d93a21d80b7efc79430a373bfd890efac55b4c83a114,qrc,2ead14568ee4a448cd8f84318cfecdae2530a217db2cab0d743b106d326f7760,55cd3e5a9b52d613b3f33169af6b9a8086a62d15238441e5d3e96dc6e3227aa8,57ac446f18096446209c84cbc598ea821d682a426b5e975abca3ebe6e75f8622,cholesky,0.1,held,eb61adcd6eadb518c4f65c0bb99027f363a45071089c4ba035537c915acf5670,2264,speaker-subset,whole,0.6126325088339223,0.5925883489567496,0.6309368523901157,0.6123722318630214
shd,official,comparison:fixed:q8-i4-crc,46,official,fe0fed97d42e19e685b217dd8a69423375728936e22411bb0e2668b3d1faeb43,crc,af5292990442c5e491c1650acbe64154ac497f8c91ce6d027fae4ec5d5e7c2e0,e49c5a0941cd1ab7563977d5a8b88824c14e29a3046bb69f7aec5d688361dfa9,57ac446f18096446209c84cbc598ea821d682a426b5e975abca3ebe6e75f8622,cholesky,0.1,held,eb61adcd6eadb518c4f65c0bb99027f363a45071089c4ba035537c915acf5670,424,speaker-subset,seen,0.7924528301886793,0.778219455182217,0.7846953502628955,0.790498141635698
shd,official,comparison:fixed:q8-i4-crc,46,official,fe0fed97d42e19e685b217dd8a69423375728936e22411bb0e2668b3d1faeb43,crc,af5292990442c5e491c1650acbe64154ac497f8c91ce6d027fae4ec5d5e7c2e0,e49c5a0941cd1ab7563977d5a8b88824c14e29a3046bb69f7aec5d688361dfa9,57ac446f18096446209c84cbc598ea821d682a426b5e975abca3ebe6e75f8622,cholesky,0.1,held,eb61adcd6eadb518c4f65c0bb99027f363a45071089c4ba035537c915acf5670,1840,speaker-subset,unseen,0.6858695652173913,0.6674421465253639,0.7133612856650593,0.6884938973812063
shd,official,comparison:fixed:q8-i4-crc,46,official,fe0fed97d42e19e685b217dd8a69423375728936e22411bb0e2668b3d1faeb43,crc,af5292990442c5e491c1650acbe64154ac497f8c91ce6d027fae4ec5d5e7c2e0,e49c5a0941cd1ab7563977d5a8b88824c14e29a3046bb69f7aec5d688361dfa9,57ac446f18096446209c84cbc598ea821d682a426b5e975abca3ebe6e75f8622,cholesky,0.1,held,eb61adcd6eadb518c4f65c0bb99027f363a45071089c4ba035537c915acf5670,2264,speaker-subset,whole,0.7058303886925795,0.6885329180586377,0.7226749625522105,0.7050318404782167
shd,official,comparison:fixed:q8-i4-qrc,46,official,4d2e11168f77112185ac3d8df9848508947c3ebc02b118d4c2f81aa1f4caf5a4,qrc,47fb595cd085784cad3fb66448e24c20de4470638daa408ed27ede3ab73b8d23,e49c5a0941cd1ab7563977d5a8b88824c14e29a3046bb69f7aec5d688361dfa9,57ac446f18096446209c84cbc598ea821d682a426b5e975abca3ebe6e75f8622,cholesky,0.1,held,eb61adcd6eadb518c4f65c0bb99027f363a45071089c4ba035537c915acf5670,424,speaker-subset,seen,0.8089622641509434,0.7920414768383158,0.808124923089454,0.8048137734121618
shd,official,comparison:fixed:q8-i4-qrc,46,official,4d2e11168f77112185ac3d8df9848508947c3ebc02b118d4c2f81aa1f4caf5a4,qrc,47fb595cd085784cad3fb66448e24c20de4470638daa408ed27ede3ab73b8d23,e49c5a0941cd1ab7563977d5a8b88824c14e29a3046bb69f7aec5d688361dfa9,57ac446f18096446209c84cbc598ea821d682a426b5e975abca3ebe6e75f8622,cholesky,0.1,held,eb61adcd6eadb518c4f65c0bb99027f363a45071089c4ba035537c915acf5670,1840,speaker-subset,unseen,0.6777173913043478,0.6630103206669337,0.696746567076411,0.6801694513567959
shd,official,comparison:fixed:q8-i4-qrc,46,official,4d2e11168f77112185ac3d8df9848508947c3ebc02b118d4c2f81aa1f4caf5a4,qrc,47fb595cd085784cad3fb66448e24c20de4470638daa408ed27ede3ab73b8d23,e49c5a0941cd1ab7563977d5a8b88824c14e29a3046bb69f7aec5d688361dfa9,57ac446f18096446209c84cbc598ea821d682a426b5e975abca3ebe6e75f8622,cholesky,0.1,held,eb61adcd6eadb518c4f65c0bb99027f363a45071089c4ba035537c915acf5670,2264,speaker-subset,whole,0.7022968197879859,0.6871177824541891,0.7145334309168128,0.7014671232573624
shd,official,comparison:fixed:q8-i6-crc,46,official,5eea900e7bfb47cdf024b3a63d426d7f94133ef6665310ed377403f92fcfbfa3,crc,35a69eb88d21ffec0e409afa838d088fade4c18282cdb354e7895d1160253a53,955b1fde3ee935633e41f181c46f829a39569a9aea30fac0703af5835a1657fb,57ac446f18096446209c84cbc598ea821d682a426b5e975abca3ebe6e75f8622,cholesky,0.1,held,eb61adcd6eadb518c4f65c0bb99027f363a45071089c4ba035537c915acf5670,424,speaker-subset,seen,0.8183962264150944,0.8051403599301684,0.8093147056244883,0.8140470184418834
shd,official,comparison:fixed:q8-i6-crc,46,official,5eea900e7bfb47cdf024b3a63d426d7f94133ef6665310ed377403f92fcfbfa3,crc,35a69eb88d21ffec0e409afa838d088fade4c18282cdb354e7895d1160253a53,955b1fde3ee935633e41f181c46f829a39569a9aea30fac0703af5835a1657fb,57ac446f18096446209c84cbc598ea821d682a426b5e975abca3ebe6e75f8622,cholesky,0.1,held,eb61adcd6eadb518c4f65c0bb99027f363a45071089c4ba035537c915acf5670,1840,speaker-subset,unseen,0.6896739130434782,0.6741714440563473,0.7183473797716541,0.6953015760161156
shd,official,comparison:fixed:q8-i6-crc,46,official,5eea900e7bfb47cdf024b3a63d426d7f94133ef6665310ed377403f92fcfbfa3,crc,35a69eb88d21ffec0e409afa838d088fade4c18282cdb354e7895d1160253a53,955b1fde3ee935633e41f181c46f829a39569a9aea30fac0703af5835a1657fb,57ac446f18096446209c84cbc598ea821d682a426b5e975abca3ebe6e75f8622,cholesky,0.1,held,eb61adcd6eadb518c4f65c0bb99027f363a45071089c4ba035537c915acf5670,2264,speaker-subset,whole,0.7137809187279152,0.6988221136613453,0.7332662788706,0.715861108093997
shd,official,comparison:fixed:q8-i6-qrc,46,official,8df85e01c90e923b8ee61cc39373e160fe77c20bbcefb9d266b07200adcd14ee,qrc,e1075996f7b9c42544bb778b530d5fbe8b7eff834c86948beb517d9c75f0a658,955b1fde3ee935633e41f181c46f829a39569a9aea30fac0703af5835a1657fb,57ac446f18096446209c84cbc598ea821d682a426b5e975abca3ebe6e75f8622,cholesky,0.1,held,eb61adcd6eadb518c4f65c0bb99027f363a45071089c4ba035537c915acf5670,424,speaker-subset,seen,0.8372641509433962,0.8217348584277747,0.8259169074420789,0.829803256616225
shd,official,comparison:fixed:q8-i6-qrc,46,official,8df85e01c90e923b8ee61cc39373e160fe77c20bbcefb9d266b07200adcd14ee,qrc,e1075996f7b9c42544bb778b530d5fbe8b7eff834c86948beb517d9c75f0a658,955b1fde3ee935633e41f181c46f829a39569a9aea30fac0703af5835a1657fb,57ac446f18096446209c84cbc598ea821d682a426b5e975abca3ebe6e75f8622,cholesky,0.1,held,eb61adcd6eadb518c4f65c0bb99027f363a45071089c4ba035537c915acf5670,1840,speaker-subset,unseen,0.7635869565217391,0.756931243862803,0.8057956592031251,0.7688410949164592
shd,official,comparison:fixed:q8-i6-qrc,46,official,8df85e01c90e923b8ee61cc39373e160fe77c20bbcefb9d266b07200adcd14ee,qrc,e1075996f7b9c42544bb778b530d5fbe8b7eff834c86948beb517d9c75f0a658,955b1fde3ee935633e41f181c46f829a39569a9aea30fac0703af5835a1657fb,57ac446f18096446209c84cbc598ea821d682a426b5e975abca3ebe6e75f8622,cholesky,0.1,held,eb61adcd6eadb518c4f65c0bb99027f363a45071089c4ba035537c915acf5670,2264,speaker-subset,whole,0.7773851590106007,0.768790268627849,0.8036127949086247,0.7786995183816635
shd,official,comparison:projection:i2,46,official,b7c8a2187e8ac5763a6bbf7b0b1df4b11583131fa0c5dbc34f9b1d33caacf4d8,projection,0e26e4d3298a4543acf8dc0000db8008813328861d34e565852020ca0412c717,55cd3e5a9b52d613b3f33169af6b9a8086a62d15238441e5d3e96dc6e3227aa8,57ac446f18096446209c84cbc598ea821d682a426b5e975abca3ebe6e75f8622,cholesky,0.1,held,eb61adcd6eadb518c4f65c0bb99027f363a45071089c4ba035537c915acf5670,424,speaker-subset,seen,0.5801886792452831,0.5401963024906046,0.5745618473231706,0.5778070949817576
shd,official,comparison:projection:i2,46,official,b7c8a2187e8ac5763a6bbf7b0b1df4b11583131fa0c5dbc34f9b1d33caacf4d8,projection,0e26e4d3298a4543acf8dc0000db8008813328861d34e565852020ca0412c717,55cd3e5a9b52d613b3f33169af6b9a8086a62d15238441e5d3e96dc6e3227aa8,57ac446f18096446209c84cbc598ea821d682a426b5e975abca3ebe6e75f8622,cholesky,0.1,held,eb61adcd6eadb518c4f65c0bb99027f363a45071089c4ba035537c915acf5670,1840,speaker-subset,unseen,0.5836956521739131,0.5588256672012587,0.6227797317219332,0.5843583362957696
shd,official,comparison:projection:i2,46,official,b7c8a2187e8ac5763a6bbf7b0b1df4b11583131fa0c5dbc34f9b1d33caacf4d8,projection,0e26e4d3298a4543acf8dc0000db8008813328861d34e565852020ca0412c717,55cd3e5a9b52d613b3f33169af6b9a8086a62d15238441e5d3e96dc6e3227aa8,57ac446f18096446209c84cbc598ea821d682a426b5e975abca3ebe6e75f8622,cholesky,0.1,held,eb61adcd6eadb518c4f65c0bb99027f363a45071089c4ba035537c915acf5670,2264,speaker-subset,whole,0.5830388692579506,0.5545799393498156,0.6158192931181226,0.5819943263444823
shd,official,comparison:projection:i4,46,official,0ad936492ed758b3291f29f895e1e2ab0665bd8fbf5d37af9767c54f67e25313,projection,58f2c297e89d839f04b48df5fdda76f658a17fafffe1a7208812f5af13bf4798,e49c5a0941cd1ab7563977d5a8b88824c14e29a3046bb69f7aec5d688361dfa9,57ac446f18096446209c84cbc598ea821d682a426b5e975abca3ebe6e75f8622,cholesky,0.1,held,eb61adcd6eadb518c4f65c0bb99027f363a45071089c4ba035537c915acf5670,424,speaker-subset,seen,0.6886792452830188,0.6578507269456708,0.6785886466261826,0.6800375846667077
shd,official,comparison:projection:i4,46,official,0ad936492ed758b3291f29f895e1e2ab0665bd8fbf5d37af9767c54f67e25313,projection,58f2c297e89d839f04b48df5fdda76f658a17fafffe1a7208812f5af13bf4798,e49c5a0941cd1ab7563977d5a8b88824c14e29a3046bb69f7aec5d688361dfa9,57ac446f18096446209c84cbc598ea821d682a426b5e975abca3ebe6e75f8622,cholesky,0.1,held,eb61adcd6eadb518c4f65c0bb99027f363a45071089c4ba035537c915acf5670,1840,speaker-subset,unseen,0.678804347826087,0.6615584982168073,0.7060962350195898,0.6804301457518663
shd,official,comparison:projection:i4,46,official,0ad936492ed758b3291f29f895e1e2ab0665bd8fbf5d37af9767c54f67e25313,projection,58f2c297e89d839f04b48df5fdda76f658a17fafffe1a7208812f5af13bf4798,e49c5a0941cd1ab7563977d5a8b88824c14e29a3046bb69f7aec5d688361dfa9,57ac446f18096446209c84cbc598ea821d682a426b5e975abca3ebe6e75f8622,cholesky,0.1,held,eb61adcd6eadb518c4f65c0bb99027f363a45071089c4ba035537c915acf5670,2264,speaker-subset,whole,0.6806537102473498,0.6619540255634268,0.6950784453602172,0.678606381404782
shd,official,comparison:projection:i6,46,official,1b2230ae1f16245cf27f0002dd0af81d0780fb1f1ef46751fd42ed7956892027,projection,70d99d48657e9dced6a42b066f5ee710787f8eea130990e40c962cc4897729da,955b1fde3ee935633e41f181c46f829a39569a9aea30fac0703af5835a1657fb,57ac446f18096446209c84cbc598ea821d682a426b5e975abca3ebe6e75f8622,cholesky,0.1,held,eb61adcd6eadb518c4f65c0bb99027f363a45071089c4ba035537c915acf5670,424,speaker-subset,seen,0.785377358490566,0.7683857702121355,0.775822722472036,0.7808321005581126
shd,official,comparison:projection:i6,46,official,1b2230ae1f16245cf27f0002dd0af81d0780fb1f1ef46751fd42ed7956892027,projection,70d99d48657e9dced6a42b066f5ee710787f8eea130990e40c962cc4897729da,955b1fde3ee935633e41f181c46f829a39569a9aea30fac0703af5835a1657fb,57ac446f18096446209c84cbc598ea821d682a426b5e975abca3ebe6e75f8622,cholesky,0.1,held,eb61adcd6eadb518c4f65c0bb99027f363a45071089c4ba035537c915acf5670,1840,speaker-subset,unseen,0.7510869565217392,0.7475217539844627,0.7981711461835956,0.7559189477426236
shd,official,comparison:projection:i6,46,official,1b2230ae1f16245cf27f0002dd0af81d0780fb1f1ef46751fd42ed7956892027,projection,70d99d48657e9dced6a42b066f5ee710787f8eea130990e40c962cc4897729da,955b1fde3ee935633e41f181c46f829a39569a9aea30fac0703af5835a1657fb,57ac446f18096446209c84cbc598ea821d682a426b5e975abca3ebe6e75f8622,cholesky,0.1,held,eb61adcd6eadb518c4f65c0bb99027f363a45071089c4ba035537c915acf5670,2264,speaker-subset,whole,0.7575088339222615,0.7508665028027508,0.78792612447365,0.758383081510795
shd,official,comparison:tuned:q4-i2-crc,46,official,f3e1e9997411738fc9df7d753eadebf54c6c08214caf16d074787805d0fcb293,crc,db38493e760d91b19a4d7490f35fd38862a45668052a5698f362a4ca3e61c073,55cd3e5a9b52d613b3f33169af6b9a8086a62d15238441e5d3e96dc6e3227aa8,57ac446f18096446209c84cbc598ea821d682a426b5e975abca3ebe6e75f8622,cholesky,0.0001,held,eb61adcd6eadb518c4f65c0bb99027f363a45071089c4ba035537c915acf5670,424,speaker-subset,seen,0.8066037735849056,0.7924665134036424,0.8120064612615764,0.8018461032484646
shd,official,comparison:tuned:q4-i2-crc,46,official,f3e1e9997411738fc9df7d753eadebf54c6c08214caf16d074787805d0fcb293,crc,db38493e760d91b19a4d7490f35fd38862a45668052a5698f362a4ca3e61c073,55cd3e5a9b52d613b3f33169af6b9a8086a62d15238441e5d3e96dc6e3227aa8,57ac446f18096446209c84cbc598ea821d682a426b5e975abca3ebe6e75f8622,cholesky,0.0001,held,eb61adcd6eadb518c4f65c0bb99027f363a45071089c4ba035537c915acf5670,1840,speaker-subset,unseen,0.6657608695652174,0.6491936997867784,0.6964556747669366,0.6680590117312478
shd,official,comparison:tuned:q4-i2-crc,46,official,f3e1e9997411738fc9df7d753eadebf54c6c08214caf16d074787805d0fcb293,crc,db38493e760d91b19a4d7490f35fd38862a45668052a5698f362a4ca3e61c073,55cd3e5a9b52d613b3f33169af6b9a8086a62d15238441e5d3e96dc6e3227aa8,57ac446f18096446209c84cbc598ea821d682a426b5e975abca3ebe6e75f8622,cholesky,0.0001,held,eb61adcd6eadb518c4f65c0bb99027f363a45071089c4ba035537c915acf5670,2264,speaker-subset,whole,0.6921378091872792,0.6758968691509372,0.7149895890267797,0.6917136861778462
shd,official,comparison:tuned:q4-i2-qrc,46,official,1db1c207d39957ec13e0a048f67a067d7fb148b7f0371cccd49164a1ef98f7f2,qrc,643bd816514e7a00122e935327be11c97902f162ad09e1b6484c82eb6d8951ef,55cd3e5a9b52d613b3f33169af6b9a8086a62d15238441e5d3e96dc6e3227aa8,57ac446f18096446209c84cbc598ea821d682a426b5e975abca3ebe6e75f8622,cholesky,0.001,held,eb61adcd6eadb518c4f65c0bb99027f363a45071089c4ba035537c915acf5670,424,speaker-subset,seen,0.8254716981132075,0.8096034247684702,0.8267630056188409,0.8186108294712117
shd,official,comparison:tuned:q4-i2-qrc,46,official,1db1c207d39957ec13e0a048f67a067d7fb148b7f0371cccd49164a1ef98f7f2,qrc,643bd816514e7a00122e935327be11c97902f162ad09e1b6484c82eb6d8951ef,55cd3e5a9b52d613b3f33169af6b9a8086a62d15238441e5d3e96dc6e3227aa8,57ac446f18096446209c84cbc598ea821d682a426b5e975abca3ebe6e75f8622,cholesky,0.001,held,eb61adcd6eadb518c4f65c0bb99027f363a45071089c4ba035537c915acf5670,1840,speaker-subset,unseen,0.7135869565217391,0.696774314032953,0.7351699123522593,0.7138938262827349
shd,official,comparison:tuned:q4-i2-qrc,46,official,1db1c207d39957ec13e0a048f67a067d7fb148b7f0371cccd49164a1ef98f7f2,qrc,643bd816514e7a00122e935327be11c97902f162ad09e1b6484c82eb6d8951ef,55cd3e5a9b52d613b3f33169af6b9a8086a62d15238441e5d3e96dc6e3227aa8,57ac446f18096446209c84cbc598ea821d682a426b5e975abca3ebe6e75f8622,cholesky,0.001,held,eb61adcd6eadb518c4f65c0bb99027f363a45071089c4ba035537c915acf5670,2264,speaker-subset,whole,0.7345406360424028,0.7178067837695523,0.7491358849563896,0.7324973204969375
shd,official,comparison:tuned:q6-i2-crc,46,official,888f984ba00d2c26f7d40bb8009698c2d781f5874900d14bfcdd33a22d235954,crc,6b555d44489f17659120459ae75a5a46bf41fe67a80c4ce96ee0916226343369,55cd3e5a9b52d613b3f33169af6b9a8086a62d15238441e5d3e96dc6e3227aa8,57ac446f18096446209c84cbc598ea821d682a426b5e975abca3ebe6e75f8622,cholesky,0.001,held,eb61adcd6eadb518c4f65c0bb99027f363a45071089c4ba035537c915acf5670,424,speaker-subset,seen,0.8066037735849056,0.7922434017499469,0.7995503011218509,0.8017199416719656
shd,official,comparison:tuned:q6-i2-crc,46,official,888f984ba00d2c26f7d40bb8009698c2d781f5874900d14bfcdd33a22d235954,crc,6b555d44489f17659120459ae75a5a46bf41fe67a80c4ce96ee0916226343369,55cd3e5a9b52d613b3f33169af6b9a8086a62d15238441e5d3e96dc6e3227aa8,57ac446f18096446209c84cbc598ea821d682a426b5e975abca3ebe6e75f8622,cholesky,0.001,held,eb61adcd6eadb518c4f65c0bb99027f363a45071089c4ba035537c915acf5670,1840,speaker-subset,unseen,0.7016304347826087,0.6860882163531157,0.7156899028385483,0.7028498637279298
shd,official,comparison:tuned:q6-i2-crc,46,official,888f984ba00d2c26f7d40bb8009698c2d781f5874900d14bfcdd33a22d235954,crc,6b555d44489f17659120459ae75a5a46bf41fe67a80c4ce96ee0916226343369,55cd3e5a9b52d613b3f33169af6b9a8086a62d15238441e5d3e96dc6e3227aa8,57ac446f18096446209c84cbc598ea821d682a426b5e975abca3ebe6e75f8622,cholesky,0.001,held,eb61adcd6eadb518c4f65c0bb99027f363a45071089c4ba035537c915acf5670,2264,speaker-subset,whole,0.7212897526501767,0.7057492831405527,0.728189431390122,0.7194710831550104
shd,official,comparison:tuned:q6-i2-qrc,46,official,779f7cadce6d8791182d3bfe42654f214cbedf3fb7a36ea419b64dc3925a0ec9,qrc,640f9ce12f95ee866efec7e475bcb37e6b32eb82bc15d5218b55b4b7d05650e0,55cd3e5a9b52d613b3f33169af6b9a8086a62d15238441e5d3e96dc6e3227aa8,57ac446f18096446209c84cbc598ea821d682a426b5e975abca3ebe6e75f8622,cholesky,0.01,held,eb61adcd6eadb518c4f65c0bb99027f363a45071089c4ba035537c915acf5670,424,speaker-subset,seen,0.8136792452830188,0.8087046304793523,0.8199151562481081,0.8146676355323283
shd,official,comparison:tuned:q6-i2-qrc,46,official,779f7cadce6d8791182d3bfe42654f214cbedf3fb7a36ea419b64dc3925a0ec9,qrc,640f9ce12f95ee866efec7e475bcb37e6b32eb82bc15d5218b55b4b7d05650e0,55cd3e5a9b52d613b3f33169af6b9a8086a62d15238441e5d3e96dc6e3227aa8,57ac446f18096446209c84cbc598ea821d682a426b5e975abca3ebe6e75f8622,cholesky,0.01,held,eb61adcd6eadb518c4f65c0bb99027f363a45071089c4ba035537c915acf5670,1840,speaker-subset,unseen,0.6364130434782609,0.624720048385924,0.6607684460354225,0.6392167318402654
shd,official,comparison:tuned:q6-i2-qrc,46,official,779f7cadce6d8791182d3bfe42654f214cbedf3fb7a36ea419b64dc3925a0ec9,qrc,640f9ce12f95ee866efec7e475bcb37e6b32eb82bc15d5218b55b4b7d05650e0,55cd3e5a9b52d613b3f33169af6b9a8086a62d15238441e5d3e96dc6e3227aa8,57ac446f18096446209c84cbc598ea821d682a426b5e975abca3ebe6e75f8622,cholesky,0.01,held,eb61adcd6eadb518c4f65c0bb99027f363a45071089c4ba035537c915acf5670,2264,speaker-subset,whole,0.6696113074204947,0.6584412220497848,0.6858724920663214,0.6703763410281691
shd,official,comparison:tuned:q6-i4-crc,46,official,9f58dd5db7a6a7048b221d92bfb45c2b75c243f66619bd2f551f313d0f93e7c9,crc,89acb819f6e30b41e8a04cc469c787c45d840fe57d3990edb13d60d4fe9dc116,e49c5a0941cd1ab7563977d5a8b88824c14e29a3046bb69f7aec5d688361dfa9,57ac446f18096446209c84cbc598ea821d682a426b5e975abca3ebe6e75f8622,cholesky,0.001,held,eb61adcd6eadb518c4f65c0bb99027f363a45071089c4ba035537c915acf5670,424,speaker-subset,seen,0.8679245283018868,0.8557089384577384,0.8576513553189754,0.8641491792121476
shd,official,comparison:tuned:q6-i4-crc,46,official,9f58dd5db7a6a7048b221d92bfb45c2b75c243f66619bd2f551f313d0f93e7c9,crc,89acb819f6e30b41e8a04cc469c787c45d840fe57d3990edb13d60d4fe9dc116,e49c5a0941cd1ab7563977d5a8b88824c14e29a3046bb69f7aec5d688361dfa9,57ac446f18096446209c84cbc598ea821d682a426b5e975abca3ebe6e75f8622,cholesky,0.001,held,eb61adcd6eadb518c4f65c0bb99027f363a45071089c4ba035537c915acf5670,1840,speaker-subset,unseen,0.7592391304347826,0.7482823749362317,0.7683180178125476,0.7615179523640242
shd,official,comparison:tuned:q6-i4-crc,46,official,9f58dd5db7a6a7048b221d92bfb45c2b75c243f66619bd2f551f313d0f93e7c9,crc,89acb819f6e30b41e8a04cc469c787c45d840fe57d3990edb13d60d4fe9dc116,e49c5a0941cd1ab7563977d5a8b88824c14e29a3046bb69f7aec5d688361dfa9,57ac446f18096446209c84cbc598ea821d682a426b5e975abca3ebe6e75f8622,cholesky,0.001,held,eb61adcd6eadb518c4f65c0bb99027f363a45071089c4ba035537c915acf5670,2264,speaker-subset,whole,0.7795936395759717,0.7680163066688074,0.7827627058841214,0.778376008798934
shd,official,comparison:tuned:q6-i4-qrc,46,official,bc804b7297583326a51df4df4045d1a135fd94e65755d50fb3cf33c8d782cd0a,qrc,6787e0edd4db684a71af05000d74e8f9960872d1db425f67aad91db6fd4d95df,e49c5a0941cd1ab7563977d5a8b88824c14e29a3046bb69f7aec5d688361dfa9,57ac446f18096446209c84cbc598ea821d682a426b5e975abca3ebe6e75f8622,cholesky,0.1,held,eb61adcd6eadb518c4f65c0bb99027f363a45071089c4ba035537c915acf5670,424,speaker-subset,seen,0.8254716981132075,0.8111315842048052,0.8203242689598428,0.8189295672468461
shd,official,comparison:tuned:q6-i4-qrc,46,official,bc804b7297583326a51df4df4045d1a135fd94e65755d50fb3cf33c8d782cd0a,qrc,6787e0edd4db684a71af05000d74e8f9960872d1db425f67aad91db6fd4d95df,e49c5a0941cd1ab7563977d5a8b88824c14e29a3046bb69f7aec5d688361dfa9,57ac446f18096446209c84cbc598ea821d682a426b5e975abca3ebe6e75f8622,cholesky,0.1,held,eb61adcd6eadb518c4f65c0bb99027f363a45071089c4ba035537c915acf5670,1840,speaker-subset,unseen,0.7288043478260869,0.716933733929068,0.7438793759797532,0.7305782675672473
shd,official,comparison:tuned:q6-i4-qrc,46,official,bc804b7297583326a51df4df4045d1a135fd94e65755d50fb3cf33c8d782cd0a,qrc,6787e0edd4db684a71af05000d74e8f9960872d1db425f67aad91db6fd4d95df,e49c5a0941cd1ab7563977d5a8b88824c14e29a3046bb69f7aec5d688361dfa9,57ac446f18096446209c84cbc598ea821d682a426b5e975abca3ebe6e75f8622,cholesky,0.1,held,eb61adcd6eadb518c4f65c0bb99027f363a45071089c4ba035537c915acf5670,2264,speaker-subset,whole,0.7469081272084805,0.7344198521980548,0.7556200319848428,0.7449008372998162
shd,official,comparison:tuned:q8-i2-crc,46,official,a357bf67d14c2c6f2a3c2278b1ce80793b830a411b63edfbe325e48a1cc28850,crc,60d361eb945c746916fef6bf276f0c5ebdc8d1722f3f43b2ab5cd37f6d6063d6,55cd3e5a9b52d613b3f33169af6b9a8086a62d15238441e5d3e96dc6e3227aa8,57ac446f18096446209c84cbc598ea821d682a426b5e975abca3ebe6e75f8622,cholesky,0.001,held,eb61adcd6eadb518c4f65c0bb99027f363a45071089c4ba035537c915acf5670,424,speaker-subset,seen,0.8301886792452831,0.8174221028359785,0.8327306696420486,0.8239384970768027
shd,official,comparison:tuned:q8-i2-crc,46,official,a357bf67d14c2c6f2a3c2278b1ce80793b830a411b63edfbe325e48a1cc28850,crc,60d361eb945c746916fef6bf276f0c5ebdc8d1722f3f43b2ab5cd37f6d6063d6,55cd3e5a9b52d613b3f33169af6b9a8086a62d15238441e5d3e96dc6e3227aa8,57ac446f18096446209c84cbc598ea821d682a426b5e975abca3ebe6e75f8622,cholesky,0.001,held,eb61adcd6eadb518c4f65c0bb99027f363a45071089c4ba035537c915acf5670,1840,speaker-subset,unseen,0.7081521739130435,0.6884195562030773,0.7150588246665218,0.7086799383813248
shd,official,comparison:tuned:q8-i2-crc,46,official,a357bf67d14c2c6f2a3c2278b1ce80793b830a411b63edfbe325e48a1cc28850,crc,60d361eb945c746916fef6bf276f0c5ebdc8d1722f3f43b2ab5cd37f6d6063d6,55cd3e5a9b52d613b3f33169af6b9a8086a62d15238441e5d3e96dc6e3227aa8,57ac446f18096446209c84cbc598ea821d682a426b5e975abca3ebe6e75f8622,cholesky,0.001,held,eb61adcd6eadb518c4f65c0bb99027f363a45071089c4ba035537c915acf5670,2264,speaker-subset,whole,0.7310070671378092,0.712192167936793,0.7346550622855925,0.7288777355474709
shd,official,comparison:tuned:q8-i2-qrc,46,official,3e19df15055f851cc0143e9b9a1dc2f75b7011164a98f2eec6846efead36651d,qrc,01744a3c53aafb0c2754616b0e941c9ac605eeace004d70345a51e2ff8d9b351,55cd3e5a9b52d613b3f33169af6b9a8086a62d15238441e5d3e96dc6e3227aa8,57ac446f18096446209c84cbc598ea821d682a426b5e975abca3ebe6e75f8622,cholesky,0.1,held,eb61adcd6eadb518c4f65c0bb99027f363a45071089c4ba035537c915acf5670,424,speaker-subset,seen,0.7641509433962265,0.7418400280100484,0.7601467117077667,0.7557499854939886
shd,official,comparison:tuned:q8-i2-qrc,46,official,3e19df15055f851cc0143e9b9a1dc2f75b7011164a98f2eec6846efead36651d,qrc,01744a3c53aafb0c2754616b0e941c9ac605eeace004d70345a51e2ff8d9b351,55cd3e5a9b52d613b3f33169af6b9a8086a62d15238441e5d3e96dc6e3227aa8,57ac446f18096446209c84cbc598ea821d682a426b5e975abca3ebe6e75f8622,cholesky,0.1,held,eb61adcd6eadb518c4f65c0bb99027f363a45071089c4ba035537c915acf5670,1840,speaker-subset,unseen,0.6217391304347826,0.6053913319459416,0.6487299024927264,0.6251214598886123
shd,official,comparison:tuned:q8-i2-qrc,46,official,3e19df15055f851cc0143e9b9a1dc2f75b7011164a98f2eec6846efead36651d,qrc,01744a3c53aafb0c2754616b0e941c9ac605eeace004d70345a51e2ff8d9b351,55cd3e5a9b52d613b3f33169af6b9a8086a62d15238441e5d3e96dc6e3227aa8,57ac446f18096446209c84cbc598ea821d682a426b5e975abca3ebe6e75f8622,cholesky,0.1,held,eb61adcd6eadb518c4f65c0bb99027f363a45071089c4ba035537c915acf5670,2264,speaker-subset,whole,0.6484098939929329,0.6307332784069664,0.664218740635085,0.6494155693341102
shd,official,comparison:tuned:q8-i4-crc,46,official,4f9f85a32c066b9c2d3cab8c4d261553e762fae1287ee1f3e8c465f62865928b,crc,24a7948e83d6c36f8de5b8a715e8e536d4872a4450dc26ea53910a597810f894,e49c5a0941cd1ab7563977d5a8b88824c14e29a3046bb69f7aec5d688361dfa9,57ac446f18096446209c84cbc598ea821d682a426b5e975abca3ebe6e75f8622,cholesky,0.0001,held,eb61adcd6eadb518c4f65c0bb99027f363a45071089c4ba035537c915acf5670,424,speaker-subset,seen,0.8985849056603774,0.8900049575608552,0.8969658420672522,0.8931743697609515
shd,official,comparison:tuned:q8-i4-crc,46,official,4f9f85a32c066b9c2d3cab8c4d261553e762fae1287ee1f3e8c465f62865928b,crc,24a7948e83d6c36f8de5b8a715e8e536d4872a4450dc26ea53910a597810f894,e49c5a0941cd1ab7563977d5a8b88824c14e29a3046bb69f7aec5d688361dfa9,57ac446f18096446209c84cbc598ea821d682a426b5e975abca3ebe6e75f8622,cholesky,0.0001,held,eb61adcd6eadb518c4f65c0bb99027f363a45071089c4ba035537c915acf5670,1840,speaker-subset,unseen,0.7597826086956522,0.7526448159003994,0.766722046178616,0.761559426472331
shd,official,comparison:tuned:q8-i4-crc,46,official,4f9f85a32c066b9c2d3cab8c4d261553e762fae1287ee1f3e8c465f62865928b,crc,24a7948e83d6c36f8de5b8a715e8e536d4872a4450dc26ea53910a597810f894,e49c5a0941cd1ab7563977d5a8b88824c14e29a3046bb69f7aec5d688361dfa9,57ac446f18096446209c84cbc598ea821d682a426b5e975abca3ebe6e75f8622,cholesky,0.0001,held,eb61adcd6eadb518c4f65c0bb99027f363a45071089c4ba035537c915acf5670,2264,speaker-subset,whole,0.7857773851590106,0.7772126325307598,0.7873310680173065,0.7842382508932296
shd,official,comparison:tuned:q8-i4-qrc,46,official,7d14a39d5fd238493fa586e279ade90de4b7b1d0eeb8b8bdd7c990fba8c0b6e6,qrc,2569052f44979790c4af0407c0ad6fc4c5bb25d67940e2cdaa1d7ce4e42cbd7d,e49c5a0941cd1ab7563977d5a8b88824c14e29a3046bb69f7aec5d688361dfa9,57ac446f18096446209c84cbc598ea821d682a426b5e975abca3ebe6e75f8622,cholesky,0.1,held,eb61adcd6eadb518c4f65c0bb99027f363a45071089c4ba035537c915acf5670,424,speaker-subset,seen,0.8160377358490566,0.8018487852849944,0.8079765834117026,0.8107606324141182
shd,official,comparison:tuned:q8-i4-qrc,46,official,7d14a39d5fd238493fa586e279ade90de4b7b1d0eeb8b8bdd7c990fba8c0b6e6,qrc,2569052f44979790c4af0407c0ad6fc4c5bb25d67940e2cdaa1d7ce4e42cbd7d,e49c5a0941cd1ab7563977d5a8b88824c14e29a3046bb69f7aec5d688361dfa9,57ac446f18096446209c84cbc598ea821d682a426b5e975abca3ebe6e75f8622,cholesky,0.1,held,eb61adcd6eadb518c4f65c0bb99027f363a45071089c4ba035537c915acf5670,1840,speaker-subset,unseen,0.7375,0.7321912034252915,0.7607945105025059,0.7398921673184027
shd,official,comparison:tuned:q8-i4-qrc,46,official,7d14a39d5fd238493fa586e279ade90de4b7b1d0eeb8b8bdd7c990fba8c0b6e6,qrc,2569052f44979790c4af0407c0ad6fc4c5bb25d67940e2cdaa1d7ce4e42cbd7d,e49c5a0941cd1ab7563977d5a8b88824c14e29a3046bb69f7aec5d688361dfa9,57ac446f18096446209c84cbc598ea821d682a426b5e975abca3ebe6e75f8622,cholesky,0.1,held,eb61adcd6eadb518c4f65c0bb99027f363a45071089c4ba035537c915acf5670,2264,speaker-subset,whole,0.752208480565371,0.7457901425258627,0.7661388375216612,0.751265222131334
shd,official,comparison:tuned:q8-i6-crc,46,official,63289a1525df0134c30aa4ae088ae1eff9e13540ad2e3a5ed43b9af23a8813c8,crc,e76bb345115103a193696f8017914418720fa5806c0fc780d3f38e6aedefad7e,955b1fde3ee935633e41f181c46f829a39569a9aea30fac0703af5835a1657fb,57ac446f18096446209c84cbc598ea821d682a426b5e975abca3ebe6e75f8622,cholesky,1.0,held,eb61adcd6eadb518c4f65c0bb99027f363a45071089c4ba035537c915acf5670,424,speaker-subset,seen,0.8254716981132075,0.8133705043963024,0.8231846460429727,0.818070155682787
shd,official,comparison:tuned:q8-i6-crc,46,official,63289a1525df0134c30aa4ae088ae1eff9e13540ad2e3a5ed43b9af23a8813c8,crc,e76bb345115103a193696f8017914418720fa5806c0fc780d3f38e6aedefad7e,955b1fde3ee935633e41f181c46f829a39569a9aea30fac0703af5835a1657fb,57ac446f18096446209c84cbc598ea821d682a426b5e975abca3ebe6e75f8622,cholesky,1.0,held,eb61adcd6eadb518c4f65c0bb99027f363a45071089c4ba035537c915acf5670,1840,speaker-subset,unseen,0.7298913043478261,0.7231387486380698,0.7827535069713745,0.736052849863728
shd,official,comparison:tuned:q8-i6-crc,46,official,63289a1525df0134c30aa4ae088ae1eff9e13540ad2e3a5ed43b9af23a8813c8,crc,e76bb345115103a193696f8017914418720fa5806c0fc780d3f38e6aedefad7e,955b1fde3ee935633e41f181c46f829a39569a9aea30fac0703af5835a1657fb,57ac446f18096446209c84cbc598ea821d682a426b5e975abca3ebe6e75f8622,cholesky,1.0,held,eb61adcd6eadb518c4f65c0bb99027f363a45071089c4ba035537c915acf5670,2264,speaker-subset,whole,0.747791519434629,0.7408165489110179,0.7869018112420799,0.7503414906028297
shd,official,comparison:tuned:q8-i6-qrc,46,official,b30a18509a2788bd448a44aab382fc06f2d4030d5767ad74032fad34399e6289,qrc,78d488f4944130a8405c0d925233827f0351a7bb38c48295d62fd581c92fabc1,955b1fde3ee935633e41f181c46f829a39569a9aea30fac0703af5835a1657fb,57ac446f18096446209c84cbc598ea821d682a426b5e975abca3ebe6e75f8622,cholesky,0.1,held,eb61adcd6eadb518c4f65c0bb99027f363a45071089c4ba035537c915acf5670,424,speaker-subset,seen,0.8466981132075472,0.8316293919668393,0.8400771435254623,0.8396370339500023
shd,official,comparison:tuned:q8-i6-qrc,46,official,b30a18509a2788bd448a44aab382fc06f2d4030d5767ad74032fad34399e6289,qrc,78d488f4944130a8405c0d925233827f0351a7bb38c48295d62fd581c92fabc1,955b1fde3ee935633e41f181c46f829a39569a9aea30fac0703af5835a1657fb,57ac446f18096446209c84cbc598ea821d682a426b5e975abca3ebe6e75f8622,cholesky,0.1,held,eb61adcd6eadb518c4f65c0bb99027f363a45071089c4ba035537c915acf5670,1840,speaker-subset,unseen,0.7701086956521739,0.7639456658277919,0.8082580483291935,0.7751451593790734
shd,official,comparison:tuned:q8-i6-qrc,46,official,b30a18509a2788bd448a44aab382fc06f2d4030d5767ad74032fad34399e6289,qrc,78d488f4944130a8405c0d925233827f0351a7bb38c48295d62fd581c92fabc1,955b1fde3ee935633e41f181c46f829a39569a9aea30fac0703af5835a1657fb,57ac446f18096446209c84cbc598ea821d682a426b5e975abca3ebe6e75f8622,cholesky,0.1,held,eb61adcd6eadb518c4f65c0bb99027f363a45071089c4ba035537c915acf5670,2264,speaker-subset,whole,0.784452296819788,0.776220000394262,0.8081794083427678,0.7850691924715887
shd,official,observations:crc2:all,46,official,1fd36ce890b4ce3067724eeb1ad5e75675b3750d401261ad6bf5541d3bd0fec1,crc,7437e12e451c6fe23dedffcba8427f6b1ff3eef90ac8d44c5de93188b3a2dce7,55cd3e5a9b52d613b3f33169af6b9a8086a62d15238441e5d3e96dc6e3227aa8,57ac446f18096446209c84cbc598ea821d682a426b5e975abca3ebe6e75f8622,lsqr,0.01,held,eb61adcd6eadb518c4f65c0bb99027f363a45071089c4ba035537c915acf5670,424,speaker-subset,seen,0.6886792452830188,0.6629810397797244,0.7035900312215941,0.6881706786605588
shd,official,observations:crc2:all,46,official,1fd36ce890b4ce3067724eeb1ad5e75675b3750d401261ad6bf5541d3bd0fec1,crc,7437e12e451c6fe23dedffcba8427f6b1ff3eef90ac8d44c5de93188b3a2dce7,55cd3e5a9b52d613b3f33169af6b9a8086a62d15238441e5d3e96dc6e3227aa8,57ac446f18096446209c84cbc598ea821d682a426b5e975abca3ebe6e75f8622,lsqr,0.01,held,eb61adcd6eadb518c4f65c0bb99027f363a45071089c4ba035537c915acf5670,1840,speaker-subset,unseen,0.5173913043478261,0.4942843934150499,0.5327653138025561,0.5207015049176442
shd,official,observations:crc2:all,46,official,1fd36ce890b4ce3067724eeb1ad5e75675b3750d401261ad6bf5541d3bd0fec1,crc,7437e12e451c6fe23dedffcba8427f6b1ff3eef90ac8d44c5de93188b3a2dce7,55cd3e5a9b52d613b3f33169af6b9a8086a62d15238441e5d3e96dc6e3227aa8,57ac446f18096446209c84cbc598ea821d682a426b5e975abca3ebe6e75f8622,lsqr,0.01,held,eb61adcd6eadb518c4f65c0bb99027f363a45071089c4ba035537c915acf5670,2264,speaker-subset,whole,0.549469964664311,0.5260453607957711,0.5611608365864023,0.5513928966229392
shd,official,observations:crc2:products,46,official,6ae66d35da54d00c5e70f9782333548ed628bc7c7270ab0a2c8624787a3f6142,crc,a9f09719ec1a1bf2f7e49f21f4da4eeb0c65e7b6d6e6d7db70c346cec543cdee,55cd3e5a9b52d613b3f33169af6b9a8086a62d15238441e5d3e96dc6e3227aa8,57ac446f18096446209c84cbc598ea821d682a426b5e975abca3ebe6e75f8622,lsqr,0.1,held,eb61adcd6eadb518c4f65c0bb99027f363a45071089c4ba035537c915acf5670,424,speaker-subset,seen,0.6721698113207547,0.6441146023660432,0.6871745388089483,0.6681388642106408
shd,official,observations:crc2:products,46,official,6ae66d35da54d00c5e70f9782333548ed628bc7c7270ab0a2c8624787a3f6142,crc,a9f09719ec1a1bf2f7e49f21f4da4eeb0c65e7b6d6e6d7db70c346cec543cdee,55cd3e5a9b52d613b3f33169af6b9a8086a62d15238441e5d3e96dc6e3227aa8,57ac446f18096446209c84cbc598ea821d682a426b5e975abca3ebe6e75f8622,lsqr,0.1,held,eb61adcd6eadb518c4f65c0bb99027f363a45071089c4ba035537c915acf5670,1840,speaker-subset,unseen,0.5152173913043478,0.495890791767284,0.5569743335342504,0.5193506339613698
shd,official,observations:crc2:products,46,official,6ae66d35da54d00c5e70f9782333548ed628bc7c7270ab0a2c8624787a3f6142,crc,a9f09719ec1a1bf2f7e49f21f4da4eeb0c65e7b6d6e6d7db70c346cec543cdee,55cd3e5a9b52d613b3f33169af6b9a8086a62d15238441e5d3e96dc6e3227aa8,57ac446f18096446209c84cbc598ea821d682a426b5e975abca3ebe6e75f8622,lsqr,0.1,held,eb61adcd6eadb518c4f65c0bb99027f363a45071089c4ba035537c915acf5670,2264,speaker-subset,whole,0.5446113074204947,0.5236892893230466,0.5779554939608762,0.5473692870490873
shd,official,observations:crc2:width24,46,official,ab7086fd6010d2f3afa5bc78572088a815d8b948112d9953fead54d908534cfa,crc,0a577d9cc8e47b1c37adf85ccddd8f1e54a0cd721232c21e5d5cd18bb286612e,55cd3e5a9b52d613b3f33169af6b9a8086a62d15238441e5d3e96dc6e3227aa8,57ac446f18096446209c84cbc598ea821d682a426b5e975abca3ebe6e75f8622,lsqr,0.01,held,eb61adcd6eadb518c4f65c0bb99027f363a45071089c4ba035537c915acf5670,424,speaker-subset,seen,0.8254716981132075,0.8174017370361544,0.8260403761906376,0.8266136514729094
shd,official,observations:crc2:width24,46,official,ab7086fd6010d2f3afa5bc78572088a815d8b948112d9953fead54d908534cfa,crc,0a577d9cc8e47b1c37adf85ccddd8f1e54a0cd721232c21e5d5cd18bb286612e,55cd3e5a9b52d613b3f33169af6b9a8086a62d15238441e5d3e96dc6e3227aa8,57ac446f18096446209c84cbc598ea821d682a426b5e975abca3ebe6e75f8622,lsqr,0.01,held,eb61adcd6eadb518c4f65c0bb99027f363a45071089c4ba035537c915acf5670,1840,speaker-subset,unseen,0.6478260869565218,0.6297770273305272,0.6533598370235348,0.6500414741083066
shd,official,observations:crc2:width24,46,official,ab7086fd6010d2f3afa5bc78572088a815d8b948112d9953fead54d908534cfa,crc,0a577d9cc8e47b1c37adf85ccddd8f1e54a0cd721232c21e5d5cd18bb286612e,55cd3e5a9b52d613b3f33169af6b9a8086a62d15238441e5d3e96dc6e3227aa8,57ac446f18096446209c84cbc598ea821d682a426b5e975abca3ebe6e75f8622,lsqr,0.01,held,eb61adcd6eadb518c4f65c0bb99027f363a45071089c4ba035537c915acf5670,2264,speaker-subset,whole,0.681095406360424,0.6654759875818602,0.6842561971537887,0.6811072074216521
shd,official,observations:crc4:all,46,official,873b417ea25cd86e44b4adaf1cced3b2c3bb39bf4f5d659358001461e8007f4e,crc,c906596e5de4902abfaa05fb1674b2b990ab80b1a82170c9bb3c3ee38797961a,e49c5a0941cd1ab7563977d5a8b88824c14e29a3046bb69f7aec5d688361dfa9,57ac446f18096446209c84cbc598ea821d682a426b5e975abca3ebe6e75f8622,lsqr,0.01,held,eb61adcd6eadb518c4f65c0bb99027f363a45071089c4ba035537c915acf5670,424,speaker-subset,seen,0.7995283018867925,0.7812546917249459,0.7906012857527542,0.7968283951597296
shd,official,observations:crc4:all,46,official,873b417ea25cd86e44b4adaf1cced3b2c3bb39bf4f5d659358001461e8007f4e,crc,c906596e5de4902abfaa05fb1674b2b990ab80b1a82170c9bb3c3ee38797961a,e49c5a0941cd1ab7563977d5a8b88824c14e29a3046bb69f7aec5d688361dfa9,57ac446f18096446209c84cbc598ea821d682a426b5e975abca3ebe6e75f8622,lsqr,0.01,held,eb61adcd6eadb518c4f65c0bb99027f363a45071089c4ba035537c915acf5670,1840,speaker-subset,unseen,0.7032608695652174,0.683874978591723,0.7185376826807506,0.706825453252755
shd,official,observations:crc4:all,46,official,873b417ea25cd86e44b4adaf1cced3b2c3bb39bf4f5d659358001461e8007f4e,crc,c906596e5de4902abfaa05fb1674b2b990ab80b1a82170c9bb3c3ee38797961a,e49c5a0941cd1ab7563977d5a8b88824c14e29a3046bb69f7aec5d688361dfa9,57ac446f18096446209c84cbc598ea821d682a426b5e975abca3ebe6e75f8622,lsqr,0.01,held,eb61adcd6eadb518c4f65c0bb99027f363a45071089c4ba035537c915acf5670,2264,speaker-subset,whole,0.7212897526501767,0.7023872094805539,0.7294232769469582,0.7205602150301627
shd,official,observations:crc4:products,46,official,2e8913309b4e3bcf9c2af09c8017d7da91453ea301913d371bd9ec43cccd3701,crc,274e610f0832ddbd66e74962d254e129749f247d9d61d5295ec83a19343a9d46,e49c5a0941cd1ab7563977d5a8b88824c14e29a3046bb69f7aec5d688361dfa9,57ac446f18096446209c84cbc598ea821d682a426b5e975abca3ebe6e75f8622,lsqr,0.01,held,eb61adcd6eadb518c4f65c0bb99027f363a45071089c4ba035537c915acf5670,424,speaker-subset,seen,0.8278301886792453,0.8085312208696743,0.8211742353980206,0.8237874647771573
shd,official,observations:crc4:products,46,official,2e8913309b4e3bcf9c2af09c8017d7da91453ea301913d371bd9ec43cccd3701,crc,274e610f0832ddbd66e74962d254e129749f247d9d61d5295ec83a19343a9d46,e49c5a0941cd1ab7563977d5a8b88824c14e29a3046bb69f7aec5d688361dfa9,57ac446f18096446209c84cbc598ea821d682a426b5e975abca3ebe6e75f8622,lsqr,0.01,held,eb61adcd6eadb518c4f65c0bb99027f363a45071089c4ba035537c915acf5670,1840,speaker-subset,unseen,0.7217391304347827,0.7034944006040253,0.7334726922190801,0.7247067188055457
shd,official,observations:crc4:products,46,official,2e8913309b4e3bcf9c2af09c8017d7da91453ea301913d371bd9ec43cccd3701,crc,274e610f0832ddbd66e74962d254e129749f247d9d61d5295ec83a19343a9d46,e49c5a0941cd1ab7563977d5a8b88824c14e29a3046bb69f7aec5d688361dfa9,57ac446f18096446209c84cbc598ea821d682a426b5e975abca3ebe6e75f8622,lsqr,0.01,held,eb61adcd6eadb518c4f65c0bb99027f363a45071089c4ba035537c915acf5670,2264,speaker-subset,whole,0.7416077738515902,0.7231296632727406,0.7484769647061634,0.7403933586838588
shd,official,observations:crc4:width24,46,official,0a2564a01950101a3565761c21c3c698677322706a8a50c68713e6c49a1c90b5,crc,847af2383f1f6a844261d205c5d99e823db2f941438d88c4ccf391a31a788ef5,e49c5a0941cd1ab7563977d5a8b88824c14e29a3046bb69f7aec5d688361dfa9,57ac446f18096446209c84cbc598ea821d682a426b5e975abca3ebe6e75f8622,lsqr,0.1,held,eb61adcd6eadb518c4f65c0bb99027f363a45071089c4ba035537c915acf5670,424,speaker-subset,seen,0.7900943396226415,0.7744322721727847,0.7833308349155427,0.7867944379319942
shd,official,observations:crc4:width24,46,official,0a2564a01950101a3565761c21c3c698677322706a8a50c68713e6c49a1c90b5,crc,847af2383f1f6a844261d205c5d99e823db2f941438d88c4ccf391a31a788ef5,e49c5a0941cd1ab7563977d5a8b88824c14e29a3046bb69f7aec5d688361dfa9,57ac446f18096446209c84cbc598ea821d682a426b5e975abca3ebe6e75f8622,lsqr,0.1,held,eb61adcd6eadb518c4f65c0bb99027f363a45071089c4ba035537c915acf5670,1840,speaker-subset,unseen,0.6820652173913043,0.6629958876228499,0.7099611038172877,0.6845894063277639
shd,official,observations:crc4:width24,46,official,0a2564a01950101a3565761c21c3c698677322706a8a50c68713e6c49a1c90b5,crc,847af2383f1f6a844261d205c5d99e823db2f941438d88c4ccf391a31a788ef5,e49c5a0941cd1ab7563977d5a8b88824c14e29a3046bb69f7aec5d688361dfa9,57ac446f18096446209c84cbc598ea821d682a426b5e975abca3ebe6e75f8622,lsqr,0.1,held,eb61adcd6eadb518c4f65c0bb99027f363a45071089c4ba035537c915acf5670,2264,speaker-subset,whole,0.7022968197879859,0.6844394746045487,0.7199868543058562,0.7014977344036936
shd,official,observations:projection:i2,46,official,b74738fd93be0559fb49a00a0619eb885d4458adfed3b46d441fe0cfd16af10d,projection,9f7f73642cf8a13573ca56999183d3caafe2adfbb52fce4f9299c722c99a54c6,55cd3e5a9b52d613b3f33169af6b9a8086a62d15238441e5d3e96dc6e3227aa8,57ac446f18096446209c84cbc598ea821d682a426b5e975abca3ebe6e75f8622,lsqr,0.1,held,eb61adcd6eadb518c4f65c0bb99027f363a45071089c4ba035537c915acf5670,424,speaker-subset,seen,0.5825471698113207,0.5423749101038626,0.5763329177998863,0.5799810080252359
shd,official,observations:projection:i2,46,official,b74738fd93be0559fb49a00a0619eb885d4458adfed3b46d441fe0cfd16af10d,projection,9f7f73642cf8a13573ca56999183d3caafe2adfbb52fce4f9299c722c99a54c6,55cd3e5a9b52d613b3f33169af6b9a8086a62d15238441e5d3e96dc6e3227aa8,57ac446f18096446209c84cbc598ea821d682a426b5e975abca3ebe6e75f8622,lsqr,0.1,held,eb61adcd6eadb518c4f65c0bb99027f363a45071089c4ba035537c915acf5670,1840,speaker-subset,unseen,0.5793478260869566,0.5531147181223187,0.6181604664968934,0.5797606351463443
shd,official,observations:projection:i2,46,official,b74738fd93be0559fb49a00a0619eb885d4458adfed3b46d441fe0cfd16af10d,projection,9f7f73642cf8a13573ca56999183d3caafe2adfbb52fce4f9299c722c99a54c6,55cd3e5a9b52d613b3f33169af6b9a8086a62d15238441e5d3e96dc6e3227aa8,57ac446f18096446209c84cbc598ea821d682a426b5e975abca3ebe6e75f8622,lsqr,0.1,held,eb61adcd6eadb518c4f65c0bb99027f363a45071089c4ba035537c915acf5670,2264,speaker-subset,whole,0.5799469964664311,0.5503972296588032,0.6138558436265545,0.5787607176156511
shd,official,observations:projection:i4,46,official,fbb90ff5d421bcaa0548fc7812ea1874070ef14c2d8fd220714f8c02858002a9,projection,8c97f9a42cdaa3596167b29c6a1000db7c9ce05ab9f7bccead164ea20f184d0e,e49c5a0941cd1ab7563977d5a8b88824c14e29a3046bb69f7aec5d688361dfa9,57ac446f18096446209c84cbc598ea821d682a426b5e975abca3ebe6e75f8622,lsqr,0.1,held,eb61adcd6eadb518c4f65c0bb99027f363a45071089c4ba035537c915acf5670,424,speaker-subset,seen,0.6863207547169812,0.6560650126599564,0.6769757434003763,0.6780375846667077
shd,official,observations:projection:i4,46,official,fbb90ff5d421bcaa0548fc7812ea1874070ef14c2d8fd220714f8c02858002a9,projection,8c97f9a42cdaa3596167b29c6a1000db7c9ce05ab9f7bccead164ea20f184d0e,e49c5a0941cd1ab7563977d5a8b88824c14e29a3046bb69f7aec5d688361dfa9,57ac446f18096446209c84cbc598ea821d682a426b5e975abca3ebe6e75f8622,lsqr,0.1,held,eb61adcd6eadb518c4f65c0bb99027f363a45071089c4ba035537c915acf5670,1840,speaker-subset,unseen,0.6793478260869565,0.6620299081491002,0.7066826826287425,0.6809456096693921
shd,official,observations:projection:i4,46,official,fbb90ff5d421bcaa0548fc7812ea1874070ef14c2d8fd220714f8c02858002a9,projection,8c97f9a42cdaa3596167b29c6a1000db7c9ce05ab9f7bccead164ea20f184d0e,e49c5a0941cd1ab7563977d5a8b88824c14e29a3046bb69f7aec5d688361dfa9,57ac446f18096446209c84cbc598ea821d682a426b5e975abca3ebe6e75f8622,lsqr,0.1,held,eb61adcd6eadb518c4f65c0bb99027f363a45071089c4ba035537c915acf5670,2264,speaker-subset,whole,0.6806537102473498,0.6619530472613546,0.695261492576267,0.678606381404782
shd,official,observations:qrc2:all,46,official,1c508aa0283982dbebec8c361aa94d8d326dc9cf7a4b21d6d1e0defa8bd2551b,qrc,c2237eb5c1183d73bbb9368168ef296cb200b161dbdb341a62688cb85ce6ac45,55cd3e5a9b52d613b3f33169af6b9a8086a62d15238441e5d3e96dc6e3227aa8,57ac446f18096446209c84cbc598ea821d682a426b5e975abca3ebe6e75f8622,lsqr,0.1,held,eb61adcd6eadb518c4f65c0bb99027f363a45071089c4ba035537c915acf5670,424,speaker-subset,seen,0.7287735849056604,0.706902166206342,0.7189217721959646,0.7183802728311725
shd,official,observations:qrc2:all,46,official,1c508aa0283982dbebec8c361aa94d8d326dc9cf7a4b21d6d1e0defa8bd2551b,qrc,c2237eb5c1183d73bbb9368168ef296cb200b161dbdb341a62688cb85ce6ac45,55cd3e5a9b52d613b3f33169af6b9a8086a62d15238441e5d3e96dc6e3227aa8,57ac446f18096446209c84cbc598ea821d682a426b5e975abca3ebe6e75f8622,lsqr,0.1,held,eb61adcd6eadb518c4f65c0bb99027f363a45071089c4ba035537c915acf5670,1840,speaker-subset,unseen,0.6108695652173913,0.5912745985089799,0.6381940099171778,0.6117312477781728
shd,official,observations:qrc2:all,46,official,1c508aa0283982dbebec8c361aa94d8d326dc9cf7a4b21d6d1e0defa8bd2551b,qrc,c2237eb5c1183d73bbb9368168ef296cb200b161dbdb341a62688cb85ce6ac45,55cd3e5a9b52d613b3f33169af6b9a8086a62d15238441e5d3e96dc6e3227aa8,57ac446f18096446209c84cbc598ea821d682a426b5e975abca3ebe6e75f8622,lsqr,0.1,held,eb61adcd6eadb518c4f65c0bb99027f363a45071089c4ba035537c915acf5670,2264,speaker-subset,whole,0.6329505300353356,0.6119917080106815,0.643579511353219,0.6318571224181377
shd,official,observations:qrc2:products,46,official,ccbb3a1022fe453188388588b0fea80935acc71e35d168af1b980fe1b0b3838c,qrc,20178b2b2eb21024622d89ccc6f3f49de01a0226a89a1d984f609dbea56e13d9,55cd3e5a9b52d613b3f33169af6b9a8086a62d15238441e5d3e96dc6e3227aa8,57ac446f18096446209c84cbc598ea821d682a426b5e975abca3ebe6e75f8622,lsqr,0.1,held,eb61adcd6eadb518c4f65c0bb99027f363a45071089c4ba035537c915acf5670,424,speaker-subset,seen,0.7358490566037735,0.7166589845376767,0.7295578619443204,0.7277570534579529
shd,official,observations:qrc2:products,46,official,ccbb3a1022fe453188388588b0fea80935acc71e35d168af1b980fe1b0b3838c,qrc,20178b2b2eb21024622d89ccc6f3f49de01a0226a89a1d984f609dbea56e13d9,55cd3e5a9b52d613b3f33169af6b9a8086a62d15238441e5d3e96dc6e3227aa8,57ac446f18096446209c84cbc598ea821d682a426b5e975abca3ebe6e75f8622,lsqr,0.1,held,eb61adcd6eadb518c4f65c0bb99027f363a45071089c4ba035537c915acf5670,1840,speaker-subset,unseen,0.6119565217391304,0.5928878853184953,0.6394893655208473,0.6126436781609195
shd,official,observations:qrc2:products,46,official,ccbb3a1022fe453188388588b0fea80935acc71e35d168af1b980fe1b0b3838c,qrc,20178b2b2eb21024622d89ccc6f3f49de01a0226a89a1d984f609dbea56e13d9,55cd3e5a9b52d613b3f33169af6b9a8086a62d15238441e5d3e96dc6e3227aa8,57ac446f18096446209c84cbc598ea821d682a426b5e975abca3ebe6e75f8622,lsqr,0.1,held,eb61adcd6eadb518c4f65c0bb99027f363a45071089c4ba035537c915acf5670,2264,speaker-subset,whole,0.6351590106007067,0.6158403426296657,0.6475499284415341,0.6340285955132687
shd,official,observations:qrc2:zz,46,official,ce848420860abf047340e4e86f8b70bbeb0935478a66965e0ffda2f9ccce264d,qrc,57e31aa5d4397fcfd337754f9453d1189b8768fae7acacea2241f7aec803be68,55cd3e5a9b52d613b3f33169af6b9a8086a62d15238441e5d3e96dc6e3227aa8,57ac446f18096446209c84cbc598ea821d682a426b5e975abca3ebe6e75f8622,lsqr,0.1,held,eb61adcd6eadb518c4f65c0bb99027f363a45071089c4ba035537c915acf5670,424,speaker-subset,seen,0.7264150943396226,0.7037739032953442,0.7141209576988793,0.717007053457953
shd,official,observations:qrc2:zz,46,official,ce848420860abf047340e4e86f8b70bbeb0935478a66965e0ffda2f9ccce264d,qrc,57e31aa5d4397fcfd337754f9453d1189b8768fae7acacea2241f7aec803be68,55cd3e5a9b52d613b3f33169af6b9a8086a62d15238441e5d3e96dc6e3227aa8,57ac446f18096446209c84cbc598ea821d682a426b5e975abca3ebe6e75f8622,lsqr,0.1,held,eb61adcd6eadb518c4f65c0bb99027f363a45071089c4ba035537c915acf5670,1840,speaker-subset,unseen,0.6119565217391304,0.594471975311757,0.6412030845903355,0.6130584192439863
shd,official,observations:qrc2:zz,46,official,ce848420860abf047340e4e86f8b70bbeb0935478a66965e0ffda2f9ccce264d,qrc,57e31aa5d4397fcfd337754f9453d1189b8768fae7acacea2241f7aec803be68,55cd3e5a9b52d613b3f33169af6b9a8086a62d15238441e5d3e96dc6e3227aa8,57ac446f18096446209c84cbc598ea821d682a426b5e975abca3ebe6e75f8622,lsqr,0.1,held,eb61adcd6eadb518c4f65c0bb99027f363a45071089c4ba035537c915acf5670,2264,speaker-subset,whole,0.6333922261484098,0.6146141026689552,0.646309216415277,0.6324672684054472
shd,official,observations:qrc4:all,46,official,e2d216180266ee61a487147f34d7d8fa10e2d15df968b7067e1722474967ded0,qrc,acbd69c0f26b31a6ea0d88f288bb37830d8b3ed3c85aee9c426315d257e77480,e49c5a0941cd1ab7563977d5a8b88824c14e29a3046bb69f7aec5d688361dfa9,57ac446f18096446209c84cbc598ea821d682a426b5e975abca3ebe6e75f8622,lsqr,0.1,held,eb61adcd6eadb518c4f65c0bb99027f363a45071089c4ba035537c915acf5670,424,speaker-subset,seen,0.7617924528301887,0.7363421453500643,0.7485218153306389,0.7521649311666179
shd,official,observations:qrc4:all,46,official,e2d216180266ee61a487147f34d7d8fa10e2d15df968b7067e1722474967ded0,qrc,acbd69c0f26b31a6ea0d88f288bb37830d8b3ed3c85aee9c426315d257e77480,e49c5a0941cd1ab7563977d5a8b88824c14e29a3046bb69f7aec5d688361dfa9,57ac446f18096446209c84cbc598ea821d682a426b5e975abca3ebe6e75f8622,lsqr,0.1,held,eb61adcd6eadb518c4f65c0bb99027f363a45071089c4ba035537c915acf5670,1840,speaker-subset,unseen,0.6994565217391304,0.6831743797382508,0.714161076470665,0.7016174902239601
shd,official,observations:qrc4:all,46,official,e2d216180266ee61a487147f34d7d8fa10e2d15df968b7067e1722474967ded0,qrc,acbd69c0f26b31a6ea0d88f288bb37830d8b3ed3c85aee9c426315d257e77480,e49c5a0941cd1ab7563977d5a8b88824c14e29a3046bb69f7aec5d688361dfa9,57ac446f18096446209c84cbc598ea821d682a426b5e975abca3ebe6e75f8622,lsqr,0.1,held,eb61adcd6eadb518c4f65c0bb99027f363a45071089c4ba035537c915acf5670,2264,speaker-subset,whole,0.7111307420494699,0.6941654619644462,0.7159702718085926,0.7091823846145593
shd,official,observations:qrc4:products,46,official,82b17f39d82a3c58eee59619b528160273f45e0ab5e44358776a3e77c160d64a,qrc,2cf0955e9bd5397881de475842673b227cfc4695a3dfc468284a8157193fd49e,e49c5a0941cd1ab7563977d5a8b88824c14e29a3046bb69f7aec5d688361dfa9,57ac446f18096446209c84cbc598ea821d682a426b5e975abca3ebe6e75f8622,lsqr,0.1,held,eb61adcd6eadb518c4f65c0bb99027f363a45071089c4ba035537c915acf5670,424,speaker-subset,seen,0.7877358490566038,0.771984619103073,0.7810046004860296,0.780583387612998
shd,official,observations:qrc4:products,46,official,82b17f39d82a3c58eee59619b528160273f45e0ab5e44358776a3e77c160d64a,qrc,2cf0955e9bd5397881de475842673b227cfc4695a3dfc468284a8157193fd49e,e49c5a0941cd1ab7563977d5a8b88824c14e29a3046bb69f7aec5d688361dfa9,57ac446f18096446209c84cbc598ea821d682a426b5e975abca3ebe6e75f8622,lsqr,0.1,held,eb61adcd6eadb518c4f65c0bb99027f363a45071089c4ba035537c915acf5670,1840,speaker-subset,unseen,0.7092391304347826,0.6937476457720815,0.721825689632874,0.7114290792747955
shd,official,observations:qrc4:products,46,official,82b17f39d82a3c58eee59619b528160273f45e0ab5e44358776a3e77c160d64a,qrc,2cf0955e9bd5397881de475842673b227cfc4695a3dfc468284a8157193fd49e,e49c5a0941cd1ab7563977d5a8b88824c14e29a3046bb69f7aec5d688361dfa9,57ac446f18096446209c84cbc598ea821d682a426b5e975abca3ebe6e75f8622,lsqr,0.1,held,eb61adcd6eadb518c4f65c0bb99027f363a45071089c4ba035537c915acf5670,2264,speaker-subset,whole,0.723939929328622,0.708554866351657,0.7283530734618313,0.7222592897832021
shd,official,observations:qrc4:zz,46,official,2f3f7210103a38681171de5d125053889446567f266cc811fbae317b289684cb,qrc,5716ca84321b84882a569ef3f79efc899ac8138152360c82dde106ca5be5c007,e49c5a0941cd1ab7563977d5a8b88824c14e29a3046bb69f7aec5d688361dfa9,57ac446f18096446209c84cbc598ea821d682a426b5e975abca3ebe6e75f8622,lsqr,0.1,held,eb61adcd6eadb518c4f65c0bb99027f363a45071089c4ba035537c915acf5670,424,speaker-subset,seen,0.7877358490566038,0.771984619103073,0.7810046004860296,0.780583387612998
shd,official,observations:qrc4:zz,46,official,2f3f7210103a38681171de5d125053889446567f266cc811fbae317b289684cb,qrc,5716ca84321b84882a569ef3f79efc899ac8138152360c82dde106ca5be5c007,e49c5a0941cd1ab7563977d5a8b88824c14e29a3046bb69f7aec5d688361dfa9,57ac446f18096446209c84cbc598ea821d682a426b5e975abca3ebe6e75f8622,lsqr,0.1,held,eb61adcd6eadb518c4f65c0bb99027f363a45071089c4ba035537c915acf5670,1840,speaker-subset,unseen,0.7092391304347826,0.6938168530813361,0.7219754779997845,0.7114290792747955
shd,official,observations:qrc4:zz,46,official,2f3f7210103a38681171de5d125053889446567f266cc811fbae317b289684cb,qrc,5716ca84321b84882a569ef3f79efc899ac8138152360c82dde106ca5be5c007,e49c5a0941cd1ab7563977d5a8b88824c14e29a3046bb69f7aec5d688361dfa9,57ac446f18096446209c84cbc598ea821d682a426b5e975abca3ebe6e75f8622,lsqr,0.1,held,eb61adcd6eadb518c4f65c0bb99027f363a45071089c4ba035537c915acf5670,2264,speaker-subset,whole,0.723939929328622,0.7086047897560991,0.7284695430627407,0.7222592897832021
shd,official,practical:large-crc,46,official,098d568f097c2e272fff3931746706f9da1c1e7b66ecfb552a73104b5fb93fdd,crc,461a860e1fa254a8db588f76d5849cd38db711366f94ee6857a15c8922208c47,ae5bc743be4f044f2a359c50f1d803b3b1d5e1fe25bce151dc5ee9b5d8c26534,57ac446f18096446209c84cbc598ea821d682a426b5e975abca3ebe6e75f8622,lsqr,0.1,held,eb61adcd6eadb518c4f65c0bb99027f363a45071089c4ba035537c915acf5670,424,speaker-subset,seen,0.9716981132075472,0.9682776711614718,0.9712578311494721,0.9686642534196881
shd,official,practical:large-crc,46,official,098d568f097c2e272fff3931746706f9da1c1e7b66ecfb552a73104b5fb93fdd,crc,461a860e1fa254a8db588f76d5849cd38db711366f94ee6857a15c8922208c47,ae5bc743be4f044f2a359c50f1d803b3b1d5e1fe25bce151dc5ee9b5d8c26534,57ac446f18096446209c84cbc598ea821d682a426b5e975abca3ebe6e75f8622,lsqr,0.1,held,eb61adcd6eadb518c4f65c0bb99027f363a45071089c4ba035537c915acf5670,1840,speaker-subset,unseen,0.8010869565217391,0.8019031716779645,0.8366101632596523,0.8048228463088044
shd,official,practical:large-crc,46,official,098d568f097c2e272fff3931746706f9da1c1e7b66ecfb552a73104b5fb93fdd,crc,461a860e1fa254a8db588f76d5849cd38db711366f94ee6857a15c8922208c47,ae5bc743be4f044f2a359c50f1d803b3b1d5e1fe25bce151dc5ee9b5d8c26534,57ac446f18096446209c84cbc598ea821d682a426b5e975abca3ebe6e75f8622,lsqr,0.1,held,eb61adcd6eadb518c4f65c0bb99027f363a45071089c4ba035537c915acf5670,2264,speaker-subset,whole,0.8330388692579506,0.8323828992771931,0.8587458167363102,0.8337402461770071
shd,official,practical:lstm,46,official,bf5b09f783a7efe9b35957150d016aa1814423fd89439f553eb183e93e35ae9c,lstm,98e958e280cc87a92b2cd1772c3e433d8163d0396d18a1d5695da378bb6f465d,rich-input,57ac446f18096446209c84cbc598ea821d682a426b5e975abca3ebe6e75f8622,cholesky,,held,eb61adcd6eadb518c4f65c0bb99027f363a45071089c4ba035537c915acf5670,424,speaker-subset,seen,0.9316037735849056,0.9251612144602186,0.9307669686451657,0.9262676140284837
shd,official,practical:lstm,46,official,bf5b09f783a7efe9b35957150d016aa1814423fd89439f553eb183e93e35ae9c,lstm,98e958e280cc87a92b2cd1772c3e433d8163d0396d18a1d5695da378bb6f465d,rich-input,57ac446f18096446209c84cbc598ea821d682a426b5e975abca3ebe6e75f8622,cholesky,,held,eb61adcd6eadb518c4f65c0bb99027f363a45071089c4ba035537c915acf5670,1840,speaker-subset,unseen,0.8434782608695652,0.8426642426569547,0.8623620406868678,0.8445550420665956
shd,official,practical:lstm,46,official,bf5b09f783a7efe9b35957150d016aa1814423fd89439f553eb183e93e35ae9c,lstm,98e958e280cc87a92b2cd1772c3e433d8163d0396d18a1d5695da378bb6f465d,rich-input,57ac446f18096446209c84cbc598ea821d682a426b5e975abca3ebe6e75f8622,cholesky,,held,eb61adcd6eadb518c4f65c0bb99027f363a45071089c4ba035537c915acf5670,2264,speaker-subset,whole,0.859982332155477,0.8578593538834717,0.873884590139658,0.8584738369342888
shd,official,practical:transformer,46,official,f730ad2438c8d3be23911d57181c773e6ade8cc3b84f23af1556e55d0ba91747,transformer,9e215d266049fcfcd0278a2f2b93ea8205bf791fc672a0a71f5e1e090671e60e,rich-input,57ac446f18096446209c84cbc598ea821d682a426b5e975abca3ebe6e75f8622,cholesky,,held,eb61adcd6eadb518c4f65c0bb99027f363a45071089c4ba035537c915acf5670,424,speaker-subset,seen,0.9457547169811321,0.9411131505170088,0.9424919561750226,0.9449510586517709
shd,official,practical:transformer,46,official,f730ad2438c8d3be23911d57181c773e6ade8cc3b84f23af1556e55d0ba91747,transformer,9e215d266049fcfcd0278a2f2b93ea8205bf791fc672a0a71f5e1e090671e60e,rich-input,57ac446f18096446209c84cbc598ea821d682a426b5e975abca3ebe6e75f8622,cholesky,,held,eb61adcd6eadb518c4f65c0bb99027f363a45071089c4ba035537c915acf5670,1840,speaker-subset,unseen,0.7423913043478261,0.7460465922140448,0.8100311844503384,0.7468420428960777
shd,official,practical:transformer,46,official,f730ad2438c8d3be23911d57181c773e6ade8cc3b84f23af1556e55d0ba91747,transformer,9e215d266049fcfcd0278a2f2b93ea8205bf791fc672a0a71f5e1e090671e60e,rich-input,57ac446f18096446209c84cbc598ea821d682a426b5e975abca3ebe6e75f8622,cholesky,,held,eb61adcd6eadb518c4f65c0bb99027f363a45071089c4ba035537c915acf5670,2264,speaker-subset,whole,0.7804770318021201,0.7825518341887269,0.8304185090698926,0.7808471387256716
shd,official,recurrence:crc:all,46,official,c49fe318ec050177a647529a375837861997eae786229936dd349a94a058c979,crc,1a0bf4cd7a9a4ef864b71672e3878c0bbb1202d27b7b332511036a6f706abd1c,e49c5a0941cd1ab7563977d5a8b88824c14e29a3046bb69f7aec5d688361dfa9,57ac446f18096446209c84cbc598ea821d682a426b5e975abca3ebe6e75f8622,cholesky,0.001,held,eb61adcd6eadb518c4f65c0bb99027f363a45071089c4ba035537c915acf5670,424,speaker-subset,seen,0.8066037735849056,0.7857362087717047,0.7974134911455883,0.7983718114025461
shd,official,recurrence:crc:all,46,official,c49fe318ec050177a647529a375837861997eae786229936dd349a94a058c979,crc,1a0bf4cd7a9a4ef864b71672e3878c0bbb1202d27b7b332511036a6f706abd1c,e49c5a0941cd1ab7563977d5a8b88824c14e29a3046bb69f7aec5d688361dfa9,57ac446f18096446209c84cbc598ea821d682a426b5e975abca3ebe6e75f8622,cholesky,0.001,held,eb61adcd6eadb518c4f65c0bb99027f363a45071089c4ba035537c915acf5670,1840,speaker-subset,unseen,0.7543478260869565,0.7469009659855601,0.7699474543349356,0.757471264367816
shd,official,recurrence:crc:all,46,official,c49fe318ec050177a647529a375837861997eae786229936dd349a94a058c979,crc,1a0bf4cd7a9a4ef864b71672e3878c0bbb1202d27b7b332511036a6f706abd1c,e49c5a0941cd1ab7563977d5a8b88824c14e29a3046bb69f7aec5d688361dfa9,57ac446f18096446209c84cbc598ea821d682a426b5e975abca3ebe6e75f8622,cholesky,0.001,held,eb61adcd6eadb518c4f65c0bb99027f363a45071089c4ba035537c915acf5670,2264,speaker-subset,whole,0.7641342756183745,0.754568942978578,0.7714810573476302,0.7622290059516111
shd,official,recurrence:crc:partial,46,official,18d6a61477fa7d9701ec8d5d3129d84e78069cf07496339ef9e731b8476e116c,crc,ecbd2365e6af46a84ae388b99104d9f2a19be8f8c516eb605308966253d79760,e49c5a0941cd1ab7563977d5a8b88824c14e29a3046bb69f7aec5d688361dfa9,57ac446f18096446209c84cbc598ea821d682a426b5e975abca3ebe6e75f8622,cholesky,0.001,held,eb61adcd6eadb518c4f65c0bb99027f363a45071089c4ba035537c915acf5670,424,speaker-subset,seen,0.8679245283018868,0.8557089384577384,0.8576513553189754,0.8641491792121476
shd,official,recurrence:crc:partial,46,official,18d6a61477fa7d9701ec8d5d3129d84e78069cf07496339ef9e731b8476e116c,crc,ecbd2365e6af46a84ae388b99104d9f2a19be8f8c516eb605308966253d79760,e49c5a0941cd1ab7563977d5a8b88824c14e29a3046bb69f7aec5d688361dfa9,57ac446f18096446209c84cbc598ea821d682a426b5e975abca3ebe6e75f8622,cholesky,0.001,held,eb61adcd6eadb518c4f65c0bb99027f363a45071089c4ba035537c915acf5670,1840,speaker-subset,unseen,0.7592391304347826,0.7482823749362317,0.7683180178125476,0.7615179523640242
shd,official,recurrence:crc:partial,46,official,18d6a61477fa7d9701ec8d5d3129d84e78069cf07496339ef9e731b8476e116c,crc,ecbd2365e6af46a84ae388b99104d9f2a19be8f8c516eb605308966253d79760,e49c5a0941cd1ab7563977d5a8b88824c14e29a3046bb69f7aec5d688361dfa9,57ac446f18096446209c84cbc598ea821d682a426b5e975abca3ebe6e75f8622,cholesky,0.001,held,eb61adcd6eadb518c4f65c0bb99027f363a45071089c4ba035537c915acf5670,2264,speaker-subset,whole,0.7795936395759717,0.7680163066688074,0.7827627058841214,0.778376008798934
shd,official,recurrence:qrc:all,46,official,cab8367f318033458aca4df629d491b9d0286e7893762319c6e7bfdff4fde7eb,qrc,a7e63b622e4ebaffddb8e7d8e3b12e5d240179f78a7e6f8d74f41a9ebab87ab0,e49c5a0941cd1ab7563977d5a8b88824c14e29a3046bb69f7aec5d688361dfa9,57ac446f18096446209c84cbc598ea821d682a426b5e975abca3ebe6e75f8622,cholesky,0.1,held,eb61adcd6eadb518c4f65c0bb99027f363a45071089c4ba035537c915acf5670,424,speaker-subset,seen,0.7641509433962265,0.7410888605916776,0.7585486770418626,0.7576472242913399
shd,official,recurrence:qrc:all,46,official,cab8367f318033458aca4df629d491b9d0286e7893762319c6e7bfdff4fde7eb,qrc,a7e63b622e4ebaffddb8e7d8e3b12e5d240179f78a7e6f8d74f41a9ebab87ab0,e49c5a0941cd1ab7563977d5a8b88824c14e29a3046bb69f7aec5d688361dfa9,57ac446f18096446209c84cbc598ea821d682a426b5e975abca3ebe6e75f8622,cholesky,0.1,held,eb61adcd6eadb518c4f65c0bb99027f363a45071089c4ba035537c915acf5670,1840,speaker-subset,unseen,0.716304347826087,0.7082184231202874,0.7442997119902238,0.7189595923687641
shd,official,recurrence:qrc:all,46,official,cab8367f318033458aca4df629d491b9d0286e7893762319c6e7bfdff4fde7eb,qrc,a7e63b622e4ebaffddb8e7d8e3b12e5d240179f78a7e6f8d74f41a9ebab87ab0,e49c5a0941cd1ab7563977d5a8b88824c14e29a3046bb69f7aec5d688361dfa9,57ac446f18096446209c84cbc598ea821d682a426b5e975abca3ebe6e75f8622,cholesky,0.1,held,eb61adcd6eadb518c4f65c0bb99027f363a45071089c4ba035537c915acf5670,2264,speaker-subset,whole,0.7252650176678446,0.715857112574167,0.7431675386791855,0.7240269186351994
shd,official,recurrence:qrc:partial,46,official,b53f219f042c0596ad6e1ded27d47be7911b7621599445a2f86e94bbccb9d497,qrc,fff199542d25c67631273604f5cc5507aefeee30b56904171e997dad8ad0608d,e49c5a0941cd1ab7563977d5a8b88824c14e29a3046bb69f7aec5d688361dfa9,57ac446f18096446209c84cbc598ea821d682a426b5e975abca3ebe6e75f8622,cholesky,0.1,held,eb61adcd6eadb518c4f65c0bb99027f363a45071089c4ba035537c915acf5670,424,speaker-subset,seen,0.8254716981132075,0.8111315842048052,0.8203242689598428,0.8189295672468461
shd,official,recurrence:qrc:partial,46,official,b53f219f042c0596ad6e1ded27d47be7911b7621599445a2f86e94bbccb9d497,qrc,fff199542d25c67631273604f5cc5507aefeee30b56904171e997dad8ad0608d,e49c5a0941cd1ab7563977d5a8b88824c14e29a3046bb69f7aec5d688361dfa9,57ac446f18096446209c84cbc598ea821d682a426b5e975abca3ebe6e75f8622,cholesky,0.1,held,eb61adcd6eadb518c4f65c0bb99027f363a45071089c4ba035537c915acf5670,1840,speaker-subset,unseen,0.7288043478260869,0.716933733929068,0.7438793759797532,0.7305782675672473
shd,official,recurrence:qrc:partial,46,official,b53f219f042c0596ad6e1ded27d47be7911b7621599445a2f86e94bbccb9d497,qrc,fff199542d25c67631273604f5cc5507aefeee30b56904171e997dad8ad0608d,e49c5a0941cd1ab7563977d5a8b88824c14e29a3046bb69f7aec5d688361dfa9,57ac446f18096446209c84cbc598ea821d682a426b5e975abca3ebe6e75f8622,cholesky,0.1,held,eb61adcd6eadb518c4f65c0bb99027f363a45071089c4ba035537c915acf5670,2264,speaker-subset,whole,0.7469081272084805,0.7344198521980548,0.7556200319848428,0.7449008372998162
