dataset,phase,role,seed,fold,accuracy,macro_f1,macro_precision,macro_recall
shd,development,comparison:fixed12:q4-i2-crc,42,0,0.3027911398892309,0.29846153932003583,0.28379275092575706,0.29875726687135257
shd,development,comparison:fixed12:q4-i2-crc,42,1,0.3660349340581898,0.39623874165348716,0.4038745925409334,0.38785190556656046
shd,development,comparison:fixed12:q4-i2-crc,42,2,0.231784479939524,0.2565246372032475,0.2573148802182649,0.21836324720827638
shd,development,comparison:fixed12:q4-i2-crc,42,3,0.1834655322102683,0.19254602349912164,0.14966734413931326,0.1863409892721306
shd,development,comparison:fixed12:q4-i2-crc,44,0,0.4062934072264969,0.4150359675862856,0.3359495567275787,0.40451374116199335
shd,development,comparison:fixed12:q4-i2-crc,44,1,0.43396254907882814,0.4824650286827853,0.42124383594498493,0.4654767256333502
shd,development,comparison:fixed12:q4-i2-crc,44,2,0.24229464612583346,0.2910775378500393,0.2774266325877427,0.22973860043809824
shd,development,comparison:fixed12:q4-i2-crc,44,3,0.18589232778082077,0.1945908991357017,0.12979410522925716,0.18826974557017828
shd,development,comparison:fixed12:q4-i2-crc,46,0,0.3421046120785633,0.359850049635176,0.30086114163508765,0.33852615292859534
shd,development,comparison:fixed12:q4-i2-crc,46,1,0.32687506292157453,0.3763174293771034,0.36712850595405694,0.36022824710813894
shd,development,comparison:fixed12:q4-i2-crc,46,2,0.27245239367351637,0.3018166708123583,0.27305834706257703,0.2601730033948707
shd,development,comparison:fixed12:q4-i2-crc,46,3,0.16145456558549443,0.16924064824666618,0.11315908116043716,0.16397676179692278
shd,development,comparison:fixed12:q4-i2-qrc,42,0,0.3138532009571238,0.331757931876141,0.28137900999187476,0.30614168788362006
shd,development,comparison:fixed12:q4-i2-qrc,42,1,0.4002265176683782,0.4367181608557098,0.36416846764797844,0.4203423926090355
shd,development,comparison:fixed12:q4-i2-qrc,42,2,0.2805385281885931,0.3096699427728069,0.24846472429182787,0.26391895318749536
shd,development,comparison:fixed12:q4-i2-qrc,42,3,0.20013478057435052,0.21375967840751509,0.14580475580603214,0.20147864730643605
shd,development,comparison:fixed12:q4-i2-qrc,44,0,0.3306693151333718,0.32793997337269454,0.2830347348228921,0.3274786571602445
shd,development,comparison:fixed12:q4-i2-qrc,44,1,0.32163747105607576,0.34176161644283454,0.32503084530293613,0.339052938061032
shd,development,comparison:fixed12:q4-i2-qrc,44,2,0.22168331381407602,0.25821916280824625,0.2048876977810027,0.20526263793976618
shd,development,comparison:fixed12:q4-i2-qrc,44,3,0.15943658313145526,0.17044004225856862,0.06648453535589371,0.162625959084149
shd,development,comparison:fixed12:q4-i2-qrc,46,0,0.43186571991050815,0.4414146224165236,0.3275969093358526,0.42903474589807217
shd,development,comparison:fixed12:q4-i2-qrc,46,1,0.35465871337964355,0.3817627902403471,0.33398528431422336,0.3666393427387951
shd,development,comparison:fixed12:q4-i2-qrc,46,2,0.30668746784471357,0.3394577968660228,0.2774507881284412,0.28928585047621097
shd,development,comparison:fixed12:q4-i2-qrc,46,3,0.22692215357213769,0.2371897173576631,0.16941288272383392,0.22969818049336743
shd,development,comparison:fixed12:q6-i2-crc,42,0,0.3027911398892309,0.29846153932003583,0.28379275092575706,0.29875726687135257
shd,development,comparison:fixed12:q6-i2-crc,42,1,0.3660349340581898,0.39623874165348716,0.4038745925409334,0.38785190556656046
shd,development,comparison:fixed12:q6-i2-crc,42,2,0.231784479939524,0.2565246372032475,0.2573148802182649,0.21836324720827638
shd,development,comparison:fixed12:q6-i2-crc,42,3,0.1834655322102683,0.19254602349912164,0.14966734413931326,0.1863409892721306
shd,development,comparison:fixed12:q6-i2-crc,44,0,0.4062934072264969,0.4150359675862856,0.3359495567275787,0.40451374116199335
shd,development,comparison:fixed12:q6-i2-crc,44,1,0.43396254907882814,0.4824650286827853,0.42124383594498493,0.4654767256333502
shd,development,comparison:fixed12:q6-i2-crc,44,2,0.24229464612583346,0.2910775378500393,0.2774266325877427,0.22973860043809824
shd,development,comparison:fixed12:q6-i2-crc,44,3,0.18589232778082077,0.1945908991357017,0.12979410522925716,0.18826974557017828
shd,development,comparison:fixed12:q6-i2-crc,46,0,0.3421046120785633,0.359850049635176,0.30086114163508765,0.33852615292859534
shd,development,comparison:fixed12:q6-i2-crc,46,1,0.32687506292157453,0.3763174293771034,0.36712850595405694,0.36022824710813894
shd,development,comparison:fixed12:q6-i2-crc,46,2,0.27245239367351637,0.3018166708123583,0.27305834706257703,0.2601730033948707
shd,development,comparison:fixed12:q6-i2-crc,46,3,0.16145456558549443,0.16924064824666618,0.11315908116043716,0.16397676179692278
shd,development,comparison:fixed12:q6-i2-qrc,42,0,0.3311846351230512,0.3576197171702927,0.29570157693143045,0.32878285382749467
shd,development,comparison:fixed12:q6-i2-qrc,42,1,0.39798399275143465,0.4355070604324594,0.33464285240383274,0.4121132627452942
shd,development,comparison:fixed12:q6-i2-qrc,42,2,0.317187864500841,0.35702320663008746,0.2407640808935959,0.3055705544162909
shd,development,comparison:fixed12:q6-i2-qrc,42,3,0.19366722931701064,0.22555357053997493,0.1619308356279091,0.19666880824934818
shd,development,comparison:fixed12:q6-i2-qrc,44,0,0.2960262396131919,0.31297111084290175,0.25488874041164106,0.2923236432020677
shd,development,comparison:fixed12:q6-i2-qrc,44,1,0.35823014195107217,0.3964632328276311,0.36959877203593555,0.38266979781555105
shd,development,comparison:fixed12:q6-i2-qrc,44,2,0.2580233256774542,0.2893646543672749,0.24132690745458996,0.2417326161770651
shd,development,comparison:fixed12:q6-i2-qrc,44,3,0.19804972721838343,0.20795484927523122,0.12499882418084385,0.20142315359587737
shd,development,comparison:fixed12:q6-i2-qrc,46,0,0.4352898763302714,0.4601251731735245,0.3463643939447292,0.43145683456082584
shd,development,comparison:fixed12:q6-i2-qrc,46,1,0.4450996677740863,0.47509429220619454,0.353795763480444,0.45859277888765315
shd,development,comparison:fixed12:q6-i2-qrc,46,2,0.35947620003825964,0.3848286454452532,0.2595579881518626,0.3472334654128658
shd,development,comparison:fixed12:q6-i2-qrc,46,3,0.2491556252525139,0.2713169487531961,0.1911824910152955,0.25378834711530346
shd,development,comparison:fixed12:q6-i4-crc,42,0,0.3399995051797082,0.3606110860167691,0.3480132445402582,0.33488230763227445
shd,development,comparison:fixed12:q6-i4-crc,42,1,0.34735226014295784,0.4050706071110404,0.3862214244578841,0.37585978409668896
shd,development,comparison:fixed12:q6-i4-crc,42,2,0.30155080729984574,0.3206628266235124,0.280121743233116,0.28502769220421753
shd,development,comparison:fixed12:q6-i4-crc,42,3,0.21866418184944292,0.2228995912156374,0.13711148674842777,0.2198695364506772
shd,development,comparison:fixed12:q6-i4-crc,44,0,0.2676490027603903,0.2855037195865928,0.24637978611346123,0.2640127367097247
shd,development,comparison:fixed12:q6-i4-crc,44,1,0.38932095036746195,0.4453970617459498,0.3928851938665587,0.42336953410080524
shd,development,comparison:fixed12:q6-i4-crc,44,2,0.36086915021325966,0.3700588595926496,0.23515552441582088,0.3448797099016302
shd,development,comparison:fixed12:q6-i4-crc,44,3,0.245952457376708,0.25765290007088115,0.20008601633647982,0.24784953073316407
shd,development,comparison:fixed12:q6-i4-crc,46,0,0.23884127225365903,0.25695361025674135,0.22292148196253314,0.23339423629423406
shd,development,comparison:fixed12:q6-i4-crc,46,1,0.3391598711366153,0.3946461343112829,0.38670280761825715,0.36653260955994504
shd,development,comparison:fixed12:q6-i4-crc,46,2,0.2984833068433843,0.29858256343720135,0.24621147892066442,0.2825864757430874
shd,development,comparison:fixed12:q6-i4-crc,46,3,0.20445286911752258,0.20620771763260948,0.13922854161229814,0.2062478379703967
shd,development,comparison:fixed12:q6-i4-qrc,42,0,0.30312761768770474,0.3215667733638418,0.3019668476183987,0.2977463584210001
shd,development,comparison:fixed12:q6-i4-qrc,42,1,0.3088039867109635,0.3317454381968174,0.31408227102885505,0.32415450278964547
shd,development,comparison:fixed12:q6-i4-qrc,42,2,0.3014954906357073,0.30732563190062173,0.22606255417783572,0.28408641138219204
shd,development,comparison:fixed12:q6-i4-qrc,42,3,0.20385508639637095,0.2081391554580847,0.1764345600725249,0.20591609168984415
shd,development,comparison:fixed12:q6-i4-qrc,44,0,0.24779751953656548,0.2641936779644226,0.22949645104560468,0.23830266941282596
shd,development,comparison:fixed12:q6-i4-qrc,44,1,0.30005788784858556,0.339939722390207,0.2511817210071817,0.3278007604619295
shd,development,comparison:fixed12:q6-i4-qrc,44,2,0.33759007605843283,0.33960661540789155,0.2575938199767833,0.3324004886781876
shd,development,comparison:fixed12:q6-i4-qrc,44,3,0.16960847094845177,0.17591329669641564,0.10924117433793357,0.17053503394831793
shd,development,comparison:fixed12:q6-i4-qrc,46,0,0.32013247046099574,0.332593347889519,0.3135544844330281,0.3129475344177388
shd,development,comparison:fixed12:q6-i4-qrc,46,1,0.27039665760595993,0.3144300187574893,0.3033632397582293,0.28860902697392404
shd,development,comparison:fixed12:q6-i4-qrc,46,2,0.3561961462900011,0.35709023204705087,0.29570719965521836,0.3436995804187025
shd,development,comparison:fixed12:q6-i4-qrc,46,3,0.20067534010536525,0.20313759411116994,0.1390081211459503,0.2024637594105212
shd,development,comparison:fixed12:q8-i2-crc,42,0,0.3027911398892309,0.29846153932003583,0.28379275092575706,0.29875726687135257
shd,development,comparison:fixed12:q8-i2-crc,42,1,0.3660349340581898,0.39623874165348716,0.4038745925409334,0.38785190556656046
shd,development,comparison:fixed12:q8-i2-crc,42,2,0.231784479939524,0.2565246372032475,0.2573148802182649,0.21836324720827638
shd,development,comparison:fixed12:q8-i2-crc,42,3,0.1834655322102683,0.19254602349912164,0.14966734413931326,0.1863409892721306
shd,development,comparison:fixed12:q8-i2-crc,44,0,0.4062934072264969,0.4150359675862856,0.3359495567275787,0.40451374116199335
shd,development,comparison:fixed12:q8-i2-crc,44,1,0.43396254907882814,0.4824650286827853,0.42124383594498493,0.4654767256333502
shd,development,comparison:fixed12:q8-i2-crc,44,2,0.24229464612583346,0.2910775378500393,0.2774266325877427,0.22973860043809824
shd,development,comparison:fixed12:q8-i2-crc,44,3,0.18589232778082077,0.1945908991357017,0.12979410522925716,0.18826974557017828
shd,development,comparison:fixed12:q8-i2-crc,46,0,0.3421046120785633,0.359850049635176,0.30086114163508765,0.33852615292859534
shd,development,comparison:fixed12:q8-i2-crc,46,1,0.32687506292157453,0.3763174293771034,0.36712850595405694,0.36022824710813894
shd,development,comparison:fixed12:q8-i2-crc,46,2,0.27245239367351637,0.3018166708123583,0.27305834706257703,0.2601730033948707
shd,development,comparison:fixed12:q8-i2-crc,46,3,0.16145456558549443,0.16924064824666618,0.11315908116043716,0.16397676179692278
shd,development,comparison:fixed12:q8-i2-qrc,42,0,0.33500252711791917,0.3528306587427244,0.2444307619855678,0.3319223486446188
shd,development,comparison:fixed12:q8-i2-qrc,42,1,0.37302426255914634,0.4116710611359401,0.3056546512804169,0.39070802532754356
shd,development,comparison:fixed12:q8-i2-qrc,42,2,0.30241026191450315,0.3382383972483909,0.3056955696092177,0.2911895736111064
shd,development,comparison:fixed12:q8-i2-qrc,42,3,0.23152848730097642,0.2587090506124164,0.20189400585746586,0.23583952800287555
shd,development,comparison:fixed12:q8-i2-qrc,44,0,0.33992598902205834,0.35027575153851664,0.3030979948829039,0.34036284210201817
shd,development,comparison:fixed12:q8-i2-qrc,44,1,0.41659116077720737,0.45308283908549435,0.38333368911660537,0.43671473901082347
shd,development,comparison:fixed12:q8-i2-qrc,44,2,0.27652628775939925,0.31940649483098105,0.30203333769428176,0.26157284941797443
shd,development,comparison:fixed12:q8-i2-qrc,44,3,0.20492369620288198,0.21753807827154537,0.16596479343590076,0.20809513607905528
shd,development,comparison:fixed12:q8-i2-qrc,46,0,0.4523534006524559,0.46636711615972903,0.37915909045121027,0.45160283848929306
shd,development,comparison:fixed12:q8-i2-qrc,46,1,0.4355683076613309,0.46346160890539345,0.40253640585422834,0.4448664287491276
shd,development,comparison:fixed12:q8-i2-qrc,46,2,0.37790311820959893,0.4060006574975456,0.31966190837819014,0.36673850190809254
shd,development,comparison:fixed12:q8-i2-qrc,46,3,0.2479031027744465,0.26217946757053007,0.20430416913646887,0.2518752372421721
shd,development,comparison:fixed12:q8-i4-crc,42,0,0.3399995051797082,0.3606110860167691,0.3480132445402582,0.33488230763227445
shd,development,comparison:fixed12:q8-i4-crc,42,1,0.34735226014295784,0.4050706071110404,0.3862214244578841,0.37585978409668896
shd,development,comparison:fixed12:q8-i4-crc,42,2,0.30155080729984574,0.3206628266235124,0.280121743233116,0.28502769220421753
shd,development,comparison:fixed12:q8-i4-crc,42,3,0.21866418184944292,0.2228995912156374,0.13711148674842777,0.2198695364506772
shd,development,comparison:fixed12:q8-i4-crc,44,0,0.2676490027603903,0.2855037195865928,0.24637978611346123,0.2640127367097247
shd,development,comparison:fixed12:q8-i4-crc,44,1,0.38932095036746195,0.4453970617459498,0.3928851938665587,0.42336953410080524
shd,development,comparison:fixed12:q8-i4-crc,44,2,0.36086915021325966,0.3700588595926496,0.23515552441582088,0.3448797099016302
shd,development,comparison:fixed12:q8-i4-crc,44,3,0.245952457376708,0.25765290007088115,0.20008601633647982,0.24784953073316407
shd,development,comparison:fixed12:q8-i4-crc,46,0,0.23884127225365903,0.25695361025674135,0.22292148196253314,0.23339423629423406
shd,development,comparison:fixed12:q8-i4-crc,46,1,0.3391598711366153,0.3946461343112829,0.38670280761825715,0.36653260955994504
shd,development,comparison:fixed12:q8-i4-crc,46,2,0.2984833068433843,0.29858256343720135,0.24621147892066442,0.2825864757430874
shd,development,comparison:fixed12:q8-i4-crc,46,3,0.20445286911752258,0.20620771763260948,0.13922854161229814,0.2062478379703967
shd,development,comparison:fixed12:q8-i4-qrc,42,0,0.32275501800792417,0.3304187707378233,0.31087247394463025,0.3160682166427122
shd,development,comparison:fixed12:q8-i4-qrc,42,1,0.31975737440853724,0.36508172974326986,0.3677708486417174,0.3406323498227023
shd,development,comparison:fixed12:q8-i4-qrc,42,2,0.35883391943913395,0.3615447368039719,0.31372141742745785,0.34134638113233307
shd,development,comparison:fixed12:q8-i4-qrc,42,3,0.2192630291880855,0.22585980588941246,0.17497199834089672,0.2219949463326929
shd,development,comparison:fixed12:q8-i4-qrc,44,0,0.25500917184755295,0.25843314330111483,0.21995697553603055,0.2474889698815177
shd,development,comparison:fixed12:q8-i4-qrc,44,1,0.29365750528541223,0.351933472592774,0.3189840769325788,0.32709504075875
shd,development,comparison:fixed12:q8-i4-qrc,44,2,0.3176936357187754,0.33552928898971196,0.2704283112462941,0.3083038374203056
shd,development,comparison:fixed12:q8-i4-qrc,44,3,0.18711264557978802,0.19872846658343457,0.12143896910949437,0.18995646006091926
shd,development,comparison:fixed12:q8-i4-qrc,46,0,0.37225754689305873,0.3888429583322509,0.28990498912006646,0.36716637355164206
shd,development,comparison:fixed12:q8-i4-qrc,46,1,0.3184637068357999,0.36539681211784514,0.2758083612786184,0.3415412943422156
shd,development,comparison:fixed12:q8-i4-qrc,46,2,0.3998474633084831,0.4171935348536539,0.36021510209209334,0.38607656178622035
shd,development,comparison:fixed12:q8-i4-qrc,46,3,0.2647488114876485,0.27471502660455027,0.20277503291900123,0.2677376984785024
shd,development,comparison:fixed12:q8-i6-crc,42,0,0.27869268478887077,0.3039272649230951,0.24704725113866777,0.2889282335117429
shd,development,comparison:fixed12:q8-i6-crc,42,1,0.41228480821504077,0.45103325064081756,0.36922269112277273,0.4345732725838317
shd,development,comparison:fixed12:q8-i6-crc,42,2,0.415066939104538,0.41078345161330976,0.3106076919852929,0.4055585928844534
shd,development,comparison:fixed12:q8-i6-crc,42,3,0.29813335292229515,0.33263606553987823,0.23980160249193583,0.3021263971083036
shd,development,comparison:fixed12:q8-i6-crc,44,0,0.29192842071034986,0.3136131665473363,0.22975886069564355,0.30191487243871884
shd,development,comparison:fixed12:q8-i6-crc,44,1,0.4182648746602235,0.46836492911791955,0.4042799236038853,0.44651857046994453
shd,development,comparison:fixed12:q8-i6-crc,44,2,0.4303249649386084,0.4179345135337918,0.29720926490367905,0.41750537222769707
shd,development,comparison:fixed12:q8-i6-crc,44,3,0.2842997132452788,0.3147413524664934,0.2209805177266081,0.28819648937897546
shd,development,comparison:fixed12:q8-i6-crc,46,0,0.26057165881433997,0.277188666890286,0.22748601392378276,0.26562677426582026
shd,development,comparison:fixed12:q8-i6-crc,46,1,0.36138628813047424,0.38876091167052573,0.3370290283513415,0.3785930558597268
shd,development,comparison:fixed12:q8-i6-crc,46,2,0.36803879718072485,0.3548317505944343,0.2864679574804878,0.3522929070029911
shd,development,comparison:fixed12:q8-i6-crc,46,3,0.25879839817652317,0.27892659415630183,0.1970065281852591,0.2612391531740673
shd,development,comparison:fixed12:q8-i6-qrc,42,0,0.3504006277148846,0.3664919958222573,0.21818455745026955,0.35242327742439505
shd,development,comparison:fixed12:q8-i6-qrc,42,1,0.3563575958924797,0.40011742853986204,0.34103702272879316,0.3717563494850253
shd,development,comparison:fixed12:q8-i6-qrc,42,2,0.40934951959655536,0.3878573391219541,0.2722990254870491,0.39751394057201067
shd,development,comparison:fixed12:q8-i6-qrc,42,3,0.2301008352456525,0.24572154150883885,0.21235551735120706,0.2322978824834443
shd,development,comparison:fixed12:q8-i6-qrc,44,0,0.30228783696378264,0.3113773803555846,0.3002239029028524,0.30244031144437517
shd,development,comparison:fixed12:q8-i6-qrc,44,1,0.32571730594986403,0.3795951736265155,0.3408893549379707,0.3427565971868498
shd,development,comparison:fixed12:q8-i6-qrc,44,2,0.2821572337232036,0.2985899656081426,0.227364919852856,0.27050619692216654
shd,development,comparison:fixed12:q8-i6-qrc,44,3,0.1905308661887598,0.20859214486421557,0.14873475039393524,0.1939004973755255
shd,development,comparison:fixed12:q8-i6-qrc,46,0,0.3404406021256066,0.33326135653851885,0.2159416435212994,0.338735420630018
shd,development,comparison:fixed12:q8-i6-qrc,46,1,0.18993003120910096,0.20303348880010663,0.1942465979821122,0.17327802076017013
shd,development,comparison:fixed12:q8-i6-qrc,46,2,0.2787544007442797,0.2509365169314655,0.17135553022436173,0.2741072795293684
shd,development,comparison:fixed12:q8-i6-qrc,46,3,0.1702182306163763,0.19536613772713463,0.14899128845719628,0.17573019888248498
shd,development,comparison:fixed:q4-i2-crc,42,0,0.3027911398892309,0.29846153932003583,0.28379275092575706,0.29875726687135257
shd,development,comparison:fixed:q4-i2-crc,42,1,0.3660349340581898,0.39623874165348716,0.4038745925409334,0.38785190556656046
shd,development,comparison:fixed:q4-i2-crc,42,2,0.231784479939524,0.2565246372032475,0.2573148802182649,0.21836324720827638
shd,development,comparison:fixed:q4-i2-crc,42,3,0.1834655322102683,0.19254602349912164,0.14966734413931326,0.1863409892721306
shd,development,comparison:fixed:q4-i2-crc,44,0,0.4062934072264969,0.4150359675862856,0.3359495567275787,0.40451374116199335
shd,development,comparison:fixed:q4-i2-crc,44,1,0.43396254907882814,0.4824650286827853,0.42124383594498493,0.4654767256333502
shd,development,comparison:fixed:q4-i2-crc,44,2,0.24229464612583346,0.2910775378500393,0.2774266325877427,0.22973860043809824
shd,development,comparison:fixed:q4-i2-crc,44,3,0.18589232778082077,0.1945908991357017,0.12979410522925716,0.18826974557017828
shd,development,comparison:fixed:q4-i2-crc,46,0,0.3421046120785633,0.359850049635176,0.30086114163508765,0.33852615292859534
shd,development,comparison:fixed:q4-i2-crc,46,1,0.32687506292157453,0.3763174293771034,0.36712850595405694,0.36022824710813894
shd,development,comparison:fixed:q4-i2-crc,46,2,0.27245239367351637,0.3018166708123583,0.27305834706257703,0.2601730033948707
shd,development,comparison:fixed:q4-i2-crc,46,3,0.16145456558549443,0.16924064824666618,0.11315908116043716,0.16397676179692278
shd,development,comparison:fixed:q4-i2-qrc,42,0,0.3138532009571238,0.331757931876141,0.28137900999187476,0.30614168788362006
shd,development,comparison:fixed:q4-i2-qrc,42,1,0.4002265176683782,0.4367181608557098,0.36416846764797844,0.4203423926090355
shd,development,comparison:fixed:q4-i2-qrc,42,2,0.2805385281885931,0.3096699427728069,0.24846472429182787,0.26391895318749536
shd,development,comparison:fixed:q4-i2-qrc,42,3,0.20013478057435052,0.21375967840751509,0.14580475580603214,0.20147864730643605
shd,development,comparison:fixed:q4-i2-qrc,44,0,0.3306693151333718,0.32793997337269454,0.2830347348228921,0.3274786571602445
shd,development,comparison:fixed:q4-i2-qrc,44,1,0.32163747105607576,0.34176161644283454,0.32503084530293613,0.339052938061032
shd,development,comparison:fixed:q4-i2-qrc,44,2,0.22168331381407602,0.25821916280824625,0.2048876977810027,0.20526263793976618
shd,development,comparison:fixed:q4-i2-qrc,44,3,0.15943658313145526,0.17044004225856862,0.06648453535589371,0.162625959084149
shd,development,comparison:fixed:q4-i2-qrc,46,0,0.43186571991050815,0.4414146224165236,0.3275969093358526,0.42903474589807217
shd,development,comparison:fixed:q4-i2-qrc,46,1,0.35465871337964355,0.3817627902403471,0.33398528431422336,0.3666393427387951
shd,development,comparison:fixed:q4-i2-qrc,46,2,0.30668746784471357,0.3394577968660228,0.2774507881284412,0.28928585047621097
shd,development,comparison:fixed:q4-i2-qrc,46,3,0.22692215357213769,0.2371897173576631,0.16941288272383392,0.22969818049336743
shd,development,comparison:fixed:q6-i2-crc,42,0,0.44762574620667234,0.46359015258664926,0.3910085734912596,0.449234011875823
shd,development,comparison:fixed:q6-i2-crc,42,1,0.4865020638276452,0.53615970853699,0.512939971122571,0.5086382206618305
shd,development,comparison:fixed:q6-i2-crc,42,2,0.33195741382581273,0.37003368698696826,0.26380047644488214,0.317932148576058
shd,development,comparison:fixed:q6-i2-crc,42,3,0.3287514858067858,0.34420955664577624,0.31782686711014274,0.3303147654253299
shd,development,comparison:fixed:q6-i2-crc,44,0,0.38816884682130975,0.40191551436135525,0.325266532442298,0.38501664190982265
shd,development,comparison:fixed:q6-i2-crc,44,1,0.4031838316722038,0.4539500267463698,0.44359802853115593,0.432260044785465
shd,development,comparison:fixed:q6-i2-crc,44,2,0.33007889159663306,0.35828048100565624,0.297287550534845,0.3141079155762583
shd,development,comparison:fixed:q6-i2-crc,44,3,0.23795026000620678,0.25322084280066814,0.22968381240143176,0.23936694602959718
shd,development,comparison:fixed:q6-i2-crc,46,0,0.42752402529238576,0.4534850911090323,0.4078815713607608,0.4316966557874254
shd,development,comparison:fixed:q6-i2-crc,46,1,0.4293164200140945,0.45768242553638505,0.4033331970241669,0.45051861393679626
shd,development,comparison:fixed:q6-i2-crc,46,2,0.33009037739563074,0.3550796159156343,0.286054671629324,0.3159325862296982
shd,development,comparison:fixed:q6-i2-crc,46,3,0.23814641577890877,0.2540519038426381,0.1699695752683772,0.2403528091874953
shd,development,comparison:fixed:q6-i2-qrc,42,0,0.3579593611163146,0.3876598178610967,0.31007919269658124,0.3552174954576598
shd,development,comparison:fixed:q6-i2-qrc,42,1,0.4278365045806906,0.46322272001808557,0.32405314167111987,0.4450170480503491
shd,development,comparison:fixed:q6-i2-qrc,42,2,0.3506412442368024,0.38821504571781,0.3016911107805619,0.3387777703042143
shd,development,comparison:fixed:q6-i2-qrc,42,3,0.2222601935793983,0.2559312203032875,0.1892751223958783,0.22588556693572148
shd,development,comparison:fixed:q6-i2-qrc,44,0,0.3402652943650572,0.3548502432758588,0.28686485107878423,0.33708739519227193
shd,development,comparison:fixed:q6-i2-qrc,44,1,0.3919032517869727,0.41426034608310136,0.3244889778239959,0.4118882266364744
shd,development,comparison:fixed:q6-i2-qrc,44,2,0.28180817105021516,0.3185744453434123,0.2608175686019182,0.26357247163403796
shd,development,comparison:fixed:q6-i2-qrc,44,3,0.23497917874342122,0.251613435504625,0.18945406832075218,0.23849921784062178
shd,development,comparison:fixed:q6-i2-qrc,46,0,0.49210302158476804,0.5154689631984553,0.4035634578224393,0.49089683533183837
shd,development,comparison:fixed:q6-i2-qrc,46,1,0.4424645122319541,0.47443463858143475,0.37491957726023933,0.4568484570154892
shd,development,comparison:fixed:q6-i2-qrc,46,2,0.36889072661672856,0.40282178804551466,0.3120253832316258,0.35623344577494787
shd,development,comparison:fixed:q6-i2-qrc,46,3,0.2760848585309662,0.3034608512688796,0.23998410073242515,0.280797337537391
shd,development,comparison:fixed:q6-i4-crc,42,0,0.40893221315444395,0.4250352599623257,0.36864697652933104,0.40820728163183095
shd,development,comparison:fixed:q6-i4-crc,42,1,0.41672958824121614,0.472554126089719,0.4184997051684332,0.44547829097543307
shd,development,comparison:fixed:q6-i4-crc,42,2,0.33340449247884796,0.35398320916405335,0.28460740646401617,0.3178118464579517
shd,development,comparison:fixed:q6-i4-crc,42,3,0.22734001593732378,0.24704393028617622,0.214534459317552,0.22907954966167576
shd,development,comparison:fixed:q6-i4-crc,44,0,0.4396655014826937,0.4497986346709746,0.3887421610211072,0.43980111967462515
shd,development,comparison:fixed:q6-i4-crc,44,1,0.4113057485150509,0.4749275941348525,0.39659365219947984,0.4402898790423201
shd,development,comparison:fixed:q6-i4-crc,44,2,0.43554057384900086,0.4461484510583924,0.3313802733847435,0.4215821957456639
shd,development,comparison:fixed:q6-i4-crc,44,3,0.36715836025484816,0.38733753701936796,0.3231076248490249,0.37055931659382035
shd,development,comparison:fixed:q6-i4-crc,46,0,0.33576455036740405,0.35352256746650923,0.2828610119196098,0.33999745329554243
shd,development,comparison:fixed:q6-i4-crc,46,1,0.3725234068257324,0.41361920088963977,0.3314673609892568,0.391711738424309
shd,development,comparison:fixed:q6-i4-crc,46,2,0.3737284923462992,0.39003062532316013,0.30628211780804926,0.3575519504017054
shd,development,comparison:fixed:q6-i4-crc,46,3,0.2664463440769208,0.2719343353001118,0.2145682701887771,0.26937744915393436
shd,development,comparison:fixed:q6-i4-qrc,42,0,0.31037673496364837,0.3226895899088139,0.259227779644277,0.3052070660770391
shd,development,comparison:fixed:q6-i4-qrc,42,1,0.3706709956709957,0.402383608540767,0.38042557554762757,0.38494148476752155
shd,development,comparison:fixed:q6-i4-qrc,42,2,0.3934808981261117,0.4058007810317854,0.3356960787129112,0.37731111211777785
shd,development,comparison:fixed:q6-i4-qrc,42,3,0.2465079215525956,0.25365577592831423,0.2103844606434927,0.24850654428508956
shd,development,comparison:fixed:q6-i4-qrc,44,0,0.2364583591052235,0.25791331898052183,0.2284817524364373,0.23050593139333697
shd,development,comparison:fixed:q6-i4-qrc,44,1,0.3467960334239404,0.38392607953245417,0.25854548020734114,0.3746408076240171
shd,development,comparison:fixed:q6-i4-qrc,44,2,0.4091605980061445,0.39888056266688654,0.2794862716882597,0.4046480877846713
shd,development,comparison:fixed:q6-i4-qrc,44,3,0.25530166202759585,0.26789677625111485,0.21614271397249718,0.25615335468413003
shd,development,comparison:fixed:q6-i4-qrc,46,0,0.27969434243684854,0.2993094147658337,0.28779740736599924,0.27220146884646346
shd,development,comparison:fixed:q6-i4-qrc,46,1,0.34876925400181213,0.38914832252500997,0.3509875644137702,0.36959498612657
shd,development,comparison:fixed:q6-i4-qrc,46,2,0.3315530344886859,0.340116944657879,0.31099414358037736,0.3150858301642081
shd,development,comparison:fixed:q6-i4-qrc,46,3,0.2234767852171473,0.22884028215504038,0.17648048942053063,0.2254156387401718
shd,development,comparison:fixed:q8-i2-crc,42,0,0.43560302688641395,0.44787649550914815,0.38901901921714993,0.4349815148151956
shd,development,comparison:fixed:q8-i2-crc,42,1,0.4161507097553609,0.4780962863759304,0.46045984082916214,0.44887057897312466
shd,development,comparison:fixed:q8-i2-crc,42,2,0.3493935168077506,0.3732053604716689,0.3086797584142845,0.33411806894137464
shd,development,comparison:fixed:q8-i2-crc,42,3,0.28531482602287117,0.3021565570512913,0.2762855586558526,0.2877312686707886
shd,development,comparison:fixed:q8-i2-crc,44,0,0.501860170854378,0.5166769490197788,0.4407936016679906,0.5022722862174396
shd,development,comparison:fixed:q8-i2-crc,44,1,0.4923462196718011,0.5324207827772802,0.5220795850711708,0.5151754988298989
shd,development,comparison:fixed:q8-i2-crc,44,2,0.38473347203425784,0.41902765592625985,0.39019128500875816,0.3712867101061392
shd,development,comparison:fixed:q8-i2-crc,44,3,0.295948757830927,0.30406862813220137,0.24022478383091184,0.29786480224924405
shd,development,comparison:fixed:q8-i2-crc,46,0,0.4864585358267563,0.5069523589104968,0.44514213372968153,0.4869745127971493
shd,development,comparison:fixed:q8-i2-crc,46,1,0.4519102990033222,0.5061273763006586,0.472545624656986,0.4730245921110826
shd,development,comparison:fixed:q8-i2-crc,46,2,0.37317836218051165,0.40863523762211806,0.3883190037744645,0.3577618746451352
shd,development,comparison:fixed:q8-i2-crc,46,3,0.3377640051761702,0.3578382846312955,0.30553811407092657,0.34101466214550213
shd,development,comparison:fixed:q8-i2-qrc,42,0,0.38126398309128373,0.3961881187120184,0.3102257278577266,0.38144525159628995
shd,development,comparison:fixed:q8-i2-qrc,42,1,0.477421222188664,0.5084136788230484,0.38559960719179726,0.4984207060717835
shd,development,comparison:fixed:q8-i2-qrc,42,2,0.3415481880095916,0.37912536104945277,0.328343348710209,0.32670947562611624
shd,development,comparison:fixed:q8-i2-qrc,42,3,0.27600660914538366,0.3010594970431829,0.24561262838821263,0.27963880007352904
shd,development,comparison:fixed:q8-i2-qrc,44,0,0.345535837359639,0.36055892501003733,0.32200767259122726,0.34743949801358665
shd,development,comparison:fixed:q8-i2-qrc,44,1,0.4430157052250075,0.48797707028873955,0.39222394031435626,0.4665185910353224
shd,development,comparison:fixed:q8-i2-qrc,44,2,0.3027397855271275,0.3464542305477767,0.32817970178335465,0.28565986206381844
shd,development,comparison:fixed:q8-i2-qrc,44,3,0.26027555494517485,0.2792676767426877,0.24125234136078566,0.26393607970275745
shd,development,comparison:fixed:q8-i2-qrc,46,0,0.518768180227688,0.5333463982281514,0.43009266453742384,0.5210334572149566
shd,development,comparison:fixed:q8-i2-qrc,46,1,0.4644090405718313,0.5066756626367888,0.403546268187554,0.4783940146693711
shd,development,comparison:fixed:q8-i2-qrc,46,2,0.3863204926061159,0.4231875298386056,0.33636041227181124,0.3741268587414214
shd,development,comparison:fixed:q8-i2-qrc,46,3,0.30060459627309355,0.32600961764041103,0.2702361755606295,0.3049576152980319
shd,development,comparison:fixed:q8-i4-crc,42,0,0.4180079241935313,0.4377629735708549,0.37133494740359446,0.4179309910349539
shd,development,comparison:fixed:q8-i4-crc,42,1,0.44896556931440645,0.5113326453642182,0.4848196044949613,0.4826852352556348
shd,development,comparison:fixed:q8-i4-crc,42,2,0.39597120417776793,0.3970426418660008,0.3366980509859,0.3772091650163467
shd,development,comparison:fixed:q8-i4-crc,42,3,0.2618115318301999,0.27851153016918706,0.21196792817358678,0.2650777795001926
shd,development,comparison:fixed:q8-i4-crc,44,0,0.3482163495693296,0.3668427474927118,0.3208804783839988,0.346324518296901
shd,development,comparison:fixed:q8-i4-crc,44,1,0.42066847880801367,0.4617492728384546,0.37500091184479795,0.4456743361048652
shd,development,comparison:fixed:q8-i4-crc,44,2,0.33993410319871586,0.35291907695903957,0.3218119961651744,0.3228284995326427
shd,development,comparison:fixed:q8-i4-crc,44,3,0.261376635585159,0.27697410144366663,0.18903741614061143,0.2637215150514137
shd,development,comparison:fixed:q8-i4-crc,46,0,0.3909850811682001,0.4155084472605039,0.31561778365506354,0.3910415529593691
shd,development,comparison:fixed:q8-i4-crc,46,1,0.4002516862981979,0.44959278371610173,0.36092523897794937,0.42621530675722163
shd,development,comparison:fixed:q8-i4-crc,46,2,0.3998486514945863,0.40952663645364806,0.3595931261999221,0.3808327348559154
shd,development,comparison:fixed:q8-i4-crc,46,3,0.27488716385368106,0.28671132525895104,0.21128739898924132,0.2778003816706103
shd,development,comparison:fixed:q8-i4-qrc,42,0,0.3357419300112041,0.34553218679286857,0.3134484604163813,0.3333381767016125
shd,development,comparison:fixed:q8-i4-qrc,42,1,0.3748313701802074,0.427737622503119,0.3304592495445755,0.40107504305665453
shd,development,comparison:fixed:q8-i4-qrc,42,2,0.4244232445639496,0.44427492791909307,0.3793612791785047,0.4052015090673488
shd,development,comparison:fixed:q8-i4-qrc,42,3,0.2819139054481268,0.3014919465041104,0.242786875670163,0.28475902459992564
shd,development,comparison:fixed:q8-i4-qrc,44,0,0.25681102459610294,0.2641118327674974,0.20288024299597718,0.25272709870441545
shd,development,comparison:fixed:q8-i4-qrc,44,1,0.3553130977549583,0.41706717673330407,0.3123716622059236,0.3927192751409895
shd,development,comparison:fixed:q8-i4-qrc,44,2,0.41004830504592277,0.40391071535314604,0.29270953159490265,0.4032842525332968
shd,development,comparison:fixed:q8-i4-qrc,44,3,0.27028961321914247,0.2861281352196071,0.22162287889823618,0.2726839384716889
shd,development,comparison:fixed:q8-i4-qrc,46,0,0.30783547932181343,0.31949684135516243,0.3070086204647925,0.30151143638458155
shd,development,comparison:fixed:q8-i4-qrc,46,1,0.37478103292056775,0.41405868269689383,0.33152695359635287,0.397466533368471
shd,development,comparison:fixed:q8-i4-qrc,46,2,0.3870953219660889,0.40852834858936127,0.3276149153342436,0.370732396599484
shd,development,comparison:fixed:q8-i4-qrc,46,3,0.29008883700652977,0.29958972197818234,0.2392579691763126,0.29308050516533124
shd,development,comparison:fixed:q8-i6-crc,42,0,0.28059491536805803,0.3037703416938867,0.24349737133532412,0.28924838542062237
shd,development,comparison:fixed:q8-i6-crc,42,1,0.36883368569415076,0.3914906375508994,0.3079317672470271,0.385577708026819
shd,development,comparison:fixed:q8-i6-crc,42,2,0.4152380379034007,0.40304343823253375,0.264240189309936,0.40267468618608293
shd,development,comparison:fixed:q8-i6-crc,42,3,0.25098383963879656,0.2725643710508514,0.19791795375189636,0.2539450048465792
shd,development,comparison:fixed:q8-i6-crc,44,0,0.26485397499743757,0.2935430717209212,0.2390672769223,0.272437847969503
shd,development,comparison:fixed:q8-i6-crc,44,1,0.40183479311386283,0.4388791385015523,0.35657653270800727,0.4281802283047206
shd,development,comparison:fixed:q8-i6-crc,44,2,0.417454137006571,0.41059817701795587,0.3031462770093656,0.40700237093214375
shd,development,comparison:fixed:q8-i6-crc,44,3,0.26546982368337424,0.2916070857567906,0.21899414393667405,0.2679642004689462
shd,development,comparison:fixed:q8-i6-crc,46,0,0.327431776652258,0.35641592434982794,0.27111286043566274,0.3352143900345367
shd,development,comparison:fixed:q8-i6-crc,46,1,0.42030605053860864,0.4726578349256263,0.39934737137710924,0.44790017356400985
shd,development,comparison:fixed:q8-i6-crc,46,2,0.3871949975780806,0.4052460783179192,0.32180127567673766,0.37167292000153995
shd,development,comparison:fixed:q8-i6-crc,46,3,0.30949920925535856,0.34224465024765005,0.28282359287348124,0.31405094387944243
shd,development,comparison:fixed:q8-i6-qrc,42,0,0.34803185228907396,0.3495605387483094,0.22069794609920879,0.34833208094063783
shd,development,comparison:fixed:q8-i6-qrc,42,1,0.3537274740763112,0.3781046602234238,0.28059331002440124,0.3729597418977735
shd,development,comparison:fixed:q8-i6-qrc,42,2,0.4618237785347844,0.4395659338194132,0.3128704444314778,0.4493850146592909
shd,development,comparison:fixed:q8-i6-qrc,42,3,0.27269910875546743,0.28595899777319955,0.2158135147408442,0.2752344771220314
shd,development,comparison:fixed:q8-i6-qrc,44,0,0.20677126225122022,0.2207808080642052,0.21136405068869935,0.20736956953015662
shd,development,comparison:fixed:q8-i6-qrc,44,1,0.37441105406221686,0.3950543435976813,0.3121019882767392,0.3894198497034943
shd,development,comparison:fixed:q8-i6-qrc,44,2,0.37869643046451074,0.38390340611913243,0.3018608721245729,0.3623391432241865
shd,development,comparison:fixed:q8-i6-qrc,44,3,0.24402044278506063,0.2594754264474912,0.20602664200373533,0.24625798981623026
shd,development,comparison:fixed:q8-i6-qrc,46,0,0.34076930417663676,0.34596283388568483,0.260291717691735,0.3447788593385894
shd,development,comparison:fixed:q8-i6-qrc,46,1,0.3495293466223699,0.36252424883736367,0.30257457923636943,0.35868872553798314
shd,development,comparison:fixed:q8-i6-qrc,46,2,0.41767936428346897,0.395450789436968,0.23686776335080628,0.40423261726922627
shd,development,comparison:fixed:q8-i6-qrc,46,3,0.20476746358608944,0.21692466919566045,0.1789824630878719,0.20607527208264254
shd,development,comparison:projection:i2,42,0,0.207075930173788,0.21343657988253084,0.217386408245208,0.19215133598651668
shd,development,comparison:projection:i2,42,1,0.2622848082150408,0.2861429523786236,0.28603688275984357,0.2756422538070012
shd,development,comparison:projection:i2,42,2,0.16969871957104904,0.17496956062633529,0.1876855224842,0.15448661392816043
shd,development,comparison:projection:i2,42,3,0.09062875776704993,0.0874189726585809,0.01860061950543268,0.09114674397753464
shd,development,comparison:projection:i2,44,0,0.207075930173788,0.21343657988253084,0.217386408245208,0.19215133598651668
shd,development,comparison:projection:i2,44,1,0.2622848082150408,0.2861429523786236,0.28603688275984357,0.2756422538070012
shd,development,comparison:projection:i2,44,2,0.16969871957104904,0.17496956062633529,0.1876855224842,0.15448661392816043
shd,development,comparison:projection:i2,44,3,0.09062875776704993,0.0874189726585809,0.01860061950543268,0.09114674397753464
shd,development,comparison:projection:i2,46,0,0.207075930173788,0.21343657988253084,0.217386408245208,0.19215133598651668
shd,development,comparison:projection:i2,46,1,0.2622848082150408,0.2861429523786236,0.28603688275984357,0.2756422538070012
shd,development,comparison:projection:i2,46,2,0.16969871957104904,0.17496956062633529,0.1876855224842,0.15448661392816043
shd,development,comparison:projection:i2,46,3,0.09062875776704993,0.0874189726585809,0.01860061950543268,0.09114674397753464
shd,development,comparison:projection:i4,42,0,0.21238111058880083,0.22998792848198107,0.22522931368251708,0.2044693447162158
shd,development,comparison:projection:i4,42,1,0.29300312091009767,0.3458930421794823,0.2549637024651725,0.3178662864694702
shd,development,comparison:projection:i4,42,2,0.27732699317228654,0.2759647320340138,0.20023464329366458,0.2634384231106232
shd,development,comparison:projection:i4,42,3,0.16453743168482637,0.17063930735937016,0.15489859216502866,0.16549908274920355
shd,development,comparison:projection:i4,44,0,0.21238111058880083,0.22998792848198107,0.22522931368251708,0.2044693447162158
shd,development,comparison:projection:i4,44,1,0.29300312091009767,0.3458930421794823,0.2549637024651725,0.3178662864694702
shd,development,comparison:projection:i4,44,2,0.27732699317228654,0.2759647320340138,0.20023464329366458,0.2634384231106232
shd,development,comparison:projection:i4,44,3,0.16453743168482637,0.17063930735937016,0.15489859216502866,0.16549908274920355
shd,development,comparison:projection:i4,46,0,0.21238111058880083,0.22998792848198107,0.22522931368251708,0.2044693447162158
shd,development,comparison:projection:i4,46,1,0.29300312091009767,0.3458930421794823,0.2549637024651725,0.3178662864694702
shd,development,comparison:projection:i4,46,2,0.27732699317228654,0.2759647320340138,0.20023464329366458,0.2634384231106232
shd,development,comparison:projection:i4,46,3,0.16453743168482637,0.17063930735937016,0.15489859216502866,0.16549908274920355
shd,development,comparison:projection:i6,42,0,0.18831163781982174,0.19284987805025922,0.1477150789256907,0.18742602450694912
shd,development,comparison:projection:i6,42,1,0.31628410349340585,0.33738080699487805,0.261868034282837,0.3245089169737606
shd,development,comparison:projection:i6,42,2,0.3799856123864969,0.36334956574950816,0.24656447605835863,0.3709279031606272
shd,development,comparison:projection:i6,42,3,0.1859373078698121,0.20211022499012687,0.16270109414177025,0.18781400415045624
shd,development,comparison:projection:i6,44,0,0.18831163781982174,0.19284987805025922,0.1477150789256907,0.18742602450694912
shd,development,comparison:projection:i6,44,1,0.31628410349340585,0.33738080699487805,0.261868034282837,0.3245089169737606
shd,development,comparison:projection:i6,44,2,0.3799856123864969,0.36334956574950816,0.24656447605835863,0.3709279031606272
shd,development,comparison:projection:i6,44,3,0.1859373078698121,0.20211022499012687,0.16270109414177025,0.18781400415045624
shd,development,comparison:projection:i6,46,0,0.18831163781982174,0.19284987805025922,0.1477150789256907,0.18742602450694912
shd,development,comparison:projection:i6,46,1,0.31628410349340585,0.33738080699487805,0.261868034282837,0.3245089169737606
shd,development,comparison:projection:i6,46,2,0.3799856123864969,0.36334956574950816,0.24656447605835863,0.3709279031606272
shd,development,comparison:projection:i6,46,3,0.1859373078698121,0.20211022499012687,0.16270109414177025,0.18781400415045624
shd,development,comparison:tuned:q4-i2-crc,42,0,0.38378120460465626,0.39794246747585543,0.31243641334267547,0.3841608341957121
shd,development,comparison:tuned:q4-i2-crc,42,1,0.38582251082251084,0.4209394121691974,0.3354290551110244,0.4123504006698287
shd,development,comparison:tuned:q4-i2-crc,42,2,0.3176026734715405,0.33157087609987457,0.26515991980567466,0.30152246438555175
shd,development,comparison:tuned:q4-i2-crc,42,3,0.23284462067412648,0.25328605105460433,0.20613085772841477,0.2351871623855929
shd,development,comparison:tuned:q4-i2-crc,44,0,0.43850338068292266,0.45370556365713655,0.36560639574784776,0.4408630860741792
shd,development,comparison:tuned:q4-i2-crc,44,1,0.40935517970401686,0.45231523929888007,0.3654885641054685,0.43821657890264637
shd,development,comparison:tuned:q4-i2-crc,44,2,0.32599179544293666,0.32395630323210445,0.25123044035753817,0.31043914951851426
shd,development,comparison:tuned:q4-i2-crc,44,3,0.24753314819635164,0.27153025902690664,0.2292151800844474,0.24909790214311545
shd,development,comparison:tuned:q4-i2-crc,46,0,0.41139641820797296,0.42224937825995335,0.35649740251907946,0.4108414804875345
shd,development,comparison:tuned:q4-i2-crc,46,1,0.42613007147890875,0.4614367610910212,0.4002715907358437,0.4502240953640789
shd,development,comparison:tuned:q4-i2-crc,46,2,0.3000191033921261,0.32063758275919174,0.27353764075023,0.2810776198924889
shd,development,comparison:tuned:q4-i2-crc,46,3,0.24863529345382673,0.2711531395913608,0.23385400490362762,0.2499008335054691
shd,development,comparison:tuned:q4-i2-qrc,42,0,0.35344094496538025,0.3591527210115105,0.3099970455358608,0.3529007753438388
shd,development,comparison:tuned:q4-i2-qrc,42,1,0.39168931843350446,0.4362393375066383,0.3623204327960866,0.41974382392500964
shd,development,comparison:tuned:q4-i2-qrc,42,2,0.3393522880701758,0.34670705602851837,0.25527036531338143,0.32275668500271293
shd,development,comparison:tuned:q4-i2-qrc,42,3,0.27945490519847394,0.29517984573809253,0.2571288316338075,0.2807192510904397
shd,development,comparison:tuned:q4-i2-qrc,44,0,0.3338290961400483,0.3419909335187654,0.3233254721883292,0.33027728433396353
shd,development,comparison:tuned:q4-i2-qrc,44,1,0.39750578878485854,0.4423570349216958,0.34084483366631757,0.4222780766718114
shd,development,comparison:tuned:q4-i2-qrc,44,2,0.34025438536387076,0.3431371258158785,0.2506726403548638,0.323459334407762
shd,development,comparison:tuned:q4-i2-qrc,44,3,0.26710986692813676,0.28416688444630733,0.2471825889580912,0.2683951343626344
shd,development,comparison:tuned:q4-i2-qrc,46,0,0.37579056377703396,0.3967544637974115,0.36778578797252004,0.3729384126356678
shd,development,comparison:tuned:q4-i2-qrc,46,1,0.43310429880197326,0.4842387069391102,0.4100772924014189,0.46003307039616803
shd,development,comparison:tuned:q4-i2-qrc,46,2,0.34590724676024553,0.3563333230906014,0.27991887546690686,0.3275208486820742
shd,development,comparison:tuned:q4-i2-qrc,46,3,0.31379600544871233,0.33049656532275373,0.291824036666094,0.31496845671912577
shd,development,comparison:tuned:q6-i2-crc,42,0,0.3476084274964567,0.36428900734567193,0.3109677190922209,0.346915330091355
shd,development,comparison:tuned:q6-i2-crc,42,1,0.3834088392227927,0.4263806375916346,0.3518871212591159,0.4130779865032164
shd,development,comparison:tuned:q6-i2-crc,42,2,0.33752446178139994,0.34455836673497986,0.2833982282204548,0.3243010450955409
shd,development,comparison:tuned:q6-i2-crc,42,3,0.2639910699884862,0.2775497974039842,0.24181196253660375,0.2662270896088176
shd,development,comparison:tuned:q6-i2-crc,44,0,0.38887573295255734,0.40398752320671805,0.3609146020127272,0.38565136277258333
shd,development,comparison:tuned:q6-i2-crc,44,1,0.39262559146280074,0.43303969740622594,0.34838857887331,0.41748553829647783
shd,development,comparison:tuned:q6-i2-crc,44,2,0.31605077040006624,0.3313882708536615,0.26462391295733423,0.29933196002301776
shd,development,comparison:tuned:q6-i2-crc,44,3,0.2638444189291119,0.2809485827132996,0.2551090466964684,0.2656295321244513
shd,development,comparison:tuned:q6-i2-crc,46,0,0.3761941957579763,0.3966865974135452,0.3504629045223627,0.372460879713158
shd,development,comparison:tuned:q6-i2-crc,46,1,0.41781687304943116,0.463766381658652,0.4182415618726771,0.44333514785535544
shd,development,comparison:tuned:q6-i2-crc,46,2,0.32997868790192875,0.34875520133842686,0.26874210121793685,0.31251987611855403
shd,development,comparison:tuned:q6-i2-crc,46,3,0.2766802458627634,0.29603692364762046,0.2697735414613174,0.2786384941111203
shd,development,comparison:tuned:q6-i2-qrc,42,0,0.42140168450965076,0.4286480977604284,0.37391176627027717,0.42222388702043195
shd,development,comparison:tuned:q6-i2-qrc,42,1,0.431073190375516,0.4900135460485774,0.40188860822493866,0.4655593655438688
shd,development,comparison:tuned:q6-i2-qrc,42,2,0.3718626441022205,0.38978106368401366,0.333795044992492,0.35607861323471557
shd,development,comparison:tuned:q6-i2-qrc,42,3,0.3183512375379869,0.33253917633345276,0.29497345901632954,0.3209609557391655
shd,development,comparison:tuned:q6-i2-qrc,44,0,0.38493767031537723,0.40597784478143883,0.3755825225350772,0.3839740518470457
shd,development,comparison:tuned:q6-i2-qrc,44,1,0.41387546561965166,0.45268391576700273,0.3778611851492283,0.43555954744508774
shd,development,comparison:tuned:q6-i2-qrc,44,2,0.33686660274225433,0.34498095670280426,0.24498336480989302,0.32065387190587646
shd,development,comparison:tuned:q6-i2-qrc,44,3,0.28404500351057616,0.29306741649540247,0.2682329570280969,0.2851243740651067
shd,development,comparison:tuned:q6-i2-qrc,46,0,0.4785039461918277,0.5094117449267721,0.4361244770402543,0.4848819200240644
shd,development,comparison:tuned:q6-i2-qrc,46,1,0.45365951877579785,0.5060736043133316,0.4443391268507652,0.4805345387280563
shd,development,comparison:tuned:q6-i2-qrc,46,2,0.40117070656542797,0.41486191954622886,0.28193002607079265,0.38553813234816076
shd,development,comparison:tuned:q6-i2-qrc,46,3,0.3333205579234423,0.3532838554316733,0.3022482066864153,0.3358814348238942
shd,development,comparison:tuned:q6-i4-crc,42,0,0.34443875008394276,0.3635402135712824,0.2695746320207991,0.345986558544075
shd,development,comparison:tuned:q6-i4-crc,42,1,0.39655944830363443,0.43215025515287,0.34280626277055926,0.42245856883518584
shd,development,comparison:tuned:q6-i4-crc,42,2,0.37047207029942686,0.37147470453473896,0.28062617419415803,0.35538206205872935
shd,development,comparison:tuned:q6-i4-crc,42,3,0.2939869339495339,0.3064664810237061,0.24889197824798204,0.29686973572179287
shd,development,comparison:tuned:q6-i4-crc,44,0,0.3643623356931549,0.39252869837579063,0.321941147274752,0.3665432167439304
shd,development,comparison:tuned:q6-i4-crc,44,1,0.3974000805396154,0.42771544045780474,0.3487156689132004,0.4212740907553117
shd,development,comparison:tuned:q6-i4-crc,44,2,0.3847012589887928,0.3797125881973875,0.2780765910576468,0.37124196441587787
shd,development,comparison:tuned:q6-i4-crc,44,3,0.2876460721736135,0.29989363205791864,0.2351053315669176,0.28970462728954105
shd,development,comparison:tuned:q6-i4-crc,46,0,0.36554212864620705,0.3821915992776477,0.31703138409852105,0.3653266660879595
shd,development,comparison:tuned:q6-i4-crc,46,1,0.3989278163696768,0.43063684559841164,0.3723260190736889,0.4208875734911458
shd,development,comparison:tuned:q6-i4-crc,46,2,0.40450264444019335,0.3978299638792102,0.30885584461345905,0.3886405485528893
shd,development,comparison:tuned:q6-i4-crc,46,3,0.2958694438278534,0.29932801121199004,0.21790072047102926,0.2981242450198518
shd,development,comparison:tuned:q6-i4-qrc,42,0,0.30469407735454934,0.3140036760307442,0.27511179243221684,0.30130771906334797
shd,development,comparison:tuned:q6-i4-qrc,42,1,0.3710988623779321,0.4125595986867996,0.3007096812349962,0.3989907840700759
shd,development,comparison:tuned:q6-i4-qrc,42,2,0.36771561056065094,0.37276946963818514,0.27264077607275083,0.3539108960513442
shd,development,comparison:tuned:q6-i4-qrc,42,3,0.26316226527180475,0.2664687576766096,0.2053984419762005,0.26417044823110636
shd,development,comparison:tuned:q6-i4-qrc,44,0,0.312868508576296,0.32197580796660463,0.25649994166248435,0.3098298931848926
shd,development,comparison:tuned:q6-i4-qrc,44,1,0.3529849994966274,0.3969374961695712,0.2724363384828298,0.37911033439541403
shd,development,comparison:tuned:q6-i4-qrc,44,2,0.35971014067991436,0.37710469480575537,0.30924545138411696,0.3465277650335039
shd,development,comparison:tuned:q6-i4-qrc,44,3,0.2697541106212097,0.2755167734045856,0.21153650019014425,0.2719234666779724
shd,development,comparison:tuned:q6-i4-qrc,46,0,0.2674235060845225,0.2819688042494647,0.25988730339939714,0.2626087818981587
shd,development,comparison:tuned:q6-i4-qrc,46,1,0.3630222490687607,0.4011381156804352,0.3093897023779716,0.3857067428442778
shd,development,comparison:tuned:q6-i4-qrc,46,2,0.315781184175315,0.32892606898232235,0.2626121020601144,0.3024685472846179
shd,development,comparison:tuned:q6-i4-qrc,46,3,0.25327010570054764,0.26143917367293357,0.19810817105976997,0.2542817433822897
shd,development,comparison:tuned:q8-i2-crc,42,0,0.41964436558736934,0.4332479938132463,0.3732010704521421,0.41820599846086554
shd,development,comparison:tuned:q8-i2-crc,42,1,0.4014849491593677,0.43843270492271313,0.3823918713823594,0.4264566408113487
shd,development,comparison:tuned:q8-i2-crc,42,2,0.3454458344901645,0.3650980217629092,0.3039875294570932,0.3294225409696294
shd,development,comparison:tuned:q8-i2-crc,42,3,0.3018909203564978,0.32207504441461143,0.28660051831565037,0.3048399792670172
shd,development,comparison:tuned:q8-i2-crc,44,0,0.41296146410255496,0.42482911405504575,0.3718415870463332,0.4101541707690272
shd,development,comparison:tuned:q8-i2-crc,44,1,0.4019052652773583,0.44477785778576306,0.38483869953123373,0.42737452971028594
shd,development,comparison:tuned:q8-i2-crc,44,2,0.34019391989328496,0.3577951271288671,0.2733515495738045,0.3228711381801427
shd,development,comparison:tuned:q8-i2-crc,44,3,0.28945645421692334,0.3073682077512524,0.28451596335730633,0.2920847668257919
shd,development,comparison:tuned:q8-i2-crc,46,0,0.39886262021482266,0.41512037177866074,0.37171841147678597,0.39753722941248393
shd,development,comparison:tuned:q8-i2-crc,46,1,0.42487667371388305,0.4575388107910378,0.4013134598383118,0.4460316450292077
shd,development,comparison:tuned:q8-i2-crc,46,2,0.3575666529497181,0.3624722263280077,0.27075992356614753,0.34242715850616223
shd,development,comparison:tuned:q8-i2-crc,46,3,0.2887780267208343,0.3108380390708385,0.28305504136395454,0.2909124074528032
shd,development,comparison:tuned:q8-i2-qrc,42,0,0.3203332261222701,0.33283766578219454,0.3263704471817056,0.3162879940448309
shd,development,comparison:tuned:q8-i2-qrc,42,1,0.3898192892378939,0.43271463484689254,0.3360377722253698,0.41493014061121436
shd,development,comparison:tuned:q8-i2-qrc,42,2,0.3060843973869939,0.3260691775591522,0.26190731854325733,0.28996786205877156
shd,development,comparison:tuned:q8-i2-qrc,42,3,0.22705416614101182,0.2397044919222452,0.20556040322087943,0.2286846716971227
shd,development,comparison:tuned:q8-i2-qrc,44,0,0.31335908755138175,0.3260199152905074,0.3029088630582689,0.3074375737440119
shd,development,comparison:tuned:q8-i2-qrc,44,1,0.39915181717507303,0.44428564636818246,0.35522933059511375,0.42316621529614423
shd,development,comparison:tuned:q8-i2-qrc,44,2,0.31453688928389467,0.3326120238594209,0.256592244230216,0.2979540521991003
shd,development,comparison:tuned:q8-i2-qrc,44,3,0.23963900950117878,0.25226021156659595,0.23744206429569203,0.2411947597226658
shd,development,comparison:tuned:q8-i2-qrc,46,0,0.43918057759665785,0.448248300041145,0.3396124707825146,0.44141548466527314
shd,development,comparison:tuned:q8-i2-qrc,46,1,0.4207087486157254,0.4651284958170715,0.3681245706997578,0.44038190855075815
shd,development,comparison:tuned:q8-i2-qrc,46,2,0.36925827218465573,0.3941853522570433,0.34935096143910827,0.3536015162973415
shd,development,comparison:tuned:q8-i2-qrc,46,3,0.2841480052528227,0.2986341318531601,0.23284784049505824,0.28829082400203365
shd,development,comparison:tuned:q8-i4-crc,42,0,0.4111603182401362,0.43595924480638043,0.3372900681563794,0.41535584937729353
shd,development,comparison:tuned:q8-i4-crc,42,1,0.42670139937581797,0.463312849532867,0.3681133766023835,0.4497755617361134
shd,development,comparison:tuned:q8-i4-crc,42,2,0.39566940490755187,0.3853255823423958,0.2833643727254388,0.3823716915403297
shd,development,comparison:tuned:q8-i4-crc,42,3,0.301784192453033,0.3143233010321852,0.23614796665940785,0.3030628121921207
shd,development,comparison:tuned:q8-i4-crc,44,0,0.3961396948372571,0.42080261932811225,0.3453623741879278,0.39881272169412174
shd,development,comparison:tuned:q8-i4-crc,44,1,0.4138301620859761,0.45162164557319473,0.3954150871627,0.4315634452879764
shd,development,comparison:tuned:q8-i4-crc,44,2,0.39456452385224194,0.3867425556189956,0.29843414096111665,0.37963544337403354
shd,development,comparison:tuned:q8-i4-crc,44,3,0.2935533684763567,0.31036796194421856,0.258146958134141,0.2945294316737457
shd,development,comparison:tuned:q8-i4-crc,46,0,0.4135199041462406,0.4488830216711698,0.38779677880351726,0.4202494683379816
shd,development,comparison:tuned:q8-i4-crc,46,1,0.4277962347729789,0.4645973972367055,0.3662791252437628,0.44739917456139877
shd,development,comparison:tuned:q8-i4-crc,46,2,0.4206783460079786,0.4126852092389629,0.32102298606482504,0.4074516493409004
shd,development,comparison:tuned:q8-i4-crc,46,3,0.30287143306563524,0.32051339020454717,0.2455356335990554,0.30541558073576236
shd,development,comparison:tuned:q8-i4-qrc,42,0,0.28066913841183894,0.2915325733631968,0.268494247704379,0.2772599662683375
shd,development,comparison:tuned:q8-i4-qrc,42,1,0.3721005738447599,0.39925835654201114,0.2895697861319724,0.39274053009493926
shd,development,comparison:tuned:q8-i4-qrc,42,2,0.3591916954768791,0.3582271216551568,0.2502131387669696,0.34705826172220533
shd,development,comparison:tuned:q8-i4-qrc,42,3,0.28149524461982245,0.28966476250754136,0.2361951658851198,0.28329391247493163
shd,development,comparison:tuned:q8-i4-qrc,44,0,0.26756629708303437,0.283370828730526,0.2764878744821614,0.26279712359358054
shd,development,comparison:tuned:q8-i4-qrc,44,1,0.3603795429376825,0.40120911137058246,0.32745119732424277,0.3853518238178121
shd,development,comparison:tuned:q8-i4-qrc,44,2,0.32131364271323093,0.3280451076898647,0.258002955941116,0.305934654904896
shd,development,comparison:tuned:q8-i4-qrc,44,3,0.25084464090185876,0.258054134034045,0.2028202175153867,0.2521985805880509
shd,development,comparison:tuned:q8-i4-qrc,46,0,0.33829237517274535,0.3450720571890262,0.301063516665245,0.3325981454033151
shd,development,comparison:tuned:q8-i4-qrc,46,1,0.4078551293667573,0.4433633208654348,0.28941389444265975,0.4292803279275546
shd,development,comparison:tuned:q8-i4-qrc,46,2,0.44967932837384456,0.443638893651631,0.29277737177400054,0.43219698163209735
shd,development,comparison:tuned:q8-i4-qrc,46,3,0.33783240684996185,0.35434278399976116,0.2825743823078416,0.3405639080405599
shd,development,comparison:tuned:q8-i6-crc,42,0,0.18420250873887978,0.19583032050267557,0.17615284241882612,0.18827893800325302
shd,development,comparison:tuned:q8-i6-crc,42,1,0.3193496426054566,0.3436299369036414,0.25742034390544744,0.33781027889391146
shd,development,comparison:tuned:q8-i6-crc,42,2,0.34073942933533785,0.3247285139779107,0.18077316443931724,0.326134120629083
shd,development,comparison:tuned:q8-i6-crc,42,3,0.2169980554761528,0.23798968543734422,0.157424772758479,0.21983890577452692
shd,development,comparison:tuned:q8-i6-crc,44,0,0.18706257002590743,0.20134662219554067,0.18154432195887793,0.18852740022329617
shd,development,comparison:tuned:q8-i6-crc,44,1,0.31991845363938387,0.339827364279609,0.27029303108719316,0.3366270436271783
shd,development,comparison:tuned:q8-i6-crc,44,2,0.3750378734320399,0.36094877071394393,0.2619141540963581,0.36143251134890686
shd,development,comparison:tuned:q8-i6-crc,44,3,0.20473259736326177,0.2280098988752397,0.136538525796134,0.20701658878579265
shd,development,comparison:tuned:q8-i6-crc,46,0,0.2115342610035662,0.22910739708462136,0.1895060457319363,0.21521074904713378
shd,development,comparison:tuned:q8-i6-crc,46,1,0.3044674317930133,0.33088955400580555,0.2764711118956119,0.3222803283234946
shd,development,comparison:tuned:q8-i6-crc,46,2,0.3668849364538269,0.3435777941010517,0.2424068912506987,0.35328571905312345
shd,development,comparison:tuned:q8-i6-crc,46,3,0.20365280907309613,0.21790692831807468,0.1375006813101569,0.20643996587727154
shd,development,comparison:tuned:q8-i6-qrc,42,0,0.24517285133124322,0.25329119763008556,0.21004570632880637,0.24712913553260785
shd,development,comparison:tuned:q8-i6-qrc,42,1,0.3577594885734421,0.3813856077813813,0.31006980948834795,0.3691067706821639
shd,development,comparison:tuned:q8-i6-qrc,42,2,0.42933877047294167,0.4040305945728033,0.2930519996747233,0.4151536024047945
shd,development,comparison:tuned:q8-i6-qrc,42,3,0.22742837918907022,0.2395280637087457,0.1684749499939544,0.22841429442278172
shd,development,comparison:tuned:q8-i6-qrc,44,0,0.2380785421180429,0.25535503701005435,0.19278834891392527,0.24103484584538637
shd,development,comparison:tuned:q8-i6-qrc,44,1,0.3585799859055674,0.38005269593834123,0.3005710043546087,0.3689978148188021
shd,development,comparison:tuned:q8-i6-qrc,44,2,0.4131532993749746,0.39460259942102516,0.28268184767004534,0.39919056167702094
shd,development,comparison:tuned:q8-i6-qrc,44,3,0.2527061245847326,0.26712119710119653,0.20812053329524305,0.25448302472017703
shd,development,comparison:tuned:q8-i6-qrc,46,0,0.24668205322145675,0.2569531666171617,0.21915152673203064,0.2515644235169272
shd,development,comparison:tuned:q8-i6-qrc,46,1,0.3805194805194805,0.3865036719291992,0.2991791190368521,0.3865033030221915
shd,development,comparison:tuned:q8-i6-qrc,46,2,0.41804862612021193,0.4064110172212394,0.26564167366275215,0.4056762001096481
shd,development,comparison:tuned:q8-i6-qrc,46,3,0.2412085218371678,0.2570389112688505,0.18918735600536607,0.24287504626569045
shd,mapping-screen,mapping:screen:i2:legacy,42,0,0.2588221156395022,0.2599211135930217,0.19412001560208114,0.2506506050073171
shd,mapping-screen,mapping:screen:i2:legacy,42,1,0.2362654787073391,0.2474990271107853,0.13811972334017603,0.25626169230852236
shd,mapping-screen,mapping:screen:i2:legacy,42,2,0.27993757006172365,0.2744704565045771,0.22971097438446147,0.2642348253164992
shd,mapping-screen,mapping:screen:i2:legacy,42,3,0.11134222182476505,0.115456184368385,0.09803857627793067,0.11053288877273199
shd,mapping-screen,mapping:screen:i2:orthogonal,42,0,0.23766006552834434,0.23439222540870577,0.18348748855726027,0.22892307409491958
shd,mapping-screen,mapping:screen:i2:orthogonal,42,1,0.24660726870029198,0.262691850913886,0.14949118617420531,0.26750395864691084
shd,mapping-screen,mapping:screen:i2:orthogonal,42,2,0.275695481631897,0.2699626451982245,0.23594645035055073,0.2596510732558689
shd,mapping-screen,mapping:screen:i2:orthogonal,42,3,0.12722232247370263,0.1332351502937702,0.10009306827094044,0.126684098147336
shd,mapping-screen,mapping:screen:i2:pca,42,0,0.1436618822257017,0.16589476478778087,0.07981443642287378,0.13381641904747454
shd,mapping-screen,mapping:screen:i2:pca,42,1,0.29978103292056785,0.3203530912284645,0.2443775548598044,0.3154022349350125
shd,mapping-screen,mapping:screen:i2:pca,42,2,0.2370196279102803,0.23091961430337532,0.19734014432724678,0.2211687381803032
shd,mapping-screen,mapping:screen:i2:pca,42,3,0.16773793801690512,0.15809937562321147,0.11717749034949915,0.1676795045516341
shd,mapping-screen,mapping:screen:i2:pooling,42,0,0.20561267588210558,0.21183301685025674,0.21617355347239087,0.19069934870640826
shd,mapping-screen,mapping:screen:i2:pooling,42,1,0.26090556730091613,0.2852469144820503,0.28482147819204195,0.2737795803983722
shd,mapping-screen,mapping:screen:i2:pooling,42,2,0.17326393798407863,0.17878069392547824,0.19210985849003515,0.15822843487531368
shd,mapping-screen,mapping:screen:i2:pooling,42,3,0.09021249232810025,0.08754704197285396,0.01927672345375464,0.09071242970474735
shd,mapping-screen,mapping:screen:i4:legacy,42,0,0.25850118933591587,0.2644720427322261,0.19842123115218419,0.24808511773949482
shd,mapping-screen,mapping:screen:i4:legacy,42,1,0.37298399275143457,0.43138401911459157,0.3601454009642715,0.39659505026049613
shd,mapping-screen,mapping:screen:i4:legacy,42,2,0.31689689092623197,0.31732414112567686,0.2757035786651247,0.30791020095293525
shd,mapping-screen,mapping:screen:i4:legacy,42,3,0.17283266501970346,0.1808418374159242,0.14843090365228517,0.17287011533817043
shd,mapping-screen,mapping:screen:i4:orthogonal,42,0,0.26956607794833365,0.27838549494768483,0.21896083304745495,0.2589680596417513
shd,mapping-screen,mapping:screen:i4:orthogonal,42,1,0.3796889157354273,0.43512710734006366,0.3656356292392022,0.4012500330269564
shd,mapping-screen,mapping:screen:i4:orthogonal,42,2,0.3269093391559733,0.3265128680650347,0.2766313515425225,0.3166738090367569
shd,mapping-screen,mapping:screen:i4:orthogonal,42,3,0.1810634889963798,0.18684669698104794,0.15801501135822837,0.18078965027294014
shd,mapping-screen,mapping:screen:i4:pca,42,0,0.19827943915654345,0.22107895734856176,0.1115311749105985,0.19202020421022548
shd,mapping-screen,mapping:screen:i4:pca,42,1,0.4254379341588644,0.46294914203332155,0.35144520938805024,0.4405773656513944
shd,mapping-screen,mapping:screen:i4:pca,42,2,0.3680237468234175,0.36813744211067817,0.3000843924490982,0.35820563812250383
shd,mapping-screen,mapping:screen:i4:pca,42,3,0.24330315675055325,0.2494155481414776,0.20117109432030644,0.24274298666875116
shd,mapping-screen,mapping:screen:i4:pooling,42,0,0.2138443648804832,0.23086972166060254,0.2265835810330903,0.20581057655416823
shd,mapping-screen,mapping:screen:i4:pooling,42,1,0.2925702204771972,0.34597853833088466,0.2537227913427009,0.3174137839869927
shd,mapping-screen,mapping:screen:i4:pooling,42,2,0.2779595042412302,0.2764218689468653,0.2004532793410022,0.26403595062492696
shd,mapping-screen,mapping:screen:i4:pooling,42,3,0.16496487560743078,0.17078729278190874,0.1551379364448009,0.16600100343617186
shd,development,observations:crc2:all,42,0,0.4393085239864136,0.45610568833223286,0.39072113548523757,0.4409037222197876
shd,development,observations:crc2:all,42,1,0.4886237793214538,0.5380534591197617,0.5150562819228717,0.5103030579119239
shd,development,observations:crc2:all,42,2,0.32648832521340154,0.3651763428504756,0.26678403994783695,0.3121743577080768
shd,development,observations:crc2:all,42,3,0.32623153620577783,0.3410117490883334,0.31151453038376864,0.32769569656713465
shd,development,observations:crc2:all,44,0,0.38143999773796444,0.39410879533713095,0.31918297348649566,0.37788600483139523
shd,development,observations:crc2:all,44,1,0.40065438437531464,0.449625320061377,0.4375133193757754,0.428661571782252
shd,development,observations:crc2:all,44,2,0.32480796602210216,0.35237502292481937,0.2938218505923361,0.3094622114770712
shd,development,observations:crc2:all,44,3,0.2303978635256192,0.2437393031282169,0.21084076410705932,0.2317528150406316
shd,development,observations:crc2:all,46,0,0.4202614771799485,0.4454843082361258,0.40767846100590405,0.42407153132586317
shd,development,observations:crc2:all,46,1,0.42217356287123725,0.44726350995459707,0.3949653220266999,0.44238209955216756
shd,development,observations:crc2:all,46,2,0.3214333854682992,0.3458695625808874,0.2764886715374573,0.306802694135233
shd,development,observations:crc2:all,46,3,0.22868542629147415,0.24207472795572343,0.16676716925843715,0.23081641538348613
shd,development,observations:crc2:products,42,0,0.4173908126009522,0.42555182504418826,0.3673913104498248,0.41780066588841136
shd,development,observations:crc2:products,42,1,0.47430282895399173,0.5195630460587459,0.46505501532630755,0.49820539273586845
shd,development,observations:crc2:products,42,2,0.2875595198724786,0.32717259367604834,0.2983052123107608,0.2737854967730122
shd,development,observations:crc2:products,42,3,0.29258376809650116,0.3079647638947605,0.2775934390230608,0.2949442573052977
shd,development,observations:crc2:products,44,0,0.35125878747821904,0.3644187334338761,0.3013497099155301,0.34607179361663765
shd,development,observations:crc2:products,44,1,0.3671171851404409,0.41215331062414573,0.38780641830977497,0.39526694500396214
shd,development,observations:crc2:products,44,2,0.27273584206947166,0.3005097504879739,0.2529887703237671,0.2545768063696965
shd,development,observations:crc2:products,44,3,0.19595109998940707,0.20936354603808482,0.1422335217589462,0.19711927998041212
shd,development,observations:crc2:products,46,0,0.4217098868628747,0.43638229444559345,0.3726567210913227,0.4240488213563196
shd,development,observations:crc2:products,46,1,0.39932799758381154,0.43624739125258244,0.3840899592578915,0.4233388116105283
shd,development,observations:crc2:products,46,2,0.29056074594851644,0.32226164464367546,0.26659132571831634,0.2780929370493619
shd,development,observations:crc2:products,46,3,0.19753897697711442,0.21127318021443287,0.17873974156431516,0.19995929246206434
shd,development,observations:crc2:width24,42,0,0.42866988771113806,0.43996082882238075,0.3789598174110294,0.428035129203452
shd,development,observations:crc2:width24,42,1,0.41232256115977045,0.4739525327859356,0.45075352683961384,0.4452793714325962
shd,development,observations:crc2:width24,42,2,0.3445632762568336,0.36946580386421435,0.3053138680003693,0.3296256244922721
shd,development,observations:crc2:width24,42,3,0.2743689612899758,0.28976013716415805,0.2608838097921684,0.276579182332514
shd,development,observations:crc2:width24,44,0,0.49989644118177223,0.5154555525348841,0.43883640299279136,0.5004365305213114
shd,development,observations:crc2:width24,44,1,0.48511023859861063,0.5243156346500433,0.5117711602458235,0.5068314206428947
shd,development,observations:crc2:width24,44,2,0.37969873145291,0.41243248817029393,0.3768709062443336,0.3665613344526185
shd,development,observations:crc2:width24,44,3,0.2968185503210088,0.3039805422320965,0.24350463844654247,0.29847377866012714
shd,development,observations:crc2:width24,46,0,0.48652498312309356,0.5060047299154798,0.4475259353135401,0.4868783409785716
shd,development,observations:crc2:width24,46,1,0.45221987315010564,0.5057140106960133,0.47107251397402494,0.4727245104515518
shd,development,observations:crc2:width24,46,2,0.3758748845314143,0.40931810987083783,0.38942737652218773,0.36024335744180613
shd,development,observations:crc2:width24,46,3,0.3394588762217151,0.3587126849667464,0.30993808773816744,0.3427293767596674
shd,development,observations:crc4:all,42,0,0.40525499149969424,0.42229377450450534,0.372516094654375,0.40436457017145444
shd,development,observations:crc4:all,42,1,0.4200015101177892,0.4757209259600915,0.42261185714760363,0.4482185172087797
shd,development,observations:crc4:all,42,2,0.3346188186763317,0.35487038376548663,0.28909553985764835,0.31920735945343326
shd,development,observations:crc4:all,42,3,0.23305461647421044,0.25113131553178714,0.2173924680733369,0.23479142020987032
shd,development,observations:crc4:all,44,0,0.43216543963015713,0.4409492764432497,0.3812075500231018,0.43143355867892297
shd,development,observations:crc4:all,44,1,0.40718061008758677,0.47040052965602763,0.38593829111210565,0.43633635142954585
shd,development,observations:crc4:all,44,2,0.43761725911606086,0.4484066715228915,0.33118681189179866,0.4236558183051257
shd,development,observations:crc4:all,44,3,0.3585149970004402,0.37688346150908314,0.3151298469226034,0.3617750906407006
shd,development,observations:crc4:all,46,0,0.33460525711215805,0.3510750258652868,0.28636176929304913,0.3389064847520914
shd,development,observations:crc4:all,46,1,0.37399577167019027,0.41431294088833925,0.3465564854479515,0.39233471043118356
shd,development,observations:crc4:all,46,2,0.3743293184524906,0.38933560014303314,0.3170268864215906,0.3580762802361701
shd,development,observations:crc4:all,46,3,0.2622464280752408,0.2674467565010934,0.2115384857248982,0.2650644316380387
shd,development,observations:crc4:products,42,0,0.4184546762284797,0.4355025724768501,0.37547285988889234,0.41717084050731357
shd,development,observations:crc4:products,42,1,0.44669535890466117,0.4952447452675966,0.45580668441767214,0.47244718695170085
shd,development,observations:crc4:products,42,2,0.3320236882062364,0.3517991058673158,0.27397291455746,0.31627710934704456
shd,development,observations:crc4:products,42,3,0.23680100542475846,0.25077646098804984,0.22063173798128233,0.2388607351111549
shd,development,observations:crc4:products,44,0,0.46460939239602583,0.4794319568501535,0.4001899782471029,0.46568984871554414
shd,development,observations:crc4:products,44,1,0.4371262458471761,0.4974013561858973,0.4176624089128792,0.4670498384028659
shd,development,observations:crc4:products,44,2,0.4388552170149306,0.44799346814971497,0.34161104065760606,0.42476378579254886
shd,development,observations:crc4:products,44,3,0.3844003728290454,0.40565686360745545,0.34485063780921765,0.38779306286073717
shd,development,observations:crc4:products,46,0,0.3483640887707603,0.37550805871964194,0.30504451425759904,0.3530739406883303
shd,development,observations:crc4:products,46,1,0.39076059599315416,0.42208406366104323,0.35182285962523396,0.404846516528219
shd,development,observations:crc4:products,46,2,0.4067095020958943,0.41213539893946555,0.29508245389356536,0.39323035482401636
shd,development,observations:crc4:products,46,3,0.29692927054006457,0.30436782609457635,0.2592774780803915,0.2996491338913154
shd,development,observations:crc4:width24,42,0,0.4149895204131042,0.4355477774812917,0.37036590579004863,0.414343820905112
shd,development,observations:crc4:width24,42,1,0.4502768549280178,0.5132577029444622,0.4868264141888237,0.4845056210408181
shd,development,observations:crc4:width24,42,2,0.39449534501689937,0.39478163175859415,0.3348355765543428,0.3755043429767676
shd,development,observations:crc4:width24,42,3,0.2586429640228488,0.2753689949592074,0.2001737277299369,0.26178596449807123
shd,development,observations:crc4:width24,44,0,0.3507342779688334,0.3678744964948922,0.3247672485060158,0.34855717554594856
shd,development,observations:crc4:width24,44,1,0.41965418302627605,0.46084004638025117,0.374031613288012,0.4448194155774461
shd,development,observations:crc4:width24,44,2,0.3395060921602029,0.3534472603294583,0.3231088025649538,0.3225409776721223
shd,development,observations:crc4:width24,44,3,0.25758180653877416,0.2735530490302652,0.1852869325814861,0.2600224403129031
shd,development,observations:crc4:width24,46,0,0.3907807910762695,0.41512698003319237,0.3140826267274788,0.3907341154575682
shd,development,observations:crc4:width24,46,1,0.39639836907278764,0.44658697266766806,0.35570227279635336,0.4230711444398735
shd,development,observations:crc4:width24,46,2,0.3990053034026613,0.40942383051716597,0.3570044681727592,0.3801536397480834
shd,development,observations:crc4:width24,46,3,0.27532206009872195,0.2871932546871051,0.2084624278898053,0.27825254271588307
shd,development,observations:projection:i2,42,0,0.20561267588210558,0.21183301685025674,0.21617355347239087,0.19069934870640826
shd,development,observations:projection:i2,42,1,0.26090556730091613,0.2852469144820503,0.28482147819204195,0.2737795803983722
shd,development,observations:projection:i2,42,2,0.17326393798407863,0.17878069392547824,0.19210985849003515,0.15822843487531368
shd,development,observations:projection:i2,42,3,0.09021249232810025,0.08754704197285396,0.01927672345375464,0.09071242970474735
shd,development,observations:projection:i2,44,0,0.20561267588210558,0.21183301685025674,0.21617355347239087,0.19069934870640826
shd,development,observations:projection:i2,44,1,0.26090556730091613,0.2852469144820503,0.28482147819204195,0.2737795803983722
shd,development,observations:projection:i2,44,2,0.17326393798407863,0.17878069392547824,0.19210985849003515,0.15822843487531368
shd,development,observations:projection:i2,44,3,0.09021249232810025,0.08754704197285396,0.01927672345375464,0.09071242970474735
shd,development,observations:projection:i2,46,0,0.20561267588210558,0.21183301685025674,0.21617355347239087,0.19069934870640826
shd,development,observations:projection:i2,46,1,0.26090556730091613,0.2852469144820503,0.28482147819204195,0.2737795803983722
shd,development,observations:projection:i2,46,2,0.17326393798407863,0.17878069392547824,0.19210985849003515,0.15822843487531368
shd,development,observations:projection:i2,46,3,0.09021249232810025,0.08754704197285396,0.01927672345375464,0.09071242970474735
shd,development,observations:projection:i4,42,0,0.2138443648804832,0.23086972166060254,0.2265835810330903,0.20581057655416823
shd,development,observations:projection:i4,42,1,0.2925702204771972,0.34597853833088466,0.2537227913427009,0.3174137839869927
shd,development,observations:projection:i4,42,2,0.2779595042412302,0.2764218689468653,0.2004532793410022,0.26403595062492696
shd,development,observations:projection:i4,42,3,0.16496487560743078,0.17078729278190874,0.1551379364448009,0.16600100343617186
shd,development,observations:projection:i4,44,0,0.2138443648804832,0.23086972166060254,0.2265835810330903,0.20581057655416823
shd,development,observations:projection:i4,44,1,0.2925702204771972,0.34597853833088466,0.2537227913427009,0.3174137839869927
shd,development,observations:projection:i4,44,2,0.2779595042412302,0.2764218689468653,0.2004532793410022,0.26403595062492696
shd,development,observations:projection:i4,44,3,0.16496487560743078,0.17078729278190874,0.1551379364448009,0.16600100343617186
shd,development,observations:projection:i4,46,0,0.2138443648804832,0.23086972166060254,0.2265835810330903,0.20581057655416823
shd,development,observations:projection:i4,46,1,0.2925702204771972,0.34597853833088466,0.2537227913427009,0.3174137839869927
shd,development,observations:projection:i4,46,2,0.2779595042412302,0.2764218689468653,0.2004532793410022,0.26403595062492696
shd,development,observations:projection:i4,46,3,0.16496487560743078,0.17078729278190874,0.1551379364448009,0.16600100343617186
shd,development,observations:qrc2:all,42,0,0.36076075085444864,0.39107423284597254,0.3098685428557199,0.35787041008784726
shd,development,observations:qrc2:all,42,1,0.42813349441256415,0.4639542148187974,0.3251718985921147,0.44510186386060785
shd,development,observations:qrc2:all,42,2,0.3493762220989149,0.3881274791343484,0.3042000042127383,0.3377018314582898
shd,development,observations:qrc2:all,42,3,0.22437878238632947,0.2584749637565219,0.19361765421117205,0.22803118239598275
shd,development,observations:qrc2:all,44,0,0.34067387454891834,0.35638481598297445,0.2915585838959578,0.3373618443046545
shd,development,observations:qrc2:all,44,1,0.38914476995872344,0.4102250122312516,0.32057707871997365,0.40929977928728917
shd,development,observations:qrc2:all,44,2,0.27824928962973605,0.31525093403156823,0.26475950061439046,0.2598636287449463
shd,development,observations:qrc2:all,44,3,0.2299243748965325,0.2461616704738857,0.18146720616232181,0.23330265467650946
shd,development,observations:qrc2:all,46,0,0.490389529602624,0.5118797389540546,0.3967900511534953,0.489114994224924
shd,development,observations:qrc2:all,46,1,0.4450744991442666,0.47634259833429154,0.3755843156904736,0.4589927236432459
shd,development,observations:qrc2:all,46,2,0.36846271557821564,0.40258258887299336,0.27567988663011467,0.3559241788169696
shd,development,observations:qrc2:all,46,3,0.27419862249142846,0.30189420046329885,0.23725708723217576,0.2790339990371309
shd,development,observations:qrc2:products,42,0,0.37340623685633595,0.40094381854201466,0.31588642757291835,0.3701235761323216
shd,development,observations:qrc2:products,42,1,0.43653729990939294,0.47216691570538133,0.3456162509074073,0.45407541878508667
shd,development,observations:qrc2:products,42,2,0.3798081765950837,0.4167358848431811,0.315444408579985,0.36726694592621945
shd,development,observations:qrc2:products,42,3,0.2593275130695104,0.2931599847056259,0.2359412261325341,0.26305897706015724
shd,development,observations:qrc2:products,44,0,0.3395244776995098,0.3567257386677738,0.2800921947418249,0.33895089170029025
shd,development,observations:qrc2:products,44,1,0.3659367764018927,0.3989695451829443,0.33437589813370383,0.3877672566003959
shd,development,observations:qrc2:products,44,2,0.2982724698204031,0.334273911974412,0.27930794226294464,0.27839987504634744
shd,development,observations:qrc2:products,44,3,0.25470760546766247,0.26975375017660486,0.21510733910074242,0.2581891901294546
shd,development,observations:qrc2:products,46,0,0.48399503765935864,0.5032285658208662,0.3620656613965638,0.48195654055845427
shd,development,observations:qrc2:products,46,1,0.4498917748917749,0.47968879019163524,0.3725586088825186,0.4644496033395199
shd,development,observations:qrc2:products,46,2,0.378806403689397,0.4129799702306032,0.27515045082619694,0.3659416889176137
shd,development,observations:qrc2:products,46,3,0.2901918387487763,0.3189161968479651,0.2595547715751939,0.29508880200409215
shd,development,observations:qrc2:zz,42,0,0.3616747546221517,0.39088087648102293,0.30848835002366,0.3585901204569095
shd,development,observations:qrc2:zz,42,1,0.44025470653377635,0.4772945734498015,0.341659328486056,0.4567150818803729
shd,development,observations:qrc2:zz,42,2,0.36120844335606594,0.39971476470188033,0.2933456438992116,0.3495518368179283
shd,development,observations:qrc2:zz,42,3,0.24076218095409951,0.2745832147085041,0.2064455888615757,0.24432852260507065
shd,development,observations:qrc2:zz,44,0,0.33862814608508784,0.3512789882800319,0.27260000821223773,0.3354434944264424
shd,development,observations:qrc2:zz,44,1,0.373049431188966,0.40653418042255457,0.3380927161183883,0.394084173691487
shd,development,observations:qrc2:zz,44,2,0.30203585127131294,0.3368323159741472,0.2792261115074057,0.2825127404897486
shd,development,observations:qrc2:zz,44,3,0.2677906898135801,0.2830282897143518,0.2212615084477435,0.2714751382814101
shd,development,observations:qrc2:zz,46,0,0.4851161590635172,0.5075030878750063,0.39937151620696393,0.4830779921060655
shd,development,observations:qrc2:zz,46,1,0.4454016913319239,0.47579350808208176,0.3641137548684914,0.46010665959694774
shd,development,observations:qrc2:zz,46,2,0.3810939259794383,0.41537338237731036,0.2827496689949125,0.36875540550902436
shd,development,observations:qrc2:zz,46,3,0.27290883840117874,0.29852030376112915,0.2377537638049071,0.2775791935181806
shd,development,observations:qrc4:all,42,0,0.30707486984459104,0.31888103236503984,0.25362910875574807,0.3019914562765352
shd,development,observations:qrc4:all,42,1,0.3689947649249975,0.4004058599941182,0.3780794222664249,0.3836530269235917
shd,development,observations:qrc4:all,42,2,0.394094398217404,0.4066258496262927,0.3388297055906646,0.3781321531389647
shd,development,observations:qrc4:all,42,3,0.2450342247907894,0.2517051912516114,0.20703197044104305,0.2471200668739364
shd,development,observations:qrc4:all,44,0,0.237558980811576,0.25847948459596204,0.22176293950269754,0.2316706058843846
shd,development,observations:qrc4:all,44,1,0.34403755159569116,0.38067967256264523,0.2562753705206392,0.37167364602537983
shd,development,observations:qrc4:all,44,2,0.4074802388148451,0.3960473504859058,0.2757355385135274,0.4029723506200712
shd,development,observations:qrc4:all,44,3,0.2538316914270079,0.26580177682995576,0.2116162919868213,0.2546129592905282
shd,development,observations:qrc4:all,46,0,0.2810324778833002,0.3002669578628532,0.2875362171390089,0.27339224387231253
shd,development,observations:qrc4:all,46,1,0.3475385080036243,0.38776172128494985,0.35081868262893434,0.3682106000680815
shd,development,observations:qrc4:all,46,2,0.33237737160295944,0.3409661411180157,0.31114197029360546,0.31610122597857115
shd,development,observations:qrc4:all,46,3,0.21672338416349546,0.22162256785566992,0.1706769248003589,0.21865826447911518
shd,development,observations:qrc4:products,42,0,0.30487079888736124,0.3151949789448495,0.2632364302436516,0.299729457986583
shd,development,observations:qrc4:products,42,1,0.3728581496023356,0.40281733336994463,0.37223002191293736,0.3870886902152765
shd,development,observations:qrc4:products,42,2,0.4066478484392053,0.4193269124863216,0.34175137518669463,0.39019732311032773
shd,development,observations:qrc4:products,42,3,0.2692098249289767,0.2742353660195196,0.2331636224232636,0.2718644685522207
shd,development,observations:qrc4:products,44,0,0.24053638519639053,0.2616568092490277,0.229205736185086,0.23486668726479254
shd,development,observations:qrc4:products,44,1,0.3541050035236082,0.38819526475464133,0.27453868189794095,0.38085608404798155
shd,development,observations:qrc4:products,44,2,0.4210371782111489,0.4129924957779786,0.29306636608931946,0.41722892091645436
shd,development,observations:qrc4:products,44,3,0.2662065389870909,0.27952638602541113,0.22458349314588455,0.2670363180769604
shd,development,observations:qrc4:products,46,0,0.2918315773103689,0.31388528052777287,0.29860790385831815,0.2855695705499408
shd,development,observations:qrc4:products,46,1,0.3695484747810329,0.4058380816762399,0.35870664569438093,0.3878959391207245
shd,development,observations:qrc4:products,46,2,0.34301427764027814,0.35227719679677194,0.3065534987581451,0.3268146020909438
shd,development,observations:qrc4:products,46,3,0.23896803432752645,0.24195488840253954,0.17655267841925426,0.2413473078916215
shd,development,observations:qrc4:zz,42,0,0.29614499648324144,0.30568198275222025,0.2542720292100924,0.29053354413582255
shd,development,observations:qrc4:zz,42,1,0.37489932548072086,0.4041506287563192,0.37506146790965206,0.3883618736995756
shd,development,observations:qrc4:zz,42,2,0.40390696714044927,0.4162649341523283,0.3385512159481464,0.38744936868764585
shd,development,observations:qrc4:zz,42,3,0.2643612907209537,0.2694381014792475,0.22821518390765194,0.2670925805346084
shd,development,observations:qrc4:zz,44,0,0.24538067585383005,0.26749212134300016,0.23460150896379628,0.2396013857166246
shd,development,observations:qrc4:zz,44,1,0.35780982583308163,0.39350844601119644,0.2739150366162676,0.3856042462772174
shd,development,observations:qrc4:zz,44,2,0.418909797003685,0.40907357682249423,0.28719113862056234,0.41528145508586356
shd,development,observations:qrc4:zz,44,3,0.2657902735481412,0.27670055142088434,0.21579606851089794,0.2667755979950235
shd,development,observations:qrc4:zz,46,0,0.29272790892479084,0.3153094460260625,0.300738048747209,0.28645963242021777
shd,development,observations:qrc4:zz,46,1,0.3687506292157454,0.40485253711151076,0.3582896215516679,0.3871905961477038
shd,development,observations:qrc4:zz,46,2,0.34238810356388494,0.35187149566213816,0.30619870990551845,0.3262747951042865
shd,development,observations:qrc4:zz,46,3,0.24066290537307122,0.2445872352410402,0.17824070167750383,0.24300735766772308
shd,development,practical:large-crc,42,0,0.3954009988301035,0.4076809659710112,0.3482149062081197,0.3985344379574348
shd,development,practical:large-crc,42,1,0.46770864794120615,0.4766519867407425,0.3343121850713441,0.49374529362089664
shd,development,practical:large-crc,42,2,0.44867993184036425,0.4531774455078702,0.31207353824087647,0.4290359021919592
shd,development,practical:large-crc,42,3,0.23390364892321924,0.2408758427038431,0.1697612735163021,0.23591313698014704
shd,development,practical:large-crc,44,0,0.3808221792592541,0.4069932253458819,0.28601080409807866,0.38341322275257606
shd,development,practical:large-crc,44,1,0.5042132286318333,0.5057994011930272,0.3635976538441801,0.5219417157996711
shd,development,practical:large-crc,44,2,0.4253006539908333,0.4282896927934674,0.30094069045745453,0.4055047032143464
shd,development,practical:large-crc,44,3,0.2514339066830831,0.26344589053632683,0.18043439882082646,0.2529314839534649
shd,development,practical:large-crc,46,0,0.38620016894578535,0.4032350269825298,0.33212645208788416,0.3898293146375329
shd,development,practical:large-crc,46,1,0.5216425047820397,0.5196152608663838,0.35764233909990195,0.5418397307129783
shd,development,practical:large-crc,46,2,0.4597402281924613,0.46869653016259716,0.30175430585428376,0.44237084151609973
shd,development,practical:large-crc,46,3,0.24403561358430625,0.24918710470360017,0.1869464353911171,0.24646875714753358
shd,development,practical:lstm,42,0,0.15076750161700203,0.16418777990222522,0.15014056453297953,0.1442396849136086
shd,development,practical:lstm,42,1,0.20052350750025172,0.21003314173138732,0.1998075602971383,0.20899495779303856
shd,development,practical:lstm,42,2,0.35284704572707815,0.3760877285815797,0.3385332540103295,0.35058312760475885
shd,development,practical:lstm,42,3,0.25320942250356515,0.25046626826300067,0.21423986993214772,0.25332994364699235
shd,development,practical:lstm,44,0,0.2013494456245516,0.2132598795881676,0.18607042564164522,0.19386343692014996
shd,development,practical:lstm,44,1,0.1923009161381255,0.2052315435670693,0.20037656669757986,0.20031408982994403
shd,development,practical:lstm,44,2,0.28129263030209894,0.30371039616344553,0.2648540594234806,0.26838984091994933
shd,development,practical:lstm,44,3,0.25722036890060673,0.26125736052280135,0.21533392055985856,0.25584949427605386
shd,development,practical:lstm,46,0,0.16846863722957195,0.18016729081710448,0.14999423633757514,0.1641804212228637
shd,development,practical:lstm,46,1,0.20842897412664851,0.2266407825084329,0.21649799874249032,0.21472068071120287
shd,development,practical:lstm,46,2,0.38502959441531415,0.3892191944585205,0.27542179313706916,0.37416299643475615
shd,development,practical:lstm,46,3,0.23742114511321932,0.24596149445709103,0.20813470765051312,0.23675261998924257
shd,development,practical:transformer,42,0,0.2744598506349605,0.2962053082521189,0.24457229679321446,0.2757233557211427
shd,development,practical:transformer,42,1,0.37873754152823924,0.4005628708149943,0.28862039506042514,0.4020486088258842
shd,development,practical:transformer,42,2,0.41228579149895084,0.41075261034197086,0.3253701254818606,0.39537325274361157
shd,development,practical:transformer,42,3,0.21759849974103185,0.22497033129394228,0.18640499650050524,0.22007896176299047
shd,development,practical:transformer,44,0,0.30323435749352323,0.31914811483365213,0.25708038848979875,0.303753257661053
shd,development,practical:transformer,44,1,0.3363032316520689,0.3470433690636707,0.2854253064533624,0.34577527194022806
shd,development,practical:transformer,44,2,0.4386421356404211,0.4426089301521403,0.31738784343202764,0.43122691674468483
shd,development,practical:transformer,44,3,0.22049372700758907,0.22906912795229373,0.19069217396180982,0.22317080963940927
shd,development,practical:transformer,46,0,0.30152086551137913,0.3238438854115754,0.24491780115006934,0.3049246732389591
shd,development,practical:transformer,46,1,0.4559322460485251,0.4792246457274639,0.36427487484379484,0.4719340854993923
shd,development,practical:transformer,46,2,0.4862901146480771,0.49624803500013653,0.3855889390904027,0.47418533201847457
shd,development,practical:transformer,46,3,0.26473071299030293,0.2569344507304946,0.20879648335952816,0.2669064017040822
shd,development,recurrence:crc:all,42,0,0.3135322746535374,0.32969861493088937,0.2708476072608018,0.3122486175974053
shd,development,recurrence:crc:all,42,1,0.3610238598610691,0.3755586155094922,0.2934502425013893,0.37473631132883467
shd,development,recurrence:crc:all,42,2,0.35589434701978506,0.3481703054847298,0.2489450494049209,0.33966499104063097
shd,development,recurrence:crc:all,42,3,0.2507203468097938,0.2525140349647981,0.1984438173340266,0.2511555561126637
shd,development,recurrence:crc:all,44,0,0.3315635260893999,0.34636826044215785,0.3040254290668919,0.3296421774622639
shd,development,recurrence:crc:all,44,1,0.3578752642706131,0.37523223979897247,0.31739896459873607,0.36774628330445414
shd,development,recurrence:crc:all,44,2,0.37056422073276496,0.36412078084224675,0.2831644171125678,0.3531591784528524
shd,development,recurrence:crc:all,44,3,0.2608485853096626,0.2661781735393902,0.21511273672749176,0.26067199218051806
shd,development,recurrence:crc:all,46,0,0.32931633507816394,0.3452761899824536,0.2973557613570138,0.3263998921243917
shd,development,recurrence:crc:all,46,1,0.3764421624886741,0.40222898558468123,0.3371924477306214,0.390587769413968
shd,development,recurrence:crc:all,46,2,0.36158060964772787,0.3592562395028388,0.2814987008338238,0.34563841515115357
shd,development,recurrence:crc:all,46,3,0.2623036512653777,0.2682271629448586,0.22829131157165916,0.2623900512745444
shd,development,recurrence:crc:partial,42,0,0.34443875008394276,0.3635402135712824,0.2695746320207991,0.345986558544075
shd,development,recurrence:crc:partial,42,1,0.39655944830363443,0.43215025515287,0.34280626277055926,0.42245856883518584
shd,development,recurrence:crc:partial,42,2,0.37047207029942686,0.37147470453473896,0.28062617419415803,0.35538206205872935
shd,development,recurrence:crc:partial,42,3,0.2939869339495339,0.3064664810237061,0.24889197824798204,0.29686973572179287
shd,development,recurrence:crc:partial,44,0,0.3643623356931549,0.39252869837579063,0.321941147274752,0.3665432167439304
shd,development,recurrence:crc:partial,44,1,0.3974000805396154,0.42771544045780474,0.3487156689132004,0.4212740907553117
shd,development,recurrence:crc:partial,44,2,0.3847012589887928,0.3797125881973875,0.2780765910576468,0.37124196441587787
shd,development,recurrence:crc:partial,44,3,0.2876460721736135,0.29989363205791864,0.2351053315669176,0.28970462728954105
shd,development,recurrence:crc:partial,46,0,0.36554212864620705,0.3821915992776477,0.31703138409852105,0.3653266660879595
shd,development,recurrence:crc:partial,46,1,0.3989278163696768,0.43063684559841164,0.3723260190736889,0.4208875734911458
shd,development,recurrence:crc:partial,46,2,0.40450264444019335,0.3978299638792102,0.30885584461345905,0.3886405485528893
shd,development,recurrence:crc:partial,46,3,0.2958694438278534,0.29932801121199004,0.21790072047102926,0.2981242450198518
shd,development,recurrence:qrc:all,42,0,0.33127016834493217,0.34916375016558243,0.28805001095003924,0.3246569309399182
shd,development,recurrence:qrc:all,42,1,0.3963178294573644,0.4258687339785924,0.31483654230347036,0.41011665770472033
shd,development,recurrence:qrc:all,42,2,0.3776854161113547,0.37358525371615187,0.24178557281428947,0.3656894190158828
shd,development,recurrence:qrc:all,42,3,0.2765932133828807,0.28540122432316584,0.21771949200267282,0.2774831555560444
shd,development,recurrence:qrc:all,44,0,0.28719935249230377,0.30886658282268853,0.2606794396673541,0.28235781179987995
shd,development,recurrence:qrc:all,44,1,0.3583434007852612,0.3874724622526765,0.2718371550035723,0.3759482061250554
shd,development,recurrence:qrc:all,44,2,0.34180800470416084,0.338208394243381,0.2571915272559032,0.3293305838635028
shd,development,recurrence:qrc:all,44,3,0.2460543945014636,0.2441026584717072,0.1959653470525735,0.24645358094179748
shd,development,recurrence:qrc:all,46,0,0.30800159756265666,0.3241934908384206,0.28274456037395945,0.2993306845751077
shd,development,recurrence:qrc:all,46,1,0.3610288935870331,0.3876377512814924,0.3186371227393222,0.3717778999813555
shd,development,recurrence:qrc:all,46,2,0.3408379167612265,0.335114013376251,0.24864989310081698,0.325316607646816
shd,development,recurrence:qrc:all,46,3,0.20537988479774127,0.2122058524274848,0.16115869376709946,0.20597307411805466
shd,development,recurrence:qrc:partial,42,0,0.30469407735454934,0.3140036760307442,0.27511179243221684,0.30130771906334797
shd,development,recurrence:qrc:partial,42,1,0.3710988623779321,0.4125595986867996,0.3007096812349962,0.3989907840700759
shd,development,recurrence:qrc:partial,42,2,0.36771561056065094,0.37276946963818514,0.27264077607275083,0.3539108960513442
shd,development,recurrence:qrc:partial,42,3,0.26316226527180475,0.2664687576766096,0.2053984419762005,0.26417044823110636
shd,development,recurrence:qrc:partial,44,0,0.312868508576296,0.32197580796660463,0.25649994166248435,0.3098298931848926
shd,development,recurrence:qrc:partial,44,1,0.3529849994966274,0.3969374961695712,0.2724363384828298,0.37911033439541403
shd,development,recurrence:qrc:partial,44,2,0.35971014067991436,0.37710469480575537,0.30924545138411696,0.3465277650335039
shd,development,recurrence:qrc:partial,44,3,0.2697541106212097,0.2755167734045856,0.21153650019014425,0.2719234666779724
shd,development,recurrence:qrc:partial,46,0,0.2674235060845225,0.2819688042494647,0.25988730339939714,0.2626087818981587
shd,development,recurrence:qrc:partial,46,1,0.3630222490687607,0.4011381156804352,0.3093897023779716,0.3857067428442778
shd,development,recurrence:qrc:partial,46,2,0.315781184175315,0.32892606898232235,0.2626121020601144,0.3024685472846179
shd,development,recurrence:qrc:partial,46,3,0.25327010570054764,0.26143917367293357,0.19810817105976997,0.2542817433822897
shd,mapping-development,mapping-paired:i2:legacy:crc,42,0,0.4360617959855937,0.4514797283017807,0.42078840106276233,0.43854400180524455
shd,mapping-development,mapping-paired:i2:legacy:crc,42,1,0.46976744186046504,0.5056874008695462,0.4783802182387696,0.4855790344030694
shd,mapping-development,mapping-paired:i2:legacy:crc,42,2,0.4632960731373434,0.48685341698841644,0.4036210658008959,0.4501078239728705
shd,mapping-development,mapping-paired:i2:legacy:crc,42,3,0.3545383845174807,0.37811033361271595,0.30566200408292776,0.35807254872378846
shd,mapping-development,mapping-paired:i2:legacy:crc,44,0,0.42278011246558345,0.43978869485560707,0.35536572774429465,0.4237404335774304
shd,mapping-development,mapping-paired:i2:legacy:crc,44,1,0.4252642706131078,0.4493809629159315,0.32070111831801695,0.44318290850563946
shd,mapping-development,mapping-paired:i2:legacy:crc,44,2,0.4237900733916152,0.4293047224892219,0.31250608554454884,0.4091024572441121
shd,mapping-development,mapping-paired:i2:legacy:crc,44,3,0.3049248140512475,0.3270698549712108,0.2764885281327168,0.3097454348455332
shd,mapping-development,mapping-paired:i2:legacy:crc,46,0,0.40321491812491383,0.41527728921044504,0.33975472122574907,0.40604155388170354
shd,mapping-development,mapping-paired:i2:legacy:crc,46,1,0.3857495217960334,0.4375482785323651,0.37578047224455846,0.4046784161286056
shd,mapping-development,mapping-paired:i2:legacy:crc,46,2,0.41753981842668053,0.43897894260360854,0.3686427777219946,0.40237557032177285
shd,mapping-development,mapping-paired:i2:legacy:crc,46,3,0.28796598972963505,0.3036069675751468,0.22448139336405776,0.2933896766328771
shd,mapping-development,mapping-paired:i2:legacy:projection,42,0,0.2588221156395022,0.2599211135930217,0.19412001560208114,0.2506506050073171
shd,mapping-development,mapping-paired:i2:legacy:projection,42,1,0.2362654787073391,0.2474990271107853,0.13811972334017603,0.25626169230852236
shd,mapping-development,mapping-paired:i2:legacy:projection,42,2,0.27993757006172365,0.2744704565045771,0.22971097438446147,0.2642348253164992
shd,mapping-development,mapping-paired:i2:legacy:projection,42,3,0.11134222182476505,0.115456184368385,0.09803857627793067,0.11053288877273199
shd,mapping-development,mapping-paired:i2:legacy:projection,44,0,0.2588221156395022,0.2599211135930217,0.19412001560208114,0.2506506050073171
shd,mapping-development,mapping-paired:i2:legacy:projection,44,1,0.2362654787073391,0.2474990271107853,0.13811972334017603,0.25626169230852236
shd,mapping-development,mapping-paired:i2:legacy:projection,44,2,0.27993757006172365,0.2744704565045771,0.22971097438446147,0.2642348253164992
shd,mapping-development,mapping-paired:i2:legacy:projection,44,3,0.11134222182476505,0.115456184368385,0.09803857627793067,0.11053288877273199
shd,mapping-development,mapping-paired:i2:legacy:projection,46,0,0.2588221156395022,0.2599211135930217,0.19412001560208114,0.2506506050073171
shd,mapping-development,mapping-paired:i2:legacy:projection,46,1,0.2362654787073391,0.2474990271107853,0.13811972334017603,0.25626169230852236
shd,mapping-development,mapping-paired:i2:legacy:projection,46,2,0.27993757006172365,0.2744704565045771,0.22971097438446147,0.2642348253164992
shd,mapping-development,mapping-paired:i2:legacy:projection,46,3,0.11134222182476505,0.115456184368385,0.09803857627793067,0.11053288877273199
shd,mapping-development,mapping-paired:i2:legacy:qrc,42,0,0.4670191672174488,0.47443289019242674,0.42916863492583057,0.4662854919980624
shd,mapping-development,mapping-paired:i2:legacy:qrc,42,1,0.46681767844558547,0.5002143769097152,0.42647812088713066,0.4770543674941366
shd,mapping-development,mapping-paired:i2:legacy:qrc,42,2,0.4835093631045243,0.5203020793381097,0.4341548889183756,0.4738014727894996
shd,mapping-development,mapping-paired:i2:legacy:qrc,42,3,0.35042310560632894,0.3482468196443691,0.2521556213451821,0.3546172972203612
shd,mapping-development,mapping-paired:i2:legacy:qrc,44,0,0.45780844092729317,0.44980990112917596,0.3325754332574145,0.45419030561494467
shd,mapping-development,mapping-paired:i2:legacy:qrc,44,1,0.3796914325984094,0.4144305161239477,0.37435283138411796,0.3856191984721531
shd,mapping-development,mapping-paired:i2:legacy:qrc,44,2,0.4370537948617816,0.463808985848391,0.39790607120000393,0.4317576842783034
shd,mapping-development,mapping-paired:i2:legacy:qrc,44,3,0.28538535693164463,0.28452155008817387,0.1884965112741963,0.28807855813946454
shd,mapping-development,mapping-paired:i2:legacy:qrc,46,0,0.5051888976464226,0.5145807597726574,0.43635085327585077,0.5037209688507098
shd,mapping-development,mapping-paired:i2:legacy:qrc,46,1,0.43972868217054256,0.4827875772457996,0.4163372999810528,0.4563237588913269
shd,mapping-development,mapping-paired:i2:legacy:qrc,46,2,0.49933190935829896,0.518098401141981,0.44466119968335494,0.4851314912962083
shd,mapping-development,mapping-paired:i2:legacy:qrc,46,3,0.33751142467644946,0.34170856157581636,0.2543283799055806,0.34151423234924544
shd,mapping-development,mapping-paired:i2:pooling:crc,42,0,0.4393085239864136,0.45610568833223286,0.39072113548523757,0.4409037222197876
shd,mapping-development,mapping-paired:i2:pooling:crc,42,1,0.4886237793214538,0.5380534591197617,0.5150562819228717,0.5103030579119239
shd,mapping-development,mapping-paired:i2:pooling:crc,42,2,0.32648832521340154,0.3651763428504756,0.26678403994783695,0.3121743577080768
shd,mapping-development,mapping-paired:i2:pooling:crc,42,3,0.32623153620577783,0.3410117490883334,0.31151453038376864,0.32769569656713465
shd,mapping-development,mapping-paired:i2:pooling:crc,44,0,0.38143999773796444,0.39410879533713095,0.31918297348649566,0.37788600483139523
shd,mapping-development,mapping-paired:i2:pooling:crc,44,1,0.40065438437531464,0.449625320061377,0.4375133193757754,0.428661571782252
shd,mapping-development,mapping-paired:i2:pooling:crc,44,2,0.32480796602210216,0.35237502292481937,0.2938218505923361,0.3094622114770712
shd,mapping-development,mapping-paired:i2:pooling:crc,44,3,0.2303978635256192,0.2437393031282169,0.21084076410705932,0.2317528150406316
shd,mapping-development,mapping-paired:i2:pooling:crc,46,0,0.4202614771799485,0.4454843082361258,0.40767846100590405,0.42407153132586317
shd,mapping-development,mapping-paired:i2:pooling:crc,46,1,0.42217356287123725,0.44726350995459707,0.3949653220266999,0.44238209955216756
shd,mapping-development,mapping-paired:i2:pooling:crc,46,2,0.3214333854682992,0.3458695625808874,0.2764886715374573,0.306802694135233
shd,mapping-development,mapping-paired:i2:pooling:crc,46,3,0.22868542629147415,0.24207472795572343,0.16676716925843715,0.23081641538348613
shd,mapping-development,mapping-paired:i2:pooling:projection,42,0,0.20561267588210558,0.21183301685025674,0.21617355347239087,0.19069934870640826
shd,mapping-development,mapping-paired:i2:pooling:projection,42,1,0.26090556730091613,0.2852469144820503,0.28482147819204195,0.2737795803983722
shd,mapping-development,mapping-paired:i2:pooling:projection,42,2,0.17326393798407863,0.17878069392547824,0.19210985849003515,0.15822843487531368
shd,mapping-development,mapping-paired:i2:pooling:projection,42,3,0.09021249232810025,0.08754704197285396,0.01927672345375464,0.09071242970474735
shd,mapping-development,mapping-paired:i2:pooling:projection,44,0,0.20561267588210558,0.21183301685025674,0.21617355347239087,0.19069934870640826
shd,mapping-development,mapping-paired:i2:pooling:projection,44,1,0.26090556730091613,0.2852469144820503,0.28482147819204195,0.2737795803983722
shd,mapping-development,mapping-paired:i2:pooling:projection,44,2,0.17326393798407863,0.17878069392547824,0.19210985849003515,0.15822843487531368
shd,mapping-development,mapping-paired:i2:pooling:projection,44,3,0.09021249232810025,0.08754704197285396,0.01927672345375464,0.09071242970474735
shd,mapping-development,mapping-paired:i2:pooling:projection,46,0,0.20561267588210558,0.21183301685025674,0.21617355347239087,0.19069934870640826
shd,mapping-development,mapping-paired:i2:pooling:projection,46,1,0.26090556730091613,0.2852469144820503,0.28482147819204195,0.2737795803983722
shd,mapping-development,mapping-paired:i2:pooling:projection,46,2,0.17326393798407863,0.17878069392547824,0.19210985849003515,0.15822843487531368
shd,mapping-development,mapping-paired:i2:pooling:projection,46,3,0.09021249232810025,0.08754704197285396,0.01927672345375464,0.09071242970474735
shd,mapping-development,mapping-paired:i2:pooling:qrc,42,0,0.36076075085444864,0.39107423284597254,0.3098685428557199,0.35787041008784726
shd,mapping-development,mapping-paired:i2:pooling:qrc,42,1,0.42813349441256415,0.4639542148187974,0.3251718985921147,0.44510186386060785
shd,mapping-development,mapping-paired:i2:pooling:qrc,42,2,0.3493762220989149,0.3881274791343484,0.3042000042127383,0.3377018314582898
shd,mapping-development,mapping-paired:i2:pooling:qrc,42,3,0.22437878238632947,0.2584749637565219,0.19361765421117205,0.22803118239598275
shd,mapping-development,mapping-paired:i2:pooling:qrc,44,0,0.34067387454891834,0.35638481598297445,0.2915585838959578,0.3373618443046545
shd,mapping-development,mapping-paired:i2:pooling:qrc,44,1,0.38914476995872344,0.4102250122312516,0.32057707871997365,0.40929977928728917
shd,mapping-development,mapping-paired:i2:pooling:qrc,44,2,0.27824928962973605,0.31525093403156823,0.26475950061439046,0.2598636287449463
shd,mapping-development,mapping-paired:i2:pooling:qrc,44,3,0.2299243748965325,0.2461616704738857,0.18146720616232181,0.23330265467650946
shd,mapping-development,mapping-paired:i2:pooling:qrc,46,0,0.490389529602624,0.5118797389540546,0.3967900511534953,0.489114994224924
shd,mapping-development,mapping-paired:i2:pooling:qrc,46,1,0.4450744991442666,0.47634259833429154,0.3755843156904736,0.4589927236432459
shd,mapping-development,mapping-paired:i2:pooling:qrc,46,2,0.36846271557821564,0.40258258887299336,0.27567988663011467,0.3559241788169696
shd,mapping-development,mapping-paired:i2:pooling:qrc,46,3,0.27419862249142846,0.30189420046329885,0.23725708723217576,0.2790339990371309
shd,mapping-development,mapping-paired:i4:legacy:crc,42,0,0.5077591356196387,0.529021761682951,0.48468019952527935,0.508841490305089
shd,mapping-development,mapping-paired:i4:legacy:crc,42,1,0.5520990637269707,0.598246017702458,0.5205684636146642,0.5822130586166734
shd,mapping-development,mapping-paired:i4:legacy:crc,42,2,0.44914068400705465,0.4716527078886691,0.3757231115666648,0.43746368181457734
shd,mapping-development,mapping-paired:i4:legacy:crc,42,3,0.3686232739223543,0.39421276098636837,0.33730669287645254,0.37150500552877613
shd,mapping-development,mapping-paired:i4:legacy:crc,44,0,0.45375444896458855,0.4834226305382177,0.41523807060642115,0.45730780733271537
shd,mapping-development,mapping-paired:i4:legacy:crc,44,1,0.5410525520990638,0.6115337572292125,0.5109305031775562,0.5758463178801219
shd,mapping-development,mapping-paired:i4:legacy:crc,44,2,0.4905712811986315,0.532905858866271,0.44167239844462614,0.4766146457273521
shd,mapping-development,mapping-paired:i4:legacy:crc,44,3,0.3650682499657992,0.388935154923298,0.34465821850316414,0.36927821786169635
shd,mapping-development,mapping-paired:i4:legacy:crc,46,0,0.4352912901025338,0.45743146457248113,0.39557060853170556,0.43398631775595065
shd,mapping-development,mapping-paired:i4:legacy:crc,46,1,0.5199285210913118,0.5670147470930211,0.4486418825438119,0.551611229898145
shd,mapping-development,mapping-paired:i4:legacy:crc,46,2,0.4875084014659048,0.5093439800711226,0.4243496915066879,0.4755700588915307
shd,mapping-development,mapping-paired:i4:legacy:crc,46,3,0.3801171505087008,0.3925705848573851,0.3135658214616728,0.38324116809790026
shd,mapping-development,mapping-paired:i4:legacy:projection,42,0,0.25850118933591587,0.2644720427322261,0.19842123115218419,0.24808511773949482
shd,mapping-development,mapping-paired:i4:legacy:projection,42,1,0.37298399275143457,0.43138401911459157,0.3601454009642715,0.39659505026049613
shd,mapping-development,mapping-paired:i4:legacy:projection,42,2,0.31689689092623197,0.31732414112567686,0.2757035786651247,0.30791020095293525
shd,mapping-development,mapping-paired:i4:legacy:projection,42,3,0.17283266501970346,0.1808418374159242,0.14843090365228517,0.17287011533817043
shd,mapping-development,mapping-paired:i4:legacy:projection,44,0,0.25850118933591587,0.2644720427322261,0.19842123115218419,0.24808511773949482
shd,mapping-development,mapping-paired:i4:legacy:projection,44,1,0.37298399275143457,0.43138401911459157,0.3601454009642715,0.39659505026049613
shd,mapping-development,mapping-paired:i4:legacy:projection,44,2,0.31689689092623197,0.31732414112567686,0.2757035786651247,0.30791020095293525
shd,mapping-development,mapping-paired:i4:legacy:projection,44,3,0.17283266501970346,0.1808418374159242,0.14843090365228517,0.17287011533817043
shd,mapping-development,mapping-paired:i4:legacy:projection,46,0,0.25850118933591587,0.2644720427322261,0.19842123115218419,0.24808511773949482
shd,mapping-development,mapping-paired:i4:legacy:projection,46,1,0.37298399275143457,0.43138401911459157,0.3601454009642715,0.39659505026049613
shd,mapping-development,mapping-paired:i4:legacy:projection,46,2,0.31689689092623197,0.31732414112567686,0.2757035786651247,0.30791020095293525
shd,mapping-development,mapping-paired:i4:legacy:projection,46,3,0.17283266501970346,0.1808418374159242,0.14843090365228517,0.17287011533817043
shd,mapping-development,mapping-paired:i4:legacy:qrc,42,0,0.36399616867716866,0.3806629749872217,0.24768705666089375,0.3613909493318394
shd,mapping-development,mapping-paired:i4:legacy:qrc,42,1,0.4844785059901339,0.5191048663429104,0.382366624416933,0.5051935794566165
shd,mapping-development,mapping-paired:i4:legacy:qrc,42,2,0.4219236970648239,0.45586149941052223,0.37814303970860275,0.41143855371469235
shd,mapping-development,mapping-paired:i4:legacy:qrc,42,3,0.3326320165611897,0.3496298075092679,0.2238087494168418,0.3365960664108558
shd,mapping-development,mapping-paired:i4:legacy:qrc,44,0,0.324228168705444,0.33715194130023185,0.2541233950745465,0.32012966991678093
shd,mapping-development,mapping-paired:i4:legacy:qrc,44,1,0.4472943722943723,0.4991920353360836,0.4192192864747523,0.4752502177833845
shd,mapping-development,mapping-paired:i4:legacy:qrc,44,2,0.42834557891133374,0.45933425972041375,0.38559805233641475,0.41954662513147434
shd,mapping-development,mapping-paired:i4:legacy:qrc,44,3,0.31268614171442805,0.3316846852925877,0.25915253762960955,0.31452808559420686
shd,mapping-development,mapping-paired:i4:legacy:qrc,46,0,0.28747857251414655,0.2957816095439415,0.23316933356972724,0.2835531627912133
shd,mapping-development,mapping-paired:i4:legacy:qrc,46,1,0.45771166817678444,0.5088692502423877,0.3921744716639882,0.4872968308040292
shd,mapping-development,mapping-paired:i4:legacy:qrc,46,2,0.43750200506404924,0.46432421523161604,0.37074369944400387,0.4269797083040376
shd,mapping-development,mapping-paired:i4:legacy:qrc,46,3,0.29344238210292833,0.3053581687917516,0.1998447416709781,0.2961717656994439
shd,mapping-development,mapping-paired:i4:pooling:crc,42,0,0.40525499149969424,0.42229377450450534,0.372516094654375,0.40436457017145444
shd,mapping-development,mapping-paired:i4:pooling:crc,42,1,0.4200015101177892,0.4757209259600915,0.42261185714760363,0.4482185172087797
shd,mapping-development,mapping-paired:i4:pooling:crc,42,2,0.3346188186763317,0.35487038376548663,0.28909553985764835,0.31920735945343326
shd,mapping-development,mapping-paired:i4:pooling:crc,42,3,0.23305461647421044,0.25113131553178714,0.2173924680733369,0.23479142020987032
shd,mapping-development,mapping-paired:i4:pooling:crc,44,0,0.43216543963015713,0.4409492764432497,0.3812075500231018,0.43143355867892297
shd,mapping-development,mapping-paired:i4:pooling:crc,44,1,0.40718061008758677,0.47040052965602763,0.38593829111210565,0.43633635142954585
shd,mapping-development,mapping-paired:i4:pooling:crc,44,2,0.43761725911606086,0.4484066715228915,0.33118681189179866,0.4236558183051257
shd,mapping-development,mapping-paired:i4:pooling:crc,44,3,0.3585149970004402,0.37688346150908314,0.3151298469226034,0.3617750906407006
shd,mapping-development,mapping-paired:i4:pooling:crc,46,0,0.33460525711215805,0.3510750258652868,0.28636176929304913,0.3389064847520914
shd,mapping-development,mapping-paired:i4:pooling:crc,46,1,0.37399577167019027,0.41431294088833925,0.3465564854479515,0.39233471043118356
shd,mapping-development,mapping-paired:i4:pooling:crc,46,2,0.3743293184524906,0.38933560014303314,0.3170268864215906,0.3580762802361701
shd,mapping-development,mapping-paired:i4:pooling:crc,46,3,0.2622464280752408,0.2674467565010934,0.2115384857248982,0.2650644316380387
shd,mapping-development,mapping-paired:i4:pooling:projection,42,0,0.2138443648804832,0.23086972166060254,0.2265835810330903,0.20581057655416823
shd,mapping-development,mapping-paired:i4:pooling:projection,42,1,0.2925702204771972,0.34597853833088466,0.2537227913427009,0.3174137839869927
shd,mapping-development,mapping-paired:i4:pooling:projection,42,2,0.2779595042412302,0.2764218689468653,0.2004532793410022,0.26403595062492696
shd,mapping-development,mapping-paired:i4:pooling:projection,42,3,0.16496487560743078,0.17078729278190874,0.1551379364448009,0.16600100343617186
shd,mapping-development,mapping-paired:i4:pooling:projection,44,0,0.2138443648804832,0.23086972166060254,0.2265835810330903,0.20581057655416823
shd,mapping-development,mapping-paired:i4:pooling:projection,44,1,0.2925702204771972,0.34597853833088466,0.2537227913427009,0.3174137839869927
shd,mapping-development,mapping-paired:i4:pooling:projection,44,2,0.2779595042412302,0.2764218689468653,0.2004532793410022,0.26403595062492696
shd,mapping-development,mapping-paired:i4:pooling:projection,44,3,0.16496487560743078,0.17078729278190874,0.1551379364448009,0.16600100343617186
shd,mapping-development,mapping-paired:i4:pooling:projection,46,0,0.2138443648804832,0.23086972166060254,0.2265835810330903,0.20581057655416823
shd,mapping-development,mapping-paired:i4:pooling:projection,46,1,0.2925702204771972,0.34597853833088466,0.2537227913427009,0.3174137839869927
shd,mapping-development,mapping-paired:i4:pooling:projection,46,2,0.2779595042412302,0.2764218689468653,0.2004532793410022,0.26403595062492696
shd,mapping-development,mapping-paired:i4:pooling:projection,46,3,0.16496487560743078,0.17078729278190874,0.1551379364448009,0.16600100343617186
shd,mapping-development,mapping-paired:i4:pooling:qrc,42,0,0.30707486984459104,0.31888103236503984,0.25362910875574807,0.3019914562765352
shd,mapping-development,mapping-paired:i4:pooling:qrc,42,1,0.3689947649249975,0.4004058599941182,0.3780794222664249,0.3836530269235917
shd,mapping-development,mapping-paired:i4:pooling:qrc,42,2,0.394094398217404,0.4066258496262927,0.3388297055906646,0.3781321531389647
shd,mapping-development,mapping-paired:i4:pooling:qrc,42,3,0.2450342247907894,0.2517051912516114,0.20703197044104305,0.2471200668739364
shd,mapping-development,mapping-paired:i4:pooling:qrc,44,0,0.237558980811576,0.25847948459596204,0.22176293950269754,0.2316706058843846
shd,mapping-development,mapping-paired:i4:pooling:qrc,44,1,0.34403755159569116,0.38067967256264523,0.2562753705206392,0.37167364602537983
shd,mapping-development,mapping-paired:i4:pooling:qrc,44,2,0.4074802388148451,0.3960473504859058,0.2757355385135274,0.4029723506200712
shd,mapping-development,mapping-paired:i4:pooling:qrc,44,3,0.2538316914270079,0.26580177682995576,0.2116162919868213,0.2546129592905282
shd,mapping-development,mapping-paired:i4:pooling:qrc,46,0,0.2810324778833002,0.3002669578628532,0.2875362171390089,0.27339224387231253
shd,mapping-development,mapping-paired:i4:pooling:qrc,46,1,0.3475385080036243,0.38776172128494985,0.35081868262893434,0.3682106000680815
shd,mapping-development,mapping-paired:i4:pooling:qrc,46,2,0.33237737160295944,0.3409661411180157,0.31114197029360546,0.31610122597857115
shd,mapping-development,mapping-paired:i4:pooling:qrc,46,3,0.21672338416349546,0.22162256785566992,0.1706769248003589,0.21865826447911518
shd,mapping-robustness,mapping-robustness:i2:legacy:crc:p42,42,0,0.4360617959855937,0.4514797283017807,0.42078840106276233,0.43854400180524455
shd,mapping-robustness,mapping-robustness:i2:legacy:crc:p42,42,1,0.46976744186046504,0.5056874008695462,0.4783802182387696,0.4855790344030694
shd,mapping-robustness,mapping-robustness:i2:legacy:crc:p42,42,2,0.4632960731373434,0.48685341698841644,0.4036210658008959,0.4501078239728705
shd,mapping-robustness,mapping-robustness:i2:legacy:crc:p42,42,3,0.3545383845174807,0.37811033361271595,0.30566200408292776,0.35807254872378846
shd,mapping-robustness,mapping-robustness:i2:legacy:crc:p44,42,0,0.39390593466251483,0.415241676574172,0.39369487264799036,0.3988332660995015
shd,mapping-robustness,mapping-robustness:i2:legacy:crc:p44,42,1,0.46372193697775094,0.51105349547064,0.4764087985929146,0.4837542692788979
shd,mapping-robustness,mapping-robustness:i2:legacy:crc:p44,42,2,0.4222888662605446,0.48561625667260827,0.45143109500429823,0.41485495434252195
shd,mapping-robustness,mapping-robustness:i2:legacy:crc:p44,42,3,0.2626797273940452,0.2722806595378949,0.23927888673414321,0.2654032551053972
shd,mapping-robustness,mapping-robustness:i2:legacy:crc:p46,42,0,0.39502140097762345,0.4321732500831441,0.3810562620848656,0.400479164919965
shd,mapping-robustness,mapping-robustness:i2:legacy:crc:p46,42,1,0.4521393335346824,0.518803568697263,0.3949709774934729,0.487672654113638
shd,mapping-robustness,mapping-robustness:i2:legacy:crc:p46,42,2,0.4554392585401866,0.4723346591591756,0.36707379142380225,0.4525262304211871
shd,mapping-robustness,mapping-robustness:i2:legacy:crc:p46,42,3,0.36398952629312425,0.38171844781124664,0.35211465469189185,0.36613176056200347
shd,mapping-robustness,mapping-robustness:i2:legacy:projection:p42,42,0,0.2588221156395022,0.2599211135930217,0.19412001560208114,0.2506506050073171
shd,mapping-robustness,mapping-robustness:i2:legacy:projection:p42,42,1,0.2362654787073391,0.2474990271107853,0.13811972334017603,0.25626169230852236
shd,mapping-robustness,mapping-robustness:i2:legacy:projection:p42,42,2,0.27993757006172365,0.2744704565045771,0.22971097438446147,0.2642348253164992
shd,mapping-robustness,mapping-robustness:i2:legacy:projection:p42,42,3,0.11134222182476505,0.115456184368385,0.09803857627793067,0.11053288877273199
shd,mapping-robustness,mapping-robustness:i2:legacy:projection:p44,42,0,0.17476063068380632,0.19452171859974748,0.07327863849632377,0.17148557368986028
shd,mapping-robustness,mapping-robustness:i2:legacy:projection:p44,42,1,0.301341487969395,0.32009012302488593,0.31323891674027293,0.31669142939053835
shd,mapping-robustness,mapping-robustness:i2:legacy:projection:p44,42,2,0.26997410150357026,0.26780925385837506,0.28074481150066455,0.25820508203870707
shd,mapping-robustness,mapping-robustness:i2:legacy:projection:p44,42,3,0.12220611101085965,0.12448813390420915,0.14182474869500883,0.12044136174973136
shd,mapping-robustness,mapping-robustness:i2:legacy:projection:p46,42,0,0.15518907436795548,0.16427367229107276,0.173281723701524,0.14737071311621663
shd,mapping-robustness,mapping-robustness:i2:legacy:projection:p46,42,1,0.32103090707741877,0.3518763670650859,0.2657693022897761,0.3374406675412773
shd,mapping-robustness,mapping-robustness:i2:legacy:projection:p46,42,2,0.19167699398421373,0.20429655853040596,0.1673527678544855,0.1761662375232823
shd,mapping-robustness,mapping-robustness:i2:legacy:projection:p46,42,3,0.24020245830824827,0.24631725027543788,0.2193906622637385,0.2395354032106613
shd,mapping-robustness,mapping-robustness:i2:legacy:qrc:p42,42,0,0.4670191672174488,0.47443289019242674,0.42916863492583057,0.4662854919980624
shd,mapping-robustness,mapping-robustness:i2:legacy:qrc:p42,42,1,0.46681767844558547,0.5002143769097152,0.42647812088713066,0.4770543674941366
shd,mapping-robustness,mapping-robustness:i2:legacy:qrc:p42,42,2,0.4835093631045243,0.5203020793381097,0.4341548889183756,0.4738014727894996
shd,mapping-robustness,mapping-robustness:i2:legacy:qrc:p42,42,3,0.35042310560632894,0.3482468196443691,0.2521556213451821,0.3546172972203612
shd,mapping-robustness,mapping-robustness:i2:legacy:qrc:p44,42,0,0.3585298182242313,0.3902975371052131,0.318789952309387,0.3622752032221192
shd,mapping-robustness,mapping-robustness:i2:legacy:qrc:p44,42,1,0.4632059800664452,0.505478094477362,0.4248339857650964,0.4784751186193818
shd,mapping-robustness,mapping-robustness:i2:legacy:qrc:p44,42,2,0.43080934880668487,0.48363828020898136,0.4696735760796202,0.4188348782339897
shd,mapping-robustness,mapping-robustness:i2:legacy:qrc:p44,42,3,0.2252682702999932,0.2177606270510749,0.1819176435253842,0.22699578363376216
shd,mapping-robustness,mapping-robustness:i2:legacy:qrc:p46,42,0,0.3225104354065126,0.334048083783246,0.2978444344574242,0.32586993601929165
shd,mapping-robustness,mapping-robustness:i2:legacy:qrc:p46,42,1,0.47112151414477,0.517854856962308,0.35610594698694104,0.4972370152880941
shd,mapping-robustness,mapping-robustness:i2:legacy:qrc:p46,42,2,0.39766819797451236,0.4329106282699352,0.3715659487422319,0.38593126392821975
shd,mapping-robustness,mapping-robustness:i2:legacy:qrc:p46,42,3,0.3216797641233487,0.3434250167935252,0.2799225528991494,0.32472071037581896
shd,mapping-robustness,mapping-robustness:i4:legacy:crc:p42,42,0,0.4973756852377435,0.5251556160655185,0.46836745785835937,0.49954322061732603
shd,mapping-robustness,mapping-robustness:i4:legacy:crc:p42,42,1,0.5426708949964765,0.5930629107798675,0.5318729790731177,0.574702126368487
shd,mapping-robustness,mapping-robustness:i4:legacy:crc:p42,42,2,0.4823135198019795,0.5109111315574062,0.425043939500277,0.47170245860681886
shd,mapping-robustness,mapping-robustness:i4:legacy:crc:p42,42,3,0.3801581382821013,0.4027494148124173,0.35296082706868775,0.38292128675845716
shd,mapping-robustness,mapping-robustness:i4:legacy:crc:p44,42,0,0.3850896508335955,0.40254710715006725,0.37056598297501575,0.3868571391529856
shd,mapping-robustness,mapping-robustness:i4:legacy:crc:p44,42,1,0.5250503372596396,0.5771829128680381,0.4717174562426428,0.5519757001251264
shd,mapping-robustness,mapping-robustness:i4:legacy:crc:p44,42,2,0.4294268282652575,0.4454525551213344,0.3497008896356129,0.4195537034710216
shd,mapping-robustness,mapping-robustness:i4:legacy:crc:p44,42,3,0.3194768043802622,0.32264235157478377,0.25522503416954256,0.32113408204886845
shd,mapping-robustness,mapping-robustness:i4:legacy:crc:p46,42,0,0.4716422025158078,0.5229439966277967,0.4134393627416096,0.478326510886789
shd,mapping-robustness,mapping-robustness:i4:legacy:crc:p46,42,1,0.5457414678344911,0.5819265181330269,0.500829941323484,0.5617031650742421
shd,mapping-robustness,mapping-robustness:i4:legacy:crc:p46,42,2,0.5227008895949354,0.5285056303341997,0.3895888789098353,0.5114690043415728
shd,mapping-robustness,mapping-robustness:i4:legacy:crc:p46,42,3,0.3914308405847092,0.4027187470027485,0.340156608718575,0.39408677806444
shd,mapping-robustness,mapping-robustness:i4:legacy:projection:p42,42,0,0.25850118933591587,0.2644720427322261,0.19842123115218419,0.24808511773949482
shd,mapping-robustness,mapping-robustness:i4:legacy:projection:p42,42,1,0.37298399275143457,0.43138401911459157,0.3601454009642715,0.39659505026049613
shd,mapping-robustness,mapping-robustness:i4:legacy:projection:p42,42,2,0.31689689092623197,0.31732414112567686,0.2757035786651247,0.30791020095293525
shd,mapping-robustness,mapping-robustness:i4:legacy:projection:p42,42,3,0.17283266501970346,0.1808418374159242,0.14843090365228517,0.17287011533817043
shd,mapping-robustness,mapping-robustness:i4:legacy:projection:p44,42,0,0.2955441432716811,0.30828085200295985,0.2790077495651242,0.2877169018763193
shd,mapping-robustness,mapping-robustness:i4:legacy:projection:p44,42,1,0.4127881808114367,0.45498273064325073,0.3698127082674395,0.4242878043830551
shd,mapping-robustness,mapping-robustness:i4:legacy:projection:p44,42,2,0.3582209474305541,0.3577322714136629,0.30368759093070863,0.354640611366453
shd,mapping-robustness,mapping-robustness:i4:legacy:projection:p44,42,3,0.26233053285702346,0.27220425046237684,0.21247986022068616,0.26447291622436353
shd,mapping-robustness,mapping-robustness:i4:legacy:projection:p46,42,0,0.2070745164015254,0.2250877488263297,0.17297946003158715,0.20370148318423542
shd,mapping-robustness,mapping-robustness:i4:legacy:projection:p46,42,1,0.3169108023759187,0.3321154345707013,0.2759710995735589,0.3176910196338482
shd,mapping-robustness,mapping-robustness:i4:legacy:projection:p46,42,2,0.3184499821838095,0.3224133374891522,0.19868690604861938,0.3068011720826935
shd,mapping-robustness,mapping-robustness:i4:legacy:projection:p46,42,3,0.2136564873265272,0.2348642448566084,0.1683145892011808,0.21676397214125187
shd,mapping-robustness,mapping-robustness:i4:legacy:qrc:p42,42,0,0.29946877507236747,0.3072674931751837,0.2359622836414098,0.2963199714893203
shd,mapping-robustness,mapping-robustness:i4:legacy:qrc:p42,42,1,0.37631883620255707,0.40893396487876055,0.29326621964498917,0.39313660360776975
shd,mapping-robustness,mapping-robustness:i4:legacy:qrc:p42,42,2,0.34623954280711083,0.3746144194889401,0.2836113995103415,0.3365276057052579
shd,mapping-robustness,mapping-robustness:i4:legacy:qrc:p42,42,3,0.24461024087503047,0.2571670019007304,0.17739550733576837,0.2483124219082986
shd,mapping-robustness,mapping-robustness:i4:legacy:qrc:p44,42,0,0.30535218834274086,0.2982311659746438,0.185884395538094,0.3017456096261012
shd,mapping-robustness,mapping-robustness:i4:legacy:qrc:p44,42,1,0.4000704721634954,0.43734009538858853,0.2933730539181667,0.42190094620313223
shd,mapping-robustness,mapping-robustness:i4:legacy:qrc:p44,42,2,0.33087669255460145,0.34399408842100626,0.29277498921055606,0.32318260287776635
shd,mapping-robustness,mapping-robustness:i4:legacy:qrc:p44,42,3,0.2514394959249104,0.2481062943831398,0.16802916001588397,0.2546758626510301
shd,mapping-robustness,mapping-robustness:i4:legacy:qrc:p46,42,0,0.2693448225892532,0.29166222093106053,0.19675799581511788,0.27080392584745916
shd,mapping-robustness,mapping-robustness:i4:legacy:qrc:p46,42,1,0.3880549682875264,0.41144133134187544,0.30170785308099224,0.3943539789270489
shd,mapping-robustness,mapping-robustness:i4:legacy:qrc:p46,42,2,0.3766790224819333,0.3757326861799292,0.2537894213103521,0.36286302101130263
shd,mapping-robustness,mapping-robustness:i4:legacy:qrc:p46,42,3,0.2240570017496989,0.24632063768600576,0.1776499375805114,0.22747846104829306
shd,learning-development,comparison:tuned:q6-i2-qrc:n=600,42,0,0.5878373702422145,0.6073782382934207,0.5487338070000298,0.590856247749997
shd,learning-development,comparison:tuned:q6-i2-crc:n=600,42,0,0.5247058823529411,0.5439325373960678,0.4628604755335035,0.5265516373739987
shd,learning-development,comparison:tuned:q6-i4-qrc:n=600,42,0,0.4821107266435986,0.49800550524826986,0.4721375632414794,0.4805922453430737
shd,learning-development,comparison:tuned:q6-i4-crc:n=600,42,0,0.5048500576701269,0.5103963693992906,0.4389622666295274,0.504548906339217
shd,learning-development,comparison:projection:i2:n=600,42,0,0.25257208765859285,0.2680818132960985,0.268183641344118,0.23983761815586835
shd,learning-development,comparison:projection:i4:n=600,42,0,0.3560207612456748,0.3775587775714519,0.370758091281722,0.34708685988789967
shd,learning-development,practical:large-crc:n=600,42,0,0.524567474048443,0.5146311309135058,0.3813380954305766,0.5271791305983854
shd,learning-development,practical:lstm:n=600,42,0,0.18794694348327567,0.2200468187607651,0.16604674023951438,0.1768846786924544
shd,learning-development,practical:transformer:n=600,42,0,0.303719723183391,0.33242942520163254,0.27137111120415924,0.2958443913509272
shd,learning-development,comparison:tuned:q6-i2-qrc:n=2000,42,0,0.45450692041522495,0.4667080671764236,0.39171860485366117,0.4561089706709204
shd,learning-development,comparison:tuned:q6-i2-crc:n=2000,42,0,0.3835743944636678,0.3959959141584379,0.33732017941554515,0.38066700480019694
shd,learning-development,comparison:tuned:q6-i4-qrc:n=2000,42,0,0.3186020761245675,0.33894279383964276,0.312615854819268,0.31539984630805984
shd,learning-development,comparison:tuned:q6-i4-crc:n=2000,42,0,0.3776712802768166,0.38877489619364747,0.28972951325492635,0.3776234646691544
shd,learning-development,comparison:projection:i2:n=2000,42,0,0.20350692041522495,0.21587707330127187,0.1956322798274126,0.18972471077444947
shd,learning-development,comparison:projection:i4:n=2000,42,0,0.2364221453287197,0.261794384091297,0.26581024333014414,0.22836227961013222
shd,learning-development,practical:large-crc:n=2000,42,0,0.44140657439446374,0.44853525810730077,0.3779866697585652,0.44397564400865486
shd,learning-development,practical:lstm:n=2000,42,0,0.202455017301038,0.22306627497999076,0.17369246908754543,0.1962634712232021
shd,learning-development,practical:transformer:n=2000,42,0,0.28215051903114186,0.30129331250955105,0.2554561510802891,0.28047392722526676
shd,learning-development,comparison:tuned:q6-i2-qrc:n=full,42,0,0.42140168450965076,0.4286480977604284,0.37391176627027717,0.42222388702043195
shd,learning-development,comparison:tuned:q6-i2-crc:n=full,42,0,0.3476084274964567,0.36428900734567193,0.3109677190922209,0.346915330091355
shd,learning-development,comparison:tuned:q6-i4-qrc:n=full,42,0,0.30469407735454934,0.3140036760307442,0.27511179243221684,0.30130771906334797
shd,learning-development,comparison:tuned:q6-i4-crc:n=full,42,0,0.34443875008394276,0.3635402135712824,0.2695746320207991,0.345986558544075
shd,learning-development,comparison:projection:i2:n=full,42,0,0.207075930173788,0.21343657988253084,0.217386408245208,0.19215133598651668
shd,learning-development,comparison:projection:i4:n=full,42,0,0.21238111058880083,0.22998792848198107,0.22522931368251708,0.2044693447162158
shd,learning-development,practical:large-crc:n=full,42,0,0.3954009988301035,0.4076809659710112,0.3482149062081197,0.3985344379574348
shd,learning-development,practical:lstm:n=full,42,0,0.15076750161700203,0.16418777990222522,0.15014056453297953,0.1442396849136086
shd,learning-development,practical:transformer:n=full,42,0,0.2744598506349605,0.2962053082521189,0.24457229679321446,0.2757233557211427
shd,learning-development,comparison:tuned:q6-i2-qrc:n=600,42,1,0.6031007751937985,0.6475811537580309,0.6196024718254973,0.6278560710695019
shd,learning-development,comparison:tuned:q6-i2-crc:n=600,42,1,0.5304263565891474,0.573381150379249,0.5285253273771,0.5517935602805029
shd,learning-development,comparison:tuned:q6-i4-qrc:n=600,42,1,0.5039922480620156,0.5492918522533605,0.47977468976217846,0.5323625962064449
shd,learning-development,comparison:tuned:q6-i4-crc:n=600,42,1,0.5361627906976745,0.5767964555196782,0.538302660390348,0.5591178294291351
shd,learning-development,comparison:projection:i2:n=600,42,1,0.3037209302325582,0.323788508742589,0.2915504120136479,0.31968989131172476
shd,learning-development,comparison:projection:i4:n=600,42,1,0.36573643410852713,0.41474995671787007,0.3411413289832896,0.38748373705252376
shd,learning-development,practical:large-crc:n=600,42,1,0.5546511627906976,0.5818935359912076,0.46962797341747875,0.5773834202279566
shd,learning-development,practical:lstm:n=600,42,1,0.23368217054263574,0.2400730124178846,0.2273206409331835,0.22153570067036676
shd,learning-development,practical:transformer:n=600,42,1,0.40941860465116275,0.43215828746205665,0.3346725681572157,0.4335313231304202
shd,learning-development,comparison:tuned:q6-i2-qrc:n=2000,42,1,0.4719767441860465,0.528516140339314,0.4621072018368904,0.5049741178398612
shd,learning-development,comparison:tuned:q6-i2-crc:n=2000,42,1,0.4151279069767442,0.4520623714598046,0.3962847747869894,0.44041817987218035
shd,learning-development,comparison:tuned:q6-i4-qrc:n=2000,42,1,0.3990232558139535,0.44264487315101564,0.3590966787537704,0.4257635986173516
shd,learning-development,comparison:tuned:q6-i4-crc:n=2000,42,1,0.4306860465116279,0.4714426013802723,0.40259896727513644,0.45150324604841396
shd,learning-development,comparison:projection:i2:n=2000,42,1,0.2766046511627907,0.30094840375998866,0.2546286933553483,0.29081246086321294
shd,learning-development,comparison:projection:i4:n=2000,42,1,0.3103953488372093,0.36336634870319695,0.28045963031048826,0.3346951240138173
shd,learning-development,practical:large-crc:n=2000,42,1,0.4812209302325582,0.4937807978687698,0.3759252366048784,0.5025340116542839
shd,learning-development,practical:lstm:n=2000,42,1,0.22975581395348832,0.23908927415706105,0.23795840398511126,0.2237341586570284
shd,learning-development,practical:transformer:n=2000,42,1,0.3808837209302326,0.40801577112781773,0.32629311502767655,0.3995104303536401
shd,learning-development,comparison:tuned:q6-i2-qrc:n=full,42,1,0.431073190375516,0.4900135460485774,0.40188860822493866,0.4655593655438688
shd,learning-development,comparison:tuned:q6-i2-crc:n=full,42,1,0.3834088392227927,0.4263806375916346,0.3518871212591159,0.4130779865032164
shd,learning-development,comparison:tuned:q6-i4-qrc:n=full,42,1,0.3710988623779321,0.4125595986867996,0.3007096812349962,0.3989907840700759
shd,learning-development,comparison:tuned:q6-i4-crc:n=full,42,1,0.39655944830363443,0.43215025515287,0.34280626277055926,0.42245856883518584
shd,learning-development,comparison:projection:i2:n=full,42,1,0.2622848082150408,0.2861429523786236,0.28603688275984357,0.2756422538070012
shd,learning-development,comparison:projection:i4:n=full,42,1,0.29300312091009767,0.3458930421794823,0.2549637024651725,0.3178662864694702
shd,learning-development,practical:large-crc:n=full,42,1,0.46770864794120615,0.4766519867407425,0.3343121850713441,0.49374529362089664
shd,learning-development,practical:lstm:n=full,42,1,0.20052350750025172,0.21003314173138732,0.1998075602971383,0.20899495779303856
shd,learning-development,practical:transformer:n=full,42,1,0.37873754152823924,0.4005628708149943,0.28862039506042514,0.4020486088258842
shd,learning-development,comparison:tuned:q6-i2-qrc:n=600,42,2,0.5444040910039658,0.5617470019755446,0.5073739028230898,0.5308638516569762
shd,learning-development,comparison:tuned:q6-i2-crc:n=600,42,2,0.48157482780212896,0.4821816626450972,0.4056756477591513,0.46912263735600934
shd,learning-development,comparison:tuned:q6-i4-qrc:n=600,42,2,0.5250114798580672,0.5287650078486493,0.41466317826659016,0.5120898467087962
shd,learning-development,comparison:tuned:q6-i4-crc:n=600,42,2,0.5589709872677938,0.5418070825070915,0.45633032926372963,0.5440007244025002
shd,learning-development,comparison:projection:i2:n=600,42,2,0.2149739094134836,0.23427732080384361,0.22371535992994307,0.2034602331160057
shd,learning-development,comparison:projection:i4:n=600,42,2,0.3616499686912961,0.37533375343812625,0.27858425694676137,0.3540975567969584
shd,learning-development,practical:large-crc:n=600,42,2,0.5422667501565435,0.5425572984554858,0.4116615534981968,0.5255671208092507
shd,learning-development,practical:lstm:n=600,42,2,0.3201951575871425,0.32319837551396186,0.2378594516837963,0.3158678607255341
shd,learning-development,practical:transformer:n=600,42,2,0.5183072427468169,0.5388660078627912,0.43244060603861045,0.5164624331766474
shd,learning-development,comparison:tuned:q6-i2-qrc:n=2000,42,2,0.4307620538509706,0.4412229518607156,0.33271836483558037,0.41445408234528475
shd,learning-development,comparison:tuned:q6-i2-crc:n=2000,42,2,0.3690043832185348,0.3742144005959509,0.3099446337794397,0.3536466602621109
shd,learning-development,comparison:tuned:q6-i4-qrc:n=2000,42,2,0.42148622417031933,0.41901079918498996,0.29714357087247345,0.40763823255852416
shd,learning-development,comparison:tuned:q6-i4-crc:n=2000,42,2,0.4306681277395116,0.42308357345472214,0.36056518235439394,0.41538159121049145
shd,learning-development,comparison:projection:i2:n=2000,42,2,0.18202379461490298,0.1884715444253851,0.14907012167918354,0.16694575956658325
shd,learning-development,comparison:projection:i4:n=2000,42,2,0.31216875391358795,0.30900542390870206,0.21879331077500797,0.2979524101184982
shd,learning-development,practical:large-crc:n=2000,42,2,0.5093318722604885,0.5087516257152015,0.3553376894682494,0.4884658902608945
shd,learning-development,practical:lstm:n=2000,42,2,0.3642989981214778,0.3764084960801023,0.2948844615966313,0.35866025352549613
shd,learning-development,practical:transformer:n=2000,42,2,0.4700466499686914,0.481563082819504,0.3841852742662515,0.4698171323816789
shd,learning-development,comparison:tuned:q6-i2-qrc:n=full,42,2,0.3718626441022205,0.38978106368401366,0.333795044992492,0.35607861323471557
shd,learning-development,comparison:tuned:q6-i2-crc:n=full,42,2,0.33752446178139994,0.34455836673497986,0.2833982282204548,0.3243010450955409
shd,learning-development,comparison:tuned:q6-i4-qrc:n=full,42,2,0.36771561056065094,0.37276946963818514,0.27264077607275083,0.3539108960513442
shd,learning-development,comparison:tuned:q6-i4-crc:n=full,42,2,0.37047207029942686,0.37147470453473896,0.28062617419415803,0.35538206205872935
shd,learning-development,comparison:projection:i2:n=full,42,2,0.16969871957104904,0.17496956062633529,0.1876855224842,0.15448661392816043
shd,learning-development,comparison:projection:i4:n=full,42,2,0.27732699317228654,0.2759647320340138,0.20023464329366458,0.2634384231106232
shd,learning-development,practical:large-crc:n=full,42,2,0.44867993184036425,0.4531774455078702,0.31207353824087647,0.4290359021919592
shd,learning-development,practical:lstm:n=full,42,2,0.35284704572707815,0.3760877285815797,0.3385332540103295,0.35058312760475885
shd,learning-development,practical:transformer:n=full,42,2,0.41228579149895084,0.41075261034197086,0.3253701254818606,0.39537325274361157
shd,learning-development,comparison:tuned:q6-i2-qrc:n=600,42,3,0.5400380228136883,0.5548315913586834,0.5101734940722495,0.5434545184963775
shd,learning-development,comparison:tuned:q6-i2-crc:n=600,42,3,0.4718314321926489,0.4841446441295229,0.46036760507181684,0.4744303931473184
shd,learning-development,comparison:tuned:q6-i4-qrc:n=600,42,3,0.4380544993662865,0.44552437186684624,0.41014895993620737,0.4391349631515187
shd,learning-development,comparison:tuned:q6-i4-crc:n=600,42,3,0.4834980988593156,0.49539502083512643,0.4712403680456403,0.4866863840512846
shd,learning-development,comparison:projection:i2:n=600,42,3,0.21898605830164763,0.2289892307378727,0.21407038268301448,0.2210166411091829
shd,learning-development,comparison:projection:i4:n=600,42,3,0.2924904942965779,0.3111732478011954,0.291372787845104,0.2942248282896952
shd,learning-development,practical:large-crc:n=600,42,3,0.3288973384030418,0.3351605822954561,0.2564587786251947,0.3302006132420393
shd,learning-development,practical:lstm:n=600,42,3,0.11618504435994925,0.1372171277395433,0.13727070494421656,0.12061171915606517
shd,learning-development,practical:transformer:n=600,42,3,0.3543155893536122,0.37827814789172975,0.3365215981102232,0.3576917367809297
shd,learning-development,comparison:tuned:q6-i2-qrc:n=2000,42,3,0.37943029150823826,0.3964589272415174,0.3589986904499779,0.3828190582647213
shd,learning-development,comparison:tuned:q6-i2-crc:n=2000,42,3,0.32809378960709756,0.34481045362424567,0.3143000737415955,0.3306202399128022
shd,learning-development,comparison:tuned:q6-i4-qrc:n=2000,42,3,0.30284980988593146,0.3044228762195932,0.2534308862589565,0.30437948653332303
shd,learning-development,comparison:tuned:q6-i4-crc:n=2000,42,3,0.3468149556400507,0.3608947886372994,0.3140517420019123,0.35004322483262407
shd,learning-development,comparison:projection:i2:n=2000,42,3,0.116924588086185,0.11950815664707198,0.05849957688959129,0.11766622827450846
shd,learning-development,comparison:projection:i4:n=2000,42,3,0.19029721166032942,0.1995547132656017,0.1899141007192381,0.19154014037324674
shd,learning-development,practical:large-crc:n=2000,42,3,0.25502027883396705,0.26449047988976015,0.19758682387480053,0.25710719094359735
shd,learning-development,practical:lstm:n=2000,42,3,0.2540887198986058,0.2593368863798544,0.20552746538100553,0.2556092674020837
shd,learning-development,practical:transformer:n=2000,42,3,0.26706083650190116,0.2728403173970124,0.22585792409011518,0.268597999587203
shd,learning-development,comparison:tuned:q6-i2-qrc:n=full,42,3,0.3183512375379869,0.33253917633345276,0.29497345901632954,0.3209609557391655
shd,learning-development,comparison:tuned:q6-i2-crc:n=full,42,3,0.2639910699884862,0.2775497974039842,0.24181196253660375,0.2662270896088176
shd,learning-development,comparison:tuned:q6-i4-qrc:n=full,42,3,0.26316226527180475,0.2664687576766096,0.2053984419762005,0.26417044823110636
shd,learning-development,comparison:tuned:q6-i4-crc:n=full,42,3,0.2939869339495339,0.3064664810237061,0.24889197824798204,0.29686973572179287
shd,learning-development,comparison:projection:i2:n=full,42,3,0.09062875776704993,0.0874189726585809,0.01860061950543268,0.09114674397753464
shd,learning-development,comparison:projection:i4:n=full,42,3,0.16453743168482637,0.17063930735937016,0.15489859216502866,0.16549908274920355
shd,learning-development,practical:large-crc:n=full,42,3,0.23390364892321924,0.2408758427038431,0.1697612735163021,0.23591313698014704
shd,learning-development,practical:lstm:n=full,42,3,0.25320942250356515,0.25046626826300067,0.21423986993214772,0.25332994364699235
shd,learning-development,practical:transformer:n=full,42,3,0.21759849974103185,0.22497033129394228,0.18640499650050524,0.22007896176299047
shd,learning-development,comparison:tuned:q6-i2-qrc:n=600,44,0,0.6031199538638985,0.6238775371761331,0.5648624679626699,0.6014962561362577
shd,learning-development,comparison:tuned:q6-i2-crc:n=600,44,0,0.5171626297577854,0.5284391025668724,0.47784108437219275,0.5143092519121881
shd,learning-development,comparison:tuned:q6-i4-qrc:n=600,44,0,0.5047635524798155,0.5020137112617454,0.4186613765043964,0.5006632562738045
shd,learning-development,comparison:tuned:q6-i4-crc:n=600,44,0,0.5289734717416378,0.54644665182967,0.4838504674843004,0.5288336053885337
shd,learning-development,comparison:projection:i2:n=600,44,0,0.25257208765859285,0.2680818132960985,0.268183641344118,0.23983761815586835
shd,learning-development,comparison:projection:i4:n=600,44,0,0.3560207612456748,0.3775587775714519,0.370758091281722,0.34708685988789967
shd,learning-development,practical:large-crc:n=600,44,0,0.48719723183391006,0.48318506236445946,0.31574577014830363,0.48722683679508383
shd,learning-development,practical:lstm:n=600,44,0,0.04478085351787775,0.07803059268234985,0.04539407006056051,0.03989440258773591
shd,learning-development,practical:transformer:n=600,44,0,0.3769204152249135,0.3897265932672611,0.29106590755501327,0.3764340133817258
shd,learning-development,comparison:tuned:q6-i2-qrc:n=2000,44,0,0.43225259515570935,0.4508134110223032,0.412503298083416,0.4307365421518106
shd,learning-development,comparison:tuned:q6-i2-crc:n=2000,44,0,0.406060553633218,0.42701760479257733,0.37365614626326954,0.4024382201573049
shd,learning-development,comparison:tuned:q6-i4-qrc:n=2000,44,0,0.3454359861591696,0.35737835236623694,0.26960432555796576,0.34273529356662047
shd,learning-development,comparison:tuned:q6-i4-crc:n=2000,44,0,0.4110484429065745,0.4404032104919381,0.3614110438751913,0.4138833534151686
shd,learning-development,comparison:projection:i2:n=2000,44,0,0.20350692041522495,0.21587707330127187,0.1956322798274126,0.18972471077444947
shd,learning-development,comparison:projection:i4:n=2000,44,0,0.2364221453287197,0.261794384091297,0.26581024333014414,0.22836227961013222
shd,learning-development,practical:large-crc:n=2000,44,0,0.42510553633217996,0.4419014989498169,0.3270725815867457,0.42569455424300895
shd,learning-development,practical:lstm:n=2000,44,0,0.1960640138408305,0.20413266131924135,0.16351061645110265,0.18735671671620258
shd,learning-development,practical:transformer:n=2000,44,0,0.3404740484429065,0.3540369680475661,0.27827913242220303,0.3437205621657482
shd,learning-development,comparison:tuned:q6-i2-qrc:n=full,44,0,0.38493767031537723,0.40597784478143883,0.3755825225350772,0.3839740518470457
shd,learning-development,comparison:tuned:q6-i2-crc:n=full,44,0,0.38887573295255734,0.40398752320671805,0.3609146020127272,0.38565136277258333
shd,learning-development,comparison:tuned:q6-i4-qrc:n=full,44,0,0.312868508576296,0.32197580796660463,0.25649994166248435,0.3098298931848926
shd,learning-development,comparison:tuned:q6-i4-crc:n=full,44,0,0.3643623356931549,0.39252869837579063,0.321941147274752,0.3665432167439304
shd,learning-development,comparison:projection:i2:n=full,44,0,0.207075930173788,0.21343657988253084,0.217386408245208,0.19215133598651668
shd,learning-development,comparison:projection:i4:n=full,44,0,0.21238111058880083,0.22998792848198107,0.22522931368251708,0.2044693447162158
shd,learning-development,practical:large-crc:n=full,44,0,0.3808221792592541,0.4069932253458819,0.28601080409807866,0.38341322275257606
shd,learning-development,practical:lstm:n=full,44,0,0.2013494456245516,0.2132598795881676,0.18607042564164522,0.19386343692014996
shd,learning-development,practical:transformer:n=full,44,0,0.30323435749352323,0.31914811483365213,0.25708038848979875,0.303753257661053
shd,learning-development,comparison:tuned:q6-i2-qrc:n=600,44,1,0.5682170542635658,0.606533323682543,0.5669710748469836,0.5850332029319525
shd,learning-development,comparison:tuned:q6-i2-crc:n=600,44,1,0.5299612403100775,0.5675202136776715,0.5271954920118973,0.5505479785292763
shd,learning-development,comparison:tuned:q6-i4-qrc:n=600,44,1,0.5231395348837209,0.5778475153235474,0.5296229902013296,0.5509517562591577
shd,learning-development,comparison:tuned:q6-i4-crc:n=600,44,1,0.5700775193798449,0.6007529949492253,0.5563926971510101,0.5897294785831071
shd,learning-development,comparison:projection:i2:n=600,44,1,0.3037209302325582,0.323788508742589,0.2915504120136479,0.31968989131172476
shd,learning-development,comparison:projection:i4:n=600,44,1,0.36573643410852713,0.41474995671787007,0.3411413289832896,0.38748373705252376
shd,learning-development,practical:large-crc:n=600,44,1,0.6122093023255815,0.6116277103183387,0.4598176640220233,0.622399919938716
shd,learning-development,practical:lstm:n=600,44,1,0.22957364341085262,0.24252181141309803,0.25284806235097324,0.20828463366106076
shd,learning-development,practical:transformer:n=600,44,1,0.47310077519379845,0.5062106110576188,0.3634840922474898,0.4955184837059106
shd,learning-development,comparison:tuned:q6-i2-qrc:n=2000,44,1,0.45419767441860465,0.49161562501953154,0.4360325221905619,0.4733947691711257
shd,learning-development,comparison:tuned:q6-i2-crc:n=2000,44,1,0.4316162790697674,0.46767332318644855,0.39939515800797454,0.4551630625193757
shd,learning-development,comparison:tuned:q6-i4-qrc:n=2000,44,1,0.3972558139534884,0.43951383838864594,0.3317061006501413,0.42178507547136557
shd,learning-development,comparison:tuned:q6-i4-crc:n=2000,44,1,0.43852325581395346,0.47293171916549254,0.4171807658135138,0.45877672801182656
shd,learning-development,comparison:projection:i2:n=2000,44,1,0.2766046511627907,0.30094840375998866,0.2546286933553483,0.29081246086321294
shd,learning-development,comparison:projection:i4:n=2000,44,1,0.3103953488372093,0.36336634870319695,0.28045963031048826,0.3346951240138173
shd,learning-development,practical:large-crc:n=2000,44,1,0.5375348837209302,0.5473501498914404,0.4015163858772832,0.5531416972690311
shd,learning-development,practical:lstm:n=2000,44,1,0.2505232558139535,0.26266558858364397,0.26708588757175156,0.2430662548266851
shd,learning-development,practical:transformer:n=2000,44,1,0.3816279069767442,0.4102949308522297,0.35779263600150035,0.3997549653230127
shd,learning-development,comparison:tuned:q6-i2-qrc:n=full,44,1,0.41387546561965166,0.45268391576700273,0.3778611851492283,0.43555954744508774
shd,learning-development,comparison:tuned:q6-i2-crc:n=full,44,1,0.39262559146280074,0.43303969740622594,0.34838857887331,0.41748553829647783
shd,learning-development,comparison:tuned:q6-i4-qrc:n=full,44,1,0.3529849994966274,0.3969374961695712,0.2724363384828298,0.37911033439541403
shd,learning-development,comparison:tuned:q6-i4-crc:n=full,44,1,0.3974000805396154,0.42771544045780474,0.3487156689132004,0.4212740907553117
shd,learning-development,comparison:projection:i2:n=full,44,1,0.2622848082150408,0.2861429523786236,0.28603688275984357,0.2756422538070012
shd,learning-development,comparison:projection:i4:n=full,44,1,0.29300312091009767,0.3458930421794823,0.2549637024651725,0.3178662864694702
shd,learning-development,practical:large-crc:n=full,44,1,0.5042132286318333,0.5057994011930272,0.3635976538441801,0.5219417157996711
shd,learning-development,practical:lstm:n=full,44,1,0.1923009161381255,0.2052315435670693,0.20037656669757986,0.20031408982994403
shd,learning-development,practical:transformer:n=full,44,1,0.3363032316520689,0.3470433690636707,0.2854253064533624,0.34577527194022806
shd,learning-development,comparison:tuned:q6-i2-qrc:n=600,44,2,0.5132978501356711,0.5100218933766614,0.42545964602533815,0.5028793007747052
shd,learning-development,comparison:tuned:q6-i2-crc:n=600,44,2,0.4709580463368816,0.4749274483961624,0.38613365880539274,0.4557424971988361
shd,learning-development,comparison:tuned:q6-i4-qrc:n=600,44,2,0.4891170945522855,0.5037663366747939,0.43111130633875105,0.47682166482553245
shd,learning-development,comparison:tuned:q6-i4-crc:n=600,44,2,0.5685754539762053,0.5488311920248494,0.4612512026308202,0.555529834862259
shd,learning-development,comparison:projection:i2:n=600,44,2,0.2149739094134836,0.23427732080384361,0.22371535992994307,0.2034602331160057
shd,learning-development,comparison:projection:i4:n=600,44,2,0.3616499686912961,0.37533375343812625,0.27858425694676137,0.3540975567969584
shd,learning-development,practical:large-crc:n=600,44,2,0.5272385723231059,0.5183129136856865,0.392315194072695,0.516067188868566
shd,learning-development,practical:lstm:n=600,44,2,0.15614068044249635,0.14975892274910485,0.18862016227572975,0.12205412105286378
shd,learning-development,practical:transformer:n=600,44,2,0.4905625130452933,0.503717046589625,0.3445229208231295,0.4851492298914611
shd,learning-development,comparison:tuned:q6-i2-qrc:n=2000,44,2,0.3851493425172198,0.3890801441961288,0.30697625828287245,0.37041170702762916
shd,learning-development,comparison:tuned:q6-i2-crc:n=2000,44,2,0.36151847213525357,0.3764242671632342,0.31123773005820643,0.3434798986673361
shd,learning-development,comparison:tuned:q6-i4-qrc:n=2000,44,2,0.4023459611772072,0.40778392139858144,0.3068571845955216,0.388439616673965
shd,learning-development,comparison:tuned:q6-i4-crc:n=2000,44,2,0.4503177833437696,0.44216590648444454,0.3315560694014693,0.4365027021080202
shd,learning-development,comparison:projection:i2:n=2000,44,2,0.18202379461490298,0.1884715444253851,0.14907012167918354,0.16694575956658325
shd,learning-development,comparison:projection:i4:n=2000,44,2,0.31216875391358795,0.30900542390870206,0.21879331077500797,0.2979524101184982
shd,learning-development,practical:large-crc:n=2000,44,2,0.47363994990607394,0.4653169384345822,0.33079969120892727,0.45679695800514764
shd,learning-development,practical:lstm:n=2000,44,2,0.3127667501565435,0.32557467808734564,0.28985310966344313,0.30529160385525705
shd,learning-development,practical:transformer:n=2000,44,2,0.46577551659361305,0.4825788312227701,0.3486409621625842,0.459887433675084
shd,learning-development,comparison:tuned:q6-i2-qrc:n=full,44,2,0.33686660274225433,0.34498095670280426,0.24498336480989302,0.32065387190587646
shd,learning-development,comparison:tuned:q6-i2-crc:n=full,44,2,0.31605077040006624,0.3313882708536615,0.26462391295733423,0.29933196002301776
shd,learning-development,comparison:tuned:q6-i4-qrc:n=full,44,2,0.35971014067991436,0.37710469480575537,0.30924545138411696,0.3465277650335039
shd,learning-development,comparison:tuned:q6-i4-crc:n=full,44,2,0.3847012589887928,0.3797125881973875,0.2780765910576468,0.37124196441587787
shd,learning-development,comparison:projection:i2:n=full,44,2,0.16969871957104904,0.17496956062633529,0.1876855224842,0.15448661392816043
shd,learning-development,comparison:projection:i4:n=full,44,2,0.27732699317228654,0.2759647320340138,0.20023464329366458,0.2634384231106232
shd,learning-development,practical:large-crc:n=full,44,2,0.4253006539908333,0.4282896927934674,0.30094069045745453,0.4055047032143464
shd,learning-development,practical:lstm:n=full,44,2,0.28129263030209894,0.30371039616344553,0.2648540594234806,0.26838984091994933
shd,learning-development,practical:transformer:n=full,44,2,0.4386421356404211,0.4426089301521403,0.31738784343202764,0.43122691674468483
shd,learning-development,comparison:tuned:q6-i2-qrc:n=600,44,3,0.5308618504435995,0.5461495707628288,0.5291782749332236,0.5334439474572299
shd,learning-development,comparison:tuned:q6-i2-crc:n=600,44,3,0.4319518377693282,0.4490817409061383,0.402460616041844,0.4351184744001827
shd,learning-development,comparison:tuned:q6-i4-qrc:n=600,44,3,0.4437579214195184,0.4488498566421103,0.386181069602606,0.4462495376810578
shd,learning-development,comparison:tuned:q6-i4-crc:n=600,44,3,0.5155133079847909,0.5257170003549427,0.4932789881997105,0.5187237782173189
shd,learning-development,comparison:projection:i2:n=600,44,3,0.21898605830164763,0.2289892307378727,0.21407038268301448,0.2210166411091829
shd,learning-development,comparison:projection:i4:n=600,44,3,0.2924904942965779,0.3111732478011954,0.291372787845104,0.2942248282896952
shd,learning-development,practical:large-crc:n=600,44,3,0.3561470215462611,0.3720016940869535,0.2720404551969168,0.3576971639235582
shd,learning-development,practical:lstm:n=600,44,3,0.15986058301647654,0.16011461820124723,0.13559516435664254,0.15730682069347635
shd,learning-development,practical:transformer:n=600,44,3,0.29940430925221795,0.3105445256329834,0.25190743688640027,0.30371235381740036
shd,learning-development,comparison:tuned:q6-i2-qrc:n=2000,44,3,0.35430291508238276,0.36353294209106546,0.3432816166194349,0.35636150262512334
shd,learning-development,comparison:tuned:q6-i2-crc:n=2000,44,3,0.3154600760456274,0.3388949243241105,0.3102837047186706,0.3179716797940415
shd,learning-development,comparison:tuned:q6-i4-qrc:n=2000,44,3,0.30384980988593147,0.3076627496707952,0.24519580455671885,0.30607718217921354
shd,learning-development,comparison:tuned:q6-i4-crc:n=2000,44,3,0.3439778200253485,0.35528037834769854,0.2928500131307402,0.347048596585509
shd,learning-development,comparison:projection:i2:n=2000,44,3,0.116924588086185,0.11950815664707198,0.05849957688959129,0.11766622827450846
shd,learning-development,comparison:projection:i4:n=2000,44,3,0.19029721166032942,0.1995547132656017,0.1899141007192381,0.19154014037324674
shd,learning-development,practical:large-crc:n=2000,44,3,0.2879733840304183,0.3042216096850622,0.21545878040877575,0.28932261209738674
shd,learning-development,practical:lstm:n=2000,44,3,0.2935190114068441,0.2981294057421755,0.2511177962043398,0.292033266537853
shd,learning-development,practical:transformer:n=2000,44,3,0.25693282636248416,0.2671206324808748,0.19987876314319009,0.259978534463124
shd,learning-development,comparison:tuned:q6-i2-qrc:n=full,44,3,0.28404500351057616,0.29306741649540247,0.2682329570280969,0.2851243740651067
shd,learning-development,comparison:tuned:q6-i2-crc:n=full,44,3,0.2638444189291119,0.2809485827132996,0.2551090466964684,0.2656295321244513
shd,learning-development,comparison:tuned:q6-i4-qrc:n=full,44,3,0.2697541106212097,0.2755167734045856,0.21153650019014425,0.2719234666779724
shd,learning-development,comparison:tuned:q6-i4-crc:n=full,44,3,0.2876460721736135,0.29989363205791864,0.2351053315669176,0.28970462728954105
shd,learning-development,comparison:projection:i2:n=full,44,3,0.09062875776704993,0.0874189726585809,0.01860061950543268,0.09114674397753464
shd,learning-development,comparison:projection:i4:n=full,44,3,0.16453743168482637,0.17063930735937016,0.15489859216502866,0.16549908274920355
shd,learning-development,practical:large-crc:n=full,44,3,0.2514339066830831,0.26344589053632683,0.18043439882082646,0.2529314839534649
shd,learning-development,practical:lstm:n=full,44,3,0.25722036890060673,0.26125736052280135,0.21533392055985856,0.25584949427605386
shd,learning-development,practical:transformer:n=full,44,3,0.22049372700758907,0.22906912795229373,0.19069217396180982,0.22317080963940927
shd,learning-development,comparison:tuned:q6-i2-qrc:n=600,46,0,0.6374106113033449,0.6646777108914199,0.5678711259800816,0.6440803971215973
shd,learning-development,comparison:tuned:q6-i2-crc:n=600,46,0,0.5418800461361015,0.5642876484720172,0.5021307356424958,0.5419697311294824
shd,learning-development,comparison:tuned:q6-i4-qrc:n=600,46,0,0.45075547866205307,0.46306160463836576,0.4284912926290041,0.4466155666347773
shd,learning-development,comparison:tuned:q6-i4-crc:n=600,46,0,0.5371510957324106,0.5544671477756308,0.4863591324269354,0.5360902143832054
shd,learning-development,comparison:projection:i2:n=600,46,0,0.25257208765859285,0.2680818132960985,0.268183641344118,0.23983761815586835
shd,learning-development,comparison:projection:i4:n=600,46,0,0.3560207612456748,0.3775587775714519,0.370758091281722,0.34708685988789967
shd,learning-development,practical:large-crc:n=600,46,0,0.4782006920415225,0.48166823195859876,0.34149086607460655,0.47684193901306227
shd,learning-development,practical:lstm:n=600,46,0,0.20745098039215693,0.21014846358034167,0.1992124048186732,0.19331460523855393
shd,learning-development,practical:transformer:n=600,46,0,0.3969607843137255,0.42216047602234796,0.3331038340050436,0.40236023880662497
shd,learning-development,comparison:tuned:q6-i2-qrc:n=2000,46,0,0.5243304498269896,0.5514617791722233,0.4673649762449434,0.5283796458287904
shd,learning-development,comparison:tuned:q6-i2-crc:n=2000,46,0,0.41706055363321803,0.4382208627542321,0.383683697680123,0.41315972145907487
shd,learning-development,comparison:tuned:q6-i4-qrc:n=2000,46,0,0.32087024221453286,0.34018166452986554,0.3147501635725749,0.3154564792587564
shd,learning-development,comparison:tuned:q6-i4-crc:n=2000,46,0,0.42015743944636674,0.43877459818521436,0.34319566518902966,0.41853208889662874
shd,learning-development,comparison:projection:i2:n=2000,46,0,0.20350692041522495,0.21587707330127187,0.1956322798274126,0.18972471077444947
shd,learning-development,comparison:projection:i4:n=2000,46,0,0.2364221453287197,0.261794384091297,0.26581024333014414,0.22836227961013222
shd,learning-development,practical:large-crc:n=2000,46,0,0.41599307958477505,0.42333495976613045,0.28999851945152033,0.418207454405788
shd,learning-development,practical:lstm:n=2000,46,0,0.20912629757785473,0.23109322972458168,0.18614851535846566,0.19823206104328284
shd,learning-development,practical:transformer:n=2000,46,0,0.3658183391003461,0.3844490982903652,0.33263247295844467,0.36677749340362964
shd,learning-development,comparison:tuned:q6-i2-qrc:n=full,46,0,0.4785039461918277,0.5094117449267721,0.4361244770402543,0.4848819200240644
shd,learning-development,comparison:tuned:q6-i2-crc:n=full,46,0,0.3761941957579763,0.3966865974135452,0.3504629045223627,0.372460879713158
shd,learning-development,comparison:tuned:q6-i4-qrc:n=full,46,0,0.2674235060845225,0.2819688042494647,0.25988730339939714,0.2626087818981587
shd,learning-development,comparison:tuned:q6-i4-crc:n=full,46,0,0.36554212864620705,0.3821915992776477,0.31703138409852105,0.3653266660879595
shd,learning-development,comparison:projection:i2:n=full,46,0,0.207075930173788,0.21343657988253084,0.217386408245208,0.19215133598651668
shd,learning-development,comparison:projection:i4:n=full,46,0,0.21238111058880083,0.22998792848198107,0.22522931368251708,0.2044693447162158
shd,learning-development,practical:large-crc:n=full,46,0,0.38620016894578535,0.4032350269825298,0.33212645208788416,0.3898293146375329
shd,learning-development,practical:lstm:n=full,46,0,0.16846863722957195,0.18016729081710448,0.14999423633757514,0.1641804212228637
shd,learning-development,practical:transformer:n=full,46,0,0.30152086551137913,0.3238438854115754,0.24491780115006934,0.3049246732389591
shd,learning-development,comparison:tuned:q6-i2-qrc:n=600,46,1,0.6284883720930232,0.6810330944008323,0.635086230873741,0.6549104418954868
shd,learning-development,comparison:tuned:q6-i2-crc:n=600,46,1,0.559922480620155,0.5901069421324807,0.5608037659370448,0.5741208414410008
shd,learning-development,comparison:tuned:q6-i4-qrc:n=600,46,1,0.4933333333333334,0.5333511437901551,0.47304782779410126,0.5141733289739483
shd,learning-development,comparison:tuned:q6-i4-crc:n=600,46,1,0.5509689922480621,0.5822245474646585,0.5341996400632566,0.5693429535535781
shd,learning-development,comparison:projection:i2:n=600,46,1,0.3037209302325582,0.323788508742589,0.2915504120136479,0.31968989131172476
shd,learning-development,comparison:projection:i4:n=600,46,1,0.36573643410852713,0.41474995671787007,0.3411413289832896,0.38748373705252376
shd,learning-development,practical:large-crc:n=600,46,1,0.5953488372093023,0.5993181057279602,0.500191486623849,0.6089816338114373
shd,learning-development,practical:lstm:n=600,46,1,0.12337209302325591,0.12496613466984619,0.13182504949444473,0.11148206872185396
shd,learning-development,practical:transformer:n=600,46,1,0.04651162790697677,0.051227072301798626,-0.02082718028113062,0.04225045630677837
shd,learning-development,comparison:tuned:q6-i2-qrc:n=2000,46,1,0.4910348837209302,0.5447142228609196,0.4765127696484665,0.5171170569447197
shd,learning-development,comparison:tuned:q6-i2-crc:n=2000,46,1,0.4446744186046512,0.4810617081733905,0.44519361212685465,0.46562175980232384
shd,learning-development,comparison:tuned:q6-i4-qrc:n=2000,46,1,0.39868604651162787,0.4326993950374176,0.3502100978413618,0.41837053666429497
shd,learning-development,comparison:tuned:q6-i4-crc:n=2000,46,1,0.4448372093023255,0.47965277666581607,0.43335221089546627,0.4650686845422164
shd,learning-development,comparison:projection:i2:n=2000,46,1,0.2766046511627907,0.30094840375998866,0.2546286933553483,0.29081246086321294
shd,learning-development,comparison:projection:i4:n=2000,46,1,0.3103953488372093,0.36336634870319695,0.28045963031048826,0.3346951240138173
shd,learning-development,practical:large-crc:n=2000,46,1,0.5313837209302326,0.5291607589634802,0.3859544006670297,0.5487840295642912
shd,learning-development,practical:lstm:n=2000,46,1,0.20611627906976748,0.21077961643737664,0.20358992138310728,0.20425697624807782
shd,learning-development,practical:transformer:n=2000,46,1,0.40274418604651163,0.4615142138723327,0.38992138315422553,0.426740035029134
shd,learning-development,comparison:tuned:q6-i2-qrc:n=full,46,1,0.45365951877579785,0.5060736043133316,0.4443391268507652,0.4805345387280563
shd,learning-development,comparison:tuned:q6-i2-crc:n=full,46,1,0.41781687304943116,0.463766381658652,0.4182415618726771,0.44333514785535544
shd,learning-development,comparison:tuned:q6-i4-qrc:n=full,46,1,0.3630222490687607,0.4011381156804352,0.3093897023779716,0.3857067428442778
shd,learning-development,comparison:tuned:q6-i4-crc:n=full,46,1,0.3989278163696768,0.43063684559841164,0.3723260190736889,0.4208875734911458
shd,learning-development,comparison:projection:i2:n=full,46,1,0.2622848082150408,0.2861429523786236,0.28603688275984357,0.2756422538070012
shd,learning-development,comparison:projection:i4:n=full,46,1,0.29300312091009767,0.3458930421794823,0.2549637024651725,0.3178662864694702
shd,learning-development,practical:large-crc:n=full,46,1,0.5216425047820397,0.5196152608663838,0.35764233909990195,0.5418397307129783
shd,learning-development,practical:lstm:n=full,46,1,0.20842897412664851,0.2266407825084329,0.21649799874249032,0.21472068071120287
shd,learning-development,practical:transformer:n=full,46,1,0.4559322460485251,0.4792246457274639,0.36427487484379484,0.4719340854993923
shd,learning-development,comparison:tuned:q6-i2-qrc:n=600,46,2,0.521880609476101,0.5339142260211991,0.4124736989870833,0.508650778564439
shd,learning-development,comparison:tuned:q6-i2-crc:n=600,46,2,0.4905812982675851,0.4936529526109955,0.4349912937270899,0.47566494587397673
shd,learning-development,comparison:tuned:q6-i4-qrc:n=600,46,2,0.44549676476727196,0.4585469198694848,0.3794615927833246,0.43450384879644177
shd,learning-development,comparison:tuned:q6-i4-crc:n=600,46,2,0.5539615946566478,0.540993882879873,0.45129767755621697,0.5394492335706862
shd,learning-development,comparison:projection:i2:n=600,46,2,0.2149739094134836,0.23427732080384361,0.22371535992994307,0.2034602331160057
shd,learning-development,comparison:projection:i4:n=600,46,2,0.3616499686912961,0.37533375343812625,0.27858425694676137,0.3540975567969584
shd,learning-development,practical:large-crc:n=600,46,2,0.5234815278647464,0.5242551960608323,0.40029989360772755,0.504925326809057
shd,learning-development,practical:lstm:n=600,46,2,0.30407430599039864,0.32810435254617815,0.3507765035984589,0.27996091296613307
shd,learning-development,practical:transformer:n=600,46,2,0.4639375913170528,0.5048399850434421,0.45421727242876164,0.4501822684854916
shd,learning-development,comparison:tuned:q6-i2-qrc:n=2000,46,2,0.4507902316844083,0.4648611691154345,0.37502429779882496,0.4347606968584375
shd,learning-development,comparison:tuned:q6-i2-crc:n=2000,46,2,0.37352316844082656,0.38555038653792684,0.31157231300959376,0.3560757679558373
shd,learning-development,comparison:tuned:q6-i4-qrc:n=2000,46,2,0.3601117720726361,0.3718319783356232,0.3037079933733646,0.34728399449971425
shd,learning-development,comparison:tuned:q6-i4-crc:n=2000,46,2,0.46359830932999374,0.4537286067085111,0.3413411794959679,0.44698119117591056
shd,learning-development,comparison:projection:i2:n=2000,46,2,0.18202379461490298,0.1884715444253851,0.14907012167918354,0.16694575956658325
shd,learning-development,comparison:projection:i4:n=2000,46,2,0.31216875391358795,0.30900542390870206,0.21879331077500797,0.2979524101184982
shd,learning-development,practical:large-crc:n=2000,46,2,0.4983130870381966,0.5020360837504111,0.34635788170550874,0.4806725049784747
shd,learning-development,practical:lstm:n=2000,46,2,0.295434564809017,0.31099774424010895,0.23602446001201927,0.28079124902417807
shd,learning-development,practical:transformer:n=2000,46,2,0.5563324984345648,0.574428071515471,0.4632240742747804,0.5497176586938103
shd,learning-development,comparison:tuned:q6-i2-qrc:n=full,46,2,0.40117070656542797,0.41486191954622886,0.28193002607079265,0.38553813234816076
shd,learning-development,comparison:tuned:q6-i2-crc:n=full,46,2,0.32997868790192875,0.34875520133842686,0.26874210121793685,0.31251987611855403
shd,learning-development,comparison:tuned:q6-i4-qrc:n=full,46,2,0.315781184175315,0.32892606898232235,0.2626121020601144,0.3024685472846179
shd,learning-development,comparison:tuned:q6-i4-crc:n=full,46,2,0.40450264444019335,0.3978299638792102,0.30885584461345905,0.3886405485528893
shd,learning-development,comparison:projection:i2:n=full,46,2,0.16969871957104904,0.17496956062633529,0.1876855224842,0.15448661392816043
shd,learning-development,comparison:projection:i4:n=full,46,2,0.27732699317228654,0.2759647320340138,0.20023464329366458,0.2634384231106232
shd,learning-development,practical:large-crc:n=full,46,2,0.4597402281924613,0.46869653016259716,0.30175430585428376,0.44237084151609973
shd,learning-development,practical:lstm:n=full,46,2,0.38502959441531415,0.3892191944585205,0.27542179313706916,0.37416299643475615
shd,learning-development,practical:transformer:n=full,46,2,0.4862901146480771,0.49624803500013653,0.3855889390904027,0.47418533201847457
shd,learning-development,comparison:tuned:q6-i2-qrc:n=600,46,3,0.5359759188846641,0.5599236125183817,0.5174215951283012,0.5395146348076226
shd,learning-development,comparison:tuned:q6-i2-crc:n=600,46,3,0.4829784537389101,0.5022449039229147,0.475981952999624,0.48646125356654
shd,learning-development,comparison:tuned:q6-i4-qrc:n=600,46,3,0.4108745247148289,0.4204020435781781,0.37290980144477903,0.4129108965941475
shd,learning-development,comparison:tuned:q6-i4-crc:n=600,46,3,0.5000697084917618,0.5055281575684547,0.450168848168256,0.5031146751430138
shd,learning-development,comparison:projection:i2:n=600,46,3,0.21898605830164763,0.2289892307378727,0.21407038268301448,0.2210166411091829
shd,learning-development,comparison:projection:i4:n=600,46,3,0.2924904942965779,0.3111732478011954,0.291372787845104,0.2942248282896952
shd,learning-development,practical:large-crc:n=600,46,3,0.335234474017744,0.3448588518351503,0.2622788850086979,0.3371821580025778
shd,learning-development,practical:lstm:n=600,46,3,0.15737642585551326,0.16479738720748072,0.14868434231660355,0.15831413624012403
shd,learning-development,practical:transformer:n=600,46,3,0.4209632446134347,0.44785081169365726,0.3749167065142325,0.42282697228247346
shd,learning-development,comparison:tuned:q6-i2-qrc:n=2000,46,3,0.4098428390367554,0.43230036107100367,0.37758362797844003,0.4132019848494353
shd,learning-development,comparison:tuned:q6-i2-crc:n=2000,46,3,0.3419017743979721,0.36275185573208735,0.33443115819574554,0.34461994980760047
shd,learning-development,comparison:tuned:q6-i4-qrc:n=2000,46,3,0.2904778200253485,0.3023488029683068,0.24894413002926152,0.29231230903892935
shd,learning-development,comparison:tuned:q6-i4-crc:n=2000,46,3,0.3541869455006337,0.3576780082974649,0.28208506623220797,0.3566180442120719
shd,learning-development,comparison:projection:i2:n=2000,46,3,0.116924588086185,0.11950815664707198,0.05849957688959129,0.11766622827450846
shd,learning-development,comparison:projection:i4:n=2000,46,3,0.19029721166032942,0.1995547132656017,0.1899141007192381,0.19154014037324674
shd,learning-development,practical:large-crc:n=2000,46,3,0.2627585551330799,0.2687196800405256,0.21125838660458574,0.2637711697846825
shd,learning-development,practical:lstm:n=2000,46,3,0.21932129277566548,0.22247085163008518,0.19813964428230246,0.22008173248752938
shd,learning-development,practical:transformer:n=2000,46,3,0.34069328263624843,0.3579490949633941,0.2835406114889787,0.3436505144333092
shd,learning-development,comparison:tuned:q6-i2-qrc:n=full,46,3,0.3333205579234423,0.3532838554316733,0.3022482066864153,0.3358814348238942
shd,learning-development,comparison:tuned:q6-i2-crc:n=full,46,3,0.2766802458627634,0.29603692364762046,0.2697735414613174,0.2786384941111203
shd,learning-development,comparison:tuned:q6-i4-qrc:n=full,46,3,0.25327010570054764,0.26143917367293357,0.19810817105976997,0.2542817433822897
shd,learning-development,comparison:tuned:q6-i4-crc:n=full,46,3,0.2958694438278534,0.29932801121199004,0.21790072047102926,0.2981242450198518
shd,learning-development,comparison:projection:i2:n=full,46,3,0.09062875776704993,0.0874189726585809,0.01860061950543268,0.09114674397753464
shd,learning-development,comparison:projection:i4:n=full,46,3,0.16453743168482637,0.17063930735937016,0.15489859216502866,0.16549908274920355
shd,learning-development,practical:large-crc:n=full,46,3,0.24403561358430625,0.24918710470360017,0.1869464353911171,0.24646875714753358
shd,learning-development,practical:lstm:n=full,46,3,0.23742114511321932,0.24596149445709103,0.20813470765051312,0.23675261998924257
shd,learning-development,practical:transformer:n=full,46,3,0.26473071299030293,0.2569344507304946,0.20879648335952816,0.2669064017040822
dvs,development,comparison:fixed12:q4-i2-crc,42,0,0.1872294372294373,0.19421532890872095,0.19475551764052268,0.1872294372294373
dvs,development,comparison:fixed12:q4-i2-crc,42,1,0.2405243659162155,0.25226965623789904,0.23023135187575888,0.2405243659162154
dvs,development,comparison:fixed12:q4-i2-crc,42,2,0.17690219385134642,0.1882858046828716,0.19131549387467894,0.17690219385134642
dvs,development,comparison:fixed12:q4-i2-crc,42,3,0.07660995720697206,0.0815224846108451,0.07823524660192549,0.07660995720697217
dvs,development,comparison:fixed12:q4-i2-crc,44,0,0.18073593073593075,0.19633145285453085,0.19305509373021923,0.1807359307359308
dvs,development,comparison:fixed12:q4-i2-crc,44,1,0.14519806212596187,0.1452346163082361,0.1289136947411592,0.14519806212596176
dvs,development,comparison:fixed12:q4-i2-crc,44,2,0.2502751485802333,0.267125657564847,0.2652624446993211,0.2502751485802333
dvs,development,comparison:fixed12:q4-i2-crc,44,3,0.09049159795428452,0.08313002713283546,0.06218994047981008,0.09049159795428463
dvs,development,comparison:fixed12:q4-i2-crc,46,0,0.20021645021645018,0.21404486835712694,0.21110350146445567,0.20021645021645018
dvs,development,comparison:fixed12:q4-i2-crc,46,1,0.23510971786833856,0.24249086920877067,0.2325587589033552,0.23510971786833856
dvs,development,comparison:fixed12:q4-i2-crc,46,2,0.2522562183579133,0.2587515762295389,0.2517794207837827,0.25225621835791323
dvs,development,comparison:fixed12:q4-i2-crc,46,3,0.042062415196743586,0.0401254214740463,0.03447340217869199,0.0420624151967437
dvs,development,comparison:fixed12:q4-i2-qrc,42,0,0.11471861471861478,0.11197259754856459,0.10407134322776601,0.11471861471861466
dvs,development,comparison:fixed12:q4-i2-qrc,42,1,0.2170133941293816,0.2270021107601301,0.19340571080250601,0.21701339412938153
dvs,development,comparison:fixed12:q4-i2-qrc,42,2,0.1918702766160394,0.21148474734670958,0.18807318273623252,0.1918702766160394
dvs,development,comparison:fixed12:q4-i2-qrc,42,3,0.16073478760045923,0.1709544586822952,0.1626914355206417,0.16073478760045923
dvs,development,comparison:fixed12:q4-i2-qrc,44,0,0.14448051948051954,0.15376533819977956,0.13552609917598502,0.14448051948051932
dvs,development,comparison:fixed12:q4-i2-qrc,44,1,0.2295525790823597,0.243401024646766,0.23519369671557144,0.2295525790823597
dvs,development,comparison:fixed12:q4-i2-qrc,44,2,0.181011079316164,0.2009916871548033,0.1964691037486026,0.18101107931616423
dvs,development,comparison:fixed12:q4-i2-qrc,44,3,0.06951257697526358,0.0743996667618122,0.07900728863944495,0.06951257697526347
dvs,development,comparison:fixed12:q4-i2-qrc,46,0,0.1336580086580087,0.1337493246630399,0.12194116248157283,0.1336580086580087
dvs,development,comparison:fixed12:q4-i2-qrc,46,1,0.22029068110572808,0.22586477650877446,0.20020807792497508,0.22029068110572825
dvs,development,comparison:fixed12:q4-i2-qrc,46,2,0.18746789933230612,0.1991505495985284,0.16765007255771402,0.18746789933230623
dvs,development,comparison:fixed12:q4-i2-qrc,46,3,0.14580941446613083,0.1600566082236785,0.15441361853040447,0.14580941446613105
dvs,development,comparison:fixed12:q6-i2-crc,42,0,0.1872294372294373,0.19421532890872095,0.19475551764052268,0.1872294372294373
dvs,development,comparison:fixed12:q6-i2-crc,42,1,0.2405243659162155,0.25226965623789904,0.23023135187575888,0.2405243659162154
dvs,development,comparison:fixed12:q6-i2-crc,42,2,0.17690219385134642,0.1882858046828716,0.19131549387467894,0.17690219385134642
dvs,development,comparison:fixed12:q6-i2-crc,42,3,0.07660995720697206,0.0815224846108451,0.07823524660192549,0.07660995720697217
dvs,development,comparison:fixed12:q6-i2-crc,44,0,0.18073593073593075,0.19633145285453085,0.19305509373021923,0.1807359307359308
dvs,development,comparison:fixed12:q6-i2-crc,44,1,0.14519806212596187,0.1452346163082361,0.1289136947411592,0.14519806212596176
dvs,development,comparison:fixed12:q6-i2-crc,44,2,0.2502751485802333,0.267125657564847,0.2652624446993211,0.2502751485802333
dvs,development,comparison:fixed12:q6-i2-crc,44,3,0.09049159795428452,0.08313002713283546,0.06218994047981008,0.09049159795428463
dvs,development,comparison:fixed12:q6-i2-crc,46,0,0.20021645021645018,0.21404486835712694,0.21110350146445567,0.20021645021645018
dvs,development,comparison:fixed12:q6-i2-crc,46,1,0.23510971786833856,0.24249086920877067,0.2325587589033552,0.23510971786833856
dvs,development,comparison:fixed12:q6-i2-crc,46,2,0.2522562183579133,0.2587515762295389,0.2517794207837827,0.25225621835791323
dvs,development,comparison:fixed12:q6-i2-crc,46,3,0.042062415196743586,0.0401254214740463,0.03447340217869199,0.0420624151967437
dvs,development,comparison:fixed12:q6-i2-qrc,42,0,0.125,0.11909968272073457,0.12373213400834504,0.12499999999999989
dvs,development,comparison:fixed12:q6-i2-qrc,42,1,0.23382730122542034,0.240705128892039,0.2004949046418555,0.23382730122542028
dvs,development,comparison:fixed12:q6-i2-qrc,42,2,0.17506786998312418,0.19236851311166847,0.15432993831835873,0.1750678699831243
dvs,development,comparison:fixed12:q6-i2-qrc,42,3,0.13182340048011687,0.1476510773496451,0.09700551644405753,0.13182340048011687
dvs,development,comparison:fixed12:q6-i2-qrc,44,0,0.12824675324675328,0.11686926760630967,0.09080709038524903,0.12824675324675316
dvs,development,comparison:fixed12:q6-i2-qrc,44,1,0.1695639783414078,0.17061309092906007,0.13142530268277453,0.16956397834140802
dvs,development,comparison:fixed12:q6-i2-qrc,44,2,0.20852593733949665,0.21562335391784476,0.2028260694161647,0.20852593733949681
dvs,development,comparison:fixed12:q6-i2-qrc,44,3,0.1225341822356748,0.13035405536370315,0.11368648483417276,0.1225341822356747
dvs,development,comparison:fixed12:q6-i2-qrc,46,0,0.11742424242424243,0.12295697070480016,0.105467446285339,0.11742424242424232
dvs,development,comparison:fixed12:q6-i2-qrc,46,1,0.1838130521516101,0.18762133760995603,0.1530271708347558,0.1838130521516103
dvs,development,comparison:fixed12:q6-i2-qrc,46,2,0.1305304864626899,0.14945969994295466,0.1348889324199195,0.13053048646268994
dvs,development,comparison:fixed12:q6-i2-qrc,46,3,0.20478029433253309,0.21940526441825825,0.21628329110693423,0.20478029433253314
dvs,development,comparison:fixed12:q6-i4-crc,42,0,0.10010822510822515,0.1147590500252138,0.07627402823627394,0.10010822510822492
dvs,development,comparison:fixed12:q6-i4-crc,42,1,0.22912510686805365,0.2220558036882827,0.1837042796124948,0.22912510686805354
dvs,development,comparison:fixed12:q6-i4-crc,42,2,0.013867488443759624,0.011104010265081787,0.011051444419537093,0.013867488443759513
dvs,development,comparison:fixed12:q6-i4-crc,42,3,0.006575514038200558,0.008224322750089108,0.007308463737176196,0.006575514038200669
dvs,development,comparison:fixed12:q6-i4-crc,44,0,0.12716450216450215,0.13877760139941087,0.11294471415811047,0.12716450216450215
dvs,development,comparison:fixed12:q6-i4-crc,44,1,0.20076944998575097,0.18675143160002539,0.14769813034242996,0.20076944998575086
dvs,development,comparison:fixed12:q6-i4-crc,44,2,0.05591019150341181,0.05270550853768419,0.04253367839514832,0.05591019150341192
dvs,development,comparison:fixed12:q6-i4-crc,44,3,0.040809936332324326,0.04573755138490254,0.04149905875376114,0.040809936332324326
dvs,development,comparison:fixed12:q6-i4-crc,46,0,0.06439393939393945,0.08570783015769601,0.06749476790474773,0.06439393939393945
dvs,development,comparison:fixed12:q6-i4-crc,46,1,0.1973496722713024,0.18916230542295354,0.15125624970287743,0.1973496722713024
dvs,development,comparison:fixed12:q6-i4-crc,46,2,0.011666299801892932,0.012076663309159796,0.003948484601921209,0.011666299801893154
dvs,development,comparison:fixed12:q6-i4-crc,46,3,0.0223358730821418,0.024621179510221358,0.019650347264328683,0.02233587308214169
dvs,development,comparison:fixed12:q6-i4-qrc,42,0,0.14610389610389607,0.14700229088352001,0.13887547039819603,0.14610389610389596
dvs,development,comparison:fixed12:q6-i4-qrc,42,1,0.26118552294100883,0.2575358867429126,0.22511379134313803,0.26118552294100883
dvs,development,comparison:fixed12:q6-i4-qrc,42,2,0.11636950620001474,0.11368932644311303,0.09227398417245625,0.11636950620001452
dvs,development,comparison:fixed12:q6-i4-qrc,42,3,0.12576975263542434,0.13332763984722362,0.10458441334961655,0.12576975263542434
dvs,development,comparison:fixed12:q6-i4-qrc,44,0,0.15800865800865804,0.15784568232618001,0.15198624543309835,0.15800865800865793
dvs,development,comparison:fixed12:q6-i4-qrc,44,1,0.27742946708463956,0.2716499629421507,0.23876818755483453,0.27742946708463934
dvs,development,comparison:fixed12:q6-i4-qrc,44,2,0.12099200234793461,0.11731862222434564,0.08883249437138341,0.1209920023479345
dvs,development,comparison:fixed12:q6-i4-qrc,44,3,0.11167936541070866,0.12241415244472431,0.10240529671105947,0.11167936541070855
dvs,development,comparison:fixed12:q6-i4-qrc,46,0,0.15313852813852813,0.15921136048122742,0.14591620477277,0.15313852813852835
dvs,development,comparison:fixed12:q6-i4-qrc,46,1,0.29723567968082065,0.29682769497115147,0.2690512181407245,0.2972356796808209
dvs,development,comparison:fixed12:q6-i4-qrc,46,2,0.09905348888399734,0.10105654373847928,0.08004588945818514,0.09905348888399712
dvs,development,comparison:fixed12:q6-i4-qrc,46,3,0.12169919632606196,0.1500090845168499,0.0962535407427546,0.12169919632606196
dvs,development,comparison:fixed12:q8-i2-crc,42,0,0.1872294372294373,0.19421532890872095,0.19475551764052268,0.1872294372294373
dvs,development,comparison:fixed12:q8-i2-crc,42,1,0.2405243659162155,0.25226965623789904,0.23023135187575888,0.2405243659162154
dvs,development,comparison:fixed12:q8-i2-crc,42,2,0.17690219385134642,0.1882858046828716,0.19131549387467894,0.17690219385134642
dvs,development,comparison:fixed12:q8-i2-crc,42,3,0.07660995720697206,0.0815224846108451,0.07823524660192549,0.07660995720697217
dvs,development,comparison:fixed12:q8-i2-crc,44,0,0.18073593073593075,0.19633145285453085,0.19305509373021923,0.1807359307359308
dvs,development,comparison:fixed12:q8-i2-crc,44,1,0.14519806212596187,0.1452346163082361,0.1289136947411592,0.14519806212596176
dvs,development,comparison:fixed12:q8-i2-crc,44,2,0.2502751485802333,0.267125657564847,0.2652624446993211,0.2502751485802333
dvs,development,comparison:fixed12:q8-i2-crc,44,3,0.09049159795428452,0.08313002713283546,0.06218994047981008,0.09049159795428463
dvs,development,comparison:fixed12:q8-i2-crc,46,0,0.20021645021645018,0.21404486835712694,0.21110350146445567,0.20021645021645018
dvs,development,comparison:fixed12:q8-i2-crc,46,1,0.23510971786833856,0.24249086920877067,0.2325587589033552,0.23510971786833856
dvs,development,comparison:fixed12:q8-i2-crc,46,2,0.2522562183579133,0.2587515762295389,0.2517794207837827,0.25225621835791323
dvs,development,comparison:fixed12:q8-i2-crc,46,3,0.042062415196743586,0.0401254214740463,0.03447340217869199,0.0420624151967437
dvs,development,comparison:fixed12:q8-i2-qrc,42,0,0.11201298701298701,0.10543171120146344,0.08145721282820673,0.1120129870129869
dvs,development,comparison:fixed12:q8-i2-qrc,42,1,0.2881162724422912,0.29784870879424497,0.24216026991756484,0.28811627244229127
dvs,development,comparison:fixed12:q8-i2-qrc,42,2,0.21432240076307874,0.2237268723979517,0.1897558481054641,0.21432240076307874
dvs,development,comparison:fixed12:q8-i2-qrc,42,3,0.14288696378248622,0.15030958273689765,0.14951961014363668,0.14288696378248622
dvs,development,comparison:fixed12:q8-i2-qrc,44,0,0.23755411255411263,0.24028306573266955,0.22867493828255137,0.23755411255411252
dvs,development,comparison:fixed12:q8-i2-qrc,44,1,0.23425477343972645,0.24080139631131614,0.22218618006126045,0.23425477343972645
dvs,development,comparison:fixed12:q8-i2-qrc,44,2,0.19840046958691027,0.2176145656286005,0.20448691787950568,0.19840046958691038
dvs,development,comparison:fixed12:q8-i2-qrc,44,3,0.12629161882893225,0.13102370407093522,0.08895761130142554,0.12629161882893225
dvs,development,comparison:fixed12:q8-i2-qrc,46,0,0.20725108225108224,0.21488290386473102,0.1935772757377196,0.2072510822510823
dvs,development,comparison:fixed12:q8-i2-qrc,46,1,0.20162439441436303,0.20675980765264318,0.18049482089967217,0.20162439441436297
dvs,development,comparison:fixed12:q8-i2-qrc,46,2,0.22129283146232304,0.23400763453234102,0.2443568938401186,0.2212928314623231
dvs,development,comparison:fixed12:q8-i2-qrc,46,3,0.23306544202066592,0.2462851585955924,0.20782696947378632,0.23306544202066598
dvs,development,comparison:fixed12:q8-i4-crc,42,0,0.10010822510822515,0.1147590500252138,0.07627402823627394,0.10010822510822492
dvs,development,comparison:fixed12:q8-i4-crc,42,1,0.22912510686805365,0.2220558036882827,0.1837042796124948,0.22912510686805354
dvs,development,comparison:fixed12:q8-i4-crc,42,2,0.013867488443759624,0.011104010265081787,0.011051444419537093,0.013867488443759513
dvs,development,comparison:fixed12:q8-i4-crc,42,3,0.006575514038200558,0.008224322750089108,0.007308463737176196,0.006575514038200669
dvs,development,comparison:fixed12:q8-i4-crc,44,0,0.12716450216450215,0.13877760139941087,0.11294471415811047,0.12716450216450215
dvs,development,comparison:fixed12:q8-i4-crc,44,1,0.20076944998575097,0.18675143160002539,0.14769813034242996,0.20076944998575086
dvs,development,comparison:fixed12:q8-i4-crc,44,2,0.05591019150341181,0.05270550853768419,0.04253367839514832,0.05591019150341192
dvs,development,comparison:fixed12:q8-i4-crc,44,3,0.040809936332324326,0.04573755138490254,0.04149905875376114,0.040809936332324326
dvs,development,comparison:fixed12:q8-i4-crc,46,0,0.06439393939393945,0.08570783015769601,0.06749476790474773,0.06439393939393945
dvs,development,comparison:fixed12:q8-i4-crc,46,1,0.1973496722713024,0.18916230542295354,0.15125624970287743,0.1973496722713024
dvs,development,comparison:fixed12:q8-i4-crc,46,2,0.011666299801892932,0.012076663309159796,0.003948484601921209,0.011666299801893154
dvs,development,comparison:fixed12:q8-i4-crc,46,3,0.0223358730821418,0.024621179510221358,0.019650347264328683,0.02233587308214169
dvs,development,comparison:fixed12:q8-i4-qrc,42,0,0.11525974025974028,0.11476896716124418,0.09867249079527918,0.11525974025974017
dvs,development,comparison:fixed12:q8-i4-qrc,42,1,0.22570532915360497,0.22437197326498082,0.1743509695713894,0.22570532915360508
dvs,development,comparison:fixed12:q8-i4-qrc,42,2,0.04226282192383879,0.038708134131115846,0.023980145602565894,0.04226282192383879
dvs,development,comparison:fixed12:q8-i4-qrc,42,3,0.12952718922868178,0.142878218233761,0.11549449603418871,0.12952718922868178
dvs,development,comparison:fixed12:q8-i4-qrc,44,0,0.10497835497835495,0.11145037287889603,0.09440754123222705,0.10497835497835517
dvs,development,comparison:fixed12:q8-i4-qrc,44,1,0.22114562553434036,0.21638116608820002,0.1738999318456652,0.22114562553434025
dvs,development,comparison:fixed12:q8-i4-qrc,44,2,0.027074620294959217,0.024920668987117534,0.011230972551053764,0.02707462029495944
dvs,development,comparison:fixed12:q8-i4-qrc,44,3,0.13203214695752008,0.140506863716926,0.127146918418797,0.13203214695752008
dvs,development,comparison:fixed12:q8-i4-qrc,46,0,0.10551948051948046,0.1045870474612608,0.08341096032152673,0.10551948051948046
dvs,development,comparison:fixed12:q8-i4-qrc,46,1,0.2054716443431177,0.20103246927144092,0.17847422012479985,0.2054716443431177
dvs,development,comparison:fixed12:q8-i4-qrc,46,2,0.10705114094944601,0.10434460323786465,0.08766540523184208,0.10705114094944601
dvs,development,comparison:fixed12:q8-i4-qrc,46,3,0.1127230977977246,0.12842897580141022,0.10892234023839842,0.1127230977977246
dvs,development,comparison:fixed12:q8-i6-crc,42,0,0.05411255411255411,0.07535801726016711,0.01837566595617801,0.05411255411255411
dvs,development,comparison:fixed12:q8-i6-crc,42,1,0.21245369051011675,0.20336883278992257,0.15843057840087071,0.21245369051011675
dvs,development,comparison:fixed12:q8-i6-crc,42,2,0.04761904761904767,0.048317094492984825,0.03121625760331792,0.04761904761904767
dvs,development,comparison:fixed12:q8-i6-crc,42,3,0.07963678112931849,0.08944757247954938,0.0613140235638836,0.07963678112931849
dvs,development,comparison:fixed12:q8-i6-crc,44,0,0.05411255411255411,0.0642064718052553,0.03188074041192979,0.054112554112554
dvs,development,comparison:fixed12:q8-i6-crc,44,1,0.24451410658307215,0.23551716755891583,0.1896738086894031,0.24451410658307215
dvs,development,comparison:fixed12:q8-i6-crc,44,2,0.02377283733215929,0.026819805235706817,0.007080403116382139,0.023772837332159402
dvs,development,comparison:fixed12:q8-i6-crc,44,3,0.017534704101868304,0.029130784674261778,0.00825740305795819,0.017534704101868304
dvs,development,comparison:fixed12:q8-i6-crc,46,0,0.09253246753246758,0.10338684957815691,0.05964255403950458,0.09253246753246747
dvs,development,comparison:fixed12:q8-i6-crc,46,1,0.2936734112282702,0.29159583954041723,0.23743657487943115,0.2936734112282703
dvs,development,comparison:fixed12:q8-i6-crc,46,2,0.06669601584855822,0.06642237638490212,0.061368153922592095,0.06669601584855833
dvs,development,comparison:fixed12:q8-i6-crc,46,3,0.018578436488884242,0.02292746272658841,0.02026942596529835,0.018578436488884242
dvs,development,comparison:fixed12:q8-i6-qrc,42,0,0.13582251082251084,0.13988917770032894,0.11928219833763343,0.13582251082251073
dvs,development,comparison:fixed12:q8-i6-qrc,42,1,0.2523510971786833,0.26037006100666904,0.20291037741246565,0.2523510971786834
dvs,development,comparison:fixed12:q8-i6-qrc,42,2,0.08489250862132225,0.08346817407945828,0.06275568161781853,0.08489250862132236
dvs,development,comparison:fixed12:q8-i6-qrc,42,3,0.140068886337543,0.1411229498881893,0.11954692393272293,0.14006888633754322
dvs,development,comparison:fixed12:q8-i6-qrc,44,0,0.125,0.13151055357894748,0.10905319717511641,0.125
dvs,development,comparison:fixed12:q8-i6-qrc,44,1,0.22641778284411507,0.2288398480659144,0.19720303507289505,0.22641778284411518
dvs,development,comparison:fixed12:q8-i6-qrc,44,2,0.02377283733215929,0.02831246369313367,0.014109287273759041,0.023772837332159402
dvs,development,comparison:fixed12:q8-i6-qrc,44,3,0.09372716835403394,0.10714618079667126,0.08648461555498876,0.09372716835403394
dvs,development,comparison:fixed12:q8-i6-qrc,46,0,0.12229437229437234,0.1304666703673113,0.1301451985847547,0.12229437229437234
dvs,development,comparison:fixed12:q8-i6-qrc,46,1,0.23582217155884866,0.2331723990199075,0.20101051109982881,0.23582217155884866
dvs,development,comparison:fixed12:q8-i6-qrc,46,2,0.12906302736811215,0.12840875931872808,0.12615094438654428,0.12906302736811204
dvs,development,comparison:fixed12:q8-i6-qrc,46,3,0.14695752009184848,0.1748715042484591,0.16781096748199353,0.14695752009184848
dvs,development,comparison:fixed:q4-i2-crc,42,0,0.1872294372294373,0.19421532890872095,0.19475551764052268,0.1872294372294373
dvs,development,comparison:fixed:q4-i2-crc,42,1,0.2405243659162155,0.25226965623789904,0.23023135187575888,0.2405243659162154
dvs,development,comparison:fixed:q4-i2-crc,42,2,0.17690219385134642,0.1882858046828716,0.19131549387467894,0.17690219385134642
dvs,development,comparison:fixed:q4-i2-crc,42,3,0.07660995720697206,0.0815224846108451,0.07823524660192549,0.07660995720697217
dvs,development,comparison:fixed:q4-i2-crc,44,0,0.18073593073593075,0.19633145285453085,0.19305509373021923,0.1807359307359308
dvs,development,comparison:fixed:q4-i2-crc,44,1,0.14519806212596187,0.1452346163082361,0.1289136947411592,0.14519806212596176
dvs,development,comparison:fixed:q4-i2-crc,44,2,0.2502751485802333,0.267125657564847,0.2652624446993211,0.2502751485802333
dvs,development,comparison:fixed:q4-i2-crc,44,3,0.09049159795428452,0.08313002713283546,0.06218994047981008,0.09049159795428463
dvs,development,comparison:fixed:q4-i2-crc,46,0,0.20021645021645018,0.21404486835712694,0.21110350146445567,0.20021645021645018
dvs,development,comparison:fixed:q4-i2-crc,46,1,0.23510971786833856,0.24249086920877067,0.2325587589033552,0.23510971786833856
dvs,development,comparison:fixed:q4-i2-crc,46,2,0.2522562183579133,0.2587515762295389,0.2517794207837827,0.25225621835791323
dvs,development,comparison:fixed:q4-i2-crc,46,3,0.042062415196743586,0.0401254214740463,0.03447340217869199,0.0420624151967437
dvs,development,comparison:fixed:q4-i2-qrc,42,0,0.11471861471861478,0.11197259754856459,0.10407134322776601,0.11471861471861466
dvs,development,comparison:fixed:q4-i2-qrc,42,1,0.2170133941293816,0.2270021107601301,0.19340571080250601,0.21701339412938153
dvs,development,comparison:fixed:q4-i2-qrc,42,2,0.1918702766160394,0.21148474734670958,0.18807318273623252,0.1918702766160394
dvs,development,comparison:fixed:q4-i2-qrc,42,3,0.16073478760045923,0.1709544586822952,0.1626914355206417,0.16073478760045923
dvs,development,comparison:fixed:q4-i2-qrc,44,0,0.14448051948051954,0.15376533819977956,0.13552609917598502,0.14448051948051932
dvs,development,comparison:fixed:q4-i2-qrc,44,1,0.2295525790823597,0.243401024646766,0.23519369671557144,0.2295525790823597
dvs,development,comparison:fixed:q4-i2-qrc,44,2,0.181011079316164,0.2009916871548033,0.1964691037486026,0.18101107931616423
dvs,development,comparison:fixed:q4-i2-qrc,44,3,0.06951257697526358,0.0743996667618122,0.07900728863944495,0.06951257697526347
dvs,development,comparison:fixed:q4-i2-qrc,46,0,0.1336580086580087,0.1337493246630399,0.12194116248157283,0.1336580086580087
dvs,development,comparison:fixed:q4-i2-qrc,46,1,0.22029068110572808,0.22586477650877446,0.20020807792497508,0.22029068110572825
dvs,development,comparison:fixed:q4-i2-qrc,46,2,0.18746789933230612,0.1991505495985284,0.16765007255771402,0.18746789933230623
dvs,development,comparison:fixed:q4-i2-qrc,46,3,0.14580941446613083,0.1600566082236785,0.15441361853040447,0.14580941446613105
dvs,development,comparison:fixed:q6-i2-crc,42,0,0.2543290043290043,0.2613736303375892,0.26451670870313093,0.2543290043290043
dvs,development,comparison:fixed:q6-i2-crc,42,1,0.18908520946138507,0.1984134615963058,0.19263966810510402,0.18908520946138518
dvs,development,comparison:fixed:q6-i2-crc,42,2,0.2807249247927214,0.29743816917014587,0.2798811859247842,0.2807249247927214
dvs,development,comparison:fixed:q6-i2-crc,42,3,0.04686358417701708,0.04870563462917221,0.04061945801016076,0.04686358417701708
dvs,development,comparison:fixed:q6-i2-crc,44,0,0.20400432900432908,0.2116606581488072,0.20156878011269685,0.20400432900432908
dvs,development,comparison:fixed:q6-i2-crc,44,1,0.2390994585351952,0.2452829559712335,0.229453649211371,0.239099458535195
dvs,development,comparison:fixed:q6-i2-crc,44,2,0.28556753980482796,0.31286065564897086,0.2801361619457785,0.285567539804828
dvs,development,comparison:fixed:q6-i2-crc,44,3,0.09612775284417074,0.09167945085947427,0.07798336952345142,0.09612775284417097
dvs,development,comparison:fixed:q6-i2-crc,46,0,0.2316017316017316,0.24681281326879856,0.23898895390079794,0.2316017316017316
dvs,development,comparison:fixed:q6-i2-crc,46,1,0.25947563408378455,0.2641759892877055,0.242766046178018,0.2594756340837846
dvs,development,comparison:fixed:q6-i2-crc,46,2,0.240810037420207,0.24786608144650368,0.23016782576766948,0.240810037420207
dvs,development,comparison:fixed:q6-i2-crc,46,3,0.07097380231708583,0.06675956605664135,0.05837581507007372,0.07097380231708594
dvs,development,comparison:fixed:q6-i2-qrc,42,0,0.14989177489177496,0.14717530573675341,0.15373485749829274,0.14989177489177496
dvs,development,comparison:fixed:q6-i2-qrc,42,1,0.24109432886862353,0.24792224408316887,0.21305837837716857,0.24109432886862353
dvs,development,comparison:fixed:q6-i2-qrc,42,2,0.21212121212121215,0.23554829723462478,0.20964118931090203,0.21212121212121215
dvs,development,comparison:fixed:q6-i2-qrc,42,3,0.1648053439098215,0.16954490515377252,0.14168166947767602,0.1648053439098217
dvs,development,comparison:fixed:q6-i2-qrc,44,0,0.18506493506493504,0.180779317305645,0.16059109160859952,0.18506493506493504
dvs,development,comparison:fixed:q6-i2-qrc,44,1,0.19920205186662876,0.2097487675105637,0.17944456910738216,0.19920205186662865
dvs,development,comparison:fixed:q6-i2-qrc,44,2,0.24521241470394012,0.2588132591552628,0.2507405233911807,0.24521241470394012
dvs,development,comparison:fixed:q6-i2-qrc,44,3,0.1372508088926,0.15237957520715562,0.14504745233946537,0.13725080889259988
dvs,development,comparison:fixed:q6-i2-qrc,46,0,0.17748917748917747,0.18993347149144169,0.16081473678302094,0.17748917748917747
dvs,development,comparison:fixed:q6-i2-qrc,46,1,0.21630094043887144,0.22347275588545085,0.19608992609556086,0.21630094043887155
dvs,development,comparison:fixed:q6-i2-qrc,46,2,0.15731161493873358,0.18245633340837414,0.1721596567393775,0.15731161493873358
dvs,development,comparison:fixed:q6-i2-qrc,46,3,0.16971088612879653,0.1669291334725544,0.14135958573924223,0.1697108861287966
dvs,development,comparison:fixed:q6-i4-crc,42,0,0.09307359307359309,0.11207370789647464,0.08040096248535789,0.0930735930735932
dvs,development,comparison:fixed:q6-i4-crc,42,1,0.2222855514391564,0.21270021762784008,0.16168723291018094,0.22228555143915651
dvs,development,comparison:fixed:q6-i4-crc,42,2,0.04960011739672754,0.04753552438604036,0.03401542005370861,0.04960011739672754
dvs,development,comparison:fixed:q6-i4-crc,42,3,0.023275232230456133,0.031062819228476424,0.02223642443782725,0.023275232230456022
dvs,development,comparison:fixed:q6-i4-crc,44,0,0.10768398268398272,0.1308804021905292,0.07727419711759553,0.1076839826839826
dvs,development,comparison:fixed:q6-i4-crc,44,1,0.23339982901111422,0.22287040536694414,0.19146482382779395,0.23339982901111433
dvs,development,comparison:fixed:q6-i4-crc,44,2,0.07542739746129579,0.07306208748668164,0.05342022748642139,0.07542739746129568
dvs,development,comparison:fixed:q6-i4-crc,44,3,0.06210207702745019,0.06711620013353037,0.029552509992318954,0.06210207702745019
dvs,development,comparison:fixed:q6-i4-crc,46,0,0.05086580086580095,0.07047266444398415,0.03233599612712301,0.050865800865800725
dvs,development,comparison:fixed:q6-i4-crc,46,1,0.22698774579652314,0.2226768929236389,0.19515859757824594,0.22698774579652337
dvs,development,comparison:fixed:q6-i4-crc,46,2,0.03206398121652365,0.029954962216477643,0.026300987981313306,0.03206398121652354
dvs,development,comparison:fixed:q6-i4-crc,46,3,0.019726542114601786,0.02400877273730795,0.019037440700677588,0.019726542114601564
dvs,development,comparison:fixed:q6-i4-qrc,42,0,0.1612554112554112,0.16047019574993093,0.1539057204126668,0.1612554112554112
dvs,development,comparison:fixed:q6-i4-qrc,42,1,0.29210601310914797,0.29562146011931056,0.26722646324431354,0.29210601310914786
dvs,development,comparison:fixed:q6-i4-qrc,42,2,0.11005943209333036,0.1110617562085443,0.09423593893830617,0.11005943209333047
dvs,development,comparison:fixed:q6-i4-qrc,42,3,0.09383154159273566,0.0984277613380442,0.08743445868075428,0.09383154159273543
dvs,development,comparison:fixed:q6-i4-qrc,44,0,0.1958874458874459,0.19523103405684095,0.17707385235486772,0.195887445887446
dvs,development,comparison:fixed:q6-i4-qrc,44,1,0.286548874323169,0.28734997257776174,0.25015183530726326,0.286548874323169
dvs,development,comparison:fixed:q6-i4-qrc,44,2,0.08562623816861104,0.082380114082928,0.06830039769005158,0.08562623816861104
dvs,development,comparison:fixed:q6-i4-qrc,44,3,0.1375639286087048,0.1449062934950912,0.11587337733877767,0.13756392860870492
dvs,development,comparison:fixed:q6-i4-qrc,46,0,0.17099567099567103,0.1742265350862665,0.1645188901144481,0.17099567099567103
dvs,development,comparison:fixed:q6-i4-qrc,46,1,0.2651752636078655,0.26339902825944406,0.2421972366136419,0.26517526360786536
dvs,development,comparison:fixed:q6-i4-qrc,46,2,0.08129723383960674,0.08064740009721838,0.06202903810542493,0.08129723383960685
dvs,development,comparison:fixed:q6-i4-qrc,46,3,0.14278259054378462,0.15954384157057255,0.13992096673531507,0.1427825905437844
dvs,development,comparison:fixed:q8-i2-crc,42,0,0.1385281385281385,0.14382907985882643,0.13844466562953472,0.1385281385281384
dvs,development,comparison:fixed:q8-i2-crc,42,1,0.18025078369905956,0.18657628285519867,0.16142925914878103,0.18025078369905956
dvs,development,comparison:fixed:q8-i2-crc,42,2,0.20683835938073225,0.2187472914798939,0.21798360099750635,0.20683835938073203
dvs,development,comparison:fixed:q8-i2-crc,42,3,0.0030268239223463222,0.002405135943693626,-0.011408677921688759,0.0030268239223464333
dvs,development,comparison:fixed:q8-i2-crc,44,0,0.22023809523809523,0.23475648877773647,0.22863012459808607,0.22023809523809523
dvs,development,comparison:fixed:q8-i2-crc,44,1,0.2185807922485039,0.22402439193575308,0.19909256818545362,0.2185807922485039
dvs,development,comparison:fixed:q8-i2-crc,44,2,0.20749871597329228,0.22042698596283394,0.2039013529279633,0.20749871597329228
dvs,development,comparison:fixed:q8-i2-crc,44,3,0.07640121072956896,0.07396605652219268,0.0830683030908731,0.07640121072956885
dvs,development,comparison:fixed:q8-i2-crc,46,0,0.18560606060606066,0.19489123625426696,0.19103084949840532,0.18560606060606055
dvs,development,comparison:fixed:q8-i2-crc,46,1,0.22898261612995163,0.22688864299006561,0.19635864626743083,0.2289826161299514
dvs,development,comparison:fixed:q8-i2-crc,46,2,0.2445520581113802,0.2616464396620111,0.2419141908218604,0.2445520581113801
dvs,development,comparison:fixed:q8-i2-crc,46,3,0.10593883728212083,0.1032453968441095,0.09623599109717684,0.10593883728212083
dvs,development,comparison:fixed:q8-i2-qrc,42,0,0.2932900432900434,0.2995670230671107,0.2724809983750397,0.29329004329004327
dvs,development,comparison:fixed:q8-i2-qrc,42,1,0.3649187802792819,0.36962335575991595,0.33755935455406316,0.3649187802792819
dvs,development,comparison:fixed:q8-i2-qrc,42,2,0.3035439137134053,0.3201638028723601,0.30236058504665686,0.30354391371340517
dvs,development,comparison:fixed:q8-i2-qrc,42,3,0.23682287861392337,0.2428329753851597,0.2210544820882946,0.23682287861392326
dvs,development,comparison:fixed:q8-i2-qrc,44,0,0.2716450216450216,0.2698532630033802,0.25233394240806284,0.2716450216450217
dvs,development,comparison:fixed:q8-i2-qrc,44,1,0.30749501282416636,0.3171443546604009,0.28761054370358274,0.3074950128241666
dvs,development,comparison:fixed:q8-i2-qrc,44,2,0.2501284026707755,0.2651336079337069,0.24027865813270077,0.25012840267077563
dvs,development,comparison:fixed:q8-i2-qrc,44,3,0.21605260411230565,0.2164171932333796,0.16620443444317523,0.21605260411230565
dvs,development,comparison:fixed:q8-i2-qrc,46,0,0.31385281385281383,0.32315622524542376,0.30792627477538526,0.3138528138528136
dvs,development,comparison:fixed:q8-i2-qrc,46,1,0.3241664291821031,0.3244084939540291,0.28419575179137213,0.3241664291821031
dvs,development,comparison:fixed:q8-i2-qrc,46,2,0.3133025166923472,0.3257295686319348,0.3272020753045818,0.31330251669234727
dvs,development,comparison:fixed:q8-i2-qrc,46,3,0.275754096649619,0.2756423738209117,0.25857499494037883,0.2757540966496191
dvs,development,comparison:fixed:q8-i4-crc,42,0,0.08549783549783552,0.10299609106063845,0.08229165651244419,0.0854978354978354
dvs,development,comparison:fixed:q8-i4-crc,42,1,0.22527785693929891,0.2216191656400336,0.1967808284151349,0.2252778569392987
dvs,development,comparison:fixed:q8-i4-crc,42,2,0.04893976080416751,0.05010780780598201,0.04487742796098926,0.04893976080416773
dvs,development,comparison:fixed:q8-i4-crc,42,3,0.0698256966913684,0.07502750934225833,0.05937971940171838,0.06982569669136818
dvs,development,comparison:fixed:q8-i4-crc,44,0,0.0892857142857143,0.1057223661987351,0.0741869969155029,0.08928571428571441
dvs,development,comparison:fixed:q8-i4-crc,44,1,0.18381305215161015,0.18207043443361504,0.14351377808182042,0.18381305215161015
dvs,development,comparison:fixed:q8-i4-crc,44,2,0.08790079976520648,0.08921616018397416,0.07808266420388366,0.0879007997652067
dvs,development,comparison:fixed:q8-i4-crc,44,3,0.04101868280972765,0.04628380714901836,0.0400527311150668,0.041018682809727425
dvs,development,comparison:fixed:q8-i4-crc,46,0,0.11038961038961037,0.12773408249950724,0.10186254279973816,0.11038961038961059
dvs,development,comparison:fixed:q8-i4-crc,46,1,0.22214306070105438,0.21387442708156523,0.17237389844814377,0.2221430607010545
dvs,development,comparison:fixed:q8-i4-crc,46,2,0.10118130457113517,0.09725224516298625,0.08026802683160084,0.10118130457113506
dvs,development,comparison:fixed:q8-i4-crc,46,3,0.04936854190585538,0.05404052364321166,0.05285102851593937,0.04936854190585527
dvs,development,comparison:fixed:q8-i4-qrc,42,0,0.14989177489177485,0.1478339028419582,0.12656830080684167,0.14989177489177485
dvs,development,comparison:fixed:q8-i4-qrc,42,1,0.2573382730122542,0.25713512400255656,0.22450157985622488,0.2573382730122542
dvs,development,comparison:fixed:q8-i4-qrc,42,2,0.09090909090909083,0.08632838980669855,0.06260122210499452,0.09090909090909083
dvs,development,comparison:fixed:q8-i4-qrc,42,3,0.12201231604216678,0.13062674006860853,0.10469671521718804,0.12201231604216689
dvs,development,comparison:fixed:q8-i4-qrc,44,0,0.137987012987013,0.13826055694961836,0.1274908274135731,0.137987012987013
dvs,development,comparison:fixed:q8-i4-qrc,44,1,0.22998005129666566,0.22721280261567123,0.19702229566017893,0.22998005129666577
dvs,development,comparison:fixed:q8-i4-qrc,44,2,0.07762858610316237,0.07066293765239029,0.04622473877017863,0.07762858610316248
dvs,development,comparison:fixed:q8-i4-qrc,44,3,0.10917440768187037,0.1144528794680193,0.10388005623159968,0.10917440768187026
dvs,development,comparison:fixed:q8-i4-qrc,46,0,0.13257575757575757,0.13116507149290635,0.11616025305303912,0.13257575757575757
dvs,development,comparison:fixed:q8-i4-qrc,46,1,0.23154744941578798,0.22902607494020388,0.21806711829187508,0.23154744941578786
dvs,development,comparison:fixed:q8-i4-qrc,46,2,0.14902047105436933,0.15516450329334508,0.14358821351170103,0.14902047105436933
dvs,development,comparison:fixed:q8-i4-qrc,46,3,0.13411961173155207,0.14151709157594816,0.1254363756930129,0.13411961173155196
dvs,development,comparison:fixed:q8-i6-crc,42,0,0.0892857142857143,0.0961696253078308,0.06571471964340325,0.08928571428571419
dvs,development,comparison:fixed:q8-i6-crc,42,1,0.22128811627244227,0.21523144456243648,0.17289674477645656,0.22128811627244238
dvs,development,comparison:fixed:q8-i6-crc,42,2,0.06222026561009619,0.060529726358131364,0.04835711898055339,0.062220265610096304
dvs,development,comparison:fixed:q8-i6-crc,42,3,0.030372612462164716,0.03343232546285535,0.024140482795584783,0.030372612462164716
dvs,development,comparison:fixed:q8-i6-crc,44,0,0.12229437229437234,0.14301004464299572,0.09142653843796011,0.12229437229437246
dvs,development,comparison:fixed:q8-i6-crc,44,1,0.24465659732117406,0.2315533593597533,0.18311142633909472,0.2446565973211744
dvs,development,comparison:fixed:q8-i6-crc,44,2,0.06713625357693154,0.06670891229785825,0.05544620624132224,0.06713625357693154
dvs,development,comparison:fixed:q8-i6-crc,44,3,0.047385450370524995,0.054429944959809684,0.04175758449248057,0.047385450370524995
dvs,development,comparison:fixed:q8-i6-crc,46,0,0.06764069264069272,0.07939449136266052,0.03434110029237736,0.06764069264069261
dvs,development,comparison:fixed:q8-i6-crc,46,1,0.25619834710743794,0.2504059299676338,0.2089274651901295,0.25619834710743805
dvs,development,comparison:fixed:q8-i6-crc,46,2,0.0532687651331718,0.05484486792058463,0.053233720962224895,0.05326876513317236
dvs,development,comparison:fixed:q8-i6-crc,46,3,0.07212190794280349,0.08270576529785156,0.08317048828525064,0.07212190794280327
dvs,development,comparison:fixed:q8-i6-qrc,42,0,0.11850649350649356,0.12001133294930755,0.11169278379349301,0.11850649350649356
dvs,development,comparison:fixed:q8-i6-qrc,42,1,0.2514961527500712,0.24925700523548844,0.20854523337291841,0.2514961527500712
dvs,development,comparison:fixed:q8-i6-qrc,42,2,0.1085186000440237,0.1044409931928375,0.07030221737401543,0.10851860004402358
dvs,development,comparison:fixed:q8-i6-qrc,42,3,0.10875691472706406,0.11674781166132353,0.0985137775460756,0.10875691472706406
dvs,development,comparison:fixed:q8-i6-qrc,44,0,0.11904761904761907,0.12097289054718441,0.11062504762435543,0.11904761904761874
dvs,development,comparison:fixed:q8-i6-qrc,44,1,0.2768595041322315,0.2690879673702333,0.22012669494467585,0.2768595041322315
dvs,development,comparison:fixed:q8-i6-qrc,44,2,0.08870790226722425,0.08499674710001615,0.060418836703283296,0.08870790226722425
dvs,development,comparison:fixed:q8-i6-qrc,44,3,0.135163344118568,0.1437651128847225,0.1128967307770008,0.13516334411856823
dvs,development,comparison:fixed:q8-i6-qrc,46,0,0.15963203463203457,0.16076661755225963,0.15628033329524849,0.1596320346320348
dvs,development,comparison:fixed:q8-i6-qrc,46,1,0.3302935309204902,0.3288831133698359,0.2895862063796799,0.3302935309204904
dvs,development,comparison:fixed:q8-i6-qrc,46,2,0.16670335314403117,0.1610384038735787,0.1326038391723109,0.16670335314403106
dvs,development,comparison:fixed:q8-i6-qrc,46,3,0.13119716104790735,0.14370078357728255,0.12811047182690838,0.13119716104790735
dvs,development,comparison:projection:i2,42,0,0.07954545454545453,0.07926837272655834,0.03264023601458432,0.07954545454545447
dvs,development,comparison:projection:i2,42,1,0.14177828441151324,0.14921541288912932,0.13562454876057428,0.14177828441151324
dvs,development,comparison:projection:i2,42,2,0.07872918042409566,0.09693475147968983,0.10908259345927407,0.07872918042409566
dvs,development,comparison:projection:i2,42,3,0.024110218140068862,0.03078236473139323,0.08071391128807398,0.024110218140068806
dvs,development,comparison:projection:i2,44,0,0.07954545454545453,0.07926837272655834,0.03264023601458432,0.07954545454545447
dvs,development,comparison:projection:i2,44,1,0.14177828441151324,0.14921541288912932,0.13562454876057428,0.14177828441151324
dvs,development,comparison:projection:i2,44,2,0.07872918042409566,0.09693475147968983,0.10908259345927407,0.07872918042409566
dvs,development,comparison:projection:i2,44,3,0.024110218140068862,0.03078236473139323,0.08071391128807398,0.024110218140068806
dvs,development,comparison:projection:i2,46,0,0.07954545454545453,0.07926837272655834,0.03264023601458432,0.07954545454545447
dvs,development,comparison:projection:i2,46,1,0.14177828441151324,0.14921541288912932,0.13562454876057428,0.14177828441151324
dvs,development,comparison:projection:i2,46,2,0.07872918042409566,0.09693475147968983,0.10908259345927407,0.07872918042409566
dvs,development,comparison:projection:i2,46,3,0.024110218140068862,0.03078236473139323,0.08071391128807398,0.024110218140068806
dvs,development,comparison:projection:i4,42,0,0.12716450216450215,0.14654087355711576,0.1293800521009849,0.12716450216450226
dvs,development,comparison:projection:i4,42,1,0.22485038472499297,0.2328892772928579,0.20087610669379785,0.22485038472499275
dvs,development,comparison:projection:i4,42,2,0.05297527331425633,0.0478033052590755,0.021418206494717373,0.052975273314256555
dvs,development,comparison:projection:i4,42,3,0.1175242667779981,0.13375276987901763,0.1176039382019165,0.1175242667779981
dvs,development,comparison:projection:i4,44,0,0.12716450216450215,0.14654087355711576,0.1293800521009849,0.12716450216450226
dvs,development,comparison:projection:i4,44,1,0.22485038472499297,0.2328892772928579,0.20087610669379785,0.22485038472499275
dvs,development,comparison:projection:i4,44,2,0.05297527331425633,0.0478033052590755,0.021418206494717373,0.052975273314256555
dvs,development,comparison:projection:i4,44,3,0.1175242667779981,0.13375276987901763,0.1176039382019165,0.1175242667779981
dvs,development,comparison:projection:i4,46,0,0.12716450216450215,0.14654087355711576,0.1293800521009849,0.12716450216450226
dvs,development,comparison:projection:i4,46,1,0.22485038472499297,0.2328892772928579,0.20087610669379785,0.22485038472499275
dvs,development,comparison:projection:i4,46,2,0.05297527331425633,0.0478033052590755,0.021418206494717373,0.052975273314256555
dvs,development,comparison:projection:i4,46,3,0.1175242667779981,0.13375276987901763,0.1176039382019165,0.1175242667779981
dvs,development,comparison:projection:i6,42,0,0.11471861471861466,0.13152964579201176,0.10678856496299927,0.11471861471861455
dvs,development,comparison:projection:i6,42,1,0.24009689370190934,0.25508087155249404,0.22005453609961723,0.24009689370190934
dvs,development,comparison:projection:i6,42,2,0.06706288062220267,0.061427881813517105,0.03930011830252256,0.06706288062220267
dvs,development,comparison:projection:i6,42,3,0.09884145705041225,0.10933007692246388,0.07430292641572256,0.09884145705041225
dvs,development,comparison:projection:i6,44,0,0.11471861471861466,0.13152964579201176,0.10678856496299927,0.11471861471861455
dvs,development,comparison:projection:i6,44,1,0.24009689370190934,0.25508087155249404,0.22005453609961723,0.24009689370190934
dvs,development,comparison:projection:i6,44,2,0.06706288062220267,0.061427881813517105,0.03930011830252256,0.06706288062220267
dvs,development,comparison:projection:i6,44,3,0.09884145705041225,0.10933007692246388,0.07430292641572256,0.09884145705041225
dvs,development,comparison:projection:i6,46,0,0.11471861471861466,0.13152964579201176,0.10678856496299927,0.11471861471861455
dvs,development,comparison:projection:i6,46,1,0.24009689370190934,0.25508087155249404,0.22005453609961723,0.24009689370190934
dvs,development,comparison:projection:i6,46,2,0.06706288062220267,0.061427881813517105,0.03930011830252256,0.06706288062220267
dvs,development,comparison:projection:i6,46,3,0.09884145705041225,0.10933007692246388,0.07430292641572256,0.09884145705041225
dvs,development,comparison:tuned:q4-i2-crc,42,0,0.2012987012987012,0.2015321691527946,0.20198235811314447,0.2012987012987012
dvs,development,comparison:tuned:q4-i2-crc,42,1,0.2208606440581362,0.2292099119347869,0.20708637952886244,0.2208606440581361
dvs,development,comparison:tuned:q4-i2-crc,42,2,0.17249981656761315,0.18206661582659345,0.17575493792451335,0.17249981656761315
dvs,development,comparison:tuned:q4-i2-crc,42,3,0.11731552030059489,0.13502378253238723,0.1058328278884525,0.117315520300595
dvs,development,comparison:tuned:q4-i2-crc,44,0,0.23971861471861478,0.2423011060617387,0.22280666707762298,0.23971861471861478
dvs,development,comparison:tuned:q4-i2-crc,44,1,0.17725847819891705,0.1969907279955857,0.15481038117084045,0.17725847819891716
dvs,development,comparison:tuned:q4-i2-crc,44,2,0.2247413603345807,0.23917472759235436,0.22197937506996768,0.2247413603345807
dvs,development,comparison:tuned:q4-i2-crc,44,3,0.07306126709111782,0.06801221413034164,0.035422662698622376,0.07306126709111782
dvs,development,comparison:tuned:q4-i2-crc,46,0,0.2094155844155844,0.2116244466956999,0.21467610156242012,0.2094155844155844
dvs,development,comparison:tuned:q4-i2-crc,46,1,0.19763465374750644,0.2104057346733783,0.1592486689631557,0.19763465374750633
dvs,development,comparison:tuned:q4-i2-crc,46,2,0.1945117029862793,0.20144227066190123,0.1915139031143972,0.1945117029862795
dvs,development,comparison:tuned:q4-i2-crc,46,3,0.08088925999373753,0.08771590764219395,0.057082247954640786,0.08088925999373753
dvs,development,comparison:tuned:q4-i2-qrc,42,0,0.21969696969696972,0.22884781618034822,0.2273597884960985,0.21969696969696983
dvs,development,comparison:tuned:q4-i2-qrc,42,1,0.24807637503562263,0.2513601166487072,0.23800532465001412,0.24807637503562263
dvs,development,comparison:tuned:q4-i2-qrc,42,2,0.22254017169271412,0.24271346693826013,0.21099342763154705,0.2225401716927139
dvs,development,comparison:tuned:q4-i2-qrc,42,3,0.1996660056361549,0.21033346575041967,0.2061071756597569,0.199666005636155
dvs,development,comparison:tuned:q4-i2-qrc,44,0,0.20292207792207795,0.2010583282866838,0.1998259307388539,0.20292207792207784
dvs,development,comparison:tuned:q4-i2-qrc,44,1,0.24764890282131657,0.2562665528800895,0.22202323977190352,0.24764890282131669
dvs,development,comparison:tuned:q4-i2-qrc,44,2,0.21762418372587866,0.22638745576059405,0.20219657426056759,0.21762418372587866
dvs,development,comparison:tuned:q4-i2-qrc,44,3,0.1941342239849702,0.2066986865072159,0.1866485237573341,0.1941342239849702
dvs,development,comparison:tuned:q4-i2-qrc,46,0,0.23268398268398272,0.2396215373713091,0.22762847982352385,0.2326839826839825
dvs,development,comparison:tuned:q4-i2-qrc,46,1,0.2258478198917071,0.23412089910792555,0.20272290953622707,0.225847819891707
dvs,development,comparison:tuned:q4-i2-qrc,46,2,0.2287768728446694,0.2344800763419712,0.20107240619794897,0.22877687284466952
dvs,development,comparison:tuned:q4-i2-qrc,46,3,0.1876630831854712,0.18116314146752832,0.17172004090099702,0.1876630831854712
dvs,development,comparison:tuned:q6-i2-crc,42,0,0.17261904761904756,0.17537485409484177,0.17788126839146134,0.17261904761904767
dvs,development,comparison:tuned:q6-i2-crc,42,1,0.23183243089199201,0.24477031749207423,0.22050139312639994,0.23183243089199201
dvs,development,comparison:tuned:q6-i2-crc,42,2,0.2453591606133979,0.26404639572483024,0.2435418304190503,0.2453591606133979
dvs,development,comparison:tuned:q6-i2-crc,42,3,0.10813067529485443,0.1042427551879539,0.07232933160319877,0.10813067529485443
dvs,development,comparison:tuned:q6-i2-crc,44,0,0.16341991341991335,0.16374428679696162,0.16039899010519043,0.16341991341991347
dvs,development,comparison:tuned:q6-i2-crc,44,1,0.24522656027358225,0.2532215739325233,0.22573471261636724,0.24522656027358236
dvs,development,comparison:tuned:q6-i2-crc,44,2,0.24169051287695364,0.2554359333984335,0.24227002937267839,0.24169051287695364
dvs,development,comparison:tuned:q6-i2-crc,44,3,0.09905020352781546,0.1057331521936955,0.08883244395723122,0.09905020352781535
dvs,development,comparison:tuned:q6-i2-crc,46,0,0.19047619047619047,0.1946978505239334,0.19488261166441123,0.19047619047619047
dvs,development,comparison:tuned:q6-i2-crc,46,1,0.19207751496152747,0.20061604336108962,0.18335137953774516,0.19207751496152758
dvs,development,comparison:tuned:q6-i2-crc,46,2,0.19465844889573702,0.2018977990488966,0.17988097892037558,0.19465844889573714
dvs,development,comparison:tuned:q6-i2-crc,46,3,0.09884145705041225,0.09790103687819252,0.05012054165025237,0.09884145705041225
dvs,development,comparison:tuned:q6-i2-qrc,42,0,0.14989177489177496,0.14717530573675341,0.15373485749829274,0.14989177489177496
dvs,development,comparison:tuned:q6-i2-qrc,42,1,0.24109432886862353,0.24792224408316887,0.21305837837716857,0.24109432886862353
dvs,development,comparison:tuned:q6-i2-qrc,42,2,0.21212121212121215,0.23554829723462478,0.20964118931090203,0.21212121212121215
dvs,development,comparison:tuned:q6-i2-qrc,42,3,0.1648053439098215,0.16954490515377252,0.14168166947767602,0.1648053439098217
dvs,development,comparison:tuned:q6-i2-qrc,44,0,0.18506493506493504,0.180779317305645,0.16059109160859952,0.18506493506493504
dvs,development,comparison:tuned:q6-i2-qrc,44,1,0.19920205186662876,0.2097487675105637,0.17944456910738216,0.19920205186662865
dvs,development,comparison:tuned:q6-i2-qrc,44,2,0.24521241470394012,0.2588132591552628,0.2507405233911807,0.24521241470394012
dvs,development,comparison:tuned:q6-i2-qrc,44,3,0.1372508088926,0.15237957520715562,0.14504745233946537,0.13725080889259988
dvs,development,comparison:tuned:q6-i2-qrc,46,0,0.17748917748917747,0.18993347149144169,0.16081473678302094,0.17748917748917747
dvs,development,comparison:tuned:q6-i2-qrc,46,1,0.21630094043887144,0.22347275588545085,0.19608992609556086,0.21630094043887155
dvs,development,comparison:tuned:q6-i2-qrc,46,2,0.15731161493873358,0.18245633340837414,0.1721596567393775,0.15731161493873358
dvs,development,comparison:tuned:q6-i2-qrc,46,3,0.16971088612879653,0.1669291334725544,0.14135958573924223,0.1697108861287966
dvs,development,comparison:tuned:q6-i4-crc,42,0,0.0719696969696969,0.07790120477415985,0.07286750593490265,0.0719696969696969
dvs,development,comparison:tuned:q6-i4-crc,42,1,0.224992875463095,0.21615317403491796,0.18460549444855234,0.22499287546309488
dvs,development,comparison:tuned:q6-i4-crc,42,2,0.040501871010345636,0.0401385724407296,0.0289152084781108,0.04050187101034586
dvs,development,comparison:tuned:q6-i4-crc,42,3,0.11794175973280452,0.12713712929663956,0.10544908076722204,0.1179417597328043
dvs,development,comparison:tuned:q6-i4-crc,44,0,0.12824675324675328,0.13512683329662845,0.1325152119835672,0.12824675324675328
dvs,development,comparison:tuned:q6-i4-crc,44,1,0.20931889427187234,0.2022700501514857,0.1729681879986522,0.20931889427187245
dvs,development,comparison:tuned:q6-i4-crc,44,2,0.08511262748550885,0.08693066100717062,0.07410109592248049,0.08511262748550896
dvs,development,comparison:tuned:q6-i4-crc,44,3,0.14413944264690537,0.15340598976021436,0.12296599497974658,0.14413944264690548
dvs,development,comparison:tuned:q6-i4-crc,46,0,0.10497835497835506,0.11041660777163276,0.09782084044908046,0.10497835497835517
dvs,development,comparison:tuned:q6-i4-crc,46,1,0.2155884867483614,0.20944573581859416,0.17892684001987713,0.2155884867483614
dvs,development,comparison:tuned:q6-i4-crc,46,2,0.13449262601804968,0.13214587684340762,0.10264870928609893,0.13449262601804968
dvs,development,comparison:tuned:q6-i4-crc,46,3,0.09612775284417074,0.09902106228802754,0.09512676740234738,0.09612775284417052
dvs,development,comparison:tuned:q6-i4-qrc,42,0,0.1612554112554112,0.16047019574993093,0.1539057204126668,0.1612554112554112
dvs,development,comparison:tuned:q6-i4-qrc,42,1,0.29210601310914797,0.29562146011931056,0.26722646324431354,0.29210601310914786
dvs,development,comparison:tuned:q6-i4-qrc,42,2,0.11005943209333036,0.1110617562085443,0.09423593893830617,0.11005943209333047
dvs,development,comparison:tuned:q6-i4-qrc,42,3,0.09383154159273566,0.0984277613380442,0.08743445868075428,0.09383154159273543
dvs,development,comparison:tuned:q6-i4-qrc,44,0,0.1958874458874459,0.19523103405684095,0.17707385235486772,0.195887445887446
dvs,development,comparison:tuned:q6-i4-qrc,44,1,0.286548874323169,0.28734997257776174,0.25015183530726326,0.286548874323169
dvs,development,comparison:tuned:q6-i4-qrc,44,2,0.08562623816861104,0.082380114082928,0.06830039769005158,0.08562623816861104
dvs,development,comparison:tuned:q6-i4-qrc,44,3,0.1375639286087048,0.1449062934950912,0.11587337733877767,0.13756392860870492
dvs,development,comparison:tuned:q6-i4-qrc,46,0,0.17099567099567103,0.1742265350862665,0.1645188901144481,0.17099567099567103
dvs,development,comparison:tuned:q6-i4-qrc,46,1,0.2651752636078655,0.26339902825944406,0.2421972366136419,0.26517526360786536
dvs,development,comparison:tuned:q6-i4-qrc,46,2,0.08129723383960674,0.08064740009721838,0.06202903810542493,0.08129723383960685
dvs,development,comparison:tuned:q6-i4-qrc,46,3,0.14278259054378462,0.15954384157057255,0.13992096673531507,0.1427825905437844
dvs,development,comparison:tuned:q8-i2-crc,42,0,0.1737012987012987,0.17353469775930908,0.16209773681595918,0.1737012987012988
dvs,development,comparison:tuned:q8-i2-crc,42,1,0.2610430322029068,0.27272758664035013,0.24403870733539323,0.2610430322029069
dvs,development,comparison:tuned:q8-i2-crc,42,2,0.21402890894416315,0.21831266319293086,0.1873930449305422,0.21402890894416315
dvs,development,comparison:tuned:q8-i2-crc,42,3,0.16699718192255508,0.16884260364582437,0.13865772704856316,0.16699718192255508
dvs,development,comparison:tuned:q8-i2-crc,44,0,0.22402597402597402,0.223745285674394,0.2087557851890509,0.22402597402597402
dvs,development,comparison:tuned:q8-i2-crc,44,1,0.20005699629524076,0.20743238251217466,0.1854074625621963,0.20005699629524076
dvs,development,comparison:tuned:q8-i2-crc,44,2,0.2264289382933451,0.23647539193174982,0.20739096587355355,0.2264289382933452
dvs,development,comparison:tuned:q8-i2-crc,44,3,0.1751382945412796,0.17595646937101272,0.13915173699722283,0.1751382945412796
dvs,development,comparison:tuned:q8-i2-crc,46,0,0.21266233766233766,0.21314397079786218,0.20200636340962674,0.21266233766233766
dvs,development,comparison:tuned:q8-i2-crc,46,1,0.2507836990595612,0.2623297298720386,0.24532757436331676,0.2507836990595612
dvs,development,comparison:tuned:q8-i2-crc,46,2,0.2802113141096192,0.29546781636960606,0.2730659881310785,0.2802113141096191
dvs,development,comparison:tuned:q8-i2-crc,46,3,0.13453710468635838,0.13741474062007675,0.10287641712957885,0.13453710468635838
dvs,development,comparison:tuned:q8-i2-qrc,42,0,0.2932900432900434,0.2995670230671107,0.2724809983750397,0.29329004329004327
dvs,development,comparison:tuned:q8-i2-qrc,42,1,0.3649187802792819,0.36962335575991595,0.33755935455406316,0.3649187802792819
dvs,development,comparison:tuned:q8-i2-qrc,42,2,0.3035439137134053,0.3201638028723601,0.30236058504665686,0.30354391371340517
dvs,development,comparison:tuned:q8-i2-qrc,42,3,0.23682287861392337,0.2428329753851597,0.2210544820882946,0.23682287861392326
dvs,development,comparison:tuned:q8-i2-qrc,44,0,0.2716450216450216,0.2698532630033802,0.25233394240806284,0.2716450216450217
dvs,development,comparison:tuned:q8-i2-qrc,44,1,0.30749501282416636,0.3171443546604009,0.28761054370358274,0.3074950128241666
dvs,development,comparison:tuned:q8-i2-qrc,44,2,0.2501284026707755,0.2651336079337069,0.24027865813270077,0.25012840267077563
dvs,development,comparison:tuned:q8-i2-qrc,44,3,0.21605260411230565,0.2164171932333796,0.16620443444317523,0.21605260411230565
dvs,development,comparison:tuned:q8-i2-qrc,46,0,0.31385281385281383,0.32315622524542376,0.30792627477538526,0.3138528138528136
dvs,development,comparison:tuned:q8-i2-qrc,46,1,0.3241664291821031,0.3244084939540291,0.28419575179137213,0.3241664291821031
dvs,development,comparison:tuned:q8-i2-qrc,46,2,0.3133025166923472,0.3257295686319348,0.3272020753045818,0.31330251669234727
dvs,development,comparison:tuned:q8-i2-qrc,46,3,0.275754096649619,0.2756423738209117,0.25857499494037883,0.2757540966496191
dvs,development,comparison:tuned:q8-i4-crc,42,0,0.04653679653679654,0.050427833643104436,0.04334590841735142,0.046536796536796765
dvs,development,comparison:tuned:q8-i4-crc,42,1,0.2001994870333429,0.19771548654143623,0.1683343340294119,0.2001994870333429
dvs,development,comparison:tuned:q8-i4-crc,42,2,0.02538704233619482,0.02670799204879626,0.02035752006103342,0.02538704233619493
dvs,development,comparison:tuned:q8-i4-crc,42,3,0.08704728107713189,0.09210355693903216,0.0783042005475999,0.08704728107713178
dvs,development,comparison:tuned:q8-i4-crc,44,0,0.08766233766233766,0.09284564582601196,0.09229804829519983,0.08766233766233766
dvs,development,comparison:tuned:q8-i4-crc,44,1,0.22698774579652325,0.21686000097772062,0.1723251932079154,0.22698774579652314
dvs,development,comparison:tuned:q8-i4-crc,44,2,0.08071025020177569,0.08100627222784895,0.06776277834830957,0.08071025020177569
dvs,development,comparison:tuned:q8-i4-crc,44,3,0.07170441498799707,0.08173492551796546,0.07093082582726584,0.07170441498799729
dvs,development,comparison:tuned:q8-i4-crc,46,0,0.08658008658008653,0.09075623490887741,0.078600360095046,0.08658008658008676
dvs,development,comparison:tuned:q8-i4-crc,46,1,0.1996295240809347,0.18812124126385854,0.15651451001781636,0.19962952408093482
dvs,development,comparison:tuned:q8-i4-crc,46,2,0.06031256878714508,0.059525358614611834,0.0485452435505509,0.06031256878714508
dvs,development,comparison:tuned:q8-i4-crc,46,3,0.06878196430435235,0.07435496443709089,0.06471493050504529,0.06878196430435224
dvs,development,comparison:tuned:q8-i4-qrc,42,0,0.14989177489177485,0.1478339028419582,0.12656830080684167,0.14989177489177485
dvs,development,comparison:tuned:q8-i4-qrc,42,1,0.2573382730122542,0.25713512400255656,0.22450157985622488,0.2573382730122542
dvs,development,comparison:tuned:q8-i4-qrc,42,2,0.09090909090909083,0.08632838980669855,0.06260122210499452,0.09090909090909083
dvs,development,comparison:tuned:q8-i4-qrc,42,3,0.12201231604216678,0.13062674006860853,0.10469671521718804,0.12201231604216689
dvs,development,comparison:tuned:q8-i4-qrc,44,0,0.137987012987013,0.13826055694961836,0.1274908274135731,0.137987012987013
dvs,development,comparison:tuned:q8-i4-qrc,44,1,0.22998005129666566,0.22721280261567123,0.19702229566017893,0.22998005129666577
dvs,development,comparison:tuned:q8-i4-qrc,44,2,0.07762858610316237,0.07066293765239029,0.04622473877017863,0.07762858610316248
dvs,development,comparison:tuned:q8-i4-qrc,44,3,0.10917440768187037,0.1144528794680193,0.10388005623159968,0.10917440768187026
dvs,development,comparison:tuned:q8-i4-qrc,46,0,0.13257575757575757,0.13116507149290635,0.11616025305303912,0.13257575757575757
dvs,development,comparison:tuned:q8-i4-qrc,46,1,0.23154744941578798,0.22902607494020388,0.21806711829187508,0.23154744941578786
dvs,development,comparison:tuned:q8-i4-qrc,46,2,0.14902047105436933,0.15516450329334508,0.14358821351170103,0.14902047105436933
dvs,development,comparison:tuned:q8-i4-qrc,46,3,0.13411961173155207,0.14151709157594816,0.1254363756930129,0.13411961173155196
dvs,development,comparison:tuned:q8-i6-crc,42,0,0.07683982683982682,0.08108195034690513,0.06135243645350685,0.07683982683982682
dvs,development,comparison:tuned:q8-i6-crc,42,1,0.2143060701054431,0.20715017778928324,0.17443620873273746,0.2143060701054431
dvs,development,comparison:tuned:q8-i6-crc,42,2,0.06735637244111825,0.06668527732243246,0.05759466052581752,0.06735637244111814
dvs,development,comparison:tuned:q8-i6-crc,42,3,0.07170441498799707,0.07925128939228254,0.05695168219773006,0.07170441498799707
dvs,development,comparison:tuned:q8-i6-crc,44,0,0.08170995670995673,0.08768085342645748,0.05938275123168846,0.08170995670995695
dvs,development,comparison:tuned:q8-i6-crc,44,1,0.23810202336848107,0.23869382412457596,0.19546543799308536,0.23810202336848096
dvs,development,comparison:tuned:q8-i6-crc,44,2,0.05473622422774971,0.05654902936958117,0.046194522869068555,0.0547362242277496
dvs,development,comparison:tuned:q8-i6-crc,44,3,0.08391608391608385,0.09130886838627639,0.06461099782626112,0.08391608391608396
dvs,development,comparison:tuned:q8-i6-crc,46,0,0.08441558441558439,0.09092766525250684,0.06824570483421433,0.08441558441558428
dvs,development,comparison:tuned:q8-i6-crc,46,1,0.22257053291536044,0.22492964248002822,0.17850399377166148,0.22257053291536033
dvs,development,comparison:tuned:q8-i6-crc,46,2,0.05532320786558076,0.05556948692807928,0.044170242783940106,0.05532320786558098
dvs,development,comparison:tuned:q8-i6-crc,46,3,0.06158021083394216,0.07156450406180448,0.05322664405799549,0.06158021083394205
dvs,development,comparison:tuned:q8-i6-qrc,42,0,0.11850649350649356,0.12001133294930755,0.11169278379349301,0.11850649350649356
dvs,development,comparison:tuned:q8-i6-qrc,42,1,0.2514961527500712,0.24925700523548844,0.20854523337291841,0.2514961527500712
dvs,development,comparison:tuned:q8-i6-qrc,42,2,0.1085186000440237,0.1044409931928375,0.07030221737401543,0.10851860004402358
dvs,development,comparison:tuned:q8-i6-qrc,42,3,0.10875691472706406,0.11674781166132353,0.0985137775460756,0.10875691472706406
dvs,development,comparison:tuned:q8-i6-qrc,44,0,0.11904761904761907,0.12097289054718441,0.11062504762435543,0.11904761904761874
dvs,development,comparison:tuned:q8-i6-qrc,44,1,0.2768595041322315,0.2690879673702333,0.22012669494467585,0.2768595041322315
dvs,development,comparison:tuned:q8-i6-qrc,44,2,0.08870790226722425,0.08499674710001615,0.060418836703283296,0.08870790226722425
dvs,development,comparison:tuned:q8-i6-qrc,44,3,0.135163344118568,0.1437651128847225,0.1128967307770008,0.13516334411856823
dvs,development,comparison:tuned:q8-i6-qrc,46,0,0.15963203463203457,0.16076661755225963,0.15628033329524849,0.1596320346320348
dvs,development,comparison:tuned:q8-i6-qrc,46,1,0.3302935309204902,0.3288831133698359,0.2895862063796799,0.3302935309204904
dvs,development,comparison:tuned:q8-i6-qrc,46,2,0.16670335314403117,0.1610384038735787,0.1326038391723109,0.16670335314403106
dvs,development,comparison:tuned:q8-i6-qrc,46,3,0.13119716104790735,0.14370078357728255,0.12811047182690838,0.13119716104790735
dvs,mapping-screen,mapping:screen:i2:legacy,42,0,0.0806277056277056,0.09606954984644628,0.15595224711081151,0.08062770562770566
dvs,mapping-screen,mapping:screen:i2:legacy,42,1,0.20447420917640355,0.2019569315038736,0.24257114923907075,0.20447420917640338
dvs,mapping-screen,mapping:screen:i2:legacy,42,2,0.07440017609509136,0.08445442450811264,0.08255320481437556,0.07440017609509136
dvs,mapping-screen,mapping:screen:i2:legacy,42,3,0.05041227429287126,0.05245197454648132,0.06138785502154498,0.05041227429287132
dvs,mapping-screen,mapping:screen:i2:orthogonal,42,0,0.08279220779220775,0.1037550629124751,0.15921175915097124,0.08279220779220775
dvs,mapping-screen,mapping:screen:i2:orthogonal,42,1,0.2190082644628099,0.22923109932868405,0.2753260725394078,0.2190082644628099
dvs,mapping-screen,mapping:screen:i2:orthogonal,42,2,0.09597182478538413,0.10877982358806182,0.16285633199804506,0.09597182478538413
dvs,mapping-screen,mapping:screen:i2:orthogonal,42,3,0.0711825487944891,0.08112087603183832,0.04553491348768124,0.07118254879448904
dvs,mapping-screen,mapping:screen:i2:pca,42,0,0.07413419913419911,0.0715931093945707,0.0241354429529258,0.07413419913419905
dvs,mapping-screen,mapping:screen:i2:pca,42,1,0.14334568253063545,0.1491630478695356,0.12612177425327986,0.14334568253063557
dvs,mapping-screen,mapping:screen:i2:pca,42,2,0.08768068090101988,0.1045528757533622,0.1304203618022462,0.08768068090101988
dvs,mapping-screen,mapping:screen:i2:pca,42,3,0.025467070243189616,0.0335208307539448,0.08529057542118679,0.02546707024318967
dvs,mapping-screen,mapping:screen:i2:pooling,42,0,0.016233766233766267,0.03235109734457381,0.09652292027828857,0.016233766233766267
dvs,mapping-screen,mapping:screen:i2:pooling,42,1,0.1366486178398404,0.1260637125009958,0.1193752488723534,0.13664861783984045
dvs,mapping-screen,mapping:screen:i2:pooling,42,2,0.08760730794629101,0.09580272718397492,0.1170621071219693,0.08760730794629107
dvs,mapping-screen,mapping:screen:i2:pooling,42,3,0.08516856278050311,0.08223043776012323,0.11187636691410108,0.08516856278050311
dvs,mapping-screen,mapping:screen:i4:legacy,42,0,0.20292207792207795,0.20690862707145974,0.16162217609181062,0.202922077922078
dvs,mapping-screen,mapping:screen:i4:legacy,42,1,0.1892277001994871,0.18475768108095358,0.14279993029404808,0.18922770019948698
dvs,mapping-screen,mapping:screen:i4:legacy,42,2,0.04827940421160759,0.04365317671488361,0.03926280157361872,0.048279404211607646
dvs,mapping-screen,mapping:screen:i4:legacy,42,3,0.08662978812232536,0.10987633024785015,0.0958341796364281,0.08662978812232541
dvs,mapping-screen,mapping:screen:i4:orthogonal,42,0,0.20346320346320346,0.2197663089987278,0.17134020118198012,0.20346320346320346
dvs,mapping-screen,mapping:screen:i4:orthogonal,42,1,0.20646907950983184,0.20314630324530986,0.16886318435250142,0.20646907950983195
dvs,mapping-screen,mapping:screen:i4:orthogonal,42,2,0.08100374202069122,0.07782463004767354,0.07186625989335932,0.08100374202069105
dvs,mapping-screen,mapping:screen:i4:orthogonal,42,3,0.07942803465191528,0.10513310647251195,0.09175332387663049,0.07942803465191528
dvs,mapping-screen,mapping:screen:i4:pca,42,0,0.11309523809523803,0.13275460332636635,0.11427335140435202,0.11309523809523803
dvs,mapping-screen,mapping:screen:i4:pca,42,1,0.21758335708178966,0.22192565325886415,0.1925704671296472,0.21758335708178966
dvs,mapping-screen,mapping:screen:i4:pca,42,2,0.05202142490278083,0.04976023876813129,0.02693960890910141,0.05202142490278072
dvs,mapping-screen,mapping:screen:i4:pca,42,3,0.12316042166788443,0.13979099543596107,0.1210293084729932,0.12316042166788421
dvs,mapping-screen,mapping:screen:i4:pooling,42,0,0.044913419913419905,0.057494972436795466,0.14880464590442183,0.044913419913420016
dvs,mapping-screen,mapping:screen:i4:pooling,42,1,0.18153320034197773,0.17448690036407188,0.1649228386014046,0.1815332003419779
dvs,mapping-screen,mapping:screen:i4:pooling,42,2,0.03426516985839023,0.04495671120724759,0.029675720810149464,0.03426516985839012
dvs,mapping-screen,mapping:screen:i4:pooling,42,3,0.09320530216052603,0.09712192838486672,0.18043277005158675,0.09320530216052603
dvs,development,observations:crc2:all,42,0,0.16341991341991347,0.16737971938508422,0.16821793132487883,0.16341991341991335
dvs,development,observations:crc2:all,42,1,0.21174123681960677,0.23435199043102367,0.2286179742620975,0.21174123681960677
dvs,development,observations:crc2:all,42,2,0.19172353070658155,0.2013109119469768,0.184068102032936,0.19172353070658177
dvs,development,observations:crc2:all,42,3,-0.033086316668406224,-0.039174455525078256,-0.03622481904773356,-0.033086316668406224
dvs,development,observations:crc2:all,44,0,0.15097402597402598,0.1522179679890142,0.14987691201625875,0.15097402597402598
dvs,development,observations:crc2:all,44,1,0.17227130236534627,0.17696790466351386,0.1385576949314712,0.17227130236534616
dvs,development,observations:crc2:all,44,2,0.153202729473916,0.15862893836950764,0.15131322431862815,0.15320272947391578
dvs,development,observations:crc2:all,44,3,0.028702640642939148,0.031104071719519788,0.008516596409575916,0.02870264064293926
dvs,development,observations:crc2:all,46,0,0.1428571428571429,0.14833298731656008,0.15258145529296696,0.1428571428571428
dvs,development,observations:crc2:all,46,1,0.15517241379310354,0.1693271291892241,0.14466621030154891,0.15517241379310354
dvs,development,observations:crc2:all,46,2,0.21806442145425198,0.22783528866369995,0.1987007010851638,0.21806442145425203
dvs,development,observations:crc2:all,46,3,-0.019309049159795366,-0.015359648650269286,-0.07014405191099038,-0.019309049159795366
dvs,development,observations:crc2:products,42,0,0.17640692640692646,0.1826308515246362,0.18462032091133906,0.17640692640692646
dvs,development,observations:crc2:products,42,1,0.19791963522371048,0.21252346459690152,0.18978804290436524,0.19791963522371048
dvs,development,observations:crc2:products,42,2,0.19385134639371926,0.20611786162381407,0.18895842020554288,0.19385134639371948
dvs,development,observations:crc2:products,42,3,-0.0030268239223463222,-0.005250247437336153,-0.012373184289125372,-0.0030268239223463222
dvs,development,observations:crc2:products,44,0,0.15097402597402598,0.15401436719178319,0.1485447960928692,0.15097402597402598
dvs,development,observations:crc2:products,44,1,0.18951268167569113,0.19458231796117575,0.14962881659456762,0.18951268167569113
dvs,development,observations:crc2:products,44,2,0.16552938586836896,0.1764928749508935,0.17469046545998979,0.16552938586836896
dvs,development,observations:crc2:products,44,3,0.06032773196952301,0.058970096819069284,0.04796751058386339,0.0603277319695229
dvs,development,observations:crc2:products,46,0,0.17586580086580095,0.18212614587200338,0.17567885124228544,0.17586580086580084
dvs,development,observations:crc2:products,46,1,0.17298375605585647,0.18450899608521998,0.1634617017429607,0.17298375605585647
dvs,development,observations:crc2:products,46,2,0.21087387189082107,0.21595583994537915,0.18752201063836427,0.21087387189082107
dvs,development,observations:crc2:products,46,3,0.06105834464043425,0.06057027585244901,0.023243344647177144,0.06105834464043425
dvs,development,observations:crc2:width24,42,0,0.17965367965367973,0.18345898322056142,0.17687576377879677,0.1796536796536795
dvs,development,observations:crc2:width24,42,1,0.19207751496152747,0.19666840904857308,0.16204601683155384,0.19207751496152747
dvs,development,observations:crc2:width24,42,2,0.19414483821263484,0.19928121071399063,0.17659310705838394,0.19414483821263484
dvs,development,observations:crc2:width24,42,3,0.06940820373656198,0.06711200497737835,0.043348484836276624,0.06940820373656187
dvs,development,observations:crc2:width24,44,0,0.1601731601731602,0.16218480183418704,0.15685169399825072,0.1601731601731602
dvs,development,observations:crc2:width24,44,1,0.16457680250783702,0.17367170280242072,0.1410671953184679,0.16457680250783702
dvs,development,observations:crc2:width24,44,2,0.21116736370973654,0.2254009590589391,0.21773172143022657,0.21116736370973666
dvs,development,observations:crc2:width24,44,3,0.023379605469157627,0.0244807868472372,-0.008273062683836097,0.023379605469157627
dvs,development,observations:crc2:width24,46,0,0.15854978354978355,0.16326054757767494,0.156514392879069,0.15854978354978344
dvs,development,observations:crc2:width24,46,1,0.17497862638928474,0.18419538247683087,0.15622201252748702,0.17497862638928485
dvs,development,observations:crc2:width24,46,2,0.22848338102575394,0.22991081343646846,0.21434840044824133,0.22848338102575405
dvs,development,observations:crc2:width24,46,3,0.062415196743555,0.059523486027396766,0.04012478748482018,0.062415196743555
dvs,development,observations:crc4:all,42,0,0.045454545454545414,0.05282085065680753,0.03475190400461514,0.04545454545454519
dvs,development,observations:crc4:all,42,1,0.21003134796238254,0.2009861990189491,0.16711014046447736,0.21003134796238265
dvs,development,observations:crc4:all,42,2,-0.007630787291804331,-0.007146511177462234,-0.01249943351476479,-0.007630787291804109
dvs,development,observations:crc4:all,42,3,0.11314059075253113,0.11896584256276765,0.09902198341730462,0.11314059075253102
dvs,development,observations:crc4:all,44,0,0.06168831168831168,0.06706418025703276,0.05963035792342941,0.06168831168831179
dvs,development,observations:crc4:all,44,1,0.1929324593901396,0.18351550520490323,0.14456952934413536,0.1929324593901396
dvs,development,observations:crc4:all,44,2,0.06478831902560711,0.06416968700463865,0.04785860240294193,0.06478831902560711
dvs,development,observations:crc4:all,44,3,0.11021814006888642,0.12225585136951511,0.09843442364778943,0.11021814006888653
dvs,development,observations:crc4:all,46,0,0.07629870129870131,0.0852515571233543,0.05847826735362227,0.07629870129870142
dvs,development,observations:crc4:all,46,1,0.18737532060416073,0.17950693764521064,0.1504285174271116,0.18737532060416073
dvs,development,observations:crc4:all,46,2,0.0888546481766821,0.08864696949021533,0.07364793257696,0.0888546481766821
dvs,development,observations:crc4:all,46,3,0.09404028807013887,0.10240672765766268,0.09573431897524398,0.09404028807013876
dvs,development,observations:crc4:products,42,0,0.08116883116883111,0.0874144402071032,0.08052699515095829,0.08116883116883111
dvs,development,observations:crc4:products,42,1,0.2017668851524651,0.19790777830085915,0.17608317990361488,0.201766885152465
dvs,development,observations:crc4:products,42,2,0.04233619487856777,0.042150185722860445,0.02765590953274566,0.04233619487856788
dvs,development,observations:crc4:products,42,3,0.11616741467487735,0.12599867923647534,0.11434605387030539,0.11616741467487746
dvs,development,observations:crc4:products,44,0,0.13906926406926412,0.14716484725374945,0.13465788863964168,0.1390692640692638
dvs,development,observations:crc4:products,44,1,0.20746651467654598,0.20184628591135068,0.17646783838913815,0.20746651467654598
dvs,development,observations:crc4:products,44,2,0.07916941815246903,0.0792662905315199,0.06387046320111178,0.07916941815246903
dvs,development,observations:crc4:products,44,3,0.15050621020770272,0.16095868069572983,0.13611315211895414,0.15050621020770272
dvs,development,observations:crc4:products,46,0,0.1331168831168832,0.13925245893444027,0.12859368955217498,0.13311688311688308
dvs,development,observations:crc4:products,46,1,0.2127386719863209,0.20841807454461458,0.18778982989549386,0.21273867198632124
dvs,development,observations:crc4:products,46,2,0.14153642967202285,0.14057069904151331,0.09924222669623528,0.14153642967202273
dvs,development,observations:crc4:products,46,3,0.10406011898549206,0.11002103138234964,0.09999205893830354,0.10406011898549217
dvs,development,observations:crc4:width24,42,0,0.09199134199134196,0.09400077779363925,0.08977019637496741,0.09199134199134207
dvs,development,observations:crc4:width24,42,1,0.22257053291536044,0.2192501822746301,0.1869095369303856,0.22257053291536044
dvs,development,observations:crc4:width24,42,2,0.05407586763518968,0.055579254595253036,0.04474947023997722,0.05407586763518957
dvs,development,observations:crc4:width24,42,3,0.14601816094353404,0.15227863760638738,0.14518333321790322,0.14601816094353393
dvs,development,observations:crc4:width24,44,0,0.12662337662337664,0.13119841585255876,0.12613984546898283,0.12662337662337675
dvs,development,observations:crc4:width24,44,1,0.2033342832715873,0.1909340670170646,0.15163616519992162,0.2033342832715872
dvs,development,observations:crc4:width24,44,2,0.12201922371413898,0.12079880052885217,0.09546239813553892,0.12201922371413898
dvs,development,observations:crc4:width24,44,3,0.10719131614653998,0.11201759743923012,0.10609756825810568,0.10719131614653998
dvs,development,observations:crc4:width24,46,0,0.12229437229437223,0.12600826529795872,0.12241802216191322,0.12229437229437223
dvs,development,observations:crc4:width24,46,1,0.1987745796523227,0.19064345194471455,0.17326256727124922,0.1987745796523226
dvs,development,observations:crc4:width24,46,2,0.10257539071098387,0.10315483059965236,0.08075065108443502,0.1025753907109841
dvs,development,observations:crc4:width24,46,3,0.1250391399645131,0.12904587446237292,0.11923471991153323,0.125039139964513
dvs,development,observations:projection:i2,42,0,0.07413419913419911,0.0715931093945707,0.0241354429529258,0.07413419913419905
dvs,development,observations:projection:i2,42,1,0.14334568253063545,0.1491630478695356,0.12612177425327986,0.14334568253063557
dvs,development,observations:projection:i2,42,2,0.08768068090101988,0.1045528757533622,0.1304203618022462,0.08768068090101988
dvs,development,observations:projection:i2,42,3,0.025467070243189616,0.0335208307539448,0.08529057542118679,0.02546707024318967
dvs,development,observations:projection:i2,44,0,0.07413419913419911,0.0715931093945707,0.0241354429529258,0.07413419913419905
dvs,development,observations:projection:i2,44,1,0.14334568253063545,0.1491630478695356,0.12612177425327986,0.14334568253063557
dvs,development,observations:projection:i2,44,2,0.08768068090101988,0.1045528757533622,0.1304203618022462,0.08768068090101988
dvs,development,observations:projection:i2,44,3,0.025467070243189616,0.0335208307539448,0.08529057542118679,0.02546707024318967
dvs,development,observations:projection:i2,46,0,0.07413419913419911,0.0715931093945707,0.0241354429529258,0.07413419913419905
dvs,development,observations:projection:i2,46,1,0.14334568253063545,0.1491630478695356,0.12612177425327986,0.14334568253063557
dvs,development,observations:projection:i2,46,2,0.08768068090101988,0.1045528757533622,0.1304203618022462,0.08768068090101988
dvs,development,observations:projection:i2,46,3,0.025467070243189616,0.0335208307539448,0.08529057542118679,0.02546707024318967
dvs,development,observations:projection:i4,42,0,0.11309523809523803,0.13275460332636635,0.11427335140435202,0.11309523809523803
dvs,development,observations:projection:i4,42,1,0.21758335708178966,0.22192565325886415,0.1925704671296472,0.21758335708178966
dvs,development,observations:projection:i4,42,2,0.05202142490278083,0.04976023876813129,0.02693960890910141,0.05202142490278072
dvs,development,observations:projection:i4,42,3,0.12316042166788443,0.13979099543596107,0.1210293084729932,0.12316042166788421
dvs,development,observations:projection:i4,44,0,0.11309523809523803,0.13275460332636635,0.11427335140435202,0.11309523809523803
dvs,development,observations:projection:i4,44,1,0.21758335708178966,0.22192565325886415,0.1925704671296472,0.21758335708178966
dvs,development,observations:projection:i4,44,2,0.05202142490278083,0.04976023876813129,0.02693960890910141,0.05202142490278072
dvs,development,observations:projection:i4,44,3,0.12316042166788443,0.13979099543596107,0.1210293084729932,0.12316042166788421
dvs,development,observations:projection:i4,46,0,0.11309523809523803,0.13275460332636635,0.11427335140435202,0.11309523809523803
dvs,development,observations:projection:i4,46,1,0.21758335708178966,0.22192565325886415,0.1925704671296472,0.21758335708178966
dvs,development,observations:projection:i4,46,2,0.05202142490278083,0.04976023876813129,0.02693960890910141,0.05202142490278072
dvs,development,observations:projection:i4,46,3,0.12316042166788443,0.13979099543596107,0.1210293084729932,0.12316042166788421
dvs,development,observations:qrc2:all,42,0,0.20400432900432897,0.19867375270628318,0.18951863330140695,0.20400432900432908
dvs,development,observations:qrc2:all,42,1,0.29353092049016816,0.3000748173459382,0.2708808660668651,0.29353092049016827
dvs,development,observations:qrc2:all,42,2,0.26883850612664173,0.28193835972144016,0.2725283486477168,0.26883850612664184
dvs,development,observations:qrc2:all,42,3,0.1524893017430331,0.15693247650186826,0.144630009849803,0.152489301743033
dvs,development,observations:qrc2:all,44,0,0.25216450216450215,0.25068898960518127,0.23381935319490887,0.25216450216450215
dvs,development,observations:qrc2:all,44,1,0.2644628099173554,0.27765167165242305,0.24160191686569732,0.2644628099173554
dvs,development,observations:qrc2:all,44,2,0.3160906889720449,0.3263139020491402,0.3133011052796314,0.3160906889720449
dvs,development,observations:qrc2:all,44,3,0.2202275336603695,0.23166853454068193,0.22839041361349877,0.2202275336603695
dvs,development,observations:qrc2:all,46,0,0.2819264069264069,0.28868344751875497,0.27459585358604,0.28192640692640697
dvs,development,observations:qrc2:all,46,1,0.27600455970361926,0.2869511537311547,0.2596895054205185,0.2760045597036192
dvs,development,observations:qrc2:all,46,2,0.24301122606207354,0.26626391560664847,0.2638486914672536,0.2430112260620736
dvs,development,observations:qrc2:all,46,3,0.23410917440768186,0.2246651610517344,0.1987463103390107,0.23410917440768186
dvs,development,observations:qrc2:products,42,0,0.1742424242424242,0.17340217250571188,0.17165563801928174,0.1742424242424243
dvs,development,observations:qrc2:products,42,1,0.25776574522656026,0.2588045506179699,0.21025402225890588,0.2577657452265604
dvs,development,observations:qrc2:products,42,2,0.2398561890087314,0.2556968209143233,0.24723951064610838,0.2398561890087315
dvs,development,observations:qrc2:products,42,3,0.1752426677799812,0.188681393708519,0.1783856267098316,0.1752426677799811
dvs,development,observations:qrc2:products,44,0,0.2137445887445888,0.20847901144416303,0.1984306256567221,0.2137445887445889
dvs,development,observations:qrc2:products,44,1,0.20233684810487318,0.2107074138076468,0.17810164473082946,0.20233684810487318
dvs,development,observations:qrc2:products,44,2,0.2522562183579133,0.26098333056308715,0.2524319664259519,0.2522562183579134
dvs,development,observations:qrc2:products,44,3,0.1397557666214383,0.14931620017723302,0.1494009421450474,0.13975576662143818
dvs,development,observations:qrc2:products,46,0,0.1877705627705628,0.19671058405823127,0.18045201789287146,0.1877705627705628
dvs,development,observations:qrc2:products,46,1,0.23026503277286975,0.23735238668334346,0.2075493873137934,0.2302650327728698
dvs,development,observations:qrc2:products,46,2,0.166189742460929,0.1874100810878887,0.17550038583591732,0.16618974246092888
dvs,development,observations:qrc2:products,46,3,0.18641060432105205,0.1872266226843204,0.1777940502450121,0.18641060432105216
dvs,development,observations:qrc2:zz,42,0,0.13690476190476186,0.138074041546015,0.13805432616169078,0.13690476190476186
dvs,development,observations:qrc2:zz,42,1,0.24764890282131657,0.248421386042531,0.20498457952162719,0.24764890282131663
dvs,development,observations:qrc2:zz,42,2,0.2553378824565265,0.2778283555737855,0.27599451050336327,0.25533788245652655
dvs,development,observations:qrc2:zz,42,3,0.15405490032355706,0.15588624687428598,0.1312786017655132,0.15405490032355684
dvs,development,observations:qrc2:zz,44,0,0.18993506493506485,0.1907783964762002,0.17750896000189442,0.18993506493506507
dvs,development,observations:qrc2:zz,44,1,0.23781704189227704,0.2524953430793633,0.22236367188727402,0.23781704189227726
dvs,development,observations:qrc2:zz,44,2,0.2515958617653533,0.2648134468756003,0.25434208576781014,0.2515958617653534
dvs,development,observations:qrc2:zz,44,3,0.20958146331280658,0.21392113330810292,0.19928430868512947,0.20958146331280647
dvs,development,observations:qrc2:zz,46,0,0.222943722943723,0.24885407532995646,0.21863609744796797,0.222943722943723
dvs,development,observations:qrc2:zz,46,1,0.25192362496437726,0.25644447377448387,0.22574943622671256,0.25192362496437737
dvs,development,observations:qrc2:zz,46,2,0.18159806295399517,0.20409081912519017,0.18202615422917645,0.18159806295399517
dvs,development,observations:qrc2:zz,46,3,0.17879135789583545,0.18101816668390025,0.1477502152656115,0.17879135789583567
dvs,development,observations:qrc4:all,42,0,0.15422077922077926,0.15417923190747185,0.14845671139970806,0.15422077922077915
dvs,development,observations:qrc4:all,42,1,0.3003704759190653,0.3038656751387644,0.27414804311354113,0.3003704759190653
dvs,development,observations:qrc4:all,42,2,0.10573042776432606,0.10642994026323616,0.08814297495620038,0.10573042776432617
dvs,development,observations:qrc4:all,42,3,0.08548168249660781,0.09009590073638452,0.08033155546724058,0.0854816824966077
dvs,development,observations:qrc4:all,44,0,0.18885281385281383,0.18742234752344622,0.17039956446254023,0.18885281385281383
dvs,development,observations:qrc4:all,44,1,0.2849814762040467,0.28586560434501906,0.24921077940307557,0.2849814762040467
dvs,development,observations:qrc4:all,44,2,0.08408540611930437,0.08085888922925866,0.06577351603960468,0.08408540611930448
dvs,development,observations:qrc4:all,44,3,0.12650036530633546,0.13682008985634353,0.11658590891420728,0.12650036530633535
dvs,development,observations:qrc4:all,46,0,0.18181818181818177,0.18512878789632592,0.1787308186865233,0.18181818181818177
dvs,development,observations:qrc4:all,46,1,0.262610430322029,0.2605237278490422,0.24051776002643,0.26261043032202913
dvs,development,observations:qrc4:all,46,2,0.07234573336268257,0.07157204789978577,0.054797081521662516,0.07234573336268268
dvs,development,observations:qrc4:all,46,3,0.13578958355077753,0.15090563230938403,0.13257847016999624,0.13578958355077742
dvs,development,observations:qrc4:products,42,0,0.10822510822510822,0.1088478135452019,0.09954268889474349,0.10822510822510822
dvs,development,observations:qrc4:products,42,1,0.28255913365631236,0.2794236849919699,0.24316099764993115,0.28255913365631247
dvs,development,observations:qrc4:products,42,2,0.08481913566659327,0.08460691191763448,0.06542984769107896,0.08481913566659327
dvs,development,observations:qrc4:products,42,3,0.08673416136102696,0.09698086614889512,0.07917722362891988,0.08673416136102696
dvs,development,observations:qrc4:products,44,0,0.13203463203463206,0.13008944493093244,0.1192755289158276,0.13203463203463184
dvs,development,observations:qrc4:products,44,1,0.2646053006554574,0.26413082772199525,0.23426034783265148,0.2646053006554575
dvs,development,observations:qrc4:products,44,2,0.07307946290997136,0.06898342321810791,0.04868877598627064,0.07307946290997125
dvs,development,observations:qrc4:products,44,3,0.08579480221271274,0.09778080524265353,0.07194043500152003,0.08579480221271263
dvs,development,observations:qrc4:products,46,0,0.10551948051948057,0.11036305943039149,0.10584038670860851,0.10551948051948046
dvs,development,observations:qrc4:products,46,1,0.24137931034482762,0.23713225080601863,0.21781472785536504,0.24137931034482762
dvs,development,observations:qrc4:products,46,2,0.07329958177415796,0.07610227811100867,0.055737277110089356,0.07329958177415807
dvs,development,observations:qrc4:products,46,3,0.15061058344640432,0.16432750052583,0.15353022546379802,0.1506105834464042
dvs,development,observations:qrc4:zz,42,0,0.08279220779220786,0.08411919589855754,0.0796427119717864,0.08279220779220797
dvs,development,observations:qrc4:zz,42,1,0.27529210601310916,0.2743508384215191,0.25054172057286994,0.27529210601310916
dvs,development,observations:qrc4:zz,42,2,0.0705847824491892,0.06956496124157441,0.04915720789353817,0.07058478244918942
dvs,development,observations:qrc4:zz,42,3,0.07796680931009292,0.08653198459715505,0.06578104997687262,0.07796680931009303
dvs,development,observations:qrc4:zz,44,0,0.13582251082251084,0.1344267970568075,0.11624963186362214,0.13582251082251062
dvs,development,observations:qrc4:zz,44,1,0.2449415787973782,0.2404495723199469,0.20200447135049115,0.2449415787973781
dvs,development,observations:qrc4:zz,44,2,0.05913860151148287,0.0542695157358718,0.031798619162206276,0.05913860151148287
dvs,development,observations:qrc4:zz,44,3,0.07452249243294018,0.07903973403226416,0.06085322375920421,0.07452249243294029
dvs,development,observations:qrc4:zz,46,0,0.12337662337662336,0.12666778488679586,0.1138342995760766,0.12337662337662325
dvs,development,observations:qrc4:zz,46,1,0.26147050441721287,0.2602049031735413,0.2374239303250687,0.26147050441721287
dvs,development,observations:qrc4:zz,46,2,0.04644508034338546,0.04646517484273316,0.027690882079199786,0.04644508034338557
dvs,development,observations:qrc4:zz,46,3,0.17117211147061895,0.19265704442396758,0.16121672900158723,0.17117211147061895
dvs,development,practical:large-crc,42,0,0.1515151515151515,0.15909068173127883,0.14344077961019497,0.1515151515151515
dvs,development,practical:large-crc,42,1,0.26132801367911085,0.2596771644220409,0.21310044679028628,0.26132801367911096
dvs,development,practical:large-crc,42,2,0.15430332379484923,0.153693412227635,0.13840443790558543,0.15430332379484923
dvs,development,practical:large-crc,42,3,0.10353825279198414,0.10936537220318776,0.09913207707325333,0.10353825279198414
dvs,development,practical:large-crc,44,0,0.14015151515151514,0.143619011706123,0.13351551498610315,0.14015151515151525
dvs,development,practical:large-crc,44,1,0.25463094898831584,0.247807881525961,0.2187621541711241,0.25463094898831573
dvs,development,practical:large-crc,44,2,0.1385281385281385,0.13713738917898832,0.12542926678091737,0.1385281385281385
dvs,development,practical:large-crc,44,3,0.15384615384615385,0.17233326966363682,0.15400432900432892,0.15384615384615363
dvs,development,practical:large-crc,46,0,0.13095238095238093,0.13515947835886732,0.1254557894651005,0.13095238095238115
dvs,development,practical:large-crc,46,1,0.2339697919635224,0.22790597930709,0.1999724274184983,0.2339697919635222
dvs,development,practical:large-crc,46,2,0.1298701298701299,0.12892334055370103,0.11754742587694522,0.1298701298701297
dvs,development,practical:large-crc,46,3,0.11053125978499112,0.12086945386400927,0.10133959178076812,0.11053125978499101
dvs,development,practical:lstm,42,0,0.012987012987012991,0.009119127427411722,-0.0021195898374192224,0.012987012987012991
dvs,development,practical:lstm,42,1,0.22413793103448276,0.22220607139230752,0.19598363267413033,0.22413793103448265
dvs,development,practical:lstm,42,2,0.06610903221072717,0.06144718296148355,0.01911959476820657,0.06610903221072728
dvs,development,practical:lstm,42,3,-0.08381171067738225,-0.07561507926156541,-0.07983086986648613,-0.08381171067738225
dvs,development,practical:lstm,44,0,0.010822510822510845,0.008670363047530327,0.008068125964621697,0.010822510822510623
dvs,development,practical:lstm,44,1,0.2068965517241379,0.2101422836627732,0.16722399744898087,0.2068965517241378
dvs,development,practical:lstm,44,2,0.07733509428424679,0.0744928602505216,0.047018649761221165,0.07733509428424679
dvs,development,practical:lstm,44,3,0.03882684479699405,0.043227701957223696,0.011385677819555129,0.038826844796994164
dvs,development,practical:lstm,46,0,0.02813852813852813,0.024901807703559986,0.01981544594040341,0.02813852813852802
dvs,development,practical:lstm,46,1,0.18067825591336562,0.1849181855669929,0.1605620288828702,0.18067825591336573
dvs,development,practical:lstm,46,2,0.0424829407880255,0.041522621934436565,0.014434612717610484,0.04248294078802539
dvs,development,practical:lstm,46,3,0.08120237970984234,0.08702393511974116,0.06118804843848058,0.08120237970984245
dvs,development,practical:transformer,42,0,0.1877705627705628,0.18827846645492285,0.18179675423751063,0.1877705627705627
dvs,development,practical:transformer,42,1,0.2579082359646623,0.26171319923107095,0.23776984056133388,0.2579082359646624
dvs,development,practical:transformer,42,2,0.20903954802259894,0.20719663945222455,0.18231482408052857,0.20903954802259894
dvs,development,practical:transformer,42,3,0.23076923076923073,0.23662395743116738,0.21788830520887936,0.23076923076923073
dvs,development,practical:transformer,44,0,0.18939393939393945,0.1927557334807013,0.18093285463768505,0.18939393939393934
dvs,development,practical:transformer,44,1,0.3471074380165289,0.35376751725714317,0.31871753977017137,0.3471074380165289
dvs,development,practical:transformer,44,2,0.1975933670848925,0.19405621913355708,0.17690640355629628,0.1975933670848924
dvs,development,practical:transformer,44,3,0.14904498486588036,0.15019910608543963,0.13523756002910947,0.14904498486588014
dvs,development,practical:transformer,46,0,0.2007575757575758,0.19889474051096434,0.17534533876159086,0.2007575757575758
dvs,development,practical:transformer,46,1,0.22342547734397267,0.22627139961609433,0.2237380723501421,0.22342547734397278
dvs,development,practical:transformer,46,2,0.23508694695135368,0.22914115361940535,0.2140925997589923,0.2350869469513539
dvs,development,practical:transformer,46,3,0.1748251748251748,0.17854802527165747,0.1543759271031998,0.1748251748251749
dvs,development,recurrence:crc:all,42,0,0.17532467532467533,0.18039933849007905,0.17541096735849004,0.17532467532467533
dvs,development,recurrence:crc:all,42,1,0.24294670846394983,0.25159121617000035,0.2170525638008426,0.24294670846395017
dvs,development,recurrence:crc:all,42,2,0.1306038594174187,0.1321193491494268,0.09531088829519352,0.1306038594174187
dvs,development,recurrence:crc:all,42,3,0.2101033295063146,0.22527786185070797,0.19441423012288983,0.2101033295063145
dvs,development,recurrence:crc:all,44,0,0.1964285714285714,0.1996145623833515,0.19527585515731427,0.1964285714285714
dvs,development,recurrence:crc:all,44,1,0.2975206611570248,0.30810627893837417,0.27556273111740526,0.2975206611570248
dvs,development,recurrence:crc:all,44,2,0.12473402303910786,0.12319364932182764,0.08921327643594523,0.12473402303910786
dvs,development,recurrence:crc:all,44,3,0.15280242145913792,0.16656116557018463,0.11406360842278063,0.1528024214591378
dvs,development,recurrence:crc:all,46,0,0.1883116883116882,0.18955108143344745,0.18413564843912422,0.1883116883116882
dvs,development,recurrence:crc:all,46,1,0.25249358791678544,0.25944148201292017,0.2373931553065206,0.25249358791678556
dvs,development,recurrence:crc:all,46,2,0.1383080196639519,0.14389588141721632,0.09368969540157768,0.1383080196639519
dvs,development,recurrence:crc:all,46,3,0.18599311136624563,0.20326824534270405,0.16258068377709267,0.18599311136624563
dvs,development,recurrence:crc:partial,42,0,0.0719696969696969,0.07790120477415985,0.07286750593490265,0.0719696969696969
dvs,development,recurrence:crc:partial,42,1,0.224992875463095,0.21615317403491796,0.18460549444855234,0.22499287546309488
dvs,development,recurrence:crc:partial,42,2,0.040501871010345636,0.0401385724407296,0.0289152084781108,0.04050187101034586
dvs,development,recurrence:crc:partial,42,3,0.11794175973280452,0.12713712929663956,0.10544908076722204,0.1179417597328043
dvs,development,recurrence:crc:partial,44,0,0.12824675324675328,0.13512683329662845,0.1325152119835672,0.12824675324675328
dvs,development,recurrence:crc:partial,44,1,0.20931889427187234,0.2022700501514857,0.1729681879986522,0.20931889427187245
dvs,development,recurrence:crc:partial,44,2,0.08511262748550885,0.08693066100717062,0.07410109592248049,0.08511262748550896
dvs,development,recurrence:crc:partial,44,3,0.14413944264690537,0.15340598976021436,0.12296599497974658,0.14413944264690548
dvs,development,recurrence:crc:partial,46,0,0.10497835497835506,0.11041660777163276,0.09782084044908046,0.10497835497835517
dvs,development,recurrence:crc:partial,46,1,0.2155884867483614,0.20944573581859416,0.17892684001987713,0.2155884867483614
dvs,development,recurrence:crc:partial,46,2,0.13449262601804968,0.13214587684340762,0.10264870928609893,0.13449262601804968
dvs,development,recurrence:crc:partial,46,3,0.09612775284417074,0.09902106228802754,0.09512676740234738,0.09612775284417052
dvs,development,recurrence:qrc:all,42,0,0.1964285714285715,0.2007525122411835,0.20333407087926414,0.1964285714285714
dvs,development,recurrence:qrc:all,42,1,0.24878882872613284,0.252485323571083,0.22498777944060822,0.24878882872613262
dvs,development,recurrence:qrc:all,42,2,0.15753173380292018,0.15881825238837954,0.1383221625302642,0.15753173380292018
dvs,development,recurrence:qrc:all,42,3,0.15102807640121063,0.16059718068235107,0.1078462251112089,0.15102807640121085
dvs,development,recurrence:qrc:all,44,0,0.2278138528138528,0.22476103106043743,0.19968674153472155,0.2278138528138528
dvs,development,recurrence:qrc:all,44,1,0.2777144485608436,0.2851440598385454,0.2684737039590742,0.2777144485608436
dvs,development,recurrence:qrc:all,44,2,0.16861104996698217,0.170112205392987,0.12616188946013418,0.16861104996698217
dvs,development,recurrence:qrc:all,44,3,0.2198100407055631,0.2456264608039801,0.2136380563232052,0.21981004070556298
dvs,development,recurrence:qrc:all,46,0,0.14231601731601728,0.14404917462371647,0.14390843583364166,0.14231601731601717
dvs,development,recurrence:qrc:all,46,1,0.26944998575092616,0.2779922455178917,0.24175826828632152,0.26944998575092616
dvs,development,recurrence:qrc:all,46,2,0.1207718834837479,0.12690330731422972,0.09387781515338811,0.1207718834837479
dvs,development,recurrence:qrc:all,46,3,0.2198100407055631,0.25568155039770935,0.19502435670970864,0.2198100407055631
dvs,development,recurrence:qrc:partial,42,0,0.1612554112554112,0.16047019574993093,0.1539057204126668,0.1612554112554112
dvs,development,recurrence:qrc:partial,42,1,0.29210601310914797,0.29562146011931056,0.26722646324431354,0.29210601310914786
dvs,development,recurrence:qrc:partial,42,2,0.11005943209333036,0.1110617562085443,0.09423593893830617,0.11005943209333047
dvs,development,recurrence:qrc:partial,42,3,0.09383154159273566,0.0984277613380442,0.08743445868075428,0.09383154159273543
dvs,development,recurrence:qrc:partial,44,0,0.1958874458874459,0.19523103405684095,0.17707385235486772,0.195887445887446
dvs,development,recurrence:qrc:partial,44,1,0.286548874323169,0.28734997257776174,0.25015183530726326,0.286548874323169
dvs,development,recurrence:qrc:partial,44,2,0.08562623816861104,0.082380114082928,0.06830039769005158,0.08562623816861104
dvs,development,recurrence:qrc:partial,44,3,0.1375639286087048,0.1449062934950912,0.11587337733877767,0.13756392860870492
dvs,development,recurrence:qrc:partial,46,0,0.17099567099567103,0.1742265350862665,0.1645188901144481,0.17099567099567103
dvs,development,recurrence:qrc:partial,46,1,0.2651752636078655,0.26339902825944406,0.2421972366136419,0.26517526360786536
dvs,development,recurrence:qrc:partial,46,2,0.08129723383960674,0.08064740009721838,0.06202903810542493,0.08129723383960685
dvs,development,recurrence:qrc:partial,46,3,0.14278259054378462,0.15954384157057255,0.13992096673531507,0.1427825905437844
dvs,mapping-development,mapping-paired:i2:legacy:crc,42,0,0.21320346320346317,0.2281850772636732,0.2195304973783454,0.21320346320346323
dvs,mapping-development,mapping-paired:i2:legacy:crc,42,1,0.3372755770874893,0.34819197993570183,0.33113205757551556,0.3372755770874894
dvs,mapping-development,mapping-paired:i2:legacy:crc,42,2,0.1832122679580307,0.19974313247422487,0.18340880764492573,0.1832122679580307
dvs,mapping-development,mapping-paired:i2:legacy:crc,42,3,0.2487214278259054,0.2729652800872345,0.2760930392742652,0.24872142782590534
dvs,mapping-development,mapping-paired:i2:legacy:crc,44,0,0.17153679653679654,0.18217056365293682,0.18874915944724896,0.17153679653679654
dvs,mapping-development,mapping-paired:i2:legacy:crc,44,1,0.3428327158734682,0.34311780060792824,0.3248884379551884,0.3428327158734682
dvs,mapping-development,mapping-paired:i2:legacy:crc,44,2,0.2157164869029276,0.2362671300013538,0.22973761475035237,0.21571648690292777
dvs,mapping-development,mapping-paired:i2:legacy:crc,44,3,0.21417388581567687,0.22994100299789583,0.21469284473038103,0.21417388581567665
dvs,mapping-development,mapping-paired:i2:legacy:crc,46,0,0.18073593073593075,0.1935135287003274,0.19290525021952454,0.18073593073593064
dvs,mapping-development,mapping-paired:i2:legacy:crc,46,1,0.36691365061271014,0.37007505102239796,0.3528334374676054,0.3669136506127102
dvs,mapping-development,mapping-paired:i2:legacy:crc,46,2,0.16773057451023554,0.1729835518874242,0.16989455123443953,0.16773057451023565
dvs,mapping-development,mapping-paired:i2:legacy:crc,46,3,0.17785199874752117,0.1952187575925467,0.19480731403201973,0.17785199874752095
dvs,mapping-development,mapping-paired:i2:legacy:projection,42,0,0.0806277056277056,0.09606954984644628,0.15595224711081151,0.08062770562770566
dvs,mapping-development,mapping-paired:i2:legacy:projection,42,1,0.20447420917640355,0.2019569315038736,0.24257114923907075,0.20447420917640338
dvs,mapping-development,mapping-paired:i2:legacy:projection,42,2,0.07440017609509136,0.08445442450811264,0.08255320481437556,0.07440017609509136
dvs,mapping-development,mapping-paired:i2:legacy:projection,42,3,0.05041227429287126,0.05245197454648132,0.06138785502154498,0.05041227429287132
dvs,mapping-development,mapping-paired:i2:legacy:projection,44,0,0.0806277056277056,0.09606954984644628,0.15595224711081151,0.08062770562770566
dvs,mapping-development,mapping-paired:i2:legacy:projection,44,1,0.20447420917640355,0.2019569315038736,0.24257114923907075,0.20447420917640338
dvs,mapping-development,mapping-paired:i2:legacy:projection,44,2,0.07440017609509136,0.08445442450811264,0.08255320481437556,0.07440017609509136
dvs,mapping-development,mapping-paired:i2:legacy:projection,44,3,0.05041227429287126,0.05245197454648132,0.06138785502154498,0.05041227429287132
dvs,mapping-development,mapping-paired:i2:legacy:projection,46,0,0.0806277056277056,0.09606954984644628,0.15595224711081151,0.08062770562770566
dvs,mapping-development,mapping-paired:i2:legacy:projection,46,1,0.20447420917640355,0.2019569315038736,0.24257114923907075,0.20447420917640338
dvs,mapping-development,mapping-paired:i2:legacy:projection,46,2,0.07440017609509136,0.08445442450811264,0.08255320481437556,0.07440017609509136
dvs,mapping-development,mapping-paired:i2:legacy:projection,46,3,0.05041227429287126,0.05245197454648132,0.06138785502154498,0.05041227429287132
dvs,mapping-development,mapping-paired:i2:legacy:qrc,42,0,0.1920995670995671,0.19097408071382027,0.17982108610528325,0.19209956709956716
dvs,mapping-development,mapping-paired:i2:legacy:qrc,42,1,0.2932459390139641,0.3094462584100483,0.31452529820497255,0.293245939013964
dvs,mapping-development,mapping-paired:i2:legacy:qrc,42,2,0.19685963753760372,0.20191415751677905,0.20741591895752653,0.19685963753760366
dvs,mapping-development,mapping-paired:i2:legacy:qrc,42,3,0.12503913996451305,0.12304890093441528,0.12208441010598797,0.12503913996451305
dvs,mapping-development,mapping-paired:i2:legacy:qrc,44,0,0.2007575757575758,0.20866428643912666,0.22363797745759134,0.20075757575757563
dvs,mapping-development,mapping-paired:i2:legacy:qrc,44,1,0.2758620689655173,0.2843116444455352,0.2859858752719131,0.27586206896551724
dvs,mapping-development,mapping-paired:i2:legacy:qrc,44,2,0.12429378531073448,0.13225944966170605,0.15791229085444158,0.12429378531073454
dvs,mapping-development,mapping-paired:i2:legacy:qrc,44,3,0.09654524579897711,0.11872279041719519,0.13479783729514888,0.09654524579897716
dvs,mapping-development,mapping-paired:i2:legacy:qrc,46,0,0.18235930735930733,0.18636759039164946,0.1990890628805792,0.1823593073593074
dvs,mapping-development,mapping-paired:i2:legacy:qrc,46,1,0.3382730122542035,0.35679812126640975,0.35098878133965256,0.33827301225420353
dvs,mapping-development,mapping-paired:i2:legacy:qrc,46,2,0.1571648690292758,0.16113773460622793,0.15617596434813652,0.1571648690292759
dvs,mapping-development,mapping-paired:i2:legacy:qrc,46,3,0.15781233691681457,0.16466677686770576,0.14741869571588945,0.1578123369168144
dvs,mapping-development,mapping-paired:i2:pca:crc,42,0,0.2494588744588745,0.25660109081538895,0.25742967336976363,0.24945887445887438
dvs,mapping-development,mapping-paired:i2:pca:crc,42,1,0.1937874038187518,0.20244013262449911,0.18998033283091442,0.1937874038187517
dvs,mapping-development,mapping-paired:i2:pca:crc,42,2,0.28255924866094356,0.2978142883089077,0.28012976367815995,0.2825592486609435
dvs,mapping-development,mapping-paired:i2:pca:crc,42,3,0.05834464043419263,0.06216765811066893,0.05495465960579338,0.05834464043419274
dvs,mapping-development,mapping-paired:i2:pca:crc,44,0,0.2002164502164503,0.2106544541690777,0.20466515852295708,0.20021645021645018
dvs,mapping-development,mapping-paired:i2:pca:crc,44,1,0.23083499572527788,0.23476458907392228,0.2180853019603759,0.23083499572527777
dvs,mapping-development,mapping-paired:i2:pca:crc,44,2,0.273827867048206,0.30217331202041553,0.2702592718743282,0.27382786704820616
dvs,mapping-development,mapping-paired:i2:pca:crc,44,3,0.06565076714330442,0.06037912645822785,0.043479845216056745,0.06565076714330442
dvs,mapping-development,mapping-paired:i2:pca:crc,46,0,0.22673160173160178,0.24440387836453498,0.23859827083102142,0.22673160173160167
dvs,mapping-development,mapping-paired:i2:pca:crc,46,1,0.2526360786548874,0.2557341826692571,0.23062822990984422,0.2526360786548875
dvs,mapping-development,mapping-paired:i2:pca:crc,46,2,0.22444786851566512,0.22961876212403376,0.21218848435681725,0.22444786851566512
dvs,mapping-development,mapping-paired:i2:pca:crc,46,3,0.056987788331071876,0.053434775628870446,0.04277175024325297,0.056987788331071876
dvs,mapping-development,mapping-paired:i2:pca:projection,42,0,0.07413419913419911,0.0715931093945707,0.0241354429529258,0.07413419913419905
dvs,mapping-development,mapping-paired:i2:pca:projection,42,1,0.14334568253063545,0.1491630478695356,0.12612177425327986,0.14334568253063557
dvs,mapping-development,mapping-paired:i2:pca:projection,42,2,0.08768068090101988,0.1045528757533622,0.1304203618022462,0.08768068090101988
dvs,mapping-development,mapping-paired:i2:pca:projection,42,3,0.025467070243189616,0.0335208307539448,0.08529057542118679,0.02546707024318967
dvs,mapping-development,mapping-paired:i2:pca:projection,44,0,0.07413419913419911,0.0715931093945707,0.0241354429529258,0.07413419913419905
dvs,mapping-development,mapping-paired:i2:pca:projection,44,1,0.14334568253063545,0.1491630478695356,0.12612177425327986,0.14334568253063557
dvs,mapping-development,mapping-paired:i2:pca:projection,44,2,0.08768068090101988,0.1045528757533622,0.1304203618022462,0.08768068090101988
dvs,mapping-development,mapping-paired:i2:pca:projection,44,3,0.025467070243189616,0.0335208307539448,0.08529057542118679,0.02546707024318967
dvs,mapping-development,mapping-paired:i2:pca:projection,46,0,0.07413419913419911,0.0715931093945707,0.0241354429529258,0.07413419913419905
dvs,mapping-development,mapping-paired:i2:pca:projection,46,1,0.14334568253063545,0.1491630478695356,0.12612177425327986,0.14334568253063557
dvs,mapping-development,mapping-paired:i2:pca:projection,46,2,0.08768068090101988,0.1045528757533622,0.1304203618022462,0.08768068090101988
dvs,mapping-development,mapping-paired:i2:pca:projection,46,3,0.025467070243189616,0.0335208307539448,0.08529057542118679,0.02546707024318967
dvs,mapping-development,mapping-paired:i2:pca:qrc,42,0,0.13636363636363635,0.14159891327170948,0.11426783525733175,0.13636363636363635
dvs,mapping-development,mapping-paired:i2:pca:qrc,42,1,0.20447420917640347,0.21616316946725972,0.20993177713872285,0.20447420917640363
dvs,mapping-development,mapping-paired:i2:pca:qrc,42,2,0.14549856922738286,0.14906167077188653,0.1447505495367845,0.14549856922738286
dvs,mapping-development,mapping-paired:i2:pca:qrc,42,3,0.11648053439098216,0.1191422764635614,0.1476659725735754,0.11648053439098222
dvs,mapping-development,mapping-paired:i2:pca:qrc,44,0,0.12608225108225107,0.12735702660578146,0.12932047433652588,0.12608225108225102
dvs,mapping-development,mapping-paired:i2:pca:qrc,44,1,0.17483613565118272,0.19519081669648713,0.15994865790925045,0.17483613565118278
dvs,mapping-development,mapping-paired:i2:pca:qrc,44,2,0.14520507740846728,0.15400679982236465,0.16089303907508024,0.14520507740846722
dvs,mapping-development,mapping-paired:i2:pca:qrc,44,3,0.1509237031625092,0.14525814837215495,0.15644148444020917,0.15092370316250914
dvs,mapping-development,mapping-paired:i2:pca:qrc,46,0,0.13203463203463206,0.14100750256435446,0.11948980944142756,0.1320346320346319
dvs,mapping-development,mapping-paired:i2:pca:qrc,46,1,0.27016243944143636,0.2683795926920583,0.23431901235994274,0.2701624394414363
dvs,mapping-development,mapping-paired:i2:pca:qrc,46,2,0.22481473328930957,0.24308715953489085,0.24888413981307822,0.22481473328930968
dvs,mapping-development,mapping-paired:i2:pca:qrc,46,3,0.23786661100093937,0.22945153850120353,0.2494243907849532,0.2378666110009393
dvs,mapping-development,mapping-paired:i4:legacy:crc,42,0,0.17316017316017313,0.1763208815670934,0.12672036838815914,0.17316017316017307
dvs,mapping-development,mapping-paired:i4:legacy:crc,42,1,0.2393844400113993,0.2433227928374021,0.2223898506992868,0.2393844400113994
dvs,mapping-development,mapping-paired:i4:legacy:crc,42,2,-0.03169711644287909,-0.033647559337772304,-0.04929365091102145,-0.031697116442879314
dvs,mapping-development,mapping-paired:i4:legacy:crc,42,3,0.10552134432731441,0.12277783107559631,0.10704962260798223,0.10552134432731464
dvs,mapping-development,mapping-paired:i4:legacy:crc,44,0,0.17316017316017313,0.18544933206193498,0.15022516485540016,0.17316017316017318
dvs,mapping-development,mapping-paired:i4:legacy:crc,44,1,0.22670276432031922,0.21759954870012832,0.19430461668128596,0.22670276432031916
dvs,mapping-development,mapping-paired:i4:legacy:crc,44,2,-0.020837919143003925,-0.02651184765941539,-0.02579166629656382,-0.020837919143004036
dvs,mapping-development,mapping-paired:i4:legacy:crc,44,3,0.06888633754305395,0.09237809879463132,0.0789631258785195,0.06888633754305407
dvs,mapping-development,mapping-paired:i4:legacy:crc,46,0,0.21374458874458868,0.23342284100689453,0.17926777467001753,0.2137445887445888
dvs,mapping-development,mapping-paired:i4:legacy:crc,46,1,0.23225990310629807,0.2305507349176395,0.21231380278826628,0.23225990310629796
dvs,mapping-development,mapping-paired:i4:legacy:crc,46,2,-0.013867488443759624,-0.023724847399141935,-0.035702381448856846,-0.013867488443759624
dvs,mapping-development,mapping-paired:i4:legacy:crc,46,3,0.04874230247364575,0.07064580212800009,0.054286160089899727,0.04874230247364586
dvs,mapping-development,mapping-paired:i4:legacy:projection,42,0,0.20292207792207795,0.20690862707145974,0.16162217609181062,0.202922077922078
dvs,mapping-development,mapping-paired:i4:legacy:projection,42,1,0.1892277001994871,0.18475768108095358,0.14279993029404808,0.18922770019948698
dvs,mapping-development,mapping-paired:i4:legacy:projection,42,2,0.04827940421160759,0.04365317671488361,0.03926280157361872,0.048279404211607646
dvs,mapping-development,mapping-paired:i4:legacy:projection,42,3,0.08662978812232536,0.10987633024785015,0.0958341796364281,0.08662978812232541
dvs,mapping-development,mapping-paired:i4:legacy:projection,44,0,0.20292207792207795,0.20690862707145974,0.16162217609181062,0.202922077922078
dvs,mapping-development,mapping-paired:i4:legacy:projection,44,1,0.1892277001994871,0.18475768108095358,0.14279993029404808,0.18922770019948698
dvs,mapping-development,mapping-paired:i4:legacy:projection,44,2,0.04827940421160759,0.04365317671488361,0.03926280157361872,0.048279404211607646
dvs,mapping-development,mapping-paired:i4:legacy:projection,44,3,0.08662978812232536,0.10987633024785015,0.0958341796364281,0.08662978812232541
dvs,mapping-development,mapping-paired:i4:legacy:projection,46,0,0.20292207792207795,0.20690862707145974,0.16162217609181062,0.202922077922078
dvs,mapping-development,mapping-paired:i4:legacy:projection,46,1,0.1892277001994871,0.18475768108095358,0.14279993029404808,0.18922770019948698
dvs,mapping-development,mapping-paired:i4:legacy:projection,46,2,0.04827940421160759,0.04365317671488361,0.03926280157361872,0.048279404211607646
dvs,mapping-development,mapping-paired:i4:legacy:projection,46,3,0.08662978812232536,0.10987633024785015,0.0958341796364281,0.08662978812232541
dvs,mapping-development,mapping-paired:i4:legacy:qrc,42,0,0.11255411255411252,0.12744452242074472,0.10275224049756748,0.11255411255411246
dvs,mapping-development,mapping-paired:i4:legacy:qrc,42,1,0.19079509831860925,0.1848338576601769,0.14161193048975323,0.19079509831860936
dvs,mapping-development,mapping-paired:i4:legacy:qrc,42,2,0.06508181084452269,0.05229633112545462,0.054126924985672176,0.0650818108445228
dvs,mapping-development,mapping-paired:i4:legacy:qrc,42,3,0.07838430226489923,0.09883927435113932,0.00630366718908737,0.07838430226489934
dvs,mapping-development,mapping-paired:i4:legacy:qrc,44,0,0.2007575757575758,0.2168502447371886,0.20207496134586367,0.20075757575757575
dvs,mapping-development,mapping-paired:i4:legacy:qrc,44,1,0.2609005414648048,0.26616101446547147,0.22915409194689068,0.26090054146480474
dvs,mapping-development,mapping-paired:i4:legacy:qrc,44,2,0.0790226722430113,0.07023363556529516,0.0693964770925759,0.0790226722430113
dvs,mapping-development,mapping-paired:i4:legacy:qrc,44,3,0.1415301116793654,0.16502276867005827,0.13300883449851197,0.14153011167936524
dvs,mapping-development,mapping-paired:i4:legacy:qrc,46,0,0.14610389610389607,0.15047011355042528,0.12062447451632774,0.14610389610389607
dvs,mapping-development,mapping-paired:i4:legacy:qrc,46,1,0.28113422627529217,0.2982895065055804,0.23146430295123532,0.2811342262752921
dvs,mapping-development,mapping-paired:i4:legacy:qrc,46,2,0.0600190769682295,0.05556049613515712,0.04858464391135142,0.06001907696822939
dvs,mapping-development,mapping-paired:i4:legacy:qrc,46,3,0.04571547855129943,0.06665264740110133,0.06401380157887526,0.04571547855129954
dvs,mapping-development,mapping-paired:i4:pca:crc,42,0,0.09686147186147187,0.11647422057263268,0.0852189211432468,0.09686147186147187
dvs,mapping-development,mapping-paired:i4:pca:crc,42,1,0.2207181533200342,0.21211006472268912,0.16239768294912127,0.2207181533200343
dvs,mapping-development,mapping-paired:i4:pca:crc,42,2,0.04960011739672754,0.047569828115045065,0.034098749380824356,0.04960011739672754
dvs,mapping-development,mapping-paired:i4:pca:crc,42,3,0.013568521031207537,0.02005706015310793,0.012842299287127323,0.013568521031207426
dvs,mapping-development,mapping-paired:i4:pca:crc,44,0,0.10984848484848486,0.1323902317345791,0.08086862167661579,0.10984848484848464
dvs,mapping-development,mapping-paired:i4:pca:crc,44,1,0.23696209746366492,0.22590157098814367,0.19107241366439331,0.23696209746366492
dvs,mapping-development,mapping-paired:i4:pca:crc,44,2,0.07388656541198924,0.07072762749546857,0.05211666869926068,0.07388656541198912
dvs,mapping-development,mapping-paired:i4:pca:crc,44,3,0.06210207702745019,0.0671898024428429,0.029388920887566172,0.06210207702745019
dvs,mapping-development,mapping-paired:i4:pca:crc,46,0,0.05086580086580095,0.0705582379152937,0.03223635841467298,0.05086580086580095
dvs,mapping-development,mapping-paired:i4:pca:crc,46,1,0.2311199772014818,0.22724038464211926,0.19754776726459455,0.23111997720148203
dvs,mapping-development,mapping-paired:i4:pca:crc,46,2,0.036392985545527945,0.034075337991100185,0.03141087725665703,0.036392985545527834
dvs,mapping-development,mapping-paired:i4:pca:crc,46,3,0.01701283790836028,0.020972280873116755,0.015549697522165062,0.017012837908360057
dvs,mapping-development,mapping-paired:i4:pca:projection,42,0,0.11309523809523803,0.13275460332636635,0.11427335140435202,0.11309523809523803
dvs,mapping-development,mapping-paired:i4:pca:projection,42,1,0.21758335708178966,0.22192565325886415,0.1925704671296472,0.21758335708178966
dvs,mapping-development,mapping-paired:i4:pca:projection,42,2,0.05202142490278083,0.04976023876813129,0.02693960890910141,0.05202142490278072
dvs,mapping-development,mapping-paired:i4:pca:projection,42,3,0.12316042166788443,0.13979099543596107,0.1210293084729932,0.12316042166788421
dvs,mapping-development,mapping-paired:i4:pca:projection,44,0,0.11309523809523803,0.13275460332636635,0.11427335140435202,0.11309523809523803
dvs,mapping-development,mapping-paired:i4:pca:projection,44,1,0.21758335708178966,0.22192565325886415,0.1925704671296472,0.21758335708178966
dvs,mapping-development,mapping-paired:i4:pca:projection,44,2,0.05202142490278083,0.04976023876813129,0.02693960890910141,0.05202142490278072
dvs,mapping-development,mapping-paired:i4:pca:projection,44,3,0.12316042166788443,0.13979099543596107,0.1210293084729932,0.12316042166788421
dvs,mapping-development,mapping-paired:i4:pca:projection,46,0,0.11309523809523803,0.13275460332636635,0.11427335140435202,0.11309523809523803
dvs,mapping-development,mapping-paired:i4:pca:projection,46,1,0.21758335708178966,0.22192565325886415,0.1925704671296472,0.21758335708178966
dvs,mapping-development,mapping-paired:i4:pca:projection,46,2,0.05202142490278083,0.04976023876813129,0.02693960890910141,0.05202142490278072
dvs,mapping-development,mapping-paired:i4:pca:projection,46,3,0.12316042166788443,0.13979099543596107,0.1210293084729932,0.12316042166788421
dvs,mapping-development,mapping-paired:i4:pca:qrc,42,0,0.20833333333333337,0.2115347370167835,0.2054968672065215,0.20833333333333348
dvs,mapping-development,mapping-paired:i4:pca:qrc,42,1,0.2755770874893132,0.2686447262404881,0.23750737107732656,0.2755770874893132
dvs,mapping-development,mapping-paired:i4:pca:qrc,42,2,0.14278376990241393,0.13568193371815918,0.10580233388118343,0.14278376990241415
dvs,mapping-development,mapping-paired:i4:pca:qrc,42,3,0.20822461120968583,0.22299615474411316,0.18059003483496283,0.20822461120968594
dvs,mapping-development,mapping-paired:i4:pca:qrc,44,0,0.15097402597402598,0.15920094160680454,0.14926855919643545,0.15097402597402598
dvs,mapping-development,mapping-paired:i4:pca:qrc,44,1,0.22912510686805365,0.2333549366063311,0.18334790724690297,0.22912510686805354
dvs,mapping-development,mapping-paired:i4:pca:qrc,44,2,0.07263922518159804,0.06980727980939094,0.053737553777587266,0.07263922518159815
dvs,mapping-development,mapping-paired:i4:pca:qrc,44,3,0.1577079636781129,0.1644214684226608,0.13754028039843935,0.1577079636781129
dvs,mapping-development,mapping-paired:i4:pca:qrc,46,0,0.1645021645021646,0.17545992319632664,0.16556586923627048,0.16450216450216448
dvs,mapping-development,mapping-paired:i4:pca:qrc,46,1,0.28469649472784264,0.284502384560516,0.26392437358158405,0.28469649472784275
dvs,mapping-development,mapping-paired:i4:pca:qrc,46,2,0.11182038300682362,0.11077862390166504,0.09972455794156498,0.11182038300682362
dvs,mapping-development,mapping-paired:i4:pca:qrc,46,3,0.13109278780920575,0.13992743285928455,0.12366728930787807,0.13109278780920586
dvs,mapping-robustness,mapping-robustness:i2:legacy:crc:p42,42,0,0.14880952380952384,0.1654249374651549,0.16624599270952534,0.14880952380952395
dvs,mapping-robustness,mapping-robustness:i2:legacy:crc:p42,42,1,0.2735822171558848,0.2816730088047989,0.2593314220775783,0.27358221715588493
dvs,mapping-robustness,mapping-robustness:i2:legacy:crc:p42,42,2,0.11820383006823681,0.13153940878010006,0.14199126265427336,0.11820383006823693
dvs,mapping-robustness,mapping-robustness:i2:legacy:crc:p42,42,3,0.18453188602442333,0.21147571215464034,0.22912007009864177,0.1845318860244231
dvs,mapping-robustness,mapping-robustness:i2:legacy:crc:p44,42,0,0.11038961038961032,0.11497468208060396,0.1764388351246593,0.11038961038961043
dvs,mapping-robustness,mapping-robustness:i2:legacy:crc:p44,42,1,0.20632658877172988,0.19885889403032136,0.22567215131508633,0.20632658877172988
dvs,mapping-robustness,mapping-robustness:i2:legacy:crc:p44,42,2,0.03822730941375008,0.04867661365671888,0.06806156605708447,0.03822730941375013
dvs,mapping-robustness,mapping-robustness:i2:legacy:crc:p44,42,3,0.049472915144556984,0.05192124440432866,0.09064361252778635,0.04947291514455693
dvs,mapping-robustness,mapping-robustness:i2:legacy:crc:p46,42,0,0.18290043290043295,0.18395720333167942,0.1866998902405509,0.18290043290043273
dvs,mapping-robustness,mapping-robustness:i2:legacy:crc:p46,42,1,0.2787118837275577,0.2844053393674941,0.28282396068074,0.2787118837275577
dvs,mapping-robustness,mapping-robustness:i2:legacy:crc:p46,42,2,0.19920757208892803,0.2050558640224483,0.17337500068481104,0.1992075720889282
dvs,mapping-robustness,mapping-robustness:i2:legacy:crc:p46,42,3,0.05876213338899905,0.07776056355128702,0.06294894333849166,0.05876213338899916
dvs,mapping-robustness,mapping-robustness:i2:legacy:projection:p42,42,0,0.0806277056277056,0.09606954984644628,0.15595224711081151,0.08062770562770566
dvs,mapping-robustness,mapping-robustness:i2:legacy:projection:p42,42,1,0.20447420917640355,0.2019569315038736,0.24257114923907075,0.20447420917640338
dvs,mapping-robustness,mapping-robustness:i2:legacy:projection:p42,42,2,0.07440017609509136,0.08445442450811264,0.08255320481437556,0.07440017609509136
dvs,mapping-robustness,mapping-robustness:i2:legacy:projection:p42,42,3,0.05041227429287126,0.05245197454648132,0.06138785502154498,0.05041227429287132
dvs,mapping-robustness,mapping-robustness:i2:legacy:projection:p44,42,0,0.11147186147186144,0.12268293490811771,0.154911494158467,0.1114718614718615
dvs,mapping-robustness,mapping-robustness:i2:legacy:projection:p44,42,1,0.1858079224850385,0.16111143636841876,0.15509027209982812,0.18580792248503858
dvs,mapping-robustness,mapping-robustness:i2:legacy:projection:p44,42,2,0.038594174187394525,0.04684182292647032,0.05283551397190356,0.038594174187394525
dvs,mapping-robustness,mapping-robustness:i2:legacy:projection:p44,42,3,0.06345892913057094,0.08597454542635169,0.105132039907193,0.06345892913057094
dvs,mapping-robustness,mapping-robustness:i2:legacy:projection:p46,42,0,0.045995670995671034,0.03592211553828428,0.06100644456744231,0.04599567099567098
dvs,mapping-robustness,mapping-robustness:i2:legacy:projection:p46,42,1,0.17013394129381593,0.15968684321473542,0.19526158425980442,0.17013394129381587
dvs,mapping-robustness,mapping-robustness:i2:legacy:projection:p46,42,2,0.04688531807175872,0.05186961863112799,0.011186450779599288,0.046885318071758664
dvs,mapping-robustness,mapping-robustness:i2:legacy:projection:p46,42,3,0.046967957415718575,0.09090327508891116,0.13373216796041965,0.04696795741571863
dvs,mapping-robustness,mapping-robustness:i2:legacy:qrc:p42,42,0,0.1920995670995671,0.19097408071382027,0.17982108610528325,0.19209956709956716
dvs,mapping-robustness,mapping-robustness:i2:legacy:qrc:p42,42,1,0.2932459390139641,0.3094462584100483,0.31452529820497255,0.293245939013964
dvs,mapping-robustness,mapping-robustness:i2:legacy:qrc:p42,42,2,0.19685963753760372,0.20191415751677905,0.20741591895752653,0.19685963753760366
dvs,mapping-robustness,mapping-robustness:i2:legacy:qrc:p42,42,3,0.12503913996451305,0.12304890093441528,0.12208441010598797,0.12503913996451305
dvs,mapping-robustness,mapping-robustness:i2:legacy:qrc:p44,42,0,0.18614718614718612,0.1993399340263997,0.19579355551338973,0.18614718614718623
dvs,mapping-robustness,mapping-robustness:i2:legacy:qrc:p44,42,1,0.23496722713023654,0.24567886210849105,0.2436578310707052,0.2349672271302366
dvs,mapping-robustness,mapping-robustness:i2:legacy:qrc:p44,42,2,0.16677672609876,0.1795177333843171,0.20388259407009468,0.16677672609876
dvs,mapping-robustness,mapping-robustness:i2:legacy:qrc:p44,42,3,0.08871725289635735,0.08517591148847431,0.07505787984328033,0.08871725289635735
dvs,mapping-robustness,mapping-robustness:i2:legacy:qrc:p46,42,0,0.1428571428571429,0.13341345664028942,0.13054655576231178,0.1428571428571429
dvs,mapping-robustness,mapping-robustness:i2:legacy:qrc:p46,42,1,0.20190937589056712,0.21231880615127985,0.20177684277917124,0.201909375890567
dvs,mapping-robustness,mapping-robustness:i2:legacy:qrc:p46,42,2,0.1913566659329371,0.20090627149578966,0.20706612017958087,0.1913566659329372
dvs,mapping-robustness,mapping-robustness:i2:legacy:qrc:p46,42,3,0.027241415301116734,0.03489632159501588,-0.021398121354437194,0.027241415301116734
dvs,mapping-robustness,mapping-robustness:i4:legacy:crc:p42,42,0,0.17316017316017313,0.1763208815670934,0.12672036838815914,0.17316017316017307
dvs,mapping-robustness,mapping-robustness:i4:legacy:crc:p42,42,1,0.2393844400113993,0.2433227928374021,0.2223898506992868,0.2393844400113994
dvs,mapping-robustness,mapping-robustness:i4:legacy:crc:p42,42,2,-0.03169711644287909,-0.033647559337772304,-0.04929365091102145,-0.031697116442879314
dvs,mapping-robustness,mapping-robustness:i4:legacy:crc:p42,42,3,0.10552134432731441,0.12277783107559631,0.10704962260798223,0.10552134432731464
dvs,mapping-robustness,mapping-robustness:i4:legacy:crc:p44,42,0,0.17694805194805197,0.19045376669514624,0.16408233948809747,0.17694805194805197
dvs,mapping-robustness,mapping-robustness:i4:legacy:crc:p44,42,1,0.34112282701624397,0.34024859439023114,0.31465648677440183,0.3411228270162438
dvs,mapping-robustness,mapping-robustness:i4:legacy:crc:p44,42,2,0.18622055910191504,0.18801258953192168,0.18116324951141138,0.18622055910191515
dvs,mapping-robustness,mapping-robustness:i4:legacy:crc:p44,42,3,0.14184323139547028,0.1525572512687844,0.13092415121067302,0.14184323139547017
dvs,mapping-robustness,mapping-robustness:i4:legacy:crc:p46,42,0,0.04166666666666663,0.053018404141673914,0.04552074397318451,0.04166666666666663
dvs,mapping-robustness,mapping-robustness:i4:legacy:crc:p46,42,1,0.20518666286691362,0.20537689588978408,0.19382705239106834,0.20518666286691362
dvs,mapping-robustness,mapping-robustness:i4:legacy:crc:p46,42,2,0.03184386235233694,0.03359599852236583,0.012741719873054835,0.03184386235233694
dvs,mapping-robustness,mapping-robustness:i4:legacy:crc:p46,42,3,0.09884145705041236,0.11533655813986998,0.09854528547273234,0.09884145705041225
dvs,mapping-robustness,mapping-robustness:i4:legacy:projection:p42,42,0,0.20292207792207795,0.20690862707145974,0.16162217609181062,0.202922077922078
dvs,mapping-robustness,mapping-robustness:i4:legacy:projection:p42,42,1,0.1892277001994871,0.18475768108095358,0.14279993029404808,0.18922770019948698
dvs,mapping-robustness,mapping-robustness:i4:legacy:projection:p42,42,2,0.04827940421160759,0.04365317671488361,0.03926280157361872,0.048279404211607646
dvs,mapping-robustness,mapping-robustness:i4:legacy:projection:p42,42,3,0.08662978812232536,0.10987633024785015,0.0958341796364281,0.08662978812232541
dvs,mapping-robustness,mapping-robustness:i4:legacy:projection:p44,42,0,0.08170995670995673,0.09645252021786416,0.08071357494804943,0.08170995670995673
dvs,mapping-robustness,mapping-robustness:i4:legacy:projection:p44,42,1,0.2455115417497863,0.24714129673727087,0.2221476517010092,0.2455115417497863
dvs,mapping-robustness,mapping-robustness:i4:legacy:projection:p44,42,2,0.05202142490278083,0.04998727060517383,0.04638917490741035,0.05202142490278083
dvs,mapping-robustness,mapping-robustness:i4:legacy:projection:p44,42,3,0.04769857008662981,0.08913952623301435,0.010499579123900538,0.0476985700866297
dvs,mapping-robustness,mapping-robustness:i4:legacy:projection:p46,42,0,0.018398268398268414,0.011128139584305918,0.03505357754468874,0.018398268398268303
dvs,mapping-robustness,mapping-robustness:i4:legacy:projection:p46,42,1,0.152465089769165,0.1522764053091581,0.10808631285524645,0.152465089769165
dvs,mapping-robustness,mapping-robustness:i4:legacy:projection:p46,42,2,0.04541785897718098,0.04457810642329402,0.0018608403146160857,0.04541785897718109
dvs,mapping-robustness,mapping-robustness:i4:legacy:projection:p46,42,3,0.03924433775180036,0.07120540971800648,0.016961351565146998,0.03924433775180047
dvs,mapping-robustness,mapping-robustness:i4:legacy:qrc:p42,42,0,0.25000000000000006,0.2689135070887271,0.2324124308967936,0.25000000000000006
dvs,mapping-robustness,mapping-robustness:i4:legacy:qrc:p42,42,1,0.2408093473924195,0.23034506985896352,0.18968340598069555,0.2408093473924196
dvs,mapping-robustness,mapping-robustness:i4:legacy:qrc:p42,42,2,0.20111526891187914,0.19385596081943918,0.1953249576580014,0.2011152689118792
dvs,mapping-robustness,mapping-robustness:i4:legacy:qrc:p42,42,3,0.12890094979647226,0.140231535776142,0.10561911041873928,0.12890094979647204
dvs,mapping-robustness,mapping-robustness:i4:legacy:qrc:p44,42,0,0.05573593073593075,0.07229595603155936,0.0386018477235851,0.05573593073593075
dvs,mapping-robustness,mapping-robustness:i4:legacy:qrc:p44,42,1,0.21744086634368764,0.2165814576919805,0.20171500345474708,0.21744086634368764
dvs,mapping-robustness,mapping-robustness:i4:legacy:qrc:p44,42,2,0.03118350575977691,0.021200993065500495,0.021762827955707498,0.03118350575977702
dvs,mapping-robustness,mapping-robustness:i4:legacy:qrc:p44,42,3,0.05051664753157292,0.05241140183459536,-0.0019837193642718853,0.05051664753157292
dvs,mapping-robustness,mapping-robustness:i4:legacy:qrc:p46,42,0,0.11958874458874458,0.11798417974296171,0.08876816993366798,0.11958874458874458
dvs,mapping-robustness,mapping-robustness:i4:legacy:qrc:p46,42,1,0.2644628099173554,0.2681743013117494,0.2578023586500947,0.2644628099173554
dvs,mapping-robustness,mapping-robustness:i4:legacy:qrc:p46,42,2,0.13860151148286737,0.15486592180780034,0.11911161086116195,0.1386015114828676
dvs,mapping-robustness,mapping-robustness:i4:legacy:qrc:p46,42,3,0.0975889781859931,0.10613254114462656,0.09485835796817466,0.09758897818599321
shd,preprocessing-diagnostic,paper_counts,42,representation-diagnostic,0.20857224252699458,0.20963661434984104,0.1558248728560605,0.2083646912129914
shd,preprocessing-diagnostic,original_log,42,representation-diagnostic,0.1816923525896692,0.19105615188172542,0.1754936491146336,0.17927853376171965
shd,preprocessing-diagnostic,selected_log,42,representation-diagnostic,0.15452862046443117,0.1653756279193418,0.12267230028806664,0.1509952086180828
shd,preprocessing-diagnostic,paper_counts,44,representation-diagnostic,0.2994069539598938,0.30840183435975177,0.25515598499102177,0.29826029270381627
shd,preprocessing-diagnostic,original_log,44,representation-diagnostic,0.17598076682555341,0.18843486319882552,0.12458225030126091,0.17324199652314787
shd,preprocessing-diagnostic,selected_log,44,representation-diagnostic,0.08357641156769824,0.10360420088267419,0.08853040150444735,0.08015118782240704
shd,preprocessing-diagnostic,paper_counts,46,representation-diagnostic,0.24785537597798746,0.25239424421266954,0.2035079984708842,0.2452890422284113
shd,preprocessing-diagnostic,original_log,46,representation-diagnostic,0.1910893703358857,0.19191258080937923,0.15365872454292917,0.18948331696284804
shd,preprocessing-diagnostic,selected_log,46,representation-diagnostic,0.10513243652635529,0.10291074051174498,0.07872004051610715,0.10269203225631096
dvs,confirmation,comparison:fixed12:q4-i2-crc,42,confirmation,0.08010498384863873,0.09060131726328136,0.07019841332850207,0.08083036244800956
dvs,confirmation,comparison:fixed12:q4-i2-qrc,42,confirmation,0.10632210429164746,0.135061370112879,0.07755291510751927,0.10730837789661318
dvs,confirmation,comparison:fixed12:q6-i2-crc,42,confirmation,0.08010498384863873,0.09060131726328136,0.07019841332850207,0.08083036244800956
dvs,confirmation,comparison:fixed12:q6-i2-qrc,42,confirmation,0.03586179049377025,0.0566508625595179,0.03131634582836296,0.037232620320855725
dvs,confirmation,comparison:fixed12:q6-i4-crc,42,confirmation,-0.044837332718043355,-0.04343889341417562,-0.0495796708728925,-0.04320409982174678
dvs,confirmation,comparison:fixed12:q6-i4-qrc,42,confirmation,0.031679741578218734,0.03234486064118014,0.012653055777569922,0.03288770053475942
dvs,confirmation,comparison:fixed12:q8-i2-crc,42,confirmation,0.08010498384863873,0.09060131726328136,0.07019841332850207,0.08083036244800956
dvs,confirmation,comparison:fixed12:q8-i2-qrc,42,confirmation,0.12677664974619296,0.1400916465513875,0.10186400683797403,0.12776292335115857
dvs,confirmation,comparison:fixed12:q8-i4-crc,42,confirmation,-0.044837332718043355,-0.04343889341417562,-0.0495796708728925,-0.04320409982174678
dvs,confirmation,comparison:fixed12:q8-i4-qrc,42,confirmation,-0.019837332718043332,-0.02267476646693356,-0.03955332809141443,-0.019095365418894894
dvs,confirmation,comparison:fixed12:q8-i6-crc,42,confirmation,0.027290032302722644,0.031196549178416966,0.032867573883341605,0.028513071895424957
dvs,confirmation,comparison:fixed12:q8-i6-qrc,42,confirmation,-0.028928241808952482,-0.020371710159501566,-0.03302849483593462,-0.026700831847890738
dvs,confirmation,comparison:fixed:q4-i2-crc,42,confirmation,0.08010498384863873,0.09060131726328136,0.07019841332850207,0.08083036244800956
dvs,confirmation,comparison:fixed:q4-i2-qrc,42,confirmation,0.10632210429164746,0.135061370112879,0.07755291510751927,0.10730837789661318
dvs,confirmation,comparison:fixed:q6-i2-crc,42,confirmation,0.09715043839409321,0.10416069031470565,0.08162849996314292,0.09787581699346404
dvs,confirmation,comparison:fixed:q6-i2-qrc,42,confirmation,0.07783225657591142,0.09757618113706124,0.09181683914207195,0.0791518122400473
dvs,confirmation,comparison:fixed:q6-i4-crc,42,confirmation,-0.01347485002307347,-0.013268763307345832,-0.02712585024658154,-0.0117647058823529
dvs,confirmation,comparison:fixed:q6-i4-qrc,42,confirmation,0.03811721273650204,0.03634600932455301,0.015154258867454029,0.03915626856803334
dvs,confirmation,comparison:fixed:q8-i2-crc,42,confirmation,0.0744231656668205,0.08630778294243457,0.0375824047089548,0.07574272133095672
dvs,confirmation,comparison:fixed:q8-i2-qrc,42,confirmation,0.1677549607752653,0.18571062526651017,0.15881413886042128,0.1688799762329174
dvs,confirmation,comparison:fixed:q8-i4-crc,42,confirmation,0.013117212736502126,0.014472582242764598,0.010844694880289829,0.014453357100416064
dvs,confirmation,comparison:fixed:q8-i4-qrc,42,confirmation,-0.0053703276419012624,-0.008036401728898968,-0.025597392505469108,-0.004745989304812959
dvs,confirmation,comparison:fixed:q8-i6-crc,42,confirmation,-0.007037378864790056,-0.0014343444916355974,-0.013306505594130935,-0.005199049316696569
dvs,confirmation,comparison:fixed:q8-i6-qrc,42,confirmation,0.021296723580987553,0.02037003129765458,0.005184471391745604,0.02219251336898398
dvs,confirmation,comparison:projection:i2,42,confirmation,0.08686548223350254,0.09658408718518652,0.11902001044094451,0.08757427213309571
dvs,confirmation,comparison:projection:i4,42,confirmation,0.027145823719427753,0.04097454883364682,-0.013054868806386954,0.028178847296494336
dvs,confirmation,comparison:projection:i6,42,confirmation,0.018279880018458705,0.02204659267064102,0.0007929457531676842,0.019466726084373276
dvs,confirmation,comparison:tuned:q4-i2-crc,42,confirmation,0.11018112598061836,0.1320908335632328,0.11480526284781056,0.11117795603089708
dvs,confirmation,comparison:tuned:q4-i2-qrc,42,confirmation,0.09934817720350708,0.10532908580166367,0.0825709942774715,0.10002228163992855
dvs,confirmation,comparison:tuned:q6-i2-crc,42,confirmation,0.13897092754960783,0.16409327808202334,0.1599746725507053,0.13924539512774792
dvs,confirmation,comparison:tuned:q6-i2-qrc,42,confirmation,0.07783225657591142,0.09757618113706124,0.09181683914207195,0.0791518122400473
dvs,confirmation,comparison:tuned:q6-i4-crc,42,confirmation,0.02917628057221966,0.03021166574762868,-0.006278486141529149,0.030912061794414858
dvs,confirmation,comparison:tuned:q6-i4-qrc,42,confirmation,0.03811721273650204,0.03634600932455301,0.015154258867454029,0.03915626856803334
dvs,confirmation,comparison:tuned:q8-i2-crc,42,confirmation,0.08495039224734657,0.09742393090233248,0.08016592468062067,0.0861779560308974
dvs,confirmation,comparison:tuned:q8-i2-qrc,42,confirmation,0.1677549607752653,0.18571062526651017,0.15881413886042128,0.1688799762329174
dvs,confirmation,comparison:tuned:q8-i4-crc,42,confirmation,0.018418320258421828,0.021345176321706294,0.0027494680455154574,0.020179738562091543
dvs,confirmation,comparison:tuned:q8-i4-qrc,42,confirmation,-0.0053703276419012624,-0.008036401728898968,-0.025597392505469108,-0.004745989304812959
dvs,confirmation,comparison:tuned:q8-i6-crc,42,confirmation,0.03546377480387641,0.034129935712890136,0.013340099719110987,0.03692810457516349
dvs,confirmation,comparison:tuned:q8-i6-qrc,42,confirmation,0.021296723580987553,0.02037003129765458,0.005184471391745604,0.02219251336898398
dvs,confirmation,observations:crc2:all,42,confirmation,0.047831102907245016,0.05874578563405419,0.029324775960028693,0.04803921568627456
dvs,confirmation,observations:crc2:products,42,confirmation,0.05980041532071989,0.06913045003263163,0.05013230237221944,0.0603312537136067
dvs,confirmation,observations:crc2:width24,42,confirmation,0.05866405168435629,0.07024832295308803,0.015912068785863376,0.05978906714200838
dvs,confirmation,observations:crc4:all,42,confirmation,0.006374019381633511,0.006018009447407047,-0.024818724310834317,0.008058526440879343
dvs,confirmation,observations:crc4:products,42,confirmation,0.0438740193816336,0.04570474975148109,0.004192734018177213,0.04555852644087954
dvs,confirmation,observations:crc4:width24,42,confirmation,0.04447969543147201,0.05326953074854357,0.022461754097249598,0.0470811051693405
dvs,confirmation,observations:projection:i2,42,confirmation,0.07497115828334106,0.0821082859836551,0.11842364331819927,0.07570558526440885
dvs,confirmation,observations:projection:i4,42,confirmation,0.04297992616520541,0.05285398874641556,0.03317275952785215,0.04396167557932262
dvs,confirmation,observations:qrc2:all,42,confirmation,0.14063797877249662,0.15837104298845628,0.1618518142779971,0.14118389780154494
dvs,confirmation,observations:qrc2:products,42,confirmation,0.08525611444393177,0.09946123702355192,0.07804651834560694,0.08660130718954251
dvs,confirmation,observations:qrc2:zz,42,confirmation,0.10222658052607281,0.12011357949714507,0.11129941699000512,0.1035204991087344
dvs,confirmation,observations:qrc4:all,42,confirmation,0.03584448546377483,0.03599140199336248,0.012844865665399774,0.03718062982768866
dvs,confirmation,observations:qrc4:products,42,confirmation,0.016526303645592932,0.014789638243790981,-0.00010615287375514981,0.01726827094474148
dvs,confirmation,observations:qrc4:zz,42,confirmation,0.008646746654360826,0.01059632935167909,-0.013723193803370837,0.01003416518122402
dvs,confirmation,practical:large-crc,42,confirmation,0.10205353022611907,0.10745758364328828,0.08176225688187422,0.10389185977421256
dvs,confirmation,practical:lstm,42,confirmation,0.07016612828795576,0.07941795782037808,0.03844777701775315,0.0727569815805108
dvs,confirmation,practical:transformer,42,confirmation,0.18607521919704662,0.18960213145341676,0.1435461244894587,0.18747771836007132
dvs,confirmation,recurrence:crc:all,42,confirmation,0.08403322565759119,0.09032317389434319,0.06707020648636586,0.08550207961972656
dvs,confirmation,recurrence:crc:partial,42,confirmation,0.02917628057221966,0.03021166574762868,-0.006278486141529149,0.030912061794414858
dvs,confirmation,recurrence:qrc:all,42,confirmation,0.06372865712967235,0.06678900474943084,0.027369123480904478,0.06440879382055842
dvs,confirmation,recurrence:qrc:partial,42,confirmation,0.03811721273650204,0.03634600932455301,0.015154258867454029,0.03915626856803334
dvs,confirmation,comparison:fixed12:q4-i2-crc,44,confirmation,0.12594600830641445,0.15349828606772126,0.11990224406704408,0.12704991087344042
dvs,confirmation,comparison:fixed12:q4-i2-qrc,44,confirmation,0.07988001845869874,0.09674339598991655,0.07561702175691043,0.08074866310160433
dvs,confirmation,comparison:fixed12:q6-i2-crc,44,confirmation,0.12594600830641445,0.15349828606772126,0.11990224406704408,0.12704991087344042
dvs,confirmation,comparison:fixed12:q6-i2-qrc,44,confirmation,0.0865482233502538,0.1002893827185779,0.06931548826800771,0.08731431966726089
dvs,confirmation,comparison:fixed12:q6-i4-crc,44,confirmation,-0.003016843562528848,0.00010516170897134636,-0.023871673615341038,-0.0009432560903147591
dvs,confirmation,comparison:fixed12:q6-i4-qrc,44,confirmation,0.05925819104753116,0.0640392419203496,0.028140888805647246,0.05998960190136671
dvs,confirmation,comparison:fixed12:q8-i2-crc,44,confirmation,0.12594600830641445,0.15349828606772126,0.11990224406704408,0.12704991087344042
dvs,confirmation,comparison:fixed12:q8-i2-qrc,44,confirmation,0.11518227964928474,0.12921248901232274,0.12370909160496169,0.1161021984551397
dvs,confirmation,comparison:fixed12:q8-i4-crc,44,confirmation,-0.003016843562528848,0.00010516170897134636,-0.023871673615341038,-0.0009432560903147591
dvs,confirmation,comparison:fixed12:q8-i4-qrc,44,confirmation,-0.016503230272265745,-0.013228357600710838,-0.030993755591521177,-0.014327094474153479
dvs,confirmation,comparison:fixed12:q8-i6-crc,44,confirmation,-0.035140747577295794,-0.034301366661807386,-0.053126559054219036,-0.0334818775995247
dvs,confirmation,comparison:fixed12:q8-i6-qrc,44,confirmation,-0.001124826949700064,0.0011121118615036174,-0.017136056809922362,-0.00011140819964361448
dvs,confirmation,comparison:fixed:q4-i2-crc,44,confirmation,0.12594600830641445,0.15349828606772126,0.11990224406704408,0.12704991087344042
dvs,confirmation,comparison:fixed:q4-i2-qrc,44,confirmation,0.07988001845869874,0.09674339598991655,0.07561702175691043,0.08074866310160433
dvs,confirmation,comparison:fixed:q6-i2-crc,44,confirmation,0.13965159206275957,0.1487242915641943,0.11651007823874637,0.13970588235294124
dvs,confirmation,comparison:fixed:q6-i2-qrc,44,confirmation,0.07093908629441625,0.08106397369143914,0.06563752225176078,0.07191027926322058
dvs,confirmation,comparison:fixed:q6-i4-crc,44,confirmation,0.02516728195662199,0.028298000262572343,-0.003274721300717265,0.026492869875222924
dvs,confirmation,comparison:fixed:q6-i4-qrc,44,confirmation,0.027434240886017536,0.029188012668535768,0.015554997799223869,0.028253119429589968
dvs,confirmation,comparison:fixed:q8-i2-crc,44,confirmation,0.06427088140286108,0.08078473860018065,0.030961766194757323,0.06564171122994655
dvs,confirmation,comparison:fixed:q8-i2-qrc,44,confirmation,0.15692201199815414,0.1738486159670104,0.1501631933230645,0.15742721330956644
dvs,confirmation,comparison:fixed:q8-i4-crc,44,confirmation,0.022738809413936356,0.027097895763302904,0.014069220112570502,0.024346405228758194
dvs,confirmation,comparison:fixed:q8-i4-qrc,44,confirmation,-0.021129441624365475,-0.01916895430914556,-0.028227479508444064,-0.019808377896613272
dvs,confirmation,comparison:fixed:q8-i6-crc,44,confirmation,0.028570604522381138,0.03267915996695159,0.020942001804969412,0.030577837195484014
dvs,confirmation,comparison:fixed:q8-i6-qrc,44,confirmation,0.026522842639593924,0.026943851756246584,0.019487439493940162,0.0280897207367794
dvs,confirmation,comparison:projection:i2,44,confirmation,0.08686548223350254,0.09658408718518652,0.11902001044094451,0.08757427213309571
dvs,confirmation,comparison:projection:i4,44,confirmation,0.027145823719427753,0.04097454883364682,-0.013054868806386954,0.028178847296494336
dvs,confirmation,comparison:projection:i6,44,confirmation,0.018279880018458705,0.02204659267064102,0.0007929457531676842,0.019466726084373276
dvs,confirmation,comparison:tuned:q4-i2-crc,44,confirmation,0.12018343331795112,0.13764932919547856,0.11696780107788118,0.12043226381461669
dvs,confirmation,comparison:tuned:q4-i2-qrc,44,confirmation,0.1279880018458699,0.1442822079738686,0.11340859843122186,0.12902554961378498
dvs,confirmation,comparison:tuned:q6-i2-crc,44,confirmation,0.13730387632671903,0.15511008687037164,0.12735445576685267,0.1379010695187166
dvs,confirmation,comparison:tuned:q6-i2-qrc,44,confirmation,0.07093908629441625,0.08106397369143914,0.06563752225176078,0.07191027926322058
dvs,confirmation,comparison:tuned:q6-i4-crc,44,confirmation,0.061225196123673276,0.06543250008901813,0.04844988242538384,0.06273024361259649
dvs,confirmation,comparison:tuned:q6-i4-qrc,44,confirmation,0.027434240886017536,0.029188012668535768,0.015554997799223869,0.028253119429589968
dvs,confirmation,comparison:tuned:q8-i2-crc,44,confirmation,0.12116405168435629,0.13533227386361824,0.11234573161489647,0.12199197860962574
dvs,confirmation,comparison:tuned:q8-i2-qrc,44,confirmation,0.15692201199815414,0.1738486159670104,0.1501631933230645,0.15742721330956644
dvs,confirmation,comparison:tuned:q8-i4-crc,44,confirmation,0.008721735117674267,0.009000623480221681,-0.014670893975349597,0.010457516339869466
dvs,confirmation,comparison:tuned:q8-i4-qrc,44,confirmation,-0.021129441624365475,-0.01916895430914556,-0.028227479508444064,-0.019808377896613272
dvs,confirmation,comparison:tuned:q8-i6-crc,44,confirmation,0.011750115366866654,0.014104854942868505,0.0023094723838437137,0.01331699346405213
dvs,confirmation,comparison:tuned:q8-i6-qrc,44,confirmation,0.026522842639593924,0.026943851756246584,0.019487439493940162,0.0280897207367794
dvs,confirmation,observations:crc2:all,44,confirmation,0.061242501153668694,0.07230347088323275,0.02535918581222507,0.06159387997623289
dvs,confirmation,observations:crc2:products,44,confirmation,0.0629845408398707,0.07409720211345505,0.026670677274315602,0.06336155674390975
dvs,confirmation,observations:crc2:width24,44,confirmation,0.06033110290724508,0.06996850302644475,0.026705303092693478,0.061133392751039795
dvs,confirmation,observations:crc4:all,44,confirmation,0.041226349792339634,0.04513113798862334,0.025165450849369386,0.04265448603683919
dvs,confirmation,observations:crc4:products,44,confirmation,0.028039916935856057,0.030563558388392087,0.01914958638687414,0.029775698158051145
dvs,confirmation,observations:crc4:width24,44,confirmation,0.025236502076603662,0.024787170994981955,0.006700976982421114,0.026997920380273377
dvs,confirmation,observations:projection:i2,44,confirmation,0.07497115828334106,0.0821082859836551,0.11842364331819927,0.07570558526440885
dvs,confirmation,observations:projection:i4,44,confirmation,0.04297992616520541,0.05285398874641556,0.03317275952785215,0.04396167557932262
dvs,confirmation,observations:qrc2:all,44,confirmation,0.09608906322104294,0.10024492302556276,0.08733340952389734,0.09716280451574577
dvs,confirmation,observations:qrc2:products,44,confirmation,0.0732868020304569,0.08427944949887056,0.06641039793388903,0.07430926916221037
dvs,confirmation,observations:qrc2:zz,44,confirmation,0.11806068297185046,0.1354744904924503,0.12348295376577112,0.11900623885917994
dvs,confirmation,observations:qrc4:all,44,confirmation,0.02402514997692662,0.026380703129600502,0.013393548670402211,0.024844028520499162
dvs,confirmation,observations:qrc4:products,44,confirmation,0.018724042455006917,0.018109677362599497,-0.005173036328025016,0.0194147355912061
dvs,confirmation,observations:qrc4:zz,44,confirmation,0.009177434240886018,0.009944141702501241,-0.01581609756242708,0.010539215686274472
dvs,confirmation,practical:large-crc,44,confirmation,0.11561490539916941,0.11934371245281838,0.0935360286237481,0.11740196078431386
dvs,confirmation,practical:lstm,44,confirmation,0.10637978772496537,0.11553453519476042,0.07113208849873875,0.10886809269162201
dvs,confirmation,practical:transformer,44,confirmation,0.18160475311490543,0.193141073944193,0.14625702150492392,0.1836527035056449
dvs,confirmation,recurrence:crc:all,44,confirmation,0.08244116289801573,0.091478748371707,0.06268374575630631,0.08368983957219267
dvs,confirmation,recurrence:crc:partial,44,confirmation,0.061225196123673276,0.06543250008901813,0.04844988242538384,0.06273024361259649
dvs,confirmation,recurrence:qrc:all,44,confirmation,0.10554914628518686,0.10787533211433498,0.08778685914597728,0.10637254901960791
dvs,confirmation,recurrence:qrc:partial,44,confirmation,0.027434240886017536,0.029188012668535768,0.015554997799223869,0.028253119429589968
dvs,confirmation,comparison:fixed12:q4-i2-crc,46,confirmation,0.10821412090447613,0.1131133759500379,0.08906128201608232,0.10903149138443258
dvs,confirmation,comparison:fixed12:q4-i2-qrc,46,confirmation,0.05502999538532527,0.06642073430010487,0.029823043497668622,0.05629827688651223
dvs,confirmation,comparison:fixed12:q6-i2-crc,46,confirmation,0.10821412090447613,0.1131133759500379,0.08906128201608232,0.10903149138443258
dvs,confirmation,comparison:fixed12:q6-i2-qrc,46,confirmation,0.06526303645592979,0.07779492509331515,0.06336374403232936,0.06584967320261437
dvs,confirmation,comparison:fixed12:q6-i4-crc,46,confirmation,-0.026655514536225167,-0.020124776419729984,-0.05792688126367618,-0.0250222816399287
dvs,confirmation,comparison:fixed12:q6-i4-qrc,46,confirmation,0.04062067374250122,0.03656643279380889,0.008211863719344792,0.04083481877599515
dvs,confirmation,comparison:fixed12:q8-i2-crc,46,confirmation,0.10821412090447613,0.1131133759500379,0.08906128201608232,0.10903149138443258
dvs,confirmation,comparison:fixed12:q8-i2-qrc,46,confirmation,0.04904822335025383,0.06275565579560782,0.015941846498696344,0.04981431966726069
dvs,confirmation,comparison:fixed12:q8-i4-crc,46,confirmation,-0.026655514536225167,-0.020124776419729984,-0.05792688126367618,-0.0250222816399287
dvs,confirmation,comparison:fixed12:q8-i4-qrc,46,confirmation,0.05539916935856026,0.05530255899717618,0.01058613617838744,0.05671420083184786
dvs,confirmation,comparison:fixed12:q8-i6-crc,46,confirmation,-0.030745269958467936,-0.02971417942050536,-0.03287471007068454,-0.029188948306595464
dvs,confirmation,comparison:fixed12:q8-i6-qrc,46,confirmation,-0.011421319796954266,-0.008573975292499258,-0.02350325782189422,-0.01024955436720143
dvs,confirmation,comparison:fixed:q4-i2-crc,46,confirmation,0.10821412090447613,0.1131133759500379,0.08906128201608232,0.10903149138443258
dvs,confirmation,comparison:fixed:q4-i2-qrc,46,confirmation,0.05502999538532527,0.06642073430010487,0.029823043497668622,0.05629827688651223
dvs,confirmation,comparison:fixed:q6-i2-crc,46,confirmation,0.1156379787724966,0.12204704733752991,0.10228117680389281,0.11648098633392756
dvs,confirmation,comparison:fixed:q6-i2-qrc,46,confirmation,0.07859367789570837,0.09818273798742838,0.07275703047577353,0.07935977421271545
dvs,confirmation,comparison:fixed:q6-i4-crc,46,confirmation,-0.04127826488232578,-0.04052124937231927,-0.047604924879907196,-0.03954248366013058
dvs,confirmation,comparison:fixed:q6-i4-qrc,46,confirmation,0.07652861098292563,0.07095996000317728,0.04020149474712187,0.0771167557932263
dvs,confirmation,comparison:fixed:q8-i2-crc,46,confirmation,0.09427203507152737,0.10563938768762215,0.06404468704177779,0.09526886512180621
dvs,confirmation,comparison:fixed:q8-i2-qrc,46,confirmation,0.1818527918781726,0.19399625107660712,0.18014945008534633,0.1828134284016637
dvs,confirmation,comparison:fixed:q8-i4-crc,46,confirmation,0.02440586063682515,0.025232163275746955,0.019175662855119624,0.02598781937017225
dvs,confirmation,comparison:fixed:q8-i4-qrc,46,confirmation,0.04940586063682517,0.0511469612867087,0.03424043304662794,0.05069073083778963
dvs,confirmation,comparison:fixed:q8-i6-crc,46,confirmation,-0.005520304568527923,-0.002281320491076211,-0.010743719062574986,-0.003810160427807574
dvs,confirmation,comparison:fixed:q8-i6-qrc,46,confirmation,0.04865020766035999,0.052759213951066086,0.03046702541377211,0.04921271538918581
dvs,confirmation,comparison:projection:i2,46,confirmation,0.08686548223350254,0.09658408718518652,0.11902001044094451,0.08757427213309571
dvs,confirmation,comparison:projection:i4,46,confirmation,0.027145823719427753,0.04097454883364682,-0.013054868806386954,0.028178847296494336
dvs,confirmation,comparison:projection:i6,46,confirmation,0.018279880018458705,0.02204659267064102,0.0007929457531676842,0.019466726084373276
dvs,confirmation,comparison:tuned:q4-i2-crc,46,confirmation,0.13821527457314253,0.15720607287346178,0.1455168612123099,0.13925282234105762
dvs,confirmation,comparison:tuned:q4-i2-qrc,46,confirmation,0.10502999538532531,0.11417447917680934,0.08858953751483056,0.1060011883541293
dvs,confirmation,comparison:tuned:q6-i2-crc,46,confirmation,0.157152745731426,0.1793559870832162,0.156339810442502,0.15772430184194897
dvs,confirmation,comparison:tuned:q6-i2-qrc,46,confirmation,0.07859367789570837,0.09818273798742838,0.07275703047577353,0.07935977421271545
dvs,confirmation,comparison:tuned:q6-i4-crc,46,confirmation,0.012736502076603595,0.017444751052747454,-0.0016228047140396384,0.015092097445038699
dvs,confirmation,comparison:tuned:q6-i4-qrc,46,confirmation,0.07652861098292563,0.07095996000317728,0.04020149474712187,0.0771167557932263
dvs,confirmation,comparison:tuned:q8-i2-crc,46,confirmation,0.1341197508075681,0.14460330310177794,0.12256371725510584,0.13487076648841367
dvs,confirmation,comparison:tuned:q8-i2-qrc,46,confirmation,0.1818527918781726,0.19399625107660712,0.18014945008534633,0.1828134284016637
dvs,confirmation,comparison:tuned:q8-i4-crc,46,confirmation,0.036450161513613244,0.04303443762580739,0.030876713672161604,0.03870320855614984
dvs,confirmation,comparison:tuned:q8-i4-qrc,46,confirmation,0.04940586063682517,0.0511469612867087,0.03424043304662794,0.05069073083778963
dvs,confirmation,comparison:tuned:q8-i6-crc,46,confirmation,0.017356945085371445,0.02146290478341173,0.008582458339111199,0.019466726084372943
dvs,confirmation,comparison:tuned:q8-i6-qrc,46,confirmation,0.04865020766035999,0.052759213951066086,0.03046702541377211,0.04921271538918581
dvs,confirmation,observations:crc2:all,46,confirmation,0.05389363174896167,0.06799044115050712,0.03473158297929102,0.053973559120617964
dvs,confirmation,observations:crc2:products,46,confirmation,0.08965159206275952,0.10401919124229131,0.06959071013164209,0.09030005941770647
dvs,confirmation,observations:crc2:width24,46,confirmation,0.07449815413013383,0.08166384560661089,0.05270629506099267,0.07527480689245403
dvs,confirmation,observations:crc4:all,46,confirmation,0.01031379787724962,0.012094008679550239,-0.016094466607340263,0.012269756387403463
dvs,confirmation,observations:crc4:products,46,confirmation,0.03834217812644214,0.03834613715123447,0.013479127110493594,0.03983214497920362
dvs,confirmation,observations:crc4:width24,46,confirmation,0.060844485463774856,0.06492827923254996,0.03512198376618225,0.0630718954248366
dvs,confirmation,observations:projection:i2,46,confirmation,0.07497115828334106,0.0821082859836551,0.11842364331819927,0.07570558526440885
dvs,confirmation,observations:projection:i4,46,confirmation,0.04297992616520541,0.05285398874641556,0.03317275952785215,0.04396167557932262
dvs,confirmation,observations:qrc2:all,46,confirmation,0.12685163820950618,0.13651526233808176,0.1120064940609472,0.127295008912656
dvs,confirmation,observations:qrc2:products,46,confirmation,0.061773188740193774,0.07322506409275353,0.04902744835615935,0.062396019013666204
dvs,confirmation,observations:qrc2:zz,46,confirmation,0.11889709275496074,0.13777771976550202,0.08265742052752179,0.11963755199049331
dvs,confirmation,observations:qrc4:all,46,confirmation,0.07933202584217813,0.07466839058918884,0.042862347184477345,0.07989453357100396
dvs,confirmation,observations:qrc4:products,46,confirmation,0.04880018458698665,0.04673425815568799,0.022262356506312808,0.05005941770647637
dvs,confirmation,observations:qrc4:zz,46,confirmation,0.04258767881864334,0.039653368775018905,0.013059492047769572,0.04298128342245988
dvs,confirmation,practical:large-crc,46,confirmation,0.09190124596215965,0.09659081716786722,0.07470009974668923,0.09349376114081986
dvs,confirmation,practical:lstm,46,confirmation,0.11153091832025841,0.11429147664210826,0.07884482497909062,0.11345068330362418
dvs,confirmation,practical:transformer,46,confirmation,0.1731195200738348,0.17502005446756075,0.1547852003598491,0.17430184194890075
dvs,confirmation,recurrence:crc:all,46,confirmation,0.10047300415320715,0.10699886628313404,0.06988918064159544,0.10191622103386788
dvs,confirmation,recurrence:crc:partial,46,confirmation,0.012736502076603595,0.017444751052747454,-0.0016228047140396384,0.015092097445038699
dvs,confirmation,recurrence:qrc:all,46,confirmation,0.08403322565759119,0.08511689109712461,0.06423961805194167,0.08461081402257897
dvs,confirmation,recurrence:qrc:partial,46,confirmation,0.07652861098292563,0.07095996000317728,0.04020149474712187,0.0771167557932263
shd,confirmation,comparison:fixed12:q4-i2-crc,42,confirmation,0.16248558206756625,0.18020648805216732,0.13082925691113,0.16023642430386698
shd,confirmation,comparison:fixed12:q4-i2-qrc,42,confirmation,0.19247071248905634,0.20671374105560053,0.14014943906501975,0.19159653007900979
shd,confirmation,comparison:fixed12:q6-i2-crc,42,confirmation,0.16248558206756625,0.18020648805216732,0.13082925691113,0.16023642430386698
shd,confirmation,comparison:fixed12:q6-i2-qrc,42,confirmation,0.18284405008407556,0.18851749363385784,0.12763091891178013,0.1817333250153359
shd,confirmation,comparison:fixed12:q6-i4-crc,42,confirmation,0.21201830208868933,0.2216666920038427,0.14807936484422823,0.21058381490875444
shd,confirmation,comparison:fixed12:q6-i4-qrc,42,confirmation,0.26513882905543434,0.28218844509372604,0.24553343754147183,0.2648115891249379
shd,confirmation,comparison:fixed12:q8-i2-crc,42,confirmation,0.16248558206756625,0.18020648805216732,0.13082925691113,0.16023642430386698
shd,confirmation,comparison:fixed12:q8-i2-qrc,42,confirmation,0.1758789727483706,0.2054647577437816,0.1693764504175348,0.17542363866723776
shd,confirmation,comparison:fixed12:q8-i4-crc,42,confirmation,0.21201830208868933,0.2216666920038427,0.14807936484422823,0.21058381490875444
shd,confirmation,comparison:fixed12:q8-i4-qrc,42,confirmation,0.280795313998249,0.30360682140743767,0.2416339192930333,0.2804751314620754
shd,confirmation,comparison:fixed12:q8-i6-crc,42,confirmation,0.2598576967439792,0.26927041849994504,0.24754184698389825,0.25576824799917297
shd,confirmation,comparison:fixed12:q8-i6-qrc,42,confirmation,0.24049493461554494,0.26072358225509673,0.1448974141623185,0.23993183521319983
shd,confirmation,comparison:fixed:q4-i2-crc,42,confirmation,0.16248558206756625,0.18020648805216732,0.13082925691113,0.16023642430386698
shd,confirmation,comparison:fixed:q4-i2-qrc,42,confirmation,0.19247071248905634,0.20671374105560053,0.14014943906501975,0.19159653007900979
shd,confirmation,comparison:fixed:q6-i2-crc,42,confirmation,0.2829514028821968,0.3027990828687058,0.23293742960769914,0.2811717626964192
shd,confirmation,comparison:fixed:q6-i2-qrc,42,confirmation,0.20784266040384114,0.22145200138471266,0.16197250040696476,0.20714279654407708
shd,confirmation,comparison:fixed:q6-i4-crc,42,confirmation,0.25574806487027335,0.2682930159675726,0.18902668067934192,0.25440896837681093
shd,confirmation,comparison:fixed:q6-i4-qrc,42,confirmation,0.26561548937589463,0.2748892473430836,0.22069289641578438,0.2656099483969335
shd,confirmation,comparison:fixed:q8-i2-crc,42,confirmation,0.2639412721132868,0.27917559965860794,0.1998105051974508,0.26196843172927853
shd,confirmation,comparison:fixed:q8-i2-qrc,42,confirmation,0.22416619185925324,0.25510606515413503,0.19680748993994868,0.22390389318497217
shd,confirmation,comparison:fixed:q8-i4-crc,42,confirmation,0.28839478036103894,0.30453745213226735,0.24844814107951785,0.2862992048320926
shd,confirmation,comparison:fixed:q8-i4-qrc,42,confirmation,0.31340971942356066,0.33877180436562687,0.26522300507207386,0.3145189530198689
shd,confirmation,comparison:fixed:q8-i6-crc,42,confirmation,0.21150759460248192,0.22039985958323116,0.19637671545354485,0.20824532109994276
shd,confirmation,comparison:fixed:q8-i6-qrc,42,confirmation,0.24749162717658668,0.2536292581310402,0.20987134527694162,0.24370031590980357
shd,confirmation,comparison:projection:i2,42,confirmation,0.08196368765547046,0.10100983391990298,0.056014340012436103,0.08327404082639822
shd,confirmation,comparison:projection:i4,42,confirmation,0.1664816075820953,0.1838152871006723,0.09350024596626305,0.16786549649225435
shd,confirmation,comparison:projection:i6,42,confirmation,0.15801810753345658,0.16728705186694448,0.1530940427279086,0.15515958100889238
shd,confirmation,comparison:tuned:q4-i2-crc,42,confirmation,0.27307042899428846,0.2787023116048287,0.1816611456481363,0.27087991224037666
shd,confirmation,comparison:tuned:q4-i2-qrc,42,confirmation,0.2618581414416543,0.2712038171607065,0.17714870574725206,0.25983153728559916
shd,confirmation,comparison:tuned:q6-i2-crc,42,confirmation,0.26224551480704295,0.268516826252334,0.20713745499499558,0.2597108521394118
shd,confirmation,comparison:tuned:q6-i2-qrc,42,confirmation,0.26016446865576226,0.2788427796392319,0.21411659194531674,0.258475849642931
shd,confirmation,comparison:tuned:q6-i4-crc,42,confirmation,0.29501174279798215,0.298617446046188,0.21364499424357908,0.2928546786000753
shd,confirmation,comparison:tuned:q6-i4-qrc,42,confirmation,0.27083756027738015,0.2793603746204474,0.18946121254266146,0.2706738669226838
shd,confirmation,comparison:tuned:q8-i2-crc,42,confirmation,0.2582168318070013,0.26250529970376857,0.19330733851857207,0.2557343506652271
shd,confirmation,comparison:tuned:q8-i2-qrc,42,confirmation,0.26248315012715584,0.2796248774446216,0.19812583202185163,0.2608209031973815
shd,confirmation,comparison:tuned:q8-i4-crc,42,confirmation,0.323829194402368,0.31599090730922885,0.23356440581690274,0.3222080673269737
shd,confirmation,comparison:tuned:q8-i4-qrc,42,confirmation,0.26165073166664343,0.269889846386109,0.18851356106138362,0.26021137111469994
shd,confirmation,comparison:tuned:q8-i6-crc,42,confirmation,0.21740122847732735,0.22770749360559916,0.1936174743027569,0.21408405108908912
shd,confirmation,comparison:tuned:q8-i6-qrc,42,confirmation,0.21282223210439277,0.22939177699538182,0.20715312586235513,0.20988949378969723
shd,confirmation,observations:crc2:all,42,confirmation,0.2857019274864853,0.3046836796310555,0.23892466713107474,0.2838750703384231
shd,confirmation,observations:crc2:products,42,confirmation,0.25919516669214415,0.2791217905910856,0.18292931891984343,0.2572524916460547
shd,confirmation,observations:crc2:width24,42,confirmation,0.2612515460192609,0.27776712715767876,0.19900630412936926,0.2593590124064139
shd,confirmation,observations:crc4:all,42,confirmation,0.2529089481510304,0.2655953365767434,0.18830607533807275,0.2516120531166325
shd,confirmation,observations:crc4:products,42,confirmation,0.28267798329604366,0.2998070307942424,0.2258087146166502,0.2818823787771305
shd,confirmation,observations:crc4:width24,42,confirmation,0.2853232396225628,0.30059054196311086,0.23743791559084126,0.2832708972591852
shd,confirmation,observations:projection:i2,42,confirmation,0.07889492627746353,0.09760516311633072,0.05064713839229584,0.08022762740476386
shd,confirmation,observations:projection:i4,42,confirmation,0.16781813254770084,0.18480277266136047,0.1177340180489741,0.16918791043430104
shd,confirmation,observations:qrc2:all,42,confirmation,0.2065808307508442,0.2208050154390071,0.1611769835487814,0.20590998080604395
shd,confirmation,observations:qrc2:products,42,confirmation,0.22495205603190704,0.24515814500138944,0.17643005020528857,0.22473307761316264
shd,confirmation,observations:qrc2:zz,42,confirmation,0.21763017829597409,0.2346756795276248,0.16495700656891366,0.21725641855880218
shd,confirmation,observations:qrc4:all,42,confirmation,0.26341284620408845,0.27277141109743186,0.21872283284143357,0.2635860658239718
shd,confirmation,observations:qrc4:products,42,confirmation,0.2832894425992579,0.29068362916189094,0.2335660627206284,0.28255788025393513
shd,confirmation,observations:qrc4:zz,42,confirmation,0.28485839158409654,0.2927421772437988,0.24597866963197057,0.28409871447713153
shd,confirmation,practical:large-crc,42,confirmation,0.29889520421351046,0.29035018402406776,0.24057680053860941,0.29443589143021576
shd,confirmation,practical:lstm,42,confirmation,0.22007254130824505,0.22260121189342807,0.17626007855277337,0.2179035929557337
shd,confirmation,practical:transformer,42,confirmation,0.2633374560513626,0.28934534540288714,0.2234948243655377,0.2622216396522482
shd,confirmation,recurrence:crc:all,42,confirmation,0.278156658652844,0.2954118340061128,0.23742262504499578,0.27765272083533177
shd,confirmation,recurrence:crc:partial,42,confirmation,0.29501174279798215,0.298617446046188,0.21364499424357908,0.2928546786000753
shd,confirmation,recurrence:qrc:all,42,confirmation,0.2769941911366195,0.2864592071559938,0.17631017719016118,0.2769091810766776
shd,confirmation,recurrence:qrc:partial,42,confirmation,0.27083756027738015,0.2793603746204474,0.18946121254266146,0.2706738669226838
shd,confirmation,comparison:fixed12:q4-i2-crc,44,confirmation,0.2012173598854904,0.22501488126659314,0.14328539476999336,0.20022952344257494
shd,confirmation,comparison:fixed12:q4-i2-qrc,44,confirmation,0.11778790700259867,0.1315983753992631,0.10188909208767805,0.11719313813377685
shd,confirmation,comparison:fixed12:q6-i2-crc,44,confirmation,0.2012173598854904,0.22501488126659314,0.14328539476999336,0.20022952344257494
shd,confirmation,comparison:fixed12:q6-i2-qrc,44,confirmation,0.13660209285843328,0.15918132940962815,0.09836522867687669,0.13637276804720988
shd,confirmation,comparison:fixed12:q6-i4-crc,44,confirmation,0.23560013340930253,0.24683316387334642,0.18255431832586277,0.23509043477812508
shd,confirmation,comparison:fixed12:q6-i4-qrc,44,confirmation,0.20967147959254573,0.23400513452739502,0.14766323702826556,0.2103072954296049
shd,confirmation,comparison:fixed12:q8-i2-crc,44,confirmation,0.2012173598854904,0.22501488126659314,0.14328539476999336,0.20022952344257494
shd,confirmation,comparison:fixed12:q8-i2-qrc,44,confirmation,0.14985408357536933,0.17083610898433665,0.11103721580902948,0.14888811408214464
shd,confirmation,comparison:fixed12:q8-i4-crc,44,confirmation,0.23560013340930253,0.24683316387334642,0.18255431832586277,0.23509043477812508
shd,confirmation,comparison:fixed12:q8-i4-qrc,44,confirmation,0.19968211064634023,0.2267564252070381,0.170666063013731,0.1999201989776792
shd,confirmation,comparison:fixed12:q8-i6-crc,44,confirmation,0.2402607734960186,0.24316665478977562,0.23101207160505743,0.23611968557440277
shd,confirmation,comparison:fixed12:q8-i6-qrc,44,confirmation,0.1927500382162064,0.20004563366597644,0.14693914619237503,0.19165357617483858
shd,confirmation,comparison:fixed:q4-i2-crc,44,confirmation,0.2012173598854904,0.22501488126659314,0.14328539476999336,0.20022952344257494
shd,confirmation,comparison:fixed:q4-i2-qrc,44,confirmation,0.11778790700259867,0.1315983753992631,0.10188909208767805,0.11719313813377685
shd,confirmation,comparison:fixed:q6-i2-crc,44,confirmation,0.2340033908197724,0.2356182652677643,0.17597949964462378,0.23188625839033705
shd,confirmation,comparison:fixed:q6-i2-qrc,44,confirmation,0.1655717144485055,0.18947705900972978,0.13153118068858827,0.16511517459924507
shd,confirmation,comparison:fixed:q6-i4-crc,44,confirmation,0.27722383579538357,0.3017400165598969,0.2389679476818639,0.2753691820177321
shd,confirmation,comparison:fixed:q6-i4-qrc,44,confirmation,0.2241748773607194,0.24995789803203872,0.21795567030453844,0.223814135515505
shd,confirmation,comparison:fixed:q8-i2-crc,44,confirmation,0.2750291832849262,0.3069488923155426,0.23437324458184294,0.2737244465170926
shd,confirmation,comparison:fixed:q8-i2-qrc,44,confirmation,0.18455439903278248,0.21036120534897929,0.14066439680379172,0.1836569493824346
shd,confirmation,comparison:fixed:q8-i4-crc,44,confirmation,0.25608019844633756,0.27170366833286297,0.17369261617279064,0.254434042255302
shd,confirmation,comparison:fixed:q8-i4-qrc,44,confirmation,0.22677045261885242,0.25501329247101634,0.22947711511986335,0.2263380608222938
shd,confirmation,comparison:fixed:q8-i6-crc,44,confirmation,0.2391681374115816,0.24490365129516023,0.23423270748373293,0.23494770560158773
shd,confirmation,comparison:fixed:q8-i6-qrc,44,confirmation,0.21134986589585736,0.21086934067336172,0.18491009576892004,0.20812094440936035
shd,confirmation,comparison:projection:i2,44,confirmation,0.08196368765547046,0.10100983391990298,0.056014340012436103,0.08327404082639822
shd,confirmation,comparison:projection:i4,44,confirmation,0.1664816075820953,0.1838152871006723,0.09350024596626305,0.16786549649225435
shd,confirmation,comparison:projection:i6,44,confirmation,0.15801810753345658,0.16728705186694448,0.1530940427279086,0.15515958100889238
shd,confirmation,comparison:tuned:q4-i2-crc,44,confirmation,0.29001375783432237,0.28946453761474467,0.1895573164177694,0.28820844853367844
shd,confirmation,comparison:tuned:q4-i2-qrc,44,confirmation,0.25064828582943066,0.2596553796563037,0.18289825199006715,0.24897905242739593
shd,confirmation,comparison:tuned:q6-i2-crc,44,confirmation,0.25246911435678643,0.26680370197247505,0.1860073848607181,0.2507155574542763
shd,confirmation,comparison:tuned:q6-i2-qrc,44,confirmation,0.29215004377492737,0.30488071197126254,0.2316638381791416,0.29009480846848923
shd,confirmation,comparison:tuned:q6-i4-crc,44,confirmation,0.30295619727900613,0.30369452070494074,0.23191120880345073,0.3002322720332853
shd,confirmation,comparison:tuned:q6-i4-qrc,44,confirmation,0.26106115982712375,0.2803635143754615,0.2204263027781007,0.25969800259497866
shd,confirmation,comparison:tuned:q8-i2-crc,44,confirmation,0.26253352603565916,0.2661322723441607,0.19716927484620728,0.25982446326657727
shd,confirmation,comparison:tuned:q8-i2-qrc,44,confirmation,0.23213600800455814,0.24600165493222337,0.17352222046033228,0.2314604773559732
shd,confirmation,comparison:tuned:q8-i4-crc,44,confirmation,0.3434896955210607,0.34137804244156067,0.24525247924695182,0.34088702327033116
shd,confirmation,comparison:tuned:q8-i4-qrc,44,confirmation,0.2604747147681319,0.27307172105482036,0.21958798656719924,0.25916058318010116
shd,confirmation,comparison:tuned:q8-i6-crc,44,confirmation,0.17839846301366058,0.18402961584635813,0.17978909320544179,0.17480637567237112
shd,confirmation,comparison:tuned:q8-i6-qrc,44,confirmation,0.222695562751011,0.22947000791157057,0.21834016602084716,0.2191872022793201
shd,confirmation,observations:crc2:all,44,confirmation,0.2246310398977195,0.22462991867150528,0.16670502282887956,0.2224790241794028
shd,confirmation,observations:crc2:products,44,confirmation,0.19119811281424137,0.19729340189017586,0.13155329124217374,0.1893395499555185
shd,confirmation,observations:crc2:width24,44,confirmation,0.26904105115412946,0.2995368524674121,0.2279340469690847,0.26774790731460274
shd,confirmation,observations:crc4:all,44,confirmation,0.27753095512722525,0.30252258087068273,0.24044201057464043,0.2755354485791367
shd,confirmation,observations:crc4:products,44,confirmation,0.29402611209160767,0.31676584706934896,0.2480000696143928,0.292146053204005
shd,confirmation,observations:crc4:width24,44,confirmation,0.2555239789324476,0.27155062048170575,0.17531750448693406,0.2538707367307257
shd,confirmation,observations:projection:i2,44,confirmation,0.07889492627746353,0.09760516311633072,0.05064713839229584,0.08022762740476386
shd,confirmation,observations:projection:i4,44,confirmation,0.16781813254770084,0.18480277266136047,0.1177340180489741,0.16918791043430104
shd,confirmation,observations:qrc2:all,44,confirmation,0.1715515084978947,0.19611657034506802,0.13125794930555312,0.1710707230333749
shd,confirmation,observations:qrc2:products,44,confirmation,0.18120075320668705,0.20497425812371917,0.13960335268186208,0.1805044645391395
shd,confirmation,observations:qrc2:zz,44,confirmation,0.1879691907891995,0.21152126256904957,0.1393993424414317,0.18730015714289083
shd,confirmation,observations:qrc4:all,44,confirmation,0.2232312844814408,0.24874902006367294,0.2155602985145696,0.22291477211025268
shd,confirmation,observations:qrc4:products,44,confirmation,0.2394801206242444,0.2665834951025867,0.23284343460888823,0.23882463931902165
shd,confirmation,observations:qrc4:zz,44,confirmation,0.2417574591086591,0.2682338146513428,0.2345982516050834,0.24111342144008496
shd,confirmation,practical:large-crc,44,confirmation,0.29518996928806684,0.29584388032259035,0.2646777411989776,0.29114227938174075
shd,confirmation,practical:lstm,44,confirmation,0.2028828916466321,0.20856040930038078,0.14089231063857266,0.19939848495360513
shd,confirmation,practical:transformer,44,confirmation,0.2534116649758891,0.27171106965265335,0.2070291207745656,0.25082233006822874
shd,confirmation,recurrence:crc:all,44,confirmation,0.28384323017273716,0.304796908854823,0.2272299981567052,0.28340393621349547
shd,confirmation,recurrence:crc:partial,44,confirmation,0.30295619727900613,0.30369452070494074,0.23191120880345073,0.3002322720332853
shd,confirmation,recurrence:qrc:all,44,confirmation,0.2351161772676108,0.2529680995281982,0.1780190132919205,0.23515963202612167
shd,confirmation,recurrence:qrc:partial,44,confirmation,0.26106115982712375,0.2803635143754615,0.2204263027781007,0.25969800259497866
shd,confirmation,comparison:fixed12:q4-i2-crc,46,confirmation,0.152272127183535,0.15843814340854145,0.09663217960600412,0.14930713551282204
shd,confirmation,comparison:fixed12:q4-i2-qrc,46,confirmation,0.18273009630484027,0.20209594543327492,0.16653245543518724,0.18275040586283875
shd,confirmation,comparison:fixed12:q6-i2-crc,46,confirmation,0.152272127183535,0.15843814340854145,0.09663217960600412,0.14930713551282204
shd,confirmation,comparison:fixed12:q6-i2-qrc,46,confirmation,0.2088244694895705,0.23519746823980653,0.189807685429488,0.20857335874143645
shd,confirmation,comparison:fixed12:q6-i4-crc,46,confirmation,0.2092319932183604,0.2205693431311747,0.17374744984364954,0.2071132932302716
shd,confirmation,comparison:fixed12:q6-i4-qrc,46,confirmation,0.20327095985213794,0.21883288220794994,0.15262811537675647,0.20336921229762095
shd,confirmation,comparison:fixed12:q8-i2-crc,46,confirmation,0.152272127183535,0.15843814340854145,0.09663217960600412,0.14930713551282204
shd,confirmation,comparison:fixed12:q8-i2-qrc,46,confirmation,0.225596172820634,0.2498318718592787,0.22733143790223642,0.22512123224725444
shd,confirmation,comparison:fixed12:q8-i4-crc,46,confirmation,0.2092319932183604,0.2205693431311747,0.17374744984364954,0.2071132932302716
shd,confirmation,comparison:fixed12:q8-i4-qrc,46,confirmation,0.20962735724509785,0.22262800754313006,0.17672621274975098,0.20857492741386374
shd,confirmation,comparison:fixed12:q8-i6-crc,46,confirmation,0.2243388596283995,0.2262538229518588,0.2030083861821399,0.22020031798753348
shd,confirmation,comparison:fixed12:q8-i6-qrc,46,confirmation,0.09535951027668532,0.09081255796883458,0.05794437334323621,0.09133862972279938
shd,confirmation,comparison:fixed:q4-i2-crc,46,confirmation,0.152272127183535,0.15843814340854145,0.09663217960600412,0.14930713551282204
shd,confirmation,comparison:fixed:q4-i2-qrc,46,confirmation,0.18273009630484027,0.20209594543327492,0.16653245543518724,0.18275040586283875
shd,confirmation,comparison:fixed:q6-i2-crc,46,confirmation,0.2166111952639697,0.24187741112594308,0.21337324684779368,0.215125575855995
shd,confirmation,comparison:fixed:q6-i2-qrc,46,confirmation,0.25536833474617493,0.2822976545106483,0.23296694220647884,0.25532677457568154
shd,confirmation,comparison:fixed:q6-i4-crc,46,confirmation,0.2326481051710001,0.23691854026172499,0.1794477466819221,0.23034296449091984
shd,confirmation,comparison:fixed:q6-i4-qrc,46,confirmation,0.20653705582345494,0.22513599710570786,0.16234750440245893,0.20620044965845563
shd,confirmation,comparison:fixed:q8-i2-crc,46,confirmation,0.30384385552884285,0.3204328971775723,0.23390908930754628,0.3017112060053404
shd,confirmation,comparison:fixed:q8-i2-qrc,46,confirmation,0.27332717241762666,0.3000885816047443,0.23040596277937941,0.272824577126733
shd,confirmation,comparison:fixed:q8-i4-crc,46,confirmation,0.2543396239525285,0.26926325072922097,0.1749616148606845,0.252809085080108
shd,confirmation,comparison:fixed:q8-i4-qrc,46,confirmation,0.24316867938687303,0.266972813923264,0.21342417172483807,0.24241314625778587
shd,confirmation,comparison:fixed:q8-i6-crc,46,confirmation,0.25845203518670357,0.2709858355905984,0.23543102239388203,0.2558141861865195
shd,confirmation,comparison:fixed:q8-i6-qrc,46,confirmation,0.21647187982045335,0.22390170252905717,0.20372310258537896,0.21288301512769192
shd,confirmation,comparison:projection:i2,46,confirmation,0.08196368765547046,0.10100983391990298,0.056014340012436103,0.08327404082639822
shd,confirmation,comparison:projection:i4,46,confirmation,0.1664816075820953,0.1838152871006723,0.09350024596626305,0.16786549649225435
shd,confirmation,comparison:projection:i6,46,confirmation,0.15801810753345658,0.16728705186694448,0.1530940427279086,0.15515958100889238
shd,confirmation,comparison:tuned:q4-i2-crc,46,confirmation,0.2876255923512,0.2871495860204156,0.20544806695926066,0.2856904119169953
shd,confirmation,comparison:tuned:q4-i2-qrc,46,confirmation,0.24755763698772915,0.2534284558587343,0.17652339457600708,0.24583509094636224
shd,confirmation,comparison:tuned:q6-i2-crc,46,confirmation,0.24902965577620595,0.25378147609604096,0.182013911761283,0.24712649362395056
shd,confirmation,comparison:tuned:q6-i2-qrc,46,confirmation,0.2969232479606443,0.3210924905113719,0.24195139848974556,0.2950645566856551
shd,confirmation,comparison:tuned:q6-i4-crc,46,confirmation,0.2914836921024473,0.29847313799345165,0.24776588671064537,0.28888743213143897
shd,confirmation,comparison:tuned:q6-i4-qrc,46,confirmation,0.24321036979391042,0.2530918822256528,0.18660156505252534,0.24135290250633235
shd,confirmation,comparison:tuned:q8-i2-crc,46,confirmation,0.25854340666212705,0.26569617038280713,0.2029379406917673,0.25580782788126855
shd,confirmation,comparison:tuned:q8-i2-qrc,46,confirmation,0.23696167261913037,0.2653247737715584,0.19670899643146644,0.23558479331769933
shd,confirmation,comparison:tuned:q8-i4-crc,46,confirmation,0.3409632568545977,0.334438337067974,0.23331177878508902,0.338821989408977
shd,confirmation,comparison:tuned:q8-i4-qrc,46,confirmation,0.24443363582039768,0.2615582901233272,0.18058148003342178,0.24241812652857853
shd,confirmation,comparison:tuned:q8-i6-crc,46,confirmation,0.20271335065801355,0.20657842316638952,0.1899791539834419,0.19897184012135793
shd,confirmation,comparison:tuned:q8-i6-qrc,46,confirmation,0.23257410469850892,0.23828255084070937,0.22599900364961623,0.22930821857103
shd,confirmation,observations:crc2:all,46,confirmation,0.21234696146416715,0.23661977709019716,0.21578361100859478,0.210935559641085
shd,confirmation,observations:crc2:products,46,confirmation,0.18460616462152063,0.2050408724785614,0.14914632005013528,0.18272668198825087
shd,confirmation,observations:crc2:width24,46,confirmation,0.29919502772412065,0.3161385753674725,0.23498522824515578,0.29704395349520885
shd,confirmation,observations:crc4:all,46,confirmation,0.23287219110882584,0.23765503009838695,0.18281999769380963,0.23051629151246866
shd,confirmation,observations:crc4:products,46,confirmation,0.25142337998026654,0.2544355997262565,0.1907019401215545,0.24908954229288394
shd,confirmation,observations:crc4:width24,46,confirmation,0.251506065954224,0.2664240589239454,0.17116668026204573,0.25003101257588667
shd,confirmation,observations:projection:i2,46,confirmation,0.07889492627746353,0.09760516311633072,0.05064713839229584,0.08022762740476386
shd,confirmation,observations:projection:i4,46,confirmation,0.16781813254770084,0.18480277266136047,0.1177340180489741,0.16918791043430104
shd,confirmation,observations:qrc2:all,46,confirmation,0.2540290304201004,0.28156708803520103,0.22892747392626867,0.2540514763465149
shd,confirmation,observations:qrc2:products,46,confirmation,0.26782890256951875,0.29044806602163536,0.21963402121254028,0.2676152508271308
shd,confirmation,observations:qrc2:zz,46,confirmation,0.26545741324921135,0.29248785754828244,0.2385206562755492,0.26537851435240545
shd,confirmation,observations:qrc4:all,46,confirmation,0.20440910796425737,0.22411129677755348,0.16521929976290906,0.20415621763585012
shd,confirmation,observations:qrc4:products,46,confirmation,0.222727872816465,0.2443576704197753,0.1789809781362145,0.2220964200728448
shd,confirmation,observations:qrc4:zz,46,confirmation,0.2232010589363388,0.24500499916712126,0.18008084525751678,0.22256473474522775
shd,confirmation,practical:large-crc,46,confirmation,0.31084923359135064,0.30606317834003394,0.2792882544933042,0.3051201581150381
shd,confirmation,practical:lstm,46,confirmation,0.24627461471115497,0.2678355747290657,0.2204271952344954,0.2445967751235606
shd,confirmation,practical:transformer,46,confirmation,0.2977688683833849,0.30294996548155695,0.25459242758242984,0.29607493939224405
shd,confirmation,recurrence:crc:all,46,confirmation,0.28029850331438744,0.29491579552344316,0.23272028224684538,0.2796016988668072
shd,confirmation,recurrence:crc:partial,46,confirmation,0.2914836921024473,0.29847313799345165,0.24776588671064537,0.28888743213143897
shd,confirmation,recurrence:qrc:all,46,confirmation,0.21596464653483238,0.2276176937513138,0.14756830876686688,0.21552568315132303
shd,confirmation,recurrence:qrc:partial,46,confirmation,0.24321036979391042,0.2530918822256528,0.18660156505252534,0.24135290250633235
dvs,official,comparison:fixed12:q4-i2-crc,42,official,0.10576517261754026,0.11190792205542466,0.09638763963672081,0.10583108594890633
dvs,official,comparison:fixed12:q4-i2-qrc,42,official,0.06026842238541397,0.059950142358344616,0.05551899068060184,0.06034785048039848
dvs,official,comparison:fixed12:q6-i2-crc,42,official,0.10576517261754026,0.11190792205542466,0.09638763963672081,0.10583108594890633
dvs,official,comparison:fixed12:q6-i2-qrc,42,official,0.11185321178357399,0.11364804279500473,0.10694884182842712,0.11194763753673909
dvs,official,comparison:fixed12:q6-i4-crc,42,official,0.033848231619819424,0.04096168726770166,0.03688661268527249,0.033803212006451866
dvs,official,comparison:fixed12:q6-i4-qrc,42,official,0.13073984975099184,0.13584558055536577,0.11996334956778132,0.13071250055786132
dvs,official,comparison:fixed12:q8-i2-crc,42,official,0.10576517261754026,0.11190792205542466,0.09638763963672081,0.10583108594890633
dvs,official,comparison:fixed12:q8-i2-qrc,42,official,0.14464632396387278,0.14155608852986612,0.11021963085428965,0.14474351127517548
dvs,official,comparison:fixed12:q8-i4-crc,42,official,0.033848231619819424,0.04096168726770166,0.03688661268527249,0.033803212006451866
dvs,official,comparison:fixed12:q8-i4-qrc,42,official,0.10173461635857173,0.10582786229580121,0.09299715350121873,0.10173319562126637
dvs,official,comparison:fixed12:q8-i6-crc,42,official,0.04316493627078588,0.05911111565359284,0.021319525330638744,0.04316651684103823
dvs,official,comparison:fixed12:q8-i6-qrc,42,official,0.07521946484342024,0.07796599307370222,0.05165968819989608,0.0751797907541647
dvs,official,comparison:fixed:q4-i2-crc,42,official,0.10576517261754026,0.11190792205542466,0.09638763963672081,0.10583108594890633
dvs,official,comparison:fixed:q4-i2-qrc,42,official,0.06026842238541397,0.059950142358344616,0.05551899068060184,0.06034785048039848
dvs,official,comparison:fixed:q6-i2-crc,42,official,0.12726850679496915,0.13540401901566546,0.08528160777163118,0.1273310636344509
dvs,official,comparison:fixed:q6-i2-qrc,42,official,0.14449860724233987,0.14254432534685246,0.1318952570921842,0.14459846731569848
dvs,official,comparison:fixed:q6-i4-crc,42,official,0.03697138516080012,0.04033051430074064,0.02347501643857508,0.03687623127976569
dvs,official,comparison:fixed:q6-i4-qrc,42,official,0.145226639655609,0.14999326604509788,0.13564275377354174,0.14518740954676135
dvs,official,comparison:fixed:q8-i2-crc,42,official,0.1303494555583693,0.13043577538698614,0.1041978685712942,0.13041364624575247
dvs,official,comparison:fixed:q8-i2-qrc,42,official,0.20919853127374022,0.20672223910473697,0.20030947438800284,0.20925300766979715
dvs,official,comparison:fixed:q8-i4-crc,42,official,0.07076686080864358,0.07385454719716544,0.05622404935549452,0.07069617912769588
dvs,official,comparison:fixed:q8-i4-qrc,42,official,0.08276356883599223,0.08718013436763672,0.08412134389285286,0.08271649803314007
dvs,official,comparison:fixed:q8-i6-crc,42,official,0.034523508061112484,0.03969099961260791,0.03481090174463153,0.03445033121027241
dvs,official,comparison:fixed:q8-i6-qrc,42,official,0.08439900396724909,0.08756441523408753,0.08135245381300071,0.08435900133249186
dvs,official,comparison:projection:i2,42,official,0.10340170507301427,0.10751378204502887,0.12500588753780245,0.10349444370062921
dvs,official,comparison:projection:i4,42,official,0.14405545707774114,0.1561297998185709,0.12043678323085083,0.1440485753814177
dvs,official,comparison:projection:i6,42,official,0.12853465012239385,0.14130155076121487,0.12276553338664042,0.128539232000204
dvs,official,comparison:tuned:q4-i2-crc,42,official,0.11776188064488902,0.12072098582199364,0.10818835882118583,0.1178418415163629
dvs,official,comparison:tuned:q4-i2-qrc,42,official,0.16978982020764755,0.1582762061520998,0.1384655312317239,0.16988632378912205
dvs,official,comparison:tuned:q6-i2-crc,42,official,0.12396598294926986,0.12819064563775373,0.1322295653609733,0.12406438676689024
dvs,official,comparison:tuned:q6-i2-qrc,42,official,0.14449860724233987,0.14254432534685246,0.1318952570921842,0.14459846731569848
dvs,official,comparison:tuned:q6-i4-crc,42,official,0.0691736304549675,0.0722646028533035,0.06839704569674943,0.0690919291802945
dvs,official,comparison:tuned:q6-i4-qrc,42,official,0.145226639655609,0.14999326604509788,0.13564275377354174,0.14518740954676135
dvs,official,comparison:tuned:q8-i2-crc,42,official,0.18305267156242078,0.19187182809122239,0.1833571038021088,0.18311481106031902
dvs,official,comparison:tuned:q8-i2-qrc,42,official,0.20919853127374022,0.20672223910473697,0.20030947438800284,0.20925300766979715
dvs,official,comparison:tuned:q8-i4-crc,42,official,0.08053726681860385,0.08403146682213525,0.07574332530263606,0.08044600220594345
dvs,official,comparison:tuned:q8-i4-qrc,42,official,0.08276356883599223,0.08718013436763672,0.08412134389285286,0.08271649803314007
dvs,official,comparison:tuned:q8-i6-crc,42,official,0.07017599392251195,0.07384980170863598,0.06092061380409408,0.0701829466557008
dvs,official,comparison:tuned:q8-i6-qrc,42,official,0.08439900396724909,0.08756441523408753,0.08135245381300071,0.08435900133249186
dvs,official,observations:crc2:all,42,official,0.1247045665569343,0.1371614619885918,0.12367759267181244,0.12483742325421265
dvs,official,observations:crc2:products,42,official,0.13005402211530337,0.14155694684710762,0.1449906300456475,0.1301618116787484
dvs,official,observations:crc2:width24,42,official,0.1377036380518275,0.1425121640115471,0.10810708873705244,0.13775749287531325
dvs,official,observations:crc4:all,42,official,0.03125263779859877,0.034839462865776105,0.018360061571978448,0.031165324611569067
dvs,official,observations:crc4:products,42,official,0.0710306406685236,0.07460960269698913,0.07261844746132762,0.07095678008785522
dvs,official,observations:crc4:width24,42,official,0.08332278213893807,0.08671373872070332,0.08174318292276439,0.08323849689829066
dvs,official,observations:projection:i2,42,official,0.11090360428800539,0.11367928645251346,0.1420075181522985,0.11101202430362961
dvs,official,observations:projection:i4,42,official,0.1392652148223178,0.1517044016888589,0.11298403258546819,0.13925574916002015
dvs,official,observations:qrc2:all,42,official,0.16477800286992494,0.1640988358789185,0.15475395441586814,0.1648520232835402
dvs,official,observations:qrc2:products,42,official,0.18301046678484,0.1818764762555951,0.16447883538388397,0.1830861210463567
dvs,official,observations:qrc2:zz,42,official,0.13090866886131503,0.13091600991083518,0.1268044458071459,0.1309930251388277
dvs,official,observations:qrc4:all,42,official,0.15280239723136657,0.15897651886130404,0.1439714098958238,0.15276316712251903
dvs,official,observations:qrc4:products,42,official,0.1115050223685321,0.1189402188336437,0.10741062164077841,0.11146389202353846
dvs,official,observations:qrc4:zz,42,official,0.08677302270617038,0.09128984841076693,0.0848951214364917,0.0866980344152658
dvs,official,practical:large-crc,42,official,0.10527981767536088,0.1043530248663509,0.09985891383438816,0.10525887955932145
dvs,official,practical:lstm,42,official,0.08462057904954845,0.09059294619473435,0.08081158930962973,0.08465785564460082
dvs,official,practical:transformer,42,official,0.17996117160462555,0.17943267360257054,0.16745662984897414,0.17996289424860856
dvs,official,recurrence:crc:all,42,official,0.1414704144509158,0.14633864853189726,0.13288329558741152,0.14141945437969017
dvs,official,recurrence:crc:partial,42,official,0.0691736304549675,0.0722646028533035,0.06839704569674943,0.0690919291802945
dvs,official,recurrence:qrc:all,42,official,0.1263927576601671,0.13200108298212465,0.1264068700278902,0.12636436955288188
dvs,official,recurrence:qrc:partial,42,official,0.145226639655609,0.14999326604509788,0.13564275377354174,0.14518740954676135
dvs,official,comparison:fixed12:q4-i2-crc,44,official,0.13030725078078842,0.1342871151765872,0.09734454698326334,0.13036582955581488
dvs,official,comparison:fixed12:q4-i2-qrc,44,official,0.11471258546467467,0.11665843439311485,0.11624917820882841,0.11483656255379382
dvs,official,comparison:fixed12:q6-i2-crc,44,official,0.13030725078078842,0.1342871151765872,0.09734454698326334,0.13036582955581488
dvs,official,comparison:fixed12:q6-i2-qrc,44,official,0.16402886806786532,0.1646844999010577,0.13462138815758873,0.1640702204030629
dvs,official,comparison:fixed12:q6-i4-crc,44,official,0.0583586561998819,0.06478514744721331,0.04913362226682383,0.058289341978590814
dvs,official,comparison:fixed12:q6-i4-qrc,44,official,0.1486768802228412,0.15641938932680544,0.15226784446415698,0.14863738372574908
dvs,official,comparison:fixed12:q8-i2-crc,44,official,0.13030725078078842,0.1342871151765872,0.09734454698326334,0.13036582955581488
dvs,official,comparison:fixed12:q8-i2-qrc,44,official,0.13919135646155145,0.13519112086208063,0.12549890939402186,0.13929320556713787
dvs,official,comparison:fixed12:q8-i4-crc,44,official,0.0583586561998819,0.06478514744721331,0.04913362226682383,0.058289341978590814
dvs,official,comparison:fixed12:q8-i4-qrc,44,official,0.08071663712332233,0.08608241438542152,0.08487695656532424,0.08068747649012742
dvs,official,comparison:fixed12:q8-i6-crc,44,official,0.057208576010804424,0.06511180748134315,0.05251710548436006,0.05715847726156986
dvs,official,comparison:fixed12:q8-i6-qrc,44,official,0.060774879716383956,0.07129433078717151,0.0567534804920925,0.06078138846916481
dvs,official,comparison:fixed:q4-i2-crc,44,official,0.13030725078078842,0.1342871151765872,0.09734454698326334,0.13036582955581488
dvs,official,comparison:fixed:q4-i2-qrc,44,official,0.11471258546467467,0.11665843439311485,0.11624917820882841,0.11483656255379382
dvs,official,comparison:fixed:q6-i2-crc,44,official,0.17135139697813795,0.17462097689104072,0.1614080102870249,0.17140370674980387
dvs,official,comparison:fixed:q6-i2-qrc,44,official,0.1274900818772685,0.12740903263271175,0.08689504850535335,0.12754384790467266
dvs,official,comparison:fixed:q6-i4-crc,44,official,0.11146281759095122,0.1270154762499761,0.10220546156490395,0.11138738531963854
dvs,official,comparison:fixed:q6-i4-qrc,44,official,0.13657466025154053,0.13879784685278695,0.13165168674349992,0.13654852756472802
dvs,official,comparison:fixed:q8-i2-crc,44,official,0.12292141470414453,0.13554994977966106,0.12831363083585956,0.12300205930544672
dvs,official,comparison:fixed:q8-i2-qrc,44,official,0.20704608761711818,0.20291424778268286,0.1900564664609784,0.20710763218126993
dvs,official,comparison:fixed:q8-i4-crc,44,official,0.06018401283025232,0.06641197051929759,0.06629949297026128,0.06007688923741927
dvs,official,comparison:fixed:q8-i4-qrc,44,official,0.08361821558200389,0.08955634490651421,0.08805405094430085,0.08355727483120734
dvs,official,comparison:fixed:q8-i6-crc,44,official,0.07310922596437908,0.07509247226380855,0.06362607477268933,0.07306310527960003
dvs,official,comparison:fixed:q8-i6-qrc,44,official,0.0868890858445176,0.09154308813986844,0.08302353857018197,0.08686140810588516
dvs,official,comparison:projection:i2,44,official,0.10340170507301427,0.10751378204502887,0.12500588753780245,0.10349444370062921
dvs,official,comparison:projection:i4,44,official,0.14405545707774114,0.1561297998185709,0.12043678323085083,0.1440485753814177
dvs,official,comparison:projection:i6,44,official,0.12853465012239385,0.14130155076121487,0.12276553338664042,0.128539232000204
dvs,official,comparison:tuned:q4-i2-crc,44,official,0.12054739596522324,0.1241179327658235,0.12023620602922958,0.12063433620871022
dvs,official,comparison:tuned:q4-i2-qrc,44,official,0.15222208153963035,0.14792868363409728,0.13005257186692754,0.1522810154989831
dvs,official,comparison:tuned:q6-i2-crc,44,official,0.1409745083143411,0.1455045805784121,0.13348847068596492,0.14107118948797892
dvs,official,comparison:tuned:q6-i2-qrc,44,official,0.1274900818772685,0.12740903263271175,0.08689504850535335,0.12754384790467266
dvs,official,comparison:tuned:q6-i4-crc,44,official,0.04960116485186117,0.05290299868339887,0.04775892984131325,0.04952454271305551
dvs,official,comparison:tuned:q6-i4-qrc,44,official,0.13657466025154053,0.13879784685278695,0.13165168674349992,0.13654852756472802
dvs,official,comparison:tuned:q8-i2-crc,44,official,0.1631109141554824,0.16644491170114706,0.15280527849847436,0.1632087230393564
dvs,official,comparison:tuned:q8-i2-qrc,44,official,0.20704608761711818,0.20291424778268286,0.1900564664609784,0.20710763218126993
dvs,official,comparison:tuned:q8-i4-crc,44,official,0.1007005993078417,0.10435585215510557,0.09424541458396452,0.10061269118706517
dvs,official,comparison:tuned:q8-i4-qrc,44,official,0.08361821558200389,0.08955634490651421,0.08805405094430085,0.08355727483120734
dvs,official,comparison:tuned:q8-i6-crc,44,official,0.05294589347514134,0.054902415022840434,0.046917162047323546,0.05288685296049045
dvs,official,comparison:tuned:q8-i6-qrc,44,official,0.0868890858445176,0.09154308813986844,0.08302353857018197,0.08686140810588516
dvs,official,observations:crc2:all,44,official,0.11742424242424243,0.12219441175090362,0.07340842632377009,0.11752306358344655
dvs,official,observations:crc2:products,44,official,0.10327509074027186,0.10574846179359088,0.06273461983162942,0.10337649586545028
dvs,official,observations:crc2:width24,44,official,0.12956866717312399,0.14169311169432108,0.1158611074275997,0.12965017309641746
dvs,official,observations:crc4:all,44,official,0.019889001434962417,0.021693449737479775,0.017789854689067464,0.019820814923907526
dvs,official,observations:crc4:products,44,official,0.0804634084578374,0.08339085039066219,0.08220672224543646,0.08035913521922355
dvs,official,observations:crc4:width24,44,official,0.07296150924284628,0.07689534017333044,0.06841607059797072,0.07286068129219814
dvs,official,observations:projection:i2,44,official,0.11090360428800539,0.11367928645251346,0.1420075181522985,0.11101202430362961
dvs,official,observations:projection:i4,44,official,0.1392652148223178,0.1517044016888589,0.11298403258546819,0.13925574916002015
dvs,official,observations:qrc2:all,44,official,0.17577234742972914,0.1757365134350788,0.15738307266939888,0.17581001472754054
dvs,official,observations:qrc2:products,44,official,0.14928884949776322,0.14299822708654597,0.11130553873928906,0.1493721668611212
dvs,official,observations:qrc2:zz,44,official,0.13562505275597192,0.1395166249312162,0.12149277705768458,0.1357085477114932
dvs,official,observations:qrc4:all,44,official,0.13092977125010552,0.13321663297523678,0.12455109497442829,0.1309053612072758
dvs,official,observations:qrc4:products,44,official,0.11815227483751156,0.12159030282766359,0.11785951190322863,0.11811200581450942
dvs,official,observations:qrc4:zz,44,official,0.10185067949691906,0.10496518380351927,0.10004302622230288,0.10179137259402338
dvs,official,practical:large-crc,44,official,0.09863256520638142,0.09906587920589127,0.09585466733544212,0.09862032910633822
dvs,official,practical:lstm,44,official,0.07968262007259219,0.08394383291950136,0.0683614870434397,0.07966260543580128
dvs,official,practical:transformer,44,official,0.17710179792352487,0.18000915602361356,0.17194038093524278,0.1771026592455165
dvs,official,recurrence:crc:all,44,official,0.1364585971131932,0.14167901346389855,0.14062550456875011,0.13642340722605806
dvs,official,recurrence:crc:partial,44,official,0.04960116485186117,0.05290299868339887,0.04775892984131325,0.04952454271305551
dvs,official,recurrence:qrc:all,44,official,0.1461867983455727,0.15646384546857162,0.15114736903236436,0.14616366696631777
dvs,official,recurrence:qrc:partial,44,official,0.13657466025154053,0.13879784685278695,0.13165168674349992,0.13654852756472802
dvs,official,comparison:fixed12:q4-i2-crc,46,official,0.08411412171857846,0.09061318757852843,0.07140286728610401,0.08419562764187205
dvs,official,comparison:fixed12:q4-i2-qrc,46,official,0.1563792521313413,0.1600633928250536,0.13175798534759087,0.15644584919253546
dvs,official,comparison:fixed12:q6-i2-crc,46,official,0.08411412171857846,0.09061318757852843,0.07140286728610401,0.08419562764187205
dvs,official,comparison:fixed12:q6-i2-qrc,46,official,0.12447244028023974,0.1282773791954953,0.09569685084461832,0.12459674591486103
dvs,official,comparison:fixed12:q6-i4-crc,46,official,0.06285346501223943,0.07141070835497154,0.04661283883190348,0.06278251694304726
dvs,official,comparison:fixed12:q6-i4-qrc,46,official,0.09029712163416903,0.09671971639390142,0.07141072774560786,0.09024443891896039
dvs,official,comparison:fixed12:q8-i2-crc,46,official,0.08411412171857846,0.09061318757852843,0.07140286728610401,0.08419562764187205
dvs,official,comparison:fixed12:q8-i2-qrc,46,official,0.1762049463999325,0.17576313855653247,0.1791558276054802,0.1763415769306786
dvs,official,comparison:fixed12:q8-i4-crc,46,official,0.06285346501223943,0.07141070835497154,0.04661283883190348,0.06278251694304726
dvs,official,comparison:fixed12:q8-i4-qrc,46,official,0.018021440027011004,0.022514453447060156,-0.01043447830016142,0.017975887637154075
dvs,official,comparison:fixed12:q8-i6-crc,46,official,0.06530134211192706,0.07247879835992055,0.053074520584173945,0.06529448705442809
dvs,official,comparison:fixed12:q8-i6-qrc,46,official,0.07862750063307167,0.08229006153269647,0.06578825826631929,0.07866801828510217
dvs,official,comparison:fixed:q4-i2-crc,46,official,0.08411412171857846,0.09061318757852843,0.07140286728610401,0.08419562764187205
dvs,official,comparison:fixed:q4-i2-qrc,46,official,0.1563792521313413,0.1600633928250536,0.13175798534759087,0.15644584919253546
dvs,official,comparison:fixed:q6-i2-crc,46,official,0.11712880898117661,0.11345091269804841,0.09174955110756411,0.11718515897455517
dvs,official,comparison:fixed:q6-i2-qrc,46,official,0.12436692833628771,0.12847581149841136,0.10046935601362139,0.12449951864532138
dvs,official,comparison:fixed:q6-i4-crc,46,official,0.06656748543935176,0.06939547226727139,0.060786340885123025,0.06649309208219356
dvs,official,comparison:fixed:q6-i4-qrc,46,official,0.11191651894994514,0.11413436177222636,0.10835577901562399,0.11185997360518718
dvs,official,comparison:fixed:q8-i2-crc,46,official,0.12277369798261173,0.12638815434874628,0.10575885079020308,0.12281876199401964
dvs,official,comparison:fixed:q8-i2-qrc,46,official,0.1609162657212797,0.15570423500990405,0.1454555740540735,0.16101553086089182
dvs,official,comparison:fixed:q8-i4-crc,46,official,0.05089896176247144,0.055629891561651434,0.049133092084053365,0.050829141403515465
dvs,official,comparison:fixed:q8-i4-qrc,46,official,0.09412720519962858,0.09751646046576501,0.08284395224639807,0.09408013439677632
dvs,official,comparison:fixed:q8-i6-crc,46,official,0.07533552798176757,0.0791754103464779,0.06496746651624408,0.07528578441685951
dvs,official,comparison:fixed:q8-i6-qrc,46,official,0.1217185785430911,0.12748188841849872,0.11156533093635923,0.12172535368411663
dvs,official,comparison:projection:i2,46,official,0.10340170507301427,0.10751378204502887,0.12500588753780245,0.10349444370062921
dvs,official,comparison:projection:i4,46,official,0.14405545707774114,0.1561297998185709,0.12043678323085083,0.1440485753814177
dvs,official,comparison:projection:i6,46,official,0.12853465012239385,0.14130155076121487,0.12276553338664042,0.128539232000204
dvs,official,comparison:tuned:q4-i2-crc,46,official,0.12756394023803497,0.13252902936698618,0.11741526056623253,0.12764027822937984
dvs,official,comparison:tuned:q4-i2-qrc,46,official,0.16715202160884612,0.16226228552912947,0.14375922453126933,0.16721974638027648
dvs,official,comparison:tuned:q6-i2-crc,46,official,0.15583059002279054,0.16083843711206347,0.14733794078959928,0.15591349004456512
dvs,official,comparison:tuned:q6-i2-qrc,46,official,0.12436692833628771,0.12847581149841136,0.10046935601362139,0.12449951864532138
dvs,official,comparison:tuned:q6-i4-crc,46,official,0.10355997298894237,0.10588639390052235,0.0923027194623739,0.10345379951418254
dvs,official,comparison:tuned:q6-i4-qrc,46,official,0.11191651894994514,0.11413436177222636,0.10835577901562399,0.11185997360518718
dvs,official,comparison:tuned:q8-i2-crc,46,official,0.1422406516417658,0.1438010043916137,0.1323496470053196,0.14231761120568187
dvs,official,comparison:tuned:q8-i2-qrc,46,official,0.1609162657212797,0.15570423500990405,0.1454555740540735,0.16101553086089182
dvs,official,comparison:tuned:q8-i4-crc,46,official,0.08811302439436142,0.09212703073733453,0.08596072417849865,0.08800263310572587
dvs,official,comparison:tuned:q8-i4-qrc,46,official,0.09412720519962858,0.09751646046576501,0.08284395224639807,0.09408013439677632
dvs,official,comparison:tuned:q8-i6-crc,46,official,0.05524605385329617,0.060426742846435455,0.05392309479077728,0.055196399084469494
dvs,official,comparison:tuned:q8-i6-qrc,46,official,0.1217185785430911,0.12748188841849872,0.11156533093635923,0.12172535368411663
dvs,official,observations:crc2:all,46,official,0.10048957541993764,0.1110985017853664,0.11068085135068206,0.10061269118706517
dvs,official,observations:crc2:products,46,official,0.13335654596100277,0.1431135112942219,0.1430854270350641,0.13344761522228377
dvs,official,observations:crc2:width24,46,official,0.12455684983540127,0.13600520939607041,0.11582978047047454,0.12462543592882336
dvs,official,observations:crc4:all,46,official,0.09063475985481562,0.09545304863044424,0.082549765215986,0.090553653513889
dvs,official,observations:crc4:products,46,official,0.13512914661939734,0.14284165660309256,0.14027301856695296,0.1350988849147906
dvs,official,observations:crc4:width24,46,official,0.10233603443909856,0.10735528216100898,0.10543671468210081,0.10223606781044192
dvs,official,observations:projection:i2,46,official,0.11090360428800539,0.11367928645251346,0.1420075181522985,0.11101202430362961
dvs,official,observations:projection:i4,46,official,0.1392652148223178,0.1517044016888589,0.11298403258546819,0.13925574916002015
dvs,official,observations:qrc2:all,46,official,0.1585739005655441,0.15778359799512043,0.1395286137961249,0.15869642139892515
dvs,official,observations:qrc2:products,46,official,0.14880349455558373,0.146945046979852,0.12333428949971148,0.14892747164470288
dvs,official,observations:qrc2:zz,46,official,0.14379167721786112,0.1388899920506418,0.1177953025116133,0.14389317113912115
dvs,official,observations:qrc4:all,46,official,0.11005950873638903,0.11218678274033411,0.10497525547469988,0.11000468603561397
dvs,official,observations:qrc4:products,46,official,0.06111251793703043,0.06445209877121194,0.058758592511159335,0.06105234971214357
dvs,official,observations:qrc4:zz,46,official,0.08755381109141558,0.09111150381539423,0.08705452465300734,0.08751888759252535
dvs,official,practical:large-crc,46,official,0.1289355955094117,0.12975184852089705,0.12185013971977099,0.1289329227473558
dvs,official,practical:lstm,46,official,0.09375791339579642,0.0949144850163236,0.09016842210528264,0.09374143284305281
dvs,official,practical:transformer,46,official,0.1809635350721701,0.18087271592018683,0.17558159041736798,0.18095827834414002
dvs,official,recurrence:crc:all,46,official,0.15539799105258711,0.16405982202235114,0.150064498826031,0.1553723645034396
dvs,official,recurrence:crc:partial,46,official,0.10355997298894237,0.10588639390052235,0.0923027194623739,0.10345379951418254
dvs,official,recurrence:qrc:all,46,official,0.10087996961256007,0.1064731804764395,0.09680548841173886,0.10090198216118684
dvs,official,recurrence:qrc:partial,46,official,0.11191651894994514,0.11413436177222636,0.10835577901562399,0.11185997360518718
shd,official,comparison:fixed12:q4-i2-crc,42,official,0.08216739134578888,0.08018023211128988,0.05168859563284944,0.08214658097214889
shd,official,comparison:fixed12:q4-i2-qrc,42,official,0.07056003341206885,0.07864913391131134,0.07119463116999392,0.07029869114712628
shd,official,comparison:fixed12:q6-i2-crc,42,official,0.08216739134578888,0.08018023211128988,0.05168859563284944,0.08214658097214889
shd,official,comparison:fixed12:q6-i2-qrc,42,official,0.08772076140698093,0.09621875007930192,0.08042999440136755,0.08780090180774547
shd,official,comparison:fixed12:q6-i4-crc,42,official,0.07551552153501417,0.08957459663960377,0.06657969290114263,0.07652811837162266
shd,official,comparison:fixed12:q6-i4-qrc,42,official,0.08554954015080496,0.09472666981225553,0.06566377572561999,0.08598434876344485
shd,official,comparison:fixed12:q8-i2-crc,42,official,0.08216739134578888,0.08018023211128988,0.05168859563284944,0.08214658097214889
shd,official,comparison:fixed12:q8-i2-qrc,42,official,0.08921026727922132,0.09925716326340361,0.07750738137733082,0.08868062765893625
shd,official,comparison:fixed12:q8-i4-crc,42,official,0.07551552153501417,0.08957459663960377,0.06657969290114263,0.07652811837162266
shd,official,comparison:fixed12:q8-i4-qrc,42,official,0.09472767777456215,0.10259040356668747,0.07791911471967394,0.09451520375452838
shd,official,comparison:fixed12:q8-i6-crc,42,official,0.11360450023135427,0.11890816861929765,0.08833453917235556,0.1132749081540948
shd,official,comparison:fixed12:q8-i6-qrc,42,official,0.13085166115864322,0.1396237927036007,0.11913158007630575,0.12967606343673443
shd,official,comparison:fixed:q4-i2-crc,42,official,0.08216739134578888,0.08018023211128988,0.05168859563284944,0.08214658097214889
shd,official,comparison:fixed:q4-i2-qrc,42,official,0.07056003341206885,0.07864913391131134,0.07119463116999392,0.07029869114712628
shd,official,comparison:fixed:q6-i2-crc,42,official,0.16416018383569864,0.17656339869021187,0.17476959581245577,0.16377871579247616
shd,official,comparison:fixed:q6-i2-qrc,42,official,0.09470038316433782,0.10292622189147504,0.08633233131981743,0.09476138310561844
shd,official,comparison:fixed:q6-i4-crc,42,official,0.13306642381684364,0.1430733375950115,0.12417392454437681,0.13297590982272833
shd,official,comparison:fixed:q6-i4-qrc,42,official,0.11578308669981296,0.12516819703782944,0.09415785000948318,0.11627734322241456
shd,official,comparison:fixed:q8-i2-crc,42,official,0.14841985869190366,0.15946791422409312,0.1424152395429108,0.14928744427604845
shd,official,comparison:fixed:q8-i2-qrc,42,official,0.11965090626770902,0.12594968250363536,0.10550520200173374,0.12037037019009955
shd,official,comparison:fixed:q8-i4-crc,42,official,0.13292171905787664,0.14443613740636663,0.12316703469891821,0.13372415323096176
shd,official,comparison:fixed:q8-i4-qrc,42,official,0.11987186263619154,0.12442791807607134,0.10282614483305441,0.12066621807981581
shd,official,comparison:fixed:q8-i6-crc,42,official,0.10807344243090122,0.12030185980584496,0.09280745875976926,0.10714651511259643
shd,official,comparison:fixed:q8-i6-qrc,42,official,0.08838449700799089,0.08933890885179363,0.06735667428407299,0.08859566216711023
shd,official,comparison:projection:i2,42,official,0.0004579429048743311,-0.0028311536914217283,-0.03327005834730601,0.0006753530719251222
shd,official,comparison:projection:i4,42,official,0.004853891518221576,0.008779546002798178,-0.014447321813399028,0.006467843187298983
shd,official,comparison:projection:i6,42,official,0.030254775690293667,0.03237791396495493,-0.0005174641741028108,0.02976135373625044
shd,official,comparison:tuned:q4-i2-crc,42,official,0.11736032524777451,0.12317944010081128,0.09512013597734559,0.11814240874490811
shd,official,comparison:tuned:q4-i2-qrc,42,official,0.1174426423262287,0.12625014256385347,0.1083265149760505,0.1188282404656884
shd,official,comparison:tuned:q6-i2-crc,42,official,0.10191092598914797,0.11019738454552708,0.08813756828253294,0.10360221347504706
shd,official,comparison:tuned:q6-i2-qrc,42,official,0.13394829967575728,0.14509055393937498,0.130043260765357,0.13507785761444013
shd,official,comparison:tuned:q6-i4-crc,42,official,0.0908176165479857,0.09974988680489927,0.08240470035085756,0.09298324377534084
shd,official,comparison:tuned:q6-i4-qrc,42,official,0.090425310681984,0.09181099786151226,0.06747649859989979,0.09157968016883455
shd,official,comparison:tuned:q8-i2-crc,42,official,0.11828422614147793,0.1303861454560098,0.10762792808990707,0.12032879445546296
shd,official,comparison:tuned:q8-i2-qrc,42,official,0.11766186570358572,0.1266349937467821,0.10139518055404528,0.11820228511611519
shd,official,comparison:tuned:q8-i4-crc,42,official,0.11287057848976756,0.12067081880119668,0.10770716573990036,0.1141473564930372
shd,official,comparison:tuned:q8-i4-qrc,42,official,0.07655531621022571,0.08170016028954108,0.05951224583911552,0.07773413859198297
shd,official,comparison:tuned:q8-i6-crc,42,official,0.056884567194131486,0.06098974444928218,0.014863451772982983,0.054538103437417274
shd,official,comparison:tuned:q8-i6-qrc,42,official,0.06781974119510537,0.07007660525693415,0.046585174444144783,0.06741951344960995
shd,official,observations:crc2:all,42,official,0.16374513246117672,0.17560696913790208,0.17292924212388316,0.16317897546363347
shd,official,observations:crc2:products,42,official,0.141019769962758,0.15204179457760691,0.14830956985099664,0.14080989741073424
shd,official,observations:crc2:width24,42,official,0.1389523115502126,0.1504014175523618,0.13049083561972774,0.13970023846853397
shd,official,observations:crc4:all,42,official,0.1327001128177222,0.14239632373221922,0.12237403990168405,0.13240066147388874
shd,official,observations:crc4:products,42,official,0.1305343071588131,0.1371590837327079,0.1160438261773935,0.131159652818848
shd,official,observations:crc4:width24,42,official,0.13118006297689744,0.14241131925140438,0.1215448092967969,0.13195275184217037
shd,official,observations:projection:i2,42,official,0.004408079551224575,0.00275648361667602,-0.02808145031899345,0.004778615857769064
shd,official,observations:projection:i4,42,official,0.004118236785509488,0.008021474723504451,-0.015576448759539563,0.005718418233454092
shd,official,observations:qrc2:all,42,official,0.09705660122314508,0.10499994377355937,0.08735571556256772,0.09716870532343758
shd,official,observations:qrc2:products,42,official,0.09857058559503118,0.10632396461142135,0.09202214134529385,0.09980951063993349
shd,official,observations:qrc2:zz,42,official,0.09682892951405198,0.10501350773186435,0.08641871472269214,0.09724271356201131
shd,official,observations:qrc4:all,42,official,0.11342838500824037,0.12243243713459995,0.09173274226969386,0.11393526443613278
shd,official,observations:qrc4:products,42,official,0.11512974904555506,0.12335898464796113,0.09525824786276116,0.11594855082585653
shd,official,observations:qrc4:zz,42,official,0.11240721998762648,0.12055926175291976,0.09384512755186969,0.11318778233550775
shd,official,practical:large-crc,42,official,0.14756376107597946,0.15121122775017393,0.132230724624111,0.14568747338929555
shd,official,practical:lstm,42,official,0.07578651802224123,0.08411213393780981,0.06497715041468233,0.07471581562650054
shd,official,practical:transformer,42,official,0.14144630240348532,0.1462981673460998,0.13356072943509845,0.1421352987990474
shd,official,recurrence:crc:all,42,official,0.05894531026606609,0.06616066624961392,0.04740449918792633,0.06099049347126673
shd,official,recurrence:crc:partial,42,official,0.0908176165479857,0.09974988680489927,0.08240470035085756,0.09298324377534084
shd,official,recurrence:qrc:all,42,official,0.08315476303945857,0.0863391928640701,0.06252930563481918,0.08401796566684516
shd,official,recurrence:qrc:partial,42,official,0.090425310681984,0.09181099786151226,0.06747649859989979,0.09157968016883455
shd,official,comparison:fixed12:q4-i2-crc,44,official,0.09990758824824053,0.09844881030336383,0.10323383176491197,0.09893733765832657
shd,official,comparison:fixed12:q4-i2-qrc,44,official,0.0599378809331117,0.05729142522822772,0.02347901808496533,0.0586912056818667
shd,official,comparison:fixed12:q6-i2-crc,44,official,0.09990758824824053,0.09844881030336383,0.10323383176491197,0.09893733765832657
shd,official,comparison:fixed12:q6-i2-qrc,44,official,0.05133098050904883,0.05515458669020501,0.034738242756995774,0.050949538148212015
shd,official,comparison:fixed12:q6-i4-crc,44,official,0.1028794514043293,0.11845668333492909,0.09296973870532754,0.10216426100488485
shd,official,comparison:fixed12:q6-i4-qrc,44,official,0.059015063158861514,0.06169215360933877,0.04218327969504321,0.06091331842607928
shd,official,comparison:fixed12:q8-i2-crc,44,official,0.09990758824824053,0.09844881030336383,0.10323383176491197,0.09893733765832657
shd,official,comparison:fixed12:q8-i2-qrc,44,official,0.06950529168840125,0.0802285644833498,0.05938261826015934,0.06995947356675192
shd,official,comparison:fixed12:q8-i4-crc,44,official,0.1028794514043293,0.11845668333492909,0.09296973870532754,0.10216426100488485
shd,official,comparison:fixed12:q8-i4-qrc,44,official,0.05028620348435198,0.05682505225255308,0.041184958387606274,0.05139328674704258
shd,official,comparison:fixed12:q8-i6-crc,44,official,0.10440881607245289,0.11051358282555779,0.07286964567121035,0.10324671630381943
shd,official,comparison:fixed12:q8-i6-qrc,44,official,0.11739650143751623,0.12094212392155479,0.09922335132181048,0.11710996025798315
shd,official,comparison:fixed:q4-i2-crc,44,official,0.09990758824824053,0.09844881030336383,0.10323383176491197,0.09893733765832657
shd,official,comparison:fixed:q4-i2-qrc,44,official,0.0599378809331117,0.05729142522822772,0.02347901808496533,0.0586912056818667
shd,official,comparison:fixed:q6-i2-crc,44,official,0.12563210851297235,0.13373501927581277,0.10843694032874795,0.12473911750301625
shd,official,comparison:fixed:q6-i2-qrc,44,official,0.074980893772843,0.08436008057144229,0.06398822768743728,0.07469587360259955
shd,official,comparison:fixed:q6-i4-crc,44,official,0.13643319232562212,0.14597810764209385,0.12690601817119251,0.1373896512279691
shd,official,comparison:fixed:q6-i4-qrc,44,official,0.0782077232482492,0.08900060534561693,0.06960121033262845,0.07924891953140656
shd,official,comparison:fixed:q8-i2-crc,44,official,0.16206976329074219,0.16487181750014412,0.15796890137280795,0.16234069326678258
shd,official,comparison:fixed:q8-i2-qrc,44,official,0.0774049151094297,0.08718441630977591,0.07216239071244235,0.07757060465441257
shd,official,comparison:fixed:q8-i4-crc,44,official,0.08195076745511987,0.09055006426779366,0.0663367146995536,0.0828070565140473
shd,official,comparison:fixed:q8-i4-qrc,44,official,0.07536106870096715,0.08687152991095193,0.0599751397689936,0.07678875276417685
shd,official,comparison:fixed:q8-i6-crc,44,official,0.12261215485315502,0.13423790346925146,0.10099034059329048,0.12119557271404247
shd,official,comparison:fixed:q8-i6-qrc,44,official,0.096318996875417,0.10328470412495139,0.07525905384262643,0.0968906889525778
shd,official,comparison:projection:i2,44,official,0.0004579429048743311,-0.0028311536914217283,-0.03327005834730601,0.0006753530719251222
shd,official,comparison:projection:i4,44,official,0.004853891518221576,0.008779546002798178,-0.014447321813399028,0.006467843187298983
shd,official,comparison:projection:i6,44,official,0.030254775690293667,0.03237791396495493,-0.0005174641741028108,0.02976135373625044
shd,official,comparison:tuned:q4-i2-crc,44,official,0.11565376223708357,0.12494429792849016,0.09694298912161847,0.1169321537890814
shd,official,comparison:tuned:q4-i2-qrc,44,official,0.10035123397633083,0.10807283664343736,0.07678636325163213,0.10174801096177433
shd,official,comparison:tuned:q6-i2-crc,44,official,0.09487649838745182,0.10337312953445765,0.085402793443774,0.09719335996665646
shd,official,comparison:tuned:q6-i2-qrc,44,official,0.11616781072964122,0.12686683381964714,0.11254521031576603,0.11795724265017238
shd,official,comparison:tuned:q6-i4-crc,44,official,0.10063089541918457,0.10798830759226785,0.0868546313279811,0.10153984737147448
shd,official,comparison:tuned:q6-i4-qrc,44,official,0.10201750494335715,0.10756388112725068,0.09525307832502738,0.10358414385190684
shd,official,comparison:tuned:q8-i2-crc,44,official,0.11102212683068846,0.12302195610007693,0.09945003236978944,0.11323728281359768
shd,official,comparison:tuned:q8-i2-qrc,44,official,0.09677499016527535,0.10452688900769402,0.08520897417994655,0.09828689599967688
shd,official,comparison:tuned:q8-i4-crc,44,official,0.08816375726339909,0.09464910362675649,0.08387211384588888,0.09063998483076652
shd,official,comparison:tuned:q8-i4-qrc,44,official,0.0511585478920763,0.058441822904313434,0.043152372678215256,0.05280317679780244
shd,official,comparison:tuned:q8-i6-crc,44,official,0.06353058815985813,0.0693544699502271,0.016325174208884463,0.06210272561862129
shd,official,comparison:tuned:q8-i6-qrc,44,official,0.09140943301729354,0.09725329612597544,0.06880970628573024,0.09133041749337334
shd,official,observations:crc2:all,44,official,0.12573262199824276,0.13329638434791347,0.11080087710786501,0.12531172657802192
shd,official,observations:crc2:products,44,official,0.11238187499241814,0.12128802260283333,0.08751004367819692,0.11140369398304661
shd,official,observations:crc2:width24,44,official,0.16126327254578132,0.1640021257673019,0.1562691409578738,0.1613543094700418
shd,official,observations:crc4:all,44,official,0.13623974719125453,0.14621349087773794,0.12627043393664228,0.13721767299730292
shd,official,observations:crc4:products,44,official,0.15492355776146072,0.16785090214752685,0.1531468378004338,0.15561087039663324
shd,official,observations:crc4:width24,44,official,0.08357133078121515,0.09243700691752765,0.06827603234528912,0.08444196470013277
shd,official,observations:projection:i2,44,official,0.004408079551224575,0.00275648361667602,-0.02808145031899345,0.004778615857769064
shd,official,observations:projection:i4,44,official,0.004118236785509488,0.008021474723504451,-0.015576448759539563,0.005718418233454092
shd,official,observations:qrc2:all,44,official,0.07741098057836848,0.08757464403475379,0.06781949339254656,0.07738347060785034
shd,official,observations:qrc2:products,44,official,0.08655034252569593,0.09821256398210376,0.07271042823248186,0.08651403742375263
shd,official,observations:qrc2:zz,44,official,0.08424286484228904,0.09558272101489274,0.0749005470172951,0.08418444486437782
shd,official,observations:qrc4:all,44,official,0.07585302155667661,0.08646444347269655,0.06702738679827747,0.07684810445705959
shd,official,observations:qrc4:products,44,official,0.07976741526106645,0.09012967096475166,0.06665621289530177,0.08104617281902604
shd,official,observations:qrc4:zz,44,official,0.08553459310234868,0.09573379841164831,0.07318035304432957,0.08679256548589853
shd,official,practical:large-crc,44,official,0.13647413424095856,0.13739013376457,0.11680692432248707,0.1347046396094369
shd,official,practical:lstm,44,official,0.09917734911279519,0.10687628616873046,0.0830032280278491,0.10249491512704845
shd,official,practical:transformer,44,official,0.1482004186906558,0.14719581528896497,0.1278589255000383,0.14685383162066545
shd,official,recurrence:crc:all,44,official,0.05920807504544767,0.06770577658314214,0.04914050900444167,0.06103505437339107
shd,official,recurrence:crc:partial,44,official,0.10063089541918457,0.10798830759226785,0.0868546313279811,0.10153984737147448
shd,official,recurrence:qrc:all,44,official,0.0468236872158978,0.05059092229097273,0.030993884881259093,0.048550339135513654
shd,official,recurrence:qrc:partial,44,official,0.10201750494335715,0.10756388112725068,0.09525307832502738,0.10358414385190684
shd,official,comparison:fixed12:q4-i2-crc,46,official,0.05995997656995988,0.059413355795776335,0.03769559015313162,0.05833012424714934
shd,official,comparison:fixed12:q4-i2-qrc,46,official,0.06587337553744388,0.06978904619278503,0.05872358544338574,0.06676608399083495
shd,official,comparison:fixed12:q6-i2-crc,46,official,0.05995997656995988,0.059413355795776335,0.03769559015313162,0.05833012424714934
shd,official,comparison:fixed12:q6-i2-qrc,46,official,0.09945376119728888,0.10888924555932111,0.0709297340507209,0.09942947483866837
shd,official,comparison:fixed12:q6-i4-crc,46,official,0.05984299966899875,0.06869996140940604,0.04036578510238564,0.06029793388669591
shd,official,comparison:fixed12:q6-i4-qrc,46,official,0.05981007283761697,0.06139590784156823,0.036062147776037556,0.05983994991502539
shd,official,comparison:fixed12:q8-i2-crc,46,official,0.05995997656995988,0.059413355795776335,0.03769559015313162,0.05833012424714934
shd,official,comparison:fixed12:q8-i2-qrc,46,official,0.11015194866187095,0.12527263894778973,0.08679859794459532,0.11057218385742484
shd,official,comparison:fixed12:q8-i4-crc,46,official,0.05984299966899875,0.06869996140940604,0.04036578510238564,0.06029793388669591
shd,official,comparison:fixed12:q8-i4-qrc,46,official,0.088978046468424,0.09197526387260424,0.06030789658633118,0.08778040741487558
shd,official,comparison:fixed12:q8-i6-crc,46,official,0.09867066583252027,0.10791082386407347,0.07549788981960381,0.09744579522629748
shd,official,comparison:fixed12:q8-i6-qrc,46,official,0.06729117890187286,0.0769837821957231,0.060320475335981616,0.06739946429838795
shd,official,comparison:fixed:q4-i2-crc,46,official,0.05995997656995988,0.059413355795776335,0.03769559015313162,0.05833012424714934
shd,official,comparison:fixed:q4-i2-qrc,46,official,0.06587337553744388,0.06978904619278503,0.05872358544338574,0.06676608399083495
shd,official,comparison:fixed:q6-i2-crc,46,official,0.1310076303599249,0.13445204160523405,0.12259563279913455,0.12919066455896533
shd,official,comparison:fixed:q6-i2-qrc,46,official,0.09488083086526522,0.10490580260213112,0.0846831354417924,0.09605601764396832
shd,official,comparison:fixed:q6-i4-crc,46,official,0.08908115944038242,0.10284143775457943,0.07928753603809213,0.09032399849928219
shd,official,comparison:fixed:q6-i4-qrc,46,official,0.0660633546895607,0.07394248454817265,0.05881391310113915,0.06788741634587203
shd,official,comparison:fixed:q8-i2-crc,46,official,0.12944988796212376,0.13923663781740114,0.12693268782432543,0.12961335908606597
shd,official,comparison:fixed:q8-i2-qrc,46,official,0.12866224349565103,0.14012060385832037,0.11464616722520538,0.12905893465200025
shd,official,comparison:fixed:q8-i4-crc,46,official,0.09407152400972552,0.10713847978659197,0.07844738025981035,0.09509380385150668
shd,official,comparison:fixed:q8-i4-qrc,46,official,0.09478508310558942,0.10352900895346706,0.0829864250597675,0.09556526408106514
shd,official,comparison:fixed:q8-i6-crc,46,official,0.12560113129660666,0.1381078073675096,0.10514864123513523,0.12419308003068896
shd,official,comparison:fixed:q8-i6-qrc,46,official,0.07364475761519629,0.07839276582388299,0.04518585354686644,0.07280745517244613
shd,official,comparison:projection:i2,46,official,0.0004579429048743311,-0.0028311536914217283,-0.03327005834730601,0.0006753530719251222
shd,official,comparison:projection:i4,46,official,0.004853891518221576,0.008779546002798178,-0.014447321813399028,0.006467843187298983
shd,official,comparison:projection:i6,46,official,0.030254775690293667,0.03237791396495493,-0.0005174641741028108,0.02976135373625044
shd,official,comparison:tuned:q4-i2-crc,46,official,0.11352673225460408,0.12212518180873955,0.09227888767469028,0.11432285414280163
shd,official,comparison:tuned:q4-i2-qrc,46,official,0.09466485684626813,0.10483896003153415,0.07973793601245083,0.09736076214700262
shd,official,comparison:tuned:q6-i2-crc,46,official,0.09540960978238833,0.10468641926077848,0.08673055485597225,0.09764519953346906
shd,official,comparison:tuned:q6-i2-qrc,46,official,0.13298800596842142,0.1378569113893542,0.12096750373849685,0.13249455343066774
shd,official,comparison:tuned:q6-i4-crc,46,official,0.0832067527732191,0.09257399698025959,0.07912318882433944,0.08493503530641988
shd,official,comparison:tuned:q6-i4-qrc,46,official,0.06709383453747331,0.07482529031891849,0.05951791796150119,0.06917828324946096
shd,official,comparison:tuned:q8-i2-crc,46,official,0.11781588528985143,0.13235999603621507,0.11457631772287413,0.12043663168850394
shd,official,comparison:tuned:q8-i2-qrc,46,official,0.11936842871427655,0.127199422017093,0.10303423048125415,0.11870668511165516
shd,official,comparison:tuned:q8-i4-crc,46,official,0.11221182523824291,0.11972005414023346,0.11125771858776212,0.11422793147507593
shd,official,comparison:tuned:q8-i4-qrc,46,official,0.07920397652143618,0.08306432730933422,0.0669481865500291,0.08028186120820058
shd,official,comparison:tuned:q8-i6-crc,46,official,0.07663221769141326,0.08097338285585687,0.03831373048312281,0.0748729211915874
shd,official,comparison:tuned:q8-i6-qrc,46,official,0.08386550602474363,0.0896582120810342,0.0595606399619516,0.08372246038025166
shd,official,observations:crc2:all,46,official,0.1274549985529524,0.12863767881825916,0.11723415407749238,0.12559975543991597
shd,official,observations:crc2:products,46,official,0.11539359694439011,0.11201043328394111,0.08215170933462712,0.11289735178432181
shd,official,observations:crc2:width24,46,official,0.12505957156993408,0.13405459588118673,0.12326871743751966,0.1252694806606457
shd,official,observations:crc4:all,46,official,0.08633653474560554,0.09939050269494587,0.07620114010950785,0.08764185707752004
shd,official,observations:crc4:products,46,official,0.08968207411309836,0.1030332892771777,0.08130145973271075,0.09146989022920882
shd,official,observations:crc4:width24,46,official,0.0962563925710137,0.10973970464461957,0.0798487502224966,0.09725374684843835
shd,official,observations:projection:i2,46,official,0.004408079551224575,0.00275648361667602,-0.02808145031899345,0.004778615857769064
shd,official,observations:projection:i4,46,official,0.004118236785509488,0.008021474723504451,-0.015576448759539563,0.005718418233454092
shd,official,observations:qrc2:all,46,official,0.09669635569296253,0.10730985138651439,0.0889338777536508,0.09787026256477649
shd,official,observations:qrc2:products,46,official,0.10760705119429093,0.11779222356802244,0.09667207459525229,0.10890402225608675
shd,official,observations:qrc2:zz,46,official,0.1055729528609084,0.11502858260705662,0.09454151664668164,0.10661422172898793
shd,official,observations:qrc4:all,46,official,0.06682413779359042,0.07524262442856311,0.059898824350874125,0.06876882411978258
shd,official,observations:qrc4:products,46,official,0.07314197356495333,0.08219817071853797,0.06775554997810873,0.07506983211113105
shd,official,observations:qrc4:zz,46,official,0.07314197356495333,0.08212059592619325,0.06762760291715442,0.07506753158143398
shd,official,practical:large-crc,46,official,0.1475888894472971,0.14834426255710387,0.12208198943215232,0.14704216218350208
shd,official,practical:lstm,46,official,0.07969397976212966,0.08222926036997558,0.07017638047763586,0.08113517556840688
shd,official,practical:transformer,46,official,0.2017446454906704,0.19960325861444628,0.15226802549537366,0.20125030444919478
shd,official,recurrence:crc:all,46,official,0.05930858853071819,0.06538880133868208,0.051123219619514604,0.0615436876856692
shd,official,recurrence:crc:partial,46,official,0.0832067527732191,0.09257399698025959,0.07912318882433944,0.08493503530641988
shd,official,recurrence:qrc:all,46,official,0.044720269237501165,0.04646762485016287,0.024742626052875805,0.04581169640147564
shd,official,recurrence:qrc:partial,46,official,0.06709383453747331,0.07482529031891849,0.05951791796150119,0.06917828324946096
