dataset,phase,role,configuration,seed,status,macro_f1,lambda,settings
shd,development,comparison:fixed12:q4-i2-crc,e1ef57a0d034ee8456842647dfc5fd4611cc13074e979c96bcdb6b0be7db81a0,42,completed,0.4060932879711415,0.01,"{'inputs': 2, 'model': 'crc', 'radius': 0.9, 'scale': 0.03, 'size': 12, 'tau': 20, 'view': 'all'}"
shd,development,comparison:fixed12:q4-i2-qrc,55e4a37bc4a0e5b13f78125749f642e09718d5669df4e5bc33a35eafbcedb0bd,42,completed,0.4184705218397331,0.1,"{'depth': 1, 'inputs': 2, 'model': 'qrc', 'qubits': 4, 'view': 'fixed12'}"
shd,development,comparison:fixed12:q6-i2-crc,e1ef57a0d034ee8456842647dfc5fd4611cc13074e979c96bcdb6b0be7db81a0,42,completed,0.4060932879711415,0.01,"{'inputs': 2, 'model': 'crc', 'radius': 0.9, 'scale': 0.03, 'size': 12, 'tau': 20, 'view': 'all'}"
shd,development,comparison:fixed12:q6-i2-qrc,39eaa30489d4e725da580e31d9c85bd24a9788601f4cb85dc21d208c4cc916ad,42,completed,0.4171604411961571,1.0,"{'depth': 1, 'inputs': 2, 'model': 'qrc', 'qubits': 6, 'view': 'fixed12'}"
shd,development,comparison:fixed12:q6-i4-crc,8b55c4405506bc881a2bad09cc92b1f3563c497ff513f3388fd7289d761e1d0d,42,completed,0.45673088674011225,0.1,"{'inputs': 4, 'model': 'crc', 'radius': 0.9, 'scale': 0.03, 'size': 12, 'tau': 20, 'view': 'all'}"
shd,development,comparison:fixed12:q6-i4-qrc,4be9869701b60845f11bd96cd9f4523c00c48b03759262c436b9e31581426c1c,42,completed,0.4625929762601927,0.1,"{'depth': 1, 'inputs': 4, 'model': 'qrc', 'qubits': 6, 'view': 'fixed12'}"
shd,development,comparison:fixed12:q8-i2-crc,e1ef57a0d034ee8456842647dfc5fd4611cc13074e979c96bcdb6b0be7db81a0,42,completed,0.4060932879711415,0.01,"{'inputs': 2, 'model': 'crc', 'radius': 0.9, 'scale': 0.03, 'size': 12, 'tau': 20, 'view': 'all'}"
shd,development,comparison:fixed12:q8-i2-qrc,45b2568122c77c7bee9764ba82042f9aeb6ba5a6bce5bae331c361b5a7634f0c,42,completed,0.4061084333918013,0.1,"{'depth': 1, 'inputs': 2, 'model': 'qrc', 'qubits': 8, 'view': 'fixed12'}"
shd,development,comparison:fixed12:q8-i4-crc,8b55c4405506bc881a2bad09cc92b1f3563c497ff513f3388fd7289d761e1d0d,42,completed,0.45673088674011225,0.1,"{'inputs': 4, 'model': 'crc', 'radius': 0.9, 'scale': 0.03, 'size': 12, 'tau': 20, 'view': 'all'}"
shd,development,comparison:fixed12:q8-i4-qrc,3a1b12a50a6e3d5f4202eea80f4da03cd8a223b9d832097a952f0585206b3cf5,42,completed,0.43962598016851917,0.1,"{'depth': 1, 'inputs': 4, 'model': 'qrc', 'qubits': 8, 'view': 'fixed12'}"
shd,development,comparison:fixed12:q8-i6-crc,03d7e0196801b53203583dca70e052c1e92babda4fa7c2eaaca698c0db6bc1de,42,completed,0.5046836070529751,0.01,"{'inputs': 6, 'model': 'crc', 'radius': 0.9, 'scale': 0.03, 'size': 12, 'tau': 20, 'view': 'all'}"
shd,development,comparison:fixed12:q8-i6-qrc,61637473b66bdfa39e04aba5b69db2753c5418faf8748f83ed690ef7acf8bdc4,42,completed,0.43225661022303674,0.1,"{'depth': 1, 'inputs': 6, 'model': 'qrc', 'qubits': 8, 'view': 'fixed12'}"
shd,development,comparison:fixed:q4-i2-crc,e1ef57a0d034ee8456842647dfc5fd4611cc13074e979c96bcdb6b0be7db81a0,42,completed,0.4060932879711415,0.01,"{'inputs': 2, 'model': 'crc', 'radius': 0.9, 'scale': 0.03, 'size': 12, 'tau': 20, 'view': 'all'}"
shd,development,comparison:fixed:q4-i2-qrc,c2e4c5b02d7109424baf51b8e65d6cdcb970e110d6e59eec3347466ffd8228b6,42,completed,0.4184705218397331,0.1,"{'depth': 1, 'inputs': 2, 'model': 'qrc', 'qubits': 4, 'view': 'all'}"
shd,development,comparison:fixed:q6-i2-crc,1824bbb7cdb251cbeae34ea1c0e3712c3dd0d7a5c191fb4488a940b52f983512,42,completed,0.3730505817961708,0.1,"{'inputs': 2, 'model': 'crc', 'radius': 0.9, 'scale': 0.03, 'size': 18, 'tau': 20, 'view': 'all'}"
shd,development,comparison:fixed:q6-i2-qrc,2186605421a629793dfc2ae05c200188e6ed17cf1e293365605c3fedfca8b41f,42,completed,0.41778856142936555,0.1,"{'depth': 1, 'inputs': 2, 'model': 'qrc', 'qubits': 6, 'view': 'all'}"
shd,development,comparison:fixed:q6-i4-crc,f7af82bc7213188d9c6cd0bc412515da79eb2c69f28c3cf2012c79eaa1f094f4,42,completed,0.47265455531967115,0.01,"{'inputs': 4, 'model': 'crc', 'radius': 0.9, 'scale': 0.03, 'size': 18, 'tau': 20, 'view': 'all'}"
shd,development,comparison:fixed:q6-i4-qrc,794ecd2c0417fbfdff12cd84cae6ac6a875dd96fa43144394df2d985029a235d,42,completed,0.47616299797505623,0.1,"{'depth': 1, 'inputs': 4, 'model': 'qrc', 'qubits': 6, 'view': 'all'}"
shd,development,comparison:fixed:q8-i2-crc,5aa7bd7ccfb3cb67e7de7a165c3e92e2f7a15e3bf7b7e1de97ec4fe541f65007,42,completed,0.4196728791189195,0.01,"{'inputs': 2, 'model': 'crc', 'radius': 0.9, 'scale': 0.03, 'size': 24, 'tau': 20, 'view': 'all'}"
shd,development,comparison:fixed:q8-i2-qrc,f2ee816b29542809fe48d93a21d80b7efc79430a373bfd890efac55b4c83a114,42,completed,0.40644660309131,0.1,"{'depth': 1, 'inputs': 2, 'model': 'qrc', 'qubits': 8, 'view': 'all'}"
shd,development,comparison:fixed:q8-i4-crc,fe0fed97d42e19e685b217dd8a69423375728936e22411bb0e2668b3d1faeb43,42,completed,0.44041438437363256,0.1,"{'inputs': 4, 'model': 'crc', 'radius': 0.9, 'scale': 0.03, 'size': 24, 'tau': 20, 'view': 'all'}"
shd,development,comparison:fixed:q8-i4-qrc,4d2e11168f77112185ac3d8df9848508947c3ebc02b118d4c2f81aa1f4caf5a4,42,completed,0.464108178587781,0.1,"{'depth': 1, 'inputs': 4, 'model': 'qrc', 'qubits': 8, 'view': 'all'}"
shd,development,comparison:fixed:q8-i6-crc,5eea900e7bfb47cdf024b3a63d426d7f94133ef6665310ed377403f92fcfbfa3,42,completed,0.5580222731899891,0.01,"{'inputs': 6, 'model': 'crc', 'radius': 0.9, 'scale': 0.03, 'size': 24, 'tau': 20, 'view': 'all'}"
shd,development,comparison:fixed:q8-i6-qrc,8df85e01c90e923b8ee61cc39373e160fe77c20bbcefb9d266b07200adcd14ee,42,completed,0.5394309541669495,0.1,"{'depth': 1, 'inputs': 6, 'model': 'qrc', 'qubits': 8, 'view': 'all'}"
shd,development,comparison:projection:i2,b7c8a2187e8ac5763a6bbf7b0b1df4b11583131fa0c5dbc34f9b1d33caacf4d8,42,completed,0.40911643856882873,0.1,"{'inputs': 2, 'model': 'projection', 'view': 'all'}"
shd,development,comparison:projection:i4,0ad936492ed758b3291f29f895e1e2ab0665bd8fbf5d37af9767c54f67e25313,42,completed,0.4730554411582182,0.1,"{'inputs': 4, 'model': 'projection', 'view': 'all'}"
shd,development,comparison:projection:i6,1b2230ae1f16245cf27f0002dd0af81d0780fb1f1ef46751fd42ed7956892027,42,completed,0.5582749631945328,0.1,"{'inputs': 6, 'model': 'projection', 'view': 'all'}"
shd,development,comparison:tuned:q4-i2-crc,f8efed03dfe4b99e75b476c893e0941fa0a7063a51069ea2fe3c0dac52aba93b,42,completed,0.45448570126524585,1.0,"{'inputs': 2, 'model': 'crc', 'radius': 0.5, 'scale': 0.03, 'size': 12, 'tau': 20, 'view': 'all'}"
shd,development,comparison:tuned:q4-i2-crc,b5802b89a6f9717233240e0fc3bf726dad6902716cee1a01259891ed6638f1af,42,completed,0.4394695891792053,0.01,"{'inputs': 2, 'model': 'crc', 'radius': 0.5, 'scale': 0.03, 'size': 12, 'tau': 60, 'view': 'all'}"
shd,development,comparison:tuned:q4-i2-crc,1bd1b37e12f66f896ac36c0f467d9c50716b2ca3217ca4826674b8c619ecdedd,42,completed,0.3951926279945269,1e-05,"{'inputs': 2, 'model': 'crc', 'radius': 0.5, 'scale': 0.03, 'size': 12, 'tau': 200, 'view': 'all'}"
shd,development,comparison:tuned:q4-i2-crc,d2c69c604999307550c9d4c722f5e3cc3ad64665260a3cef280a8cf521172421,42,completed,0.4580932972020872,1.0,"{'inputs': 2, 'model': 'crc', 'radius': 0.5, 'scale': 0.1, 'size': 12, 'tau': 20, 'view': 'all'}"
shd,development,comparison:tuned:q4-i2-crc,3eb53c365dc26ecbfba26a10376b6338c9c01512eef72a3c3e3e82ffee8b8708,42,completed,0.4671459586081522,0.01,"{'inputs': 2, 'model': 'crc', 'radius': 0.5, 'scale': 0.1, 'size': 12, 'tau': 60, 'view': 'all'}"
shd,development,comparison:tuned:q4-i2-crc,66f671742ad3c0ce4ec2b4eefcf022529d9b2aabac40502e575a8ab91a548a6f,42,completed,0.4073673096702581,0.1,"{'inputs': 2, 'model': 'crc', 'radius': 0.5, 'scale': 0.1, 'size': 12, 'tau': 200, 'view': 'all'}"
shd,development,comparison:tuned:q4-i2-crc,70361334e9a796fcada5cedac7b09a0e0b468652551a1873f051b5ccdc02b1b5,42,completed,0.4784984737356897,0.001,"{'inputs': 2, 'model': 'crc', 'radius': 0.5, 'scale': 1.0, 'size': 12, 'tau': 20, 'view': 'all'}"
shd,development,comparison:tuned:q4-i2-crc,f3e1e9997411738fc9df7d753eadebf54c6c08214caf16d074787805d0fcb293,42,completed,0.4973416119575425,0.0001,"{'inputs': 2, 'model': 'crc', 'radius': 0.5, 'scale': 1.0, 'size': 12, 'tau': 60, 'view': 'all'}"
shd,development,comparison:tuned:q4-i2-crc,22e77e8ff100fbd43d7106ac1a5148dbc6b13ccf26f16061eecb5da1a1ce0290,42,completed,0.44003354659246346,1e-05,"{'inputs': 2, 'model': 'crc', 'radius': 0.5, 'scale': 1.0, 'size': 12, 'tau': 200, 'view': 'all'}"
shd,development,comparison:tuned:q4-i2-crc,e1ef57a0d034ee8456842647dfc5fd4611cc13074e979c96bcdb6b0be7db81a0,42,completed,0.4060932879711415,0.01,"{'inputs': 2, 'model': 'crc', 'radius': 0.9, 'scale': 0.03, 'size': 12, 'tau': 20, 'view': 'all'}"
shd,development,comparison:tuned:q4-i2-crc,4d1721bc6daec1cfde17cfb88bf1a92cd8b3306e5e424b9191a26af77e99d758,42,completed,0.3737079494627283,0.001,"{'inputs': 2, 'model': 'crc', 'radius': 0.9, 'scale': 0.03, 'size': 12, 'tau': 60, 'view': 'all'}"
shd,development,comparison:tuned:q4-i2-crc,50f0c726fff2cdf18f63219f5ba96c808e73415c8095ab80eb2936916a1f515e,42,completed,0.3579018853181368,0.0001,"{'inputs': 2, 'model': 'crc', 'radius': 0.9, 'scale': 0.03, 'size': 12, 'tau': 200, 'view': 'all'}"
shd,development,comparison:tuned:q4-i2-crc,3749aaf9fc2499cecec0488560b3ff5815f64de050ee79cf9c5ba495ee4351ec,42,completed,0.4385512331567185,1.0,"{'inputs': 2, 'model': 'crc', 'radius': 0.9, 'scale': 0.1, 'size': 12, 'tau': 20, 'view': 'all'}"
shd,development,comparison:tuned:q4-i2-crc,166b91665df9779f7784ba84ed2e200bfc98f2670f3acfd3e16009d501db81a5,42,completed,0.41769648650490154,0.1,"{'inputs': 2, 'model': 'crc', 'radius': 0.9, 'scale': 0.1, 'size': 12, 'tau': 60, 'view': 'all'}"
shd,development,comparison:tuned:q4-i2-crc,f174b9325195972f67bccc42f51449634e83e7b02ab22b84d022d8c68e75e5e8,42,completed,0.3861581155556023,0.001,"{'inputs': 2, 'model': 'crc', 'radius': 0.9, 'scale': 0.1, 'size': 12, 'tau': 200, 'view': 'all'}"
shd,development,comparison:tuned:q4-i2-crc,1e08d5bb6eff35a6bb4219ad39d1d7b7ae0f40729bc14229d1e15d171e4d810e,42,completed,0.47731165820084065,0.0001,"{'inputs': 2, 'model': 'crc', 'radius': 0.9, 'scale': 1.0, 'size': 12, 'tau': 20, 'view': 'all'}"
shd,development,comparison:tuned:q4-i2-crc,bc567e4c9b36c425ac72baefc98124863626534930cd1375d2e7860e6182488e,42,completed,0.4729045341447813,1e-05,"{'inputs': 2, 'model': 'crc', 'radius': 0.9, 'scale': 1.0, 'size': 12, 'tau': 60, 'view': 'all'}"
shd,development,comparison:tuned:q4-i2-crc,2bb92baef3a45c96b1551f11343776d93a5b428ace705e6473388e622ba61d67,42,completed,0.4142100447862338,1e-05,"{'inputs': 2, 'model': 'crc', 'radius': 0.9, 'scale': 1.0, 'size': 12, 'tau': 200, 'view': 'all'}"
shd,development,comparison:tuned:q4-i2-qrc,c2e4c5b02d7109424baf51b8e65d6cdcb970e110d6e59eec3347466ffd8228b6,42,completed,0.4184705218397331,0.1,"{'depth': 1, 'inputs': 2, 'model': 'qrc', 'qubits': 4, 'view': 'all'}"
shd,development,comparison:tuned:q4-i2-qrc,1db1c207d39957ec13e0a048f67a067d7fb148b7f0371cccd49164a1ef98f7f2,42,completed,0.5056956227434111,0.001,"{'depth': 2, 'inputs': 2, 'model': 'qrc', 'qubits': 4, 'view': 'all'}"
shd,development,comparison:tuned:q4-i2-qrc,daa60a3ad7aba6f7a65b24f611015031ad9be8bedf6997cbff3c4574b2477ec6,42,completed,0.50064893126064,0.1,"{'depth': 3, 'inputs': 2, 'model': 'qrc', 'qubits': 4, 'view': 'all'}"
shd,development,comparison:tuned:q6-i2-crc,a6d21b49c65b3f460c1ee818535621cc2e1d8652ae6b325fed2ae69c4d102af6,42,completed,0.45474668038022426,1.0,"{'inputs': 2, 'model': 'crc', 'radius': 0.5, 'scale': 0.03, 'size': 18, 'tau': 20, 'view': 'all'}"
shd,development,comparison:tuned:q6-i2-crc,0ab82b7e91b8ad6992880c7aa813c5871e585802dfbc4321171030bd91da6f3b,42,completed,0.435379100378541,0.01,"{'inputs': 2, 'model': 'crc', 'radius': 0.5, 'scale': 0.03, 'size': 18, 'tau': 60, 'view': 'all'}"
shd,development,comparison:tuned:q6-i2-crc,cbfa00299ad7ad0c8d06f7793dd455cb28e751f2cc220df4b7eca3f438daff72,42,completed,0.3890773018384296,0.0001,"{'inputs': 2, 'model': 'crc', 'radius': 0.5, 'scale': 0.03, 'size': 18, 'tau': 200, 'view': 'all'}"
shd,development,comparison:tuned:q6-i2-crc,5d9da3bce06d0e3322cb14173b3bb05d6967f95ce2485ad8c5daa77b7a240925,42,completed,0.458703582262472,0.1,"{'inputs': 2, 'model': 'crc', 'radius': 0.5, 'scale': 0.1, 'size': 18, 'tau': 20, 'view': 'all'}"
shd,development,comparison:tuned:q6-i2-crc,b011adaf05b28a2e1f46e2099fcc44c229518e272619f3c64e0138c2c096374d,42,completed,0.47313015512497897,0.01,"{'inputs': 2, 'model': 'crc', 'radius': 0.5, 'scale': 0.1, 'size': 18, 'tau': 60, 'view': 'all'}"
shd,development,comparison:tuned:q6-i2-crc,cbc9fca84501b445c4e81f0f997b4bef29d13260472daddeb6039e0b5d72af31,42,completed,0.40058130980046924,0.1,"{'inputs': 2, 'model': 'crc', 'radius': 0.5, 'scale': 0.1, 'size': 18, 'tau': 200, 'view': 'all'}"
shd,development,comparison:tuned:q6-i2-crc,888f984ba00d2c26f7d40bb8009698c2d781f5874900d14bfcdd33a22d235954,42,completed,0.5113502107964505,0.001,"{'inputs': 2, 'model': 'crc', 'radius': 0.5, 'scale': 1.0, 'size': 18, 'tau': 20, 'view': 'all'}"
shd,development,comparison:tuned:q6-i2-crc,26b52a4c95b6e517d45455b8fb60a2b827d783845d752893acf122ba6f4ff947,42,completed,0.5034303272959577,0.0001,"{'inputs': 2, 'model': 'crc', 'radius': 0.5, 'scale': 1.0, 'size': 18, 'tau': 60, 'view': 'all'}"
shd,development,comparison:tuned:q6-i2-crc,6dd394ef51c40bc82861c91f764fa282fb5f55061f5afcfad57eef7d41a35b3b,42,completed,0.4530049713766142,1e-05,"{'inputs': 2, 'model': 'crc', 'radius': 0.5, 'scale': 1.0, 'size': 18, 'tau': 200, 'view': 'all'}"
shd,development,comparison:tuned:q6-i2-crc,1824bbb7cdb251cbeae34ea1c0e3712c3dd0d7a5c191fb4488a940b52f983512,42,completed,0.3730505817961708,0.1,"{'inputs': 2, 'model': 'crc', 'radius': 0.9, 'scale': 0.03, 'size': 18, 'tau': 20, 'view': 'all'}"
shd,development,comparison:tuned:q6-i2-crc,6a374f28566fd5e5e5a86faecdb42d0d68e07c07396a42679dccc6af373429b7,42,completed,0.35187615633923075,0.1,"{'inputs': 2, 'model': 'crc', 'radius': 0.9, 'scale': 0.03, 'size': 18, 'tau': 60, 'view': 'all'}"
shd,development,comparison:tuned:q6-i2-crc,60b42eb60dacc157a3a67fe179585a5de27770973598682ad6d8cbb9dc4c97a7,42,completed,0.3502515568025092,1e-05,"{'inputs': 2, 'model': 'crc', 'radius': 0.9, 'scale': 0.03, 'size': 18, 'tau': 200, 'view': 'all'}"
shd,development,comparison:tuned:q6-i2-crc,714913b379ee4bd1b02f67fc4bcffa9d55c136895a5fff4ba7b319fe049b07e0,42,completed,0.42726592211849546,0.0001,"{'inputs': 2, 'model': 'crc', 'radius': 0.9, 'scale': 0.1, 'size': 18, 'tau': 20, 'view': 'all'}"
shd,development,comparison:tuned:q6-i2-crc,e83df4f67095423a570fdc9cbf4abb72ecb4ad4f0018c5feacd55f94a7e3953b,42,completed,0.4142320905569568,0.01,"{'inputs': 2, 'model': 'crc', 'radius': 0.9, 'scale': 0.1, 'size': 18, 'tau': 60, 'view': 'all'}"
shd,development,comparison:tuned:q6-i2-crc,c173ac7f6e1e415bc0fc1b9eef6dc4a7145232cbdd6592ac0d403322d31c2b9d,42,completed,0.38877153183459073,1e-05,"{'inputs': 2, 'model': 'crc', 'radius': 0.9, 'scale': 0.1, 'size': 18, 'tau': 200, 'view': 'all'}"
shd,development,comparison:tuned:q6-i2-crc,36ec53b28e51efb30975043f686ac5150c9f13373d57826ae131eb3b8ac1578d,42,completed,0.4868116092381463,0.1,"{'inputs': 2, 'model': 'crc', 'radius': 0.9, 'scale': 1.0, 'size': 18, 'tau': 20, 'view': 'all'}"
shd,development,comparison:tuned:q6-i2-crc,944464e3da2674dbc94180449f52e94627ac235dccbf5ec00dba941768badb0d,42,completed,0.4925986950930986,0.0001,"{'inputs': 2, 'model': 'crc', 'radius': 0.9, 'scale': 1.0, 'size': 18, 'tau': 60, 'view': 'all'}"
shd,development,comparison:tuned:q6-i2-crc,e94f73afeb6388e1145c4b6574e716fbe733b76e1b5d22c677823f687d36ee42,42,completed,0.4455088084384706,1e-05,"{'inputs': 2, 'model': 'crc', 'radius': 0.9, 'scale': 1.0, 'size': 18, 'tau': 200, 'view': 'all'}"
shd,development,comparison:tuned:q6-i2-qrc,2186605421a629793dfc2ae05c200188e6ed17cf1e293365605c3fedfca8b41f,42,completed,0.41778856142936555,0.1,"{'depth': 1, 'inputs': 2, 'model': 'qrc', 'qubits': 6, 'view': 'all'}"
shd,development,comparison:tuned:q6-i2-qrc,01a44bb3528fc484bce292d2997fb29104119d8ba1fd3b570d8b30f763a9994e,42,completed,0.41886287371377323,0.1,"{'depth': 2, 'inputs': 2, 'model': 'qrc', 'qubits': 6, 'view': 'all'}"
shd,development,comparison:tuned:q6-i2-qrc,779f7cadce6d8791182d3bfe42654f214cbedf3fb7a36ea419b64dc3925a0ec9,42,completed,0.44314443001513215,0.001,"{'depth': 3, 'inputs': 2, 'model': 'qrc', 'qubits': 6, 'view': 'all'}"
shd,development,comparison:tuned:q6-i4-crc,8b15a80f043a6008ce448ec0d1550dc29ce658fe9075e9afe7777f4dc8ce2f29,42,completed,0.48865813360831967,0.1,"{'inputs': 4, 'model': 'crc', 'radius': 0.5, 'scale': 0.03, 'size': 18, 'tau': 20, 'view': 'all'}"
shd,development,comparison:tuned:q6-i4-crc,df35bde68782089d9261746ef370980874b893ab3d47d5283f1cc6dc7d716033,42,completed,0.45449615758862244,0.1,"{'inputs': 4, 'model': 'crc', 'radius': 0.5, 'scale': 0.03, 'size': 18, 'tau': 60, 'view': 'all'}"
shd,development,comparison:tuned:q6-i4-crc,d7fc7fa77f623d1d7450dab78da458d091d0eb1feb45a7f74d81e61a54fefaa4,42,completed,0.44983778282218556,0.1,"{'inputs': 4, 'model': 'crc', 'radius': 0.5, 'scale': 0.03, 'size': 18, 'tau': 200, 'view': 'all'}"
shd,development,comparison:tuned:q6-i4-crc,efa69f50b81fde1184114965b4697beaa661baf28452ad83c5ad734830242e71,42,completed,0.5060022901396268,0.1,"{'inputs': 4, 'model': 'crc', 'radius': 0.5, 'scale': 0.1, 'size': 18, 'tau': 20, 'view': 'all'}"
shd,development,comparison:tuned:q6-i4-crc,cbd938f2134d5dfca367807d92c0944bf175ebb0961e5141ad75f140414f28c2,42,completed,0.48836152068942257,0.1,"{'inputs': 4, 'model': 'crc', 'radius': 0.5, 'scale': 0.1, 'size': 18, 'tau': 60, 'view': 'all'}"
shd,development,comparison:tuned:q6-i4-crc,0c47e46deb56ed5cbcfcca2c54276def57e3642bd334cc8d26101518cc99e838,42,completed,0.43437388531983817,0.1,"{'inputs': 4, 'model': 'crc', 'radius': 0.5, 'scale': 0.1, 'size': 18, 'tau': 200, 'view': 'all'}"
shd,development,comparison:tuned:q6-i4-crc,9f58dd5db7a6a7048b221d92bfb45c2b75c243f66619bd2f551f313d0f93e7c9,42,completed,0.5387017081206579,0.001,"{'inputs': 4, 'model': 'crc', 'radius': 0.5, 'scale': 1.0, 'size': 18, 'tau': 20, 'view': 'all'}"
shd,development,comparison:tuned:q6-i4-crc,e9bab4ccb1206609a7124013c63005b962a406a121f6225d71894cde94312043,42,completed,0.531676103835329,0.0001,"{'inputs': 4, 'model': 'crc', 'radius': 0.5, 'scale': 1.0, 'size': 18, 'tau': 60, 'view': 'all'}"
shd,development,comparison:tuned:q6-i4-crc,40dd3009433e13267d484770274138a75d69c07f7ebbcf11edf336534ad10870,42,completed,0.4868671739531161,1e-05,"{'inputs': 4, 'model': 'crc', 'radius': 0.5, 'scale': 1.0, 'size': 18, 'tau': 200, 'view': 'all'}"
shd,development,comparison:tuned:q6-i4-crc,f7af82bc7213188d9c6cd0bc412515da79eb2c69f28c3cf2012c79eaa1f094f4,42,completed,0.47265455531967115,0.01,"{'inputs': 4, 'model': 'crc', 'radius': 0.9, 'scale': 0.03, 'size': 18, 'tau': 20, 'view': 'all'}"
shd,development,comparison:tuned:q6-i4-crc,6ce997f1d00a6dc478820ca723784193b96cc222267fcdd4109a4cac425e9d4f,42,completed,0.398837932353013,0.01,"{'inputs': 4, 'model': 'crc', 'radius': 0.9, 'scale': 0.03, 'size': 18, 'tau': 60, 'view': 'all'}"
shd,development,comparison:tuned:q6-i4-crc,62ce30413eb6515a8d31a1f623362240b579a776f528cec3389810035ed04699,42,completed,0.40053415747615584,0.01,"{'inputs': 4, 'model': 'crc', 'radius': 0.9, 'scale': 0.03, 'size': 18, 'tau': 200, 'view': 'all'}"
shd,development,comparison:tuned:q6-i4-crc,8552c043c2dcc574f1547e61a78f8cdaddb87e7735494f2cbfb2a766fd3d9686,42,completed,0.487644873348132,0.01,"{'inputs': 4, 'model': 'crc', 'radius': 0.9, 'scale': 0.1, 'size': 18, 'tau': 20, 'view': 'all'}"
shd,development,comparison:tuned:q6-i4-crc,c8ff90c4c3d11d86a56b949319f461b894634b5e145be72937e4be3816db5c76,42,completed,0.4636237900224065,0.01,"{'inputs': 4, 'model': 'crc', 'radius': 0.9, 'scale': 0.1, 'size': 18, 'tau': 60, 'view': 'all'}"
shd,development,comparison:tuned:q6-i4-crc,76c336c86ce5e51ddcfec9b5043e5133a13f9dc2aacfcdaa49bb61eea68bc8dd,42,completed,0.42168474445316817,0.001,"{'inputs': 4, 'model': 'crc', 'radius': 0.9, 'scale': 0.1, 'size': 18, 'tau': 200, 'view': 'all'}"
shd,development,comparison:tuned:q6-i4-crc,a7dcbdfc88c1bc614fb718d50e19268040f9cd1c5c6ca0a9b1110828f10796a2,42,completed,0.5266245916845337,0.001,"{'inputs': 4, 'model': 'crc', 'radius': 0.9, 'scale': 1.0, 'size': 18, 'tau': 20, 'view': 'all'}"
shd,development,comparison:tuned:q6-i4-crc,560d7804a74301e1d71b0a479a544b242ef84d169b9e51ba5478d5802e8ca162,42,completed,0.528663517098275,0.001,"{'inputs': 4, 'model': 'crc', 'radius': 0.9, 'scale': 1.0, 'size': 18, 'tau': 60, 'view': 'all'}"
shd,development,comparison:tuned:q6-i4-crc,07b7898003ca1ff3ab50ece1d9e0bbe065a0e346c6b52ee10df1d248b08a792c,42,completed,0.4818507810735296,0.0001,"{'inputs': 4, 'model': 'crc', 'radius': 0.9, 'scale': 1.0, 'size': 18, 'tau': 200, 'view': 'all'}"
shd,development,comparison:tuned:q6-i4-qrc,794ecd2c0417fbfdff12cd84cae6ac6a875dd96fa43144394df2d985029a235d,42,completed,0.47616299797505623,0.1,"{'depth': 1, 'inputs': 4, 'model': 'qrc', 'qubits': 6, 'view': 'all'}"
shd,development,comparison:tuned:q6-i4-qrc,bc804b7297583326a51df4df4045d1a135fd94e65755d50fb3cf33c8d782cd0a,42,completed,0.5278213214185252,0.1,"{'depth': 2, 'inputs': 4, 'model': 'qrc', 'qubits': 6, 'view': 'all'}"
shd,development,comparison:tuned:q6-i4-qrc,0ee2ff7d41ae9598818b2faceba8c9c0bb62be9aef5705cd7956fa7a306cc955,42,completed,0.5167993300966964,0.1,"{'depth': 3, 'inputs': 4, 'model': 'qrc', 'qubits': 6, 'view': 'all'}"
shd,development,comparison:tuned:q8-i2-crc,4acc22b4303d9ac2dee99cdbfd06a9d73132aab64fafe57ad3fdc04897571deb,42,completed,0.44892931305746975,1.0,"{'inputs': 2, 'model': 'crc', 'radius': 0.5, 'scale': 0.03, 'size': 24, 'tau': 20, 'view': 'all'}"
shd,development,comparison:tuned:q8-i2-crc,ef6206f803fe0ec1129a816c10d48a4a0b32a4b7a727761e11ba4b78b3ed3a98,42,completed,0.4495805783887271,0.01,"{'inputs': 2, 'model': 'crc', 'radius': 0.5, 'scale': 0.03, 'size': 24, 'tau': 60, 'view': 'all'}"
shd,development,comparison:tuned:q8-i2-crc,c76fa85247e4e933bf5440e2dbfdf989f6753ae829c0a44b08f56c67a1adc86b,42,completed,0.3513055681222529,0.1,"{'inputs': 2, 'model': 'crc', 'radius': 0.5, 'scale': 0.03, 'size': 24, 'tau': 200, 'view': 'all'}"
shd,development,comparison:tuned:q8-i2-crc,3fc1c4889933e232fa1f90da3ad64f7423404b76c28dd588500fda065964a899,42,completed,0.45715398545591035,1.0,"{'inputs': 2, 'model': 'crc', 'radius': 0.5, 'scale': 0.1, 'size': 24, 'tau': 20, 'view': 'all'}"
shd,development,comparison:tuned:q8-i2-crc,f505009caf11485fb78d286c46cb910c64952491d374d21ac0cf78ecf99ed043,42,completed,0.44724813773627825,0.1,"{'inputs': 2, 'model': 'crc', 'radius': 0.5, 'scale': 0.1, 'size': 24, 'tau': 60, 'view': 'all'}"
shd,development,comparison:tuned:q8-i2-crc,55d8257922bbd919c2aed0ee0de666e5ae2a2d12ce712e3e9cd3f709189f61a4,42,completed,0.3832194945808176,0.1,"{'inputs': 2, 'model': 'crc', 'radius': 0.5, 'scale': 0.1, 'size': 24, 'tau': 200, 'view': 'all'}"
shd,development,comparison:tuned:q8-i2-crc,a357bf67d14c2c6f2a3c2278b1ce80793b830a411b63edfbe325e48a1cc28850,42,completed,0.4963653362327281,0.001,"{'inputs': 2, 'model': 'crc', 'radius': 0.5, 'scale': 1.0, 'size': 24, 'tau': 20, 'view': 'all'}"
shd,development,comparison:tuned:q8-i2-crc,b532972f8bb53694e1fcc8e83aaeac3158221f1fdde7edc2dc1fa0221ec26988,42,completed,0.4936820435435563,0.001,"{'inputs': 2, 'model': 'crc', 'radius': 0.5, 'scale': 1.0, 'size': 24, 'tau': 60, 'view': 'all'}"
shd,development,comparison:tuned:q8-i2-crc,4d9abd397da61f1b20fd42e689edaf3989a6dda94a5abeb6f76af2894ed8572d,42,completed,0.4531881105404651,1e-05,"{'inputs': 2, 'model': 'crc', 'radius': 0.5, 'scale': 1.0, 'size': 24, 'tau': 200, 'view': 'all'}"
shd,development,comparison:tuned:q8-i2-crc,5aa7bd7ccfb3cb67e7de7a165c3e92e2f7a15e3bf7b7e1de97ec4fe541f65007,42,completed,0.4196728791189195,0.01,"{'inputs': 2, 'model': 'crc', 'radius': 0.9, 'scale': 0.03, 'size': 24, 'tau': 20, 'view': 'all'}"
shd,development,comparison:tuned:q8-i2-crc,9d2216e8bbe90cbe9460b408f87563402edbc5125775eae2862fa0cd23db1111,42,completed,0.37242027424711266,1e-05,"{'inputs': 2, 'model': 'crc', 'radius': 0.9, 'scale': 0.03, 'size': 24, 'tau': 60, 'view': 'all'}"
shd,development,comparison:tuned:q8-i2-crc,378a9de21bb3e585972379710ad6fc992c6be7ee5b32533ac5a6e364da76ae0b,42,completed,0.3374897995935867,0.1,"{'inputs': 2, 'model': 'crc', 'radius': 0.9, 'scale': 0.03, 'size': 24, 'tau': 200, 'view': 'all'}"
shd,development,comparison:tuned:q8-i2-crc,6af3f830e5f59f610a2c2bba73df36770debc20e4ce1c86752cc0af912f094d1,42,completed,0.44677273611179763,0.1,"{'inputs': 2, 'model': 'crc', 'radius': 0.9, 'scale': 0.1, 'size': 24, 'tau': 20, 'view': 'all'}"
shd,development,comparison:tuned:q8-i2-crc,d484c8e80f2f260ed7407db3154e1abfae798e3d75535dbb8ecbb1e39d462297,42,completed,0.4162779273802747,0.0001,"{'inputs': 2, 'model': 'crc', 'radius': 0.9, 'scale': 0.1, 'size': 24, 'tau': 60, 'view': 'all'}"
shd,development,comparison:tuned:q8-i2-crc,b45caf6626e1c2d3e8f1ed87d2e338640d694eb1319f85a0d3d46c578ee8d09c,42,completed,0.35169482001911045,0.0001,"{'inputs': 2, 'model': 'crc', 'radius': 0.9, 'scale': 0.1, 'size': 24, 'tau': 200, 'view': 'all'}"
shd,development,comparison:tuned:q8-i2-crc,c4fbeb65d9878827083d5413aac674dd36ccdf18d0af55b9222f9a4153f550d4,42,completed,0.49454453071752064,0.001,"{'inputs': 2, 'model': 'crc', 'radius': 0.9, 'scale': 1.0, 'size': 24, 'tau': 20, 'view': 'all'}"
shd,development,comparison:tuned:q8-i2-crc,f924a3d582b6e6a4af3c77e3e443a518f6ecedb10e4030ec7262d9325cae0017,42,completed,0.4947458122818128,0.0001,"{'inputs': 2, 'model': 'crc', 'radius': 0.9, 'scale': 1.0, 'size': 24, 'tau': 60, 'view': 'all'}"
shd,development,comparison:tuned:q8-i2-crc,72421f1ba4945e4e707cef44285c17ae2e45ed723f62ba7bfcc0265d1084253a,42,completed,0.45200411601962565,1e-05,"{'inputs': 2, 'model': 'crc', 'radius': 0.9, 'scale': 1.0, 'size': 24, 'tau': 200, 'view': 'all'}"
shd,development,comparison:tuned:q8-i2-qrc,f2ee816b29542809fe48d93a21d80b7efc79430a373bfd890efac55b4c83a114,42,completed,0.40644660309131,0.1,"{'depth': 1, 'inputs': 2, 'model': 'qrc', 'qubits': 8, 'view': 'all'}"
shd,development,comparison:tuned:q8-i2-qrc,74b980d237b44ccdc47925c09567fbca11f8b5648d4fa31541d512b3c56c4ade,42,completed,0.4833591180939988,0.1,"{'depth': 2, 'inputs': 2, 'model': 'qrc', 'qubits': 8, 'view': 'all'}"
shd,development,comparison:tuned:q8-i2-qrc,3e19df15055f851cc0143e9b9a1dc2f75b7011164a98f2eec6846efead36651d,42,completed,0.5045018432083466,0.01,"{'depth': 3, 'inputs': 2, 'model': 'qrc', 'qubits': 8, 'view': 'all'}"
shd,development,comparison:tuned:q8-i4-crc,3d32c6d9c5ec18ce47b81b6a30c30a89102aa87d7d411aaaa13dac04ced1f96a,42,completed,0.5039960071199906,0.1,"{'inputs': 4, 'model': 'crc', 'radius': 0.5, 'scale': 0.03, 'size': 24, 'tau': 20, 'view': 'all'}"
shd,development,comparison:tuned:q8-i4-crc,854d485faeb969176a890aefba9dab1346de5e4a3111a0aa1b78563491ce9725,42,completed,0.4752962563474055,0.1,"{'inputs': 4, 'model': 'crc', 'radius': 0.5, 'scale': 0.03, 'size': 24, 'tau': 60, 'view': 'all'}"
shd,development,comparison:tuned:q8-i4-crc,5b8db7d4631fde3db9407699c4c9a0c57e40dbbc7d5f9788d741360891802794,42,completed,0.42260078244225396,0.1,"{'inputs': 4, 'model': 'crc', 'radius': 0.5, 'scale': 0.03, 'size': 24, 'tau': 200, 'view': 'all'}"
shd,development,comparison:tuned:q8-i4-crc,d2a2fb70fd53cbc7e81ac29798e65b77e345fec660583f2f5907f8332aeafe70,42,completed,0.5100110652069294,0.1,"{'inputs': 4, 'model': 'crc', 'radius': 0.5, 'scale': 0.1, 'size': 24, 'tau': 20, 'view': 'all'}"
shd,development,comparison:tuned:q8-i4-crc,05be628fd391fd25a143d365183ebf3f5e81a4e03498a223226331d2a5040000,42,completed,0.511940403419254,0.1,"{'inputs': 4, 'model': 'crc', 'radius': 0.5, 'scale': 0.1, 'size': 24, 'tau': 60, 'view': 'all'}"
shd,development,comparison:tuned:q8-i4-crc,2511112ba8b021473c7d87f45b639d51c59fa15704156766b4d201da5280c1b3,42,completed,0.44389415178219827,0.1,"{'inputs': 4, 'model': 'crc', 'radius': 0.5, 'scale': 0.1, 'size': 24, 'tau': 200, 'view': 'all'}"
shd,development,comparison:tuned:q8-i4-crc,c67f42a5efaa2ab6c9251e69aebb4f9218f63e8377ada70c0bfa9840ad02d332,42,completed,0.537029933802016,0.001,"{'inputs': 4, 'model': 'crc', 'radius': 0.5, 'scale': 1.0, 'size': 24, 'tau': 20, 'view': 'all'}"
shd,development,comparison:tuned:q8-i4-crc,4f9f85a32c066b9c2d3cab8c4d261553e762fae1287ee1f3e8c465f62865928b,42,completed,0.5431089977620076,0.0001,"{'inputs': 4, 'model': 'crc', 'radius': 0.5, 'scale': 1.0, 'size': 24, 'tau': 60, 'view': 'all'}"
shd,development,comparison:tuned:q8-i4-crc,b585f4eb25ceb736b60a88440fb97d192373a7bf4b4340d5b195410c21259607,42,completed,0.4965223170097881,1e-05,"{'inputs': 4, 'model': 'crc', 'radius': 0.5, 'scale': 1.0, 'size': 24, 'tau': 200, 'view': 'all'}"
shd,development,comparison:tuned:q8-i4-crc,fe0fed97d42e19e685b217dd8a69423375728936e22411bb0e2668b3d1faeb43,42,completed,0.44041438437363256,0.1,"{'inputs': 4, 'model': 'crc', 'radius': 0.9, 'scale': 0.03, 'size': 24, 'tau': 20, 'view': 'all'}"
shd,development,comparison:tuned:q8-i4-crc,52dfb45321938c282dd9f942485e5d7bc675c9d1bd15b81478e461eab007cda6,42,completed,0.42153521780447856,0.1,"{'inputs': 4, 'model': 'crc', 'radius': 0.9, 'scale': 0.03, 'size': 24, 'tau': 60, 'view': 'all'}"
shd,development,comparison:tuned:q8-i4-crc,b92f83986b3486ab9102ad85d0e9448ce0b248d0985b778f86fc7adb3b3c9f71,42,completed,0.402758080818698,0.1,"{'inputs': 4, 'model': 'crc', 'radius': 0.9, 'scale': 0.03, 'size': 24, 'tau': 200, 'view': 'all'}"
shd,development,comparison:tuned:q8-i4-crc,9de18b6ab983c33fb4a1d86a5632671bce28b147f46004df2048f7987f6c36ac,42,completed,0.47588563505327336,0.1,"{'inputs': 4, 'model': 'crc', 'radius': 0.9, 'scale': 0.1, 'size': 24, 'tau': 20, 'view': 'all'}"
shd,development,comparison:tuned:q8-i4-crc,c5fddb687247dac97adae92c3f534c009e2cb222e8bc8530cd20b49e1259ba3c,42,completed,0.46957885351127016,0.1,"{'inputs': 4, 'model': 'crc', 'radius': 0.9, 'scale': 0.1, 'size': 24, 'tau': 60, 'view': 'all'}"
shd,development,comparison:tuned:q8-i4-crc,975024c4ae76d325f62272ba5e95b729457610506efd0f28e02edc247c7f3322,42,completed,0.40407669158116266,1e-05,"{'inputs': 4, 'model': 'crc', 'radius': 0.9, 'scale': 0.1, 'size': 24, 'tau': 200, 'view': 'all'}"
shd,development,comparison:tuned:q8-i4-crc,bd7484d8497c90d9e87e54ce529ee6c965c07af6f4ec12e340649bfabd5424e3,42,completed,0.5214850720828199,0.1,"{'inputs': 4, 'model': 'crc', 'radius': 0.9, 'scale': 1.0, 'size': 24, 'tau': 20, 'view': 'all'}"
shd,development,comparison:tuned:q8-i4-crc,d23fe5b4254193635d1012a08d4959e4e477ea4a7db78f37305a8986031747a8,42,completed,0.5285847763641449,0.0001,"{'inputs': 4, 'model': 'crc', 'radius': 0.9, 'scale': 1.0, 'size': 24, 'tau': 60, 'view': 'all'}"
shd,development,comparison:tuned:q8-i4-crc,2e2b58d69eddf0dea9da4ccac2cb46d6e7620b3ecafb19617f6a189ad7fb7512,42,completed,0.49683464093175495,1e-05,"{'inputs': 4, 'model': 'crc', 'radius': 0.9, 'scale': 1.0, 'size': 24, 'tau': 200, 'view': 'all'}"
shd,development,comparison:tuned:q8-i4-qrc,4d2e11168f77112185ac3d8df9848508947c3ebc02b118d4c2f81aa1f4caf5a4,42,completed,0.464108178587781,0.1,"{'depth': 1, 'inputs': 4, 'model': 'qrc', 'qubits': 8, 'view': 'all'}"
shd,development,comparison:tuned:q8-i4-qrc,75fac3bc2e76dae1957f4a392d745d3b881e97ae7d6b5ae743c9edc95a821991,42,completed,0.5056548759723392,0.1,"{'depth': 2, 'inputs': 4, 'model': 'qrc', 'qubits': 8, 'view': 'all'}"
shd,development,comparison:tuned:q8-i4-qrc,7d14a39d5fd238493fa586e279ade90de4b7b1d0eeb8b8bdd7c990fba8c0b6e6,42,completed,0.5407539706910065,0.1,"{'depth': 3, 'inputs': 4, 'model': 'qrc', 'qubits': 8, 'view': 'all'}"
shd,development,comparison:tuned:q8-i6-crc,fd4be6f40e2b2048ae9b5409ca99c289684e07e59771d78b150d6624eba5eba1,42,completed,0.5989000308066664,0.1,"{'inputs': 6, 'model': 'crc', 'radius': 0.5, 'scale': 0.03, 'size': 24, 'tau': 20, 'view': 'all'}"
shd,development,comparison:tuned:q8-i6-crc,0a8680b315395734e11f0c03c27e70952dea4fa301cccb26c2df635f90b1e440,42,completed,0.5629177728408519,0.1,"{'inputs': 6, 'model': 'crc', 'radius': 0.5, 'scale': 0.03, 'size': 24, 'tau': 60, 'view': 'all'}"
shd,development,comparison:tuned:q8-i6-crc,044309bbfe15880db7882b710bdb1610c8e280b9c155e94f2687fdadd0274f40,42,completed,0.5380878295745126,0.1,"{'inputs': 6, 'model': 'crc', 'radius': 0.5, 'scale': 0.03, 'size': 24, 'tau': 200, 'view': 'all'}"
shd,development,comparison:tuned:q8-i6-crc,63289a1525df0134c30aa4ae088ae1eff9e13540ad2e3a5ed43b9af23a8813c8,42,completed,0.5959198986204396,0.1,"{'inputs': 6, 'model': 'crc', 'radius': 0.5, 'scale': 0.1, 'size': 24, 'tau': 20, 'view': 'all'}"
shd,development,comparison:tuned:q8-i6-crc,fec4bd93e3600bb6ca3a5aa1d94d25db80cb670a77f2ccad79690adf23111471,42,completed,0.5724853743887571,0.1,"{'inputs': 6, 'model': 'crc', 'radius': 0.5, 'scale': 0.1, 'size': 24, 'tau': 60, 'view': 'all'}"
shd,development,comparison:tuned:q8-i6-crc,1c07f164a7a51ea37aa936283f2620a8e837a61b54507adbff2f859d1d95979a,42,completed,0.5401172669301457,1.0,"{'inputs': 6, 'model': 'crc', 'radius': 0.5, 'scale': 0.1, 'size': 24, 'tau': 200, 'view': 'all'}"
shd,development,comparison:tuned:q8-i6-crc,987576663dd4b9e9d1f009798b2806b885eccbe941c01ed8cbe8d3389ab18e15,42,completed,0.5934012682386104,0.1,"{'inputs': 6, 'model': 'crc', 'radius': 0.5, 'scale': 1.0, 'size': 24, 'tau': 20, 'view': 'all'}"
shd,development,comparison:tuned:q8-i6-crc,d9fd07622efa5fe519ffe9ffc1a9ecce3d41b72f064a6032f4c44162e4d5a508,42,completed,0.5778228065755096,0.1,"{'inputs': 6, 'model': 'crc', 'radius': 0.5, 'scale': 1.0, 'size': 24, 'tau': 60, 'view': 'all'}"
shd,development,comparison:tuned:q8-i6-crc,3d7c4bb1d57353cac8ef270ab83512b7d45054f0a3e74b04bf106a7c73201c6e,42,completed,0.559119234345914,0.0001,"{'inputs': 6, 'model': 'crc', 'radius': 0.5, 'scale': 1.0, 'size': 24, 'tau': 200, 'view': 'all'}"
shd,development,comparison:tuned:q8-i6-crc,5eea900e7bfb47cdf024b3a63d426d7f94133ef6665310ed377403f92fcfbfa3,42,completed,0.5580222731899891,0.01,"{'inputs': 6, 'model': 'crc', 'radius': 0.9, 'scale': 0.03, 'size': 24, 'tau': 20, 'view': 'all'}"
shd,development,comparison:tuned:q8-i6-crc,f34d08d5756f1893c28d6e5f8adfb8f2f3ce491d4003ce17dfff7e33f894c1cb,42,completed,0.5191529483334781,0.01,"{'inputs': 6, 'model': 'crc', 'radius': 0.9, 'scale': 0.03, 'size': 24, 'tau': 60, 'view': 'all'}"
shd,development,comparison:tuned:q8-i6-crc,09f415f0a5d47a05772dd14f009eca01079b026ac01b08c3ca3e645f4388a3e0,42,completed,0.49876591240610313,0.1,"{'inputs': 6, 'model': 'crc', 'radius': 0.9, 'scale': 0.03, 'size': 24, 'tau': 200, 'view': 'all'}"
shd,development,comparison:tuned:q8-i6-crc,37724eb8da6d024f108f523cd6131d7825cccbb3c851cce8521ae361079bf95b,42,completed,0.5564730435627164,0.1,"{'inputs': 6, 'model': 'crc', 'radius': 0.9, 'scale': 0.1, 'size': 24, 'tau': 20, 'view': 'all'}"
shd,development,comparison:tuned:q8-i6-crc,85e30c2f77bb00ffa26ce2391173e1abaec3f8702e68a321f3662c063a9e8086,42,completed,0.5347255453087675,0.1,"{'inputs': 6, 'model': 'crc', 'radius': 0.9, 'scale': 0.1, 'size': 24, 'tau': 60, 'view': 'all'}"
shd,development,comparison:tuned:q8-i6-crc,ac346e4d53fae04a19202a02f9433e150219617b2401dd335469dad5ad263456,42,completed,0.541622019252346,0.1,"{'inputs': 6, 'model': 'crc', 'radius': 0.9, 'scale': 0.1, 'size': 24, 'tau': 200, 'view': 'all'}"
shd,development,comparison:tuned:q8-i6-crc,62cb1df96a94f921515b3e34bd929b5dd6fdcb68dab57a280f1fd839283e7633,42,completed,0.5902242314606677,0.1,"{'inputs': 6, 'model': 'crc', 'radius': 0.9, 'scale': 1.0, 'size': 24, 'tau': 20, 'view': 'all'}"
shd,development,comparison:tuned:q8-i6-crc,3215f718e49c9f5dbc1f1b1433bdb0bce6013edb232ebaa8e755081f5fac49e6,42,completed,0.5593663637467877,0.1,"{'inputs': 6, 'model': 'crc', 'radius': 0.9, 'scale': 1.0, 'size': 24, 'tau': 60, 'view': 'all'}"
shd,development,comparison:tuned:q8-i6-crc,7b5b7f4f1e7bf209f7ce5f61e0ee9fa78f47ec8c77453d625b6fb694afaa6d4b,42,completed,0.5559234385976126,0.0001,"{'inputs': 6, 'model': 'crc', 'radius': 0.9, 'scale': 1.0, 'size': 24, 'tau': 200, 'view': 'all'}"
shd,development,comparison:tuned:q8-i6-qrc,8df85e01c90e923b8ee61cc39373e160fe77c20bbcefb9d266b07200adcd14ee,42,completed,0.5394309541669495,0.1,"{'depth': 1, 'inputs': 6, 'model': 'qrc', 'qubits': 8, 'view': 'all'}"
shd,development,comparison:tuned:q8-i6-qrc,f14e9c919b1cf1a673600cb3394900f53e5d8deb081ab575de3b209999e9f6f1,42,completed,0.5667938986473878,0.1,"{'depth': 2, 'inputs': 6, 'model': 'qrc', 'qubits': 8, 'view': 'all'}"
shd,development,comparison:tuned:q8-i6-qrc,b30a18509a2788bd448a44aab382fc06f2d4030d5767ad74032fad34399e6289,42,completed,0.592494701331766,0.1,"{'depth': 3, 'inputs': 6, 'model': 'qrc', 'qubits': 8, 'view': 'all'}"
shd,mapping-screen,mapping:screen:i2:legacy,0ae387697ce65aff235dea6da8d2a30ac1baf57a6ba05b4960235c3483bef0fc,42,completed,0.27309279914293005,0.1,"{'adapter': 'legacy', 'inputs': 2, 'model': 'projection', 'solver': 'lsqr'}"
shd,mapping-screen,mapping:screen:i2:orthogonal,a898f568300f096ad875fdfccdcfb3f17e12a310dba06281a3a8106c88923d12,42,completed,0.264819342157599,0.1,"{'adapter': 'orthogonal', 'inputs': 2, 'model': 'projection', 'solver': 'lsqr'}"
shd,mapping-screen,mapping:screen:i2:pca,ae7fcbb27713c7cf1848374aa98c4a3677eb5e822e0bb7b3106d6399decf1546,42,completed,0.33830113513115095,0.1,"{'adapter': 'pca', 'inputs': 2, 'model': 'projection', 'solver': 'lsqr'}"
shd,mapping-screen,mapping:screen:i2:pooling,d30992162beef8288b717779537e42218c698f308cf80017077d5f9b00dc5fac,42,completed,0.4090677903681466,0.1,"{'adapter': 'pooling', 'inputs': 2, 'model': 'projection', 'solver': 'lsqr'}"
shd,mapping-screen,mapping:screen:i4:legacy,7759e9d309b30836c7e544e2361ad0795f25fad76d16b16fafaa1c37943e6bd6,42,completed,0.35206475149444505,0.1,"{'adapter': 'legacy', 'inputs': 4, 'model': 'projection', 'solver': 'lsqr'}"
shd,mapping-screen,mapping:screen:i4:orthogonal,2b64661db5375dbc7fe4febaea38932cacce747e69ceb74608ca55962b18b169,42,completed,0.3454141504691667,0.1,"{'adapter': 'orthogonal', 'inputs': 4, 'model': 'projection', 'solver': 'lsqr'}"
shd,mapping-screen,mapping:screen:i4:pca,bb5cca45a140f886d985cfa0aa7c4cc7591267bb743fe991db52b5bf816b8d75,42,completed,0.44512653546590164,0.1,"{'adapter': 'pca', 'inputs': 4, 'model': 'projection', 'solver': 'lsqr'}"
shd,mapping-screen,mapping:screen:i4:pooling,0ecf34cc8f4e60eaf5d3384b3c7b6f9034e5b246a94ce9db67f1f3af167a575c,42,completed,0.4722832106692897,0.1,"{'adapter': 'pooling', 'inputs': 4, 'model': 'projection', 'solver': 'lsqr'}"
shd,development,observations:crc2:all,1fd36ce890b4ce3067724eeb1ad5e75675b3750d401261ad6bf5541d3bd0fec1,42,completed,0.3735040379182756,0.1,"{'inputs': 2, 'model': 'crc', 'radius': 0.9, 'scale': 0.03, 'size': 18, 'solver': 'lsqr', 'tau': 20, 'view': 'all'}"
shd,development,observations:crc2:products,6ae66d35da54d00c5e70f9782333548ed628bc7c7270ab0a2c8624787a3f6142,42,completed,0.3826797842490699,0.001,"{'inputs': 2, 'model': 'crc', 'radius': 0.9, 'scale': 0.03, 'size': 18, 'solver': 'lsqr', 'tau': 20, 'view': 'products'}"
shd,development,observations:crc2:width24,ab7086fd6010d2f3afa5bc78572088a815d8b948112d9953fead54d908534cfa,42,completed,0.4222757810651471,0.01,"{'inputs': 2, 'model': 'crc', 'radius': 0.9, 'scale': 0.03, 'size': 24, 'solver': 'lsqr', 'tau': 20, 'view': 'all'}"
shd,development,observations:crc4:all,873b417ea25cd86e44b4adaf1cced3b2c3bb39bf4f5d659358001461e8007f4e,42,completed,0.4688702112661148,0.01,"{'inputs': 4, 'model': 'crc', 'radius': 0.9, 'scale': 0.03, 'size': 18, 'solver': 'lsqr', 'tau': 20, 'view': 'all'}"
shd,development,observations:crc4:products,2e8913309b4e3bcf9c2af09c8017d7da91453ea301913d371bd9ec43cccd3701,42,completed,0.47277634006693026,0.01,"{'inputs': 4, 'model': 'crc', 'radius': 0.9, 'scale': 0.03, 'size': 18, 'solver': 'lsqr', 'tau': 20, 'view': 'products'}"
shd,development,observations:crc4:width24,0a2564a01950101a3565761c21c3c698677322706a8a50c68713e6c49a1c90b5,42,completed,0.44091643062570124,0.1,"{'inputs': 4, 'model': 'crc', 'radius': 0.9, 'scale': 0.03, 'size': 24, 'solver': 'lsqr', 'tau': 20, 'view': 'all'}"
shd,development,observations:projection:i2,b74738fd93be0559fb49a00a0619eb885d4458adfed3b46d441fe0cfd16af10d,42,completed,0.4090677903681466,0.1,"{'inputs': 2, 'model': 'projection', 'solver': 'lsqr'}"
shd,development,observations:projection:i4,fbb90ff5d421bcaa0548fc7812ea1874070ef14c2d8fd220714f8c02858002a9,42,completed,0.4722832106692897,0.1,"{'inputs': 4, 'model': 'projection', 'solver': 'lsqr'}"
shd,development,observations:qrc2:all,1c508aa0283982dbebec8c361aa94d8d326dc9cf7a4b21d6d1e0defa8bd2551b,42,completed,0.4106900596646653,1.0,"{'depth': 1, 'inputs': 2, 'model': 'qrc', 'qubits': 6, 'solver': 'lsqr', 'view': 'all'}"
shd,development,observations:qrc2:products,ccbb3a1022fe453188388588b0fea80935acc71e35d168af1b980fe1b0b3838c,42,completed,0.41293652494651,0.1,"{'depth': 1, 'inputs': 2, 'model': 'qrc', 'qubits': 6, 'solver': 'lsqr', 'view': 'products'}"
shd,development,observations:qrc2:zz,ce848420860abf047340e4e86f8b70bbeb0935478a66965e0ffda2f9ccce264d,42,completed,0.42028672175699733,0.1,"{'depth': 1, 'inputs': 2, 'model': 'qrc', 'qubits': 6, 'solver': 'lsqr', 'view': 'zz'}"
shd,development,observations:qrc4:all,e2d216180266ee61a487147f34d7d8fa10e2d15df968b7067e1722474967ded0,42,completed,0.4772650692124646,0.1,"{'depth': 1, 'inputs': 4, 'model': 'qrc', 'qubits': 6, 'solver': 'lsqr', 'view': 'all'}"
shd,development,observations:qrc4:products,82b17f39d82a3c58eee59619b528160273f45e0ab5e44358776a3e77c160d64a,42,completed,0.4867652760010816,1.0,"{'depth': 1, 'inputs': 4, 'model': 'qrc', 'qubits': 6, 'solver': 'lsqr', 'view': 'products'}"
shd,development,observations:qrc4:zz,2f3f7210103a38681171de5d125053889446567f266cc811fbae317b289684cb,42,completed,0.48926312382835024,1.0,"{'depth': 1, 'inputs': 4, 'model': 'qrc', 'qubits': 6, 'solver': 'lsqr', 'view': 'zz'}"
shd,development,practical:large-crc,637553df2b49903f559d20cb2449658c0c199975dc91b7935060ad25f75e84c7,42,completed,0.4213390980997291,0.0001,"{'adapter': 'identity', 'inputs': 0, 'model': 'crc', 'radius': 0.9, 'scale': 0.03, 'segments': 1, 'size': 256, 'solver': 'lsqr', 'summary': 'segment_mean_final', 'tau': 20}"
shd,development,practical:large-crc,2eca50af9eba4c151ea03687450fc74da738b71853ca0f2bc85011ac98ab23e7,42,completed,0.5898962575860376,0.001,"{'adapter': 'identity', 'inputs': 0, 'model': 'crc', 'radius': 0.9, 'scale': 0.03, 'segments': 1, 'size': 256, 'solver': 'lsqr', 'summary': 'segment_mean_std_final', 'tau': 20}"
shd,development,practical:large-crc,7d158eb9c867842e69c097c44a06dca39eef00b32777a49614fb9dac352e3061,42,completed,0.486015610000364,1.0,"{'adapter': 'identity', 'inputs': 0, 'model': 'crc', 'radius': 0.9, 'scale': 0.03, 'segments': 4, 'size': 256, 'solver': 'lsqr', 'summary': 'segment_mean_final', 'tau': 20}"
shd,development,practical:large-crc,098d568f097c2e272fff3931746706f9da1c1e7b66ecfb552a73104b5fb93fdd,42,completed,0.596427550814879,0.1,"{'adapter': 'identity', 'inputs': 0, 'model': 'crc', 'radius': 0.9, 'scale': 0.03, 'segments': 4, 'size': 256, 'solver': 'lsqr', 'summary': 'segment_mean_std_final', 'tau': 20}"
shd,development,practical:large-crc,819839f6eace171fb29b4b9affc534157a2ecd66db7860f82b08c50570a8fea6,42,completed,0.49883234308853197,10.0,"{'adapter': 'identity', 'inputs': 0, 'model': 'crc', 'radius': 0.9, 'scale': 0.03, 'segments': 8, 'size': 256, 'solver': 'lsqr', 'summary': 'segment_mean_final', 'tau': 20}"
shd,development,practical:large-crc,f87d32e14929110f23c97f2f73a5501dd0117af96a694f97609dd683328a8dcb,42,completed,0.5691445871704611,1.0,"{'adapter': 'identity', 'inputs': 0, 'model': 'crc', 'radius': 0.9, 'scale': 0.03, 'segments': 8, 'size': 256, 'solver': 'lsqr', 'summary': 'segment_mean_std_final', 'tau': 20}"
shd,development,practical:lstm,34f0b8fecdbcdff3ac36f69acf0d806b345401bcb07ff35238fee1ba32a74fd0,42,completed,0.6596477766609821,,"{'model': 'lstm', 'recipe': 'baseline'}"
shd,development,practical:lstm,8b8304724f0174de160a7d9b1704e23f5d3fcf40a475b5f4556f750328baab7e,42,completed,0.5976927109432055,,"{'model': 'lstm', 'recipe': 'dropout'}"
shd,development,practical:lstm,bc82af150beb9213724032c6d54e1db37dc025df9aca0f6e48ca42566a02177a,42,completed,0.6661094982453444,,"{'model': 'lstm', 'recipe': 'regularization'}"
shd,development,practical:transformer,9c121379d229c136890e35c0274954550a0b7f022bff1f2148a1037d7c8fcfae,42,completed,0.6442646387438722,,"{'model': 'transformer', 'recipe': 'baseline'}"
shd,development,practical:transformer,eca3eef20cbed3c8778986bf5fe8f7107e196239e10a3a612f458759eb796d73,42,completed,0.6371987300869485,,"{'model': 'transformer', 'recipe': 'dropout'}"
shd,development,practical:transformer,f72ffa316663b2b567361361a6d262dc7961ef5d6710e7a2dfb7488336cc71a3,42,completed,0.6320687151001192,,"{'model': 'transformer', 'recipe': 'regularization'}"
shd,development,recurrence:crc:all,c49fe318ec050177a647529a375837861997eae786229936dd349a94a058c979,42,completed,0.5437455796538258,0.001,"{'inputs': 4, 'model': 'crc', 'radius': 0.5, 'reset': 'all', 'scale': 1.0, 'size': 18, 'tau': 20, 'view': 'all'}"
shd,development,recurrence:crc:partial,18d6a61477fa7d9701ec8d5d3129d84e78069cf07496339ef9e731b8476e116c,42,completed,0.5387017081206579,0.001,"{'inputs': 4, 'model': 'crc', 'radius': 0.5, 'reset': 'partial', 'scale': 1.0, 'size': 18, 'tau': 20, 'view': 'all'}"
shd,development,recurrence:qrc:all,cab8367f318033458aca4df629d491b9d0286e7893762319c6e7bfdff4fde7eb,42,completed,0.5070797220338444,0.0001,"{'depth': 2, 'inputs': 4, 'model': 'qrc', 'qubits': 6, 'reset': 'all', 'view': 'all'}"
shd,development,recurrence:qrc:partial,b53f219f042c0596ad6e1ded27d47be7911b7621599445a2f86e94bbccb9d497,42,completed,0.5278213214185252,0.1,"{'depth': 2, 'inputs': 4, 'model': 'qrc', 'qubits': 6, 'reset': 'partial', 'view': 'all'}"
shd,mapping-development,mapping-paired:i2:legacy:crc,da7c4c4cdcb8611ce66052434816d775880cb4f36649fb3dbdf9a547f0930f9f,42,completed,0.22805911615057003,0.1,"{'adapter': 'legacy', 'inputs': 2, 'model': 'crc', 'radius': 0.9, 'scale': 0.03, 'segments': 8, 'size': 18, 'solver': 'lsqr', 'summary': 'segment_mean_std_final', 'tau': 20, 'view': 'all'}"
shd,mapping-development,mapping-paired:i2:legacy:projection,0ae387697ce65aff235dea6da8d2a30ac1baf57a6ba05b4960235c3483bef0fc,42,completed,0.27309279914293005,0.1,"{'adapter': 'legacy', 'inputs': 2, 'model': 'projection', 'solver': 'lsqr'}"
shd,mapping-development,mapping-paired:i2:legacy:qrc,90907f70f0aa3b6c17170762d44f2c1616a6d76dac818e7ff497e60470ca69f7,42,completed,0.27658011958202783,0.1,"{'adapter': 'legacy', 'depth': 1, 'inputs': 2, 'model': 'qrc', 'qubits': 6, 'segments': 8, 'solver': 'lsqr', 'summary': 'segment_mean_std_final', 'view': 'all'}"
shd,mapping-development,mapping-paired:i2:pooling:crc,f928a82ccf600d90502da600fcde7612c2a1c209f59ab9e4c3cbf01f1e5a432d,42,completed,0.3735040379182756,0.1,"{'adapter': 'pooling', 'inputs': 2, 'model': 'crc', 'radius': 0.9, 'scale': 0.03, 'segments': 8, 'size': 18, 'solver': 'lsqr', 'summary': 'segment_mean_std_final', 'tau': 20, 'view': 'all'}"
shd,mapping-development,mapping-paired:i2:pooling:projection,d30992162beef8288b717779537e42218c698f308cf80017077d5f9b00dc5fac,42,completed,0.4090677903681466,0.1,"{'adapter': 'pooling', 'inputs': 2, 'model': 'projection', 'solver': 'lsqr'}"
shd,mapping-development,mapping-paired:i2:pooling:qrc,8e877735c2a024f7471de442a58559e8eda572ce36fd4c18a223a65012c6c1f5,42,completed,0.4106900596646653,1.0,"{'adapter': 'pooling', 'depth': 1, 'inputs': 2, 'model': 'qrc', 'qubits': 6, 'segments': 8, 'solver': 'lsqr', 'summary': 'segment_mean_std_final', 'view': 'all'}"
shd,mapping-development,mapping-paired:i4:legacy:crc,bc3d78d0d6a06929520e0a2125787cf5baf4950c6aa06f9be2f9295d44c8dceb,42,completed,0.3286500667621602,0.001,"{'adapter': 'legacy', 'inputs': 4, 'model': 'crc', 'radius': 0.9, 'scale': 0.03, 'segments': 8, 'size': 18, 'solver': 'lsqr', 'summary': 'segment_mean_std_final', 'tau': 20, 'view': 'all'}"
shd,mapping-development,mapping-paired:i4:legacy:projection,7759e9d309b30836c7e544e2361ad0795f25fad76d16b16fafaa1c37943e6bd6,42,completed,0.35206475149444505,0.1,"{'adapter': 'legacy', 'inputs': 4, 'model': 'projection', 'solver': 'lsqr'}"
shd,mapping-development,mapping-paired:i4:legacy:qrc,cf25687c8919412294bd15ab8adc8fbbed04bbd9f7873bcb9e4d35af4b76544c,42,completed,0.37035907234703697,1.0,"{'adapter': 'legacy', 'depth': 1, 'inputs': 4, 'model': 'qrc', 'qubits': 6, 'segments': 8, 'solver': 'lsqr', 'summary': 'segment_mean_std_final', 'view': 'all'}"
shd,mapping-development,mapping-paired:i4:pooling:crc,d89479906cf399fa71cdb870ca6af8d420f8f91232403ba00f76224f3a54e8cc,42,completed,0.4688702112661148,0.01,"{'adapter': 'pooling', 'inputs': 4, 'model': 'crc', 'radius': 0.9, 'scale': 0.03, 'segments': 8, 'size': 18, 'solver': 'lsqr', 'summary': 'segment_mean_std_final', 'tau': 20, 'view': 'all'}"
shd,mapping-development,mapping-paired:i4:pooling:projection,0ecf34cc8f4e60eaf5d3384b3c7b6f9034e5b246a94ce9db67f1f3af167a575c,42,completed,0.4722832106692897,0.1,"{'adapter': 'pooling', 'inputs': 4, 'model': 'projection', 'solver': 'lsqr'}"
shd,mapping-development,mapping-paired:i4:pooling:qrc,4e67811ed21e0437dd343a87bc16a469039e6a8494070493c569c2992c3529e2,42,completed,0.4772650692124646,0.1,"{'adapter': 'pooling', 'depth': 1, 'inputs': 4, 'model': 'qrc', 'qubits': 6, 'segments': 8, 'solver': 'lsqr', 'summary': 'segment_mean_std_final', 'view': 'all'}"
shd,mapping-robustness,mapping-robustness:i2:legacy:crc:p42,6d83fd0403517c584e9764faf423fc41d23b31793e7428aff109c9f3f1361d10,42,completed,0.22805911615057003,0.1,"{'adapter': 'legacy', 'inputs': 2, 'model': 'crc', 'projection_seed': 42, 'radius': 0.9, 'scale': 0.03, 'segments': 8, 'size': 18, 'solver': 'lsqr', 'summary': 'segment_mean_std_final', 'tau': 20, 'view': 'all'}"
shd,mapping-robustness,mapping-robustness:i2:legacy:crc:p44,655ba7ea9139e2caab495ddabdd1f23a7a8d5d67cd6af7e05dc853e22d3ac593,42,completed,0.27110170445413656,0.1,"{'adapter': 'legacy', 'inputs': 2, 'model': 'crc', 'projection_seed': 44, 'radius': 0.9, 'scale': 0.03, 'segments': 8, 'size': 18, 'solver': 'lsqr', 'summary': 'segment_mean_std_final', 'tau': 20, 'view': 'all'}"
shd,mapping-robustness,mapping-robustness:i2:legacy:crc:p46,5f7f2dfd7fd9e3e2461141bb028df1096e671cab7cdd5b46f361fb20a8072414,42,completed,0.2867539292632124,0.01,"{'adapter': 'legacy', 'inputs': 2, 'model': 'crc', 'projection_seed': 46, 'radius': 0.9, 'scale': 0.03, 'segments': 8, 'size': 18, 'solver': 'lsqr', 'summary': 'segment_mean_std_final', 'tau': 20, 'view': 'all'}"
shd,mapping-robustness,mapping-robustness:i2:legacy:projection:p42,ff23823e317ef297ac4a085c427c7e9e5fb7100c1c969a0705f76d6d9fd464ee,42,completed,0.27309279914293005,0.1,"{'adapter': 'legacy', 'inputs': 2, 'model': 'projection', 'projection_seed': 42, 'solver': 'lsqr'}"
shd,mapping-robustness,mapping-robustness:i2:legacy:projection:p44,1ca428144c4e9a9100066b2ba824354a51feafcfd229b352cad84de884360c51,42,completed,0.28694123326143195,0.1,"{'adapter': 'legacy', 'inputs': 2, 'model': 'projection', 'projection_seed': 44, 'solver': 'lsqr'}"
shd,mapping-robustness,mapping-robustness:i2:legacy:projection:p46,f09689f79fbd7d5c5197968d353f8b638ec55183cf7f2e608670b4a52beaa0b0,42,completed,0.3018303773794374,0.01,"{'adapter': 'legacy', 'inputs': 2, 'model': 'projection', 'projection_seed': 46, 'solver': 'lsqr'}"
shd,mapping-robustness,mapping-robustness:i2:legacy:qrc:p42,f1094086ccf3748a213e2039e4dff20f5403a0a990f425c38e79872ace9f4838,42,completed,0.27658011958202783,0.1,"{'adapter': 'legacy', 'depth': 1, 'inputs': 2, 'model': 'qrc', 'projection_seed': 42, 'qubits': 6, 'segments': 8, 'solver': 'lsqr', 'summary': 'segment_mean_std_final', 'view': 'all'}"
shd,mapping-robustness,mapping-robustness:i2:legacy:qrc:p44,37aafab21ee02467a6502a3b8e12b2618c89167b78e52989a34d25b5c5ac2129,42,completed,0.31535662853485025,0.1,"{'adapter': 'legacy', 'depth': 1, 'inputs': 2, 'model': 'qrc', 'projection_seed': 44, 'qubits': 6, 'segments': 8, 'solver': 'lsqr', 'summary': 'segment_mean_std_final', 'view': 'all'}"
shd,mapping-robustness,mapping-robustness:i2:legacy:qrc:p46,ba744c3c4ae4acbfeca8b60986f831b2c34b11d00c404d3c700b4622f6c02662,42,completed,0.31113578159330113,0.1,"{'adapter': 'legacy', 'depth': 1, 'inputs': 2, 'model': 'qrc', 'projection_seed': 46, 'qubits': 6, 'segments': 8, 'solver': 'lsqr', 'summary': 'segment_mean_std_final', 'view': 'all'}"
shd,mapping-robustness,mapping-robustness:i4:legacy:crc:p42,d35aa6656f0d78a8db9b5acc431a22165f944ee91397ccc5d004983dba2cd4f7,42,completed,0.3286500667621602,0.001,"{'adapter': 'legacy', 'inputs': 4, 'model': 'crc', 'projection_seed': 42, 'radius': 0.9, 'scale': 0.03, 'segments': 8, 'size': 18, 'solver': 'lsqr', 'summary': 'segment_mean_std_final', 'tau': 20, 'view': 'all'}"
shd,mapping-robustness,mapping-robustness:i4:legacy:crc:p44,46171616ae7f7254f25925bf6a3edf449b81d9f258309ae816224d923e51a5aa,42,completed,0.33428607399629473,0.1,"{'adapter': 'legacy', 'inputs': 4, 'model': 'crc', 'projection_seed': 44, 'radius': 0.9, 'scale': 0.03, 'segments': 8, 'size': 18, 'solver': 'lsqr', 'summary': 'segment_mean_std_final', 'tau': 20, 'view': 'all'}"
shd,mapping-robustness,mapping-robustness:i4:legacy:crc:p46,d27447420045e22de7d9e9740247535c1b27c54fd61d39fb0dcb1469fa8ac6f6,42,completed,0.3508887031074164,0.001,"{'adapter': 'legacy', 'inputs': 4, 'model': 'crc', 'projection_seed': 46, 'radius': 0.9, 'scale': 0.03, 'segments': 8, 'size': 18, 'solver': 'lsqr', 'summary': 'segment_mean_std_final', 'tau': 20, 'view': 'all'}"
shd,mapping-robustness,mapping-robustness:i4:legacy:projection:p42,9fc1964c21e815835ecfcf74c057ac123a6e85e20b6bac0a001b830c93f31e38,42,completed,0.35206475149444505,0.1,"{'adapter': 'legacy', 'inputs': 4, 'model': 'projection', 'projection_seed': 42, 'solver': 'lsqr'}"
shd,mapping-robustness,mapping-robustness:i4:legacy:projection:p44,03b210f44f9ac0838c4ac6ee47bc8775f9316df27b13d8d22a665339344128d6,42,completed,0.34261047757205587,0.1,"{'adapter': 'legacy', 'inputs': 4, 'model': 'projection', 'projection_seed': 44, 'solver': 'lsqr'}"
shd,mapping-robustness,mapping-robustness:i4:legacy:projection:p46,0beddbc43d67f5b16513449c3303b1c10e7f459adb45188762de110b327c2187,42,completed,0.45338241562768766,0.1,"{'adapter': 'legacy', 'inputs': 4, 'model': 'projection', 'projection_seed': 46, 'solver': 'lsqr'}"
shd,mapping-robustness,mapping-robustness:i4:legacy:qrc:p42,30e763d6e1f4bb6a74a7f7e8d72e1052f351161af955c5e206cac96b0df9c180,42,completed,0.37035907234703697,1.0,"{'adapter': 'legacy', 'depth': 1, 'inputs': 4, 'model': 'qrc', 'projection_seed': 42, 'qubits': 6, 'segments': 8, 'solver': 'lsqr', 'summary': 'segment_mean_std_final', 'view': 'all'}"
shd,mapping-robustness,mapping-robustness:i4:legacy:qrc:p44,62416bc7e11269d57d83507f5e51a2437f9942b4d3bcaca524a44982e86eb081,42,completed,0.41009070224815336,1.0,"{'adapter': 'legacy', 'depth': 1, 'inputs': 4, 'model': 'qrc', 'projection_seed': 44, 'qubits': 6, 'segments': 8, 'solver': 'lsqr', 'summary': 'segment_mean_std_final', 'view': 'all'}"
shd,mapping-robustness,mapping-robustness:i4:legacy:qrc:p46,7f78aadc42dbeee74385b2e8fc9d783cf1f129d99140086c9f2da769b7130f45,42,completed,0.4655907116904876,1.0,"{'adapter': 'legacy', 'depth': 1, 'inputs': 4, 'model': 'qrc', 'projection_seed': 46, 'qubits': 6, 'segments': 8, 'solver': 'lsqr', 'summary': 'segment_mean_std_final', 'view': 'all'}"
dvs,development,comparison:fixed12:q4-i2-crc,e1ef57a0d034ee8456842647dfc5fd4611cc13074e979c96bcdb6b0be7db81a0,42,completed,0.5375285162178568,0.1,"{'inputs': 2, 'model': 'crc', 'radius': 0.9, 'scale': 0.03, 'size': 12, 'tau': 20, 'view': 'all'}"
dvs,development,comparison:fixed12:q4-i2-qrc,3d46481153a5c324ef47358db4686b58cca6ef305ad32893c1acfeb55daf7f59,42,completed,0.49807369865625784,0.1,"{'depth': 3, 'inputs': 2, 'model': 'qrc', 'qubits': 4, 'view': 'fixed12'}"
dvs,development,comparison:fixed12:q6-i2-crc,e1ef57a0d034ee8456842647dfc5fd4611cc13074e979c96bcdb6b0be7db81a0,42,completed,0.5375285162178568,0.1,"{'inputs': 2, 'model': 'crc', 'radius': 0.9, 'scale': 0.03, 'size': 12, 'tau': 20, 'view': 'all'}"
dvs,development,comparison:fixed12:q6-i2-qrc,ea2ba5f3b6da6d740156a05044b01e7ef0d9fc216cd7d10ec7a3fc08c5158d74,42,completed,0.5176122026970353,0.1,"{'depth': 3, 'inputs': 2, 'model': 'qrc', 'qubits': 6, 'view': 'fixed12'}"
dvs,development,comparison:fixed12:q6-i4-crc,8b55c4405506bc881a2bad09cc92b1f3563c497ff513f3388fd7289d761e1d0d,42,completed,0.7442797518655979,0.1,"{'inputs': 4, 'model': 'crc', 'radius': 0.9, 'scale': 0.03, 'size': 12, 'tau': 20, 'view': 'all'}"
dvs,development,comparison:fixed12:q6-i4-qrc,2bc0a0059ee8a3bbc0c2ed3967ef32c0af428f4cdb46b233cd9c03007652f41f,42,completed,0.7255470367037689,0.001,"{'depth': 3, 'inputs': 4, 'model': 'qrc', 'qubits': 6, 'view': 'fixed12'}"
dvs,development,comparison:fixed12:q8-i2-crc,e1ef57a0d034ee8456842647dfc5fd4611cc13074e979c96bcdb6b0be7db81a0,42,completed,0.5375285162178568,0.1,"{'inputs': 2, 'model': 'crc', 'radius': 0.9, 'scale': 0.03, 'size': 12, 'tau': 20, 'view': 'all'}"
dvs,development,comparison:fixed12:q8-i2-qrc,1cdeac9f6f63e01c5552985b36ab594b4583c3d7e23a122beefd440a27914751,42,completed,0.5032049265446017,0.01,"{'depth': 3, 'inputs': 2, 'model': 'qrc', 'qubits': 8, 'view': 'fixed12'}"
dvs,development,comparison:fixed12:q8-i4-crc,8b55c4405506bc881a2bad09cc92b1f3563c497ff513f3388fd7289d761e1d0d,42,completed,0.7442797518655979,0.1,"{'inputs': 4, 'model': 'crc', 'radius': 0.9, 'scale': 0.03, 'size': 12, 'tau': 20, 'view': 'all'}"
dvs,development,comparison:fixed12:q8-i4-qrc,c6e6ba6d394af6c96fdf8c322d801bffce2f7f1cbc162d562396f77f84f19e2e,42,completed,0.7337838276769459,0.01,"{'depth': 3, 'inputs': 4, 'model': 'qrc', 'qubits': 8, 'view': 'fixed12'}"
dvs,development,comparison:fixed12:q8-i6-crc,03d7e0196801b53203583dca70e052c1e92babda4fa7c2eaaca698c0db6bc1de,42,completed,0.7275005965948296,0.01,"{'inputs': 6, 'model': 'crc', 'radius': 0.9, 'scale': 0.03, 'size': 12, 'tau': 20, 'view': 'all'}"
dvs,development,comparison:fixed12:q8-i6-qrc,46e277eb096d15c2fac3c59049596c235a1e526c19cce0714125defc5244b7c9,42,completed,0.6844391281836472,0.1,"{'depth': 3, 'inputs': 6, 'model': 'qrc', 'qubits': 8, 'view': 'fixed12'}"
dvs,development,comparison:fixed:q4-i2-crc,e1ef57a0d034ee8456842647dfc5fd4611cc13074e979c96bcdb6b0be7db81a0,42,completed,0.5375285162178568,0.1,"{'inputs': 2, 'model': 'crc', 'radius': 0.9, 'scale': 0.03, 'size': 12, 'tau': 20, 'view': 'all'}"
dvs,development,comparison:fixed:q4-i2-qrc,daa60a3ad7aba6f7a65b24f611015031ad9be8bedf6997cbff3c4574b2477ec6,42,completed,0.49807369865625784,0.1,"{'depth': 3, 'inputs': 2, 'model': 'qrc', 'qubits': 4, 'view': 'all'}"
dvs,development,comparison:fixed:q6-i2-crc,1824bbb7cdb251cbeae34ea1c0e3712c3dd0d7a5c191fb4488a940b52f983512,42,completed,0.5299665891582908,0.01,"{'inputs': 2, 'model': 'crc', 'radius': 0.9, 'scale': 0.03, 'size': 18, 'tau': 20, 'view': 'all'}"
dvs,development,comparison:fixed:q6-i2-qrc,779f7cadce6d8791182d3bfe42654f214cbedf3fb7a36ea419b64dc3925a0ec9,42,completed,0.5284260882792197,0.01,"{'depth': 3, 'inputs': 2, 'model': 'qrc', 'qubits': 6, 'view': 'all'}"
dvs,development,comparison:fixed:q6-i4-crc,f7af82bc7213188d9c6cd0bc412515da79eb2c69f28c3cf2012c79eaa1f094f4,42,completed,0.7731962021170802,0.01,"{'inputs': 4, 'model': 'crc', 'radius': 0.9, 'scale': 0.03, 'size': 18, 'tau': 20, 'view': 'all'}"
dvs,development,comparison:fixed:q6-i4-qrc,0ee2ff7d41ae9598818b2faceba8c9c0bb62be9aef5705cd7956fa7a306cc955,42,completed,0.7486543720296753,0.01,"{'depth': 3, 'inputs': 4, 'model': 'qrc', 'qubits': 6, 'view': 'all'}"
dvs,development,comparison:fixed:q8-i2-crc,5aa7bd7ccfb3cb67e7de7a165c3e92e2f7a15e3bf7b7e1de97ec4fe541f65007,42,completed,0.5674560298769971,0.1,"{'inputs': 2, 'model': 'crc', 'radius': 0.9, 'scale': 0.03, 'size': 24, 'tau': 20, 'view': 'all'}"
dvs,development,comparison:fixed:q8-i2-qrc,3e19df15055f851cc0143e9b9a1dc2f75b7011164a98f2eec6846efead36651d,42,completed,0.520095865563973,0.1,"{'depth': 3, 'inputs': 2, 'model': 'qrc', 'qubits': 8, 'view': 'all'}"
dvs,development,comparison:fixed:q8-i4-crc,fe0fed97d42e19e685b217dd8a69423375728936e22411bb0e2668b3d1faeb43,42,completed,0.7748699726019649,0.1,"{'inputs': 4, 'model': 'crc', 'radius': 0.9, 'scale': 0.03, 'size': 24, 'tau': 20, 'view': 'all'}"
dvs,development,comparison:fixed:q8-i4-qrc,7d14a39d5fd238493fa586e279ade90de4b7b1d0eeb8b8bdd7c990fba8c0b6e6,42,completed,0.7681280261319821,0.01,"{'depth': 3, 'inputs': 4, 'model': 'qrc', 'qubits': 8, 'view': 'all'}"
dvs,development,comparison:fixed:q8-i6-crc,5eea900e7bfb47cdf024b3a63d426d7f94133ef6665310ed377403f92fcfbfa3,42,completed,0.8014265223038963,0.01,"{'inputs': 6, 'model': 'crc', 'radius': 0.9, 'scale': 0.03, 'size': 24, 'tau': 20, 'view': 'all'}"
dvs,development,comparison:fixed:q8-i6-qrc,b30a18509a2788bd448a44aab382fc06f2d4030d5767ad74032fad34399e6289,42,completed,0.7769501638402414,0.1,"{'depth': 3, 'inputs': 6, 'model': 'qrc', 'qubits': 8, 'view': 'all'}"
dvs,development,comparison:projection:i2,b7c8a2187e8ac5763a6bbf7b0b1df4b11583131fa0c5dbc34f9b1d33caacf4d8,42,completed,0.3504228943118484,0.01,"{'inputs': 2, 'model': 'projection', 'view': 'all'}"
dvs,development,comparison:projection:i4,0ad936492ed758b3291f29f895e1e2ab0665bd8fbf5d37af9767c54f67e25313,42,completed,0.5756796046817434,0.01,"{'inputs': 4, 'model': 'projection', 'view': 'all'}"
dvs,development,comparison:projection:i6,1b2230ae1f16245cf27f0002dd0af81d0780fb1f1ef46751fd42ed7956892027,42,completed,0.5987164692997812,0.1,"{'inputs': 6, 'model': 'projection', 'view': 'all'}"
dvs,development,comparison:tuned:q4-i2-crc,f8efed03dfe4b99e75b476c893e0941fa0a7063a51069ea2fe3c0dac52aba93b,42,completed,0.5414011977116862,0.01,"{'inputs': 2, 'model': 'crc', 'radius': 0.5, 'scale': 0.03, 'size': 12, 'tau': 20, 'view': 'all'}"
dvs,development,comparison:tuned:q4-i2-crc,b5802b89a6f9717233240e0fc3bf726dad6902716cee1a01259891ed6638f1af,42,completed,0.5264362519767741,0.001,"{'inputs': 2, 'model': 'crc', 'radius': 0.5, 'scale': 0.03, 'size': 12, 'tau': 60, 'view': 'all'}"
dvs,development,comparison:tuned:q4-i2-crc,1bd1b37e12f66f896ac36c0f467d9c50716b2ca3217ca4826674b8c619ecdedd,42,completed,0.4700401167037852,0.1,"{'inputs': 2, 'model': 'crc', 'radius': 0.5, 'scale': 0.03, 'size': 12, 'tau': 200, 'view': 'all'}"
dvs,development,comparison:tuned:q4-i2-crc,d2c69c604999307550c9d4c722f5e3cc3ad64665260a3cef280a8cf521172421,42,completed,0.5424080133017084,0.01,"{'inputs': 2, 'model': 'crc', 'radius': 0.5, 'scale': 0.1, 'size': 12, 'tau': 20, 'view': 'all'}"
dvs,development,comparison:tuned:q4-i2-crc,3eb53c365dc26ecbfba26a10376b6338c9c01512eef72a3c3e3e82ffee8b8708,42,completed,0.5308127870008745,0.001,"{'inputs': 2, 'model': 'crc', 'radius': 0.5, 'scale': 0.1, 'size': 12, 'tau': 60, 'view': 'all'}"
dvs,development,comparison:tuned:q4-i2-crc,66f671742ad3c0ce4ec2b4eefcf022529d9b2aabac40502e575a8ab91a548a6f,42,completed,0.49100176922546657,0.1,"{'inputs': 2, 'model': 'crc', 'radius': 0.5, 'scale': 0.1, 'size': 12, 'tau': 200, 'view': 'all'}"
dvs,development,comparison:tuned:q4-i2-crc,70361334e9a796fcada5cedac7b09a0e0b468652551a1873f051b5ccdc02b1b5,42,completed,0.5588374108191094,0.01,"{'inputs': 2, 'model': 'crc', 'radius': 0.5, 'scale': 1.0, 'size': 12, 'tau': 20, 'view': 'all'}"
dvs,development,comparison:tuned:q4-i2-crc,f3e1e9997411738fc9df7d753eadebf54c6c08214caf16d074787805d0fcb293,42,completed,0.5260528610856435,0.01,"{'inputs': 2, 'model': 'crc', 'radius': 0.5, 'scale': 1.0, 'size': 12, 'tau': 60, 'view': 'all'}"
dvs,development,comparison:tuned:q4-i2-crc,22e77e8ff100fbd43d7106ac1a5148dbc6b13ccf26f16061eecb5da1a1ce0290,42,completed,0.4799990057167111,0.1,"{'inputs': 2, 'model': 'crc', 'radius': 0.5, 'scale': 1.0, 'size': 12, 'tau': 200, 'view': 'all'}"
dvs,development,comparison:tuned:q4-i2-crc,e1ef57a0d034ee8456842647dfc5fd4611cc13074e979c96bcdb6b0be7db81a0,42,completed,0.5375285162178568,0.1,"{'inputs': 2, 'model': 'crc', 'radius': 0.9, 'scale': 0.03, 'size': 12, 'tau': 20, 'view': 'all'}"
dvs,development,comparison:tuned:q4-i2-crc,4d1721bc6daec1cfde17cfb88bf1a92cd8b3306e5e424b9191a26af77e99d758,42,completed,0.4990690774548226,0.001,"{'inputs': 2, 'model': 'crc', 'radius': 0.9, 'scale': 0.03, 'size': 12, 'tau': 60, 'view': 'all'}"
dvs,development,comparison:tuned:q4-i2-crc,50f0c726fff2cdf18f63219f5ba96c808e73415c8095ab80eb2936916a1f515e,42,completed,0.4640558600608529,0.001,"{'inputs': 2, 'model': 'crc', 'radius': 0.9, 'scale': 0.03, 'size': 12, 'tau': 200, 'view': 'all'}"
dvs,development,comparison:tuned:q4-i2-crc,3749aaf9fc2499cecec0488560b3ff5815f64de050ee79cf9c5ba495ee4351ec,42,completed,0.52390789348625,0.1,"{'inputs': 2, 'model': 'crc', 'radius': 0.9, 'scale': 0.1, 'size': 12, 'tau': 20, 'view': 'all'}"
dvs,development,comparison:tuned:q4-i2-crc,166b91665df9779f7784ba84ed2e200bfc98f2670f3acfd3e16009d501db81a5,42,completed,0.5147602866673014,0.001,"{'inputs': 2, 'model': 'crc', 'radius': 0.9, 'scale': 0.1, 'size': 12, 'tau': 60, 'view': 'all'}"
dvs,development,comparison:tuned:q4-i2-crc,f174b9325195972f67bccc42f51449634e83e7b02ab22b84d022d8c68e75e5e8,42,completed,0.47934871591046213,0.1,"{'inputs': 2, 'model': 'crc', 'radius': 0.9, 'scale': 0.1, 'size': 12, 'tau': 200, 'view': 'all'}"
dvs,development,comparison:tuned:q4-i2-crc,1e08d5bb6eff35a6bb4219ad39d1d7b7ae0f40729bc14229d1e15d171e4d810e,42,completed,0.534284647615028,0.1,"{'inputs': 2, 'model': 'crc', 'radius': 0.9, 'scale': 1.0, 'size': 12, 'tau': 20, 'view': 'all'}"
dvs,development,comparison:tuned:q4-i2-crc,bc567e4c9b36c425ac72baefc98124863626534930cd1375d2e7860e6182488e,42,completed,0.5361075868638057,0.01,"{'inputs': 2, 'model': 'crc', 'radius': 0.9, 'scale': 1.0, 'size': 12, 'tau': 60, 'view': 'all'}"
dvs,development,comparison:tuned:q4-i2-crc,2bb92baef3a45c96b1551f11343776d93a5b428ace705e6473388e622ba61d67,42,completed,0.4866834814315042,0.1,"{'inputs': 2, 'model': 'crc', 'radius': 0.9, 'scale': 1.0, 'size': 12, 'tau': 200, 'view': 'all'}"
dvs,development,comparison:tuned:q4-i2-qrc,c2e4c5b02d7109424baf51b8e65d6cdcb970e110d6e59eec3347466ffd8228b6,42,completed,0.39759777848198863,0.01,"{'depth': 1, 'inputs': 2, 'model': 'qrc', 'qubits': 4, 'view': 'all'}"
dvs,development,comparison:tuned:q4-i2-qrc,1db1c207d39957ec13e0a048f67a067d7fb148b7f0371cccd49164a1ef98f7f2,42,completed,0.5073940580576015,0.1,"{'depth': 2, 'inputs': 2, 'model': 'qrc', 'qubits': 4, 'view': 'all'}"
dvs,development,comparison:tuned:q4-i2-qrc,daa60a3ad7aba6f7a65b24f611015031ad9be8bedf6997cbff3c4574b2477ec6,42,completed,0.49807369865625784,0.1,"{'depth': 3, 'inputs': 2, 'model': 'qrc', 'qubits': 4, 'view': 'all'}"
dvs,development,comparison:tuned:q6-i2-crc,a6d21b49c65b3f460c1ee818535621cc2e1d8652ae6b325fed2ae69c4d102af6,42,completed,0.5469326839717663,0.1,"{'inputs': 2, 'model': 'crc', 'radius': 0.5, 'scale': 0.03, 'size': 18, 'tau': 20, 'view': 'all'}"
dvs,development,comparison:tuned:q6-i2-crc,0ab82b7e91b8ad6992880c7aa813c5871e585802dfbc4321171030bd91da6f3b,42,completed,0.532133707111952,0.1,"{'inputs': 2, 'model': 'crc', 'radius': 0.5, 'scale': 0.03, 'size': 18, 'tau': 60, 'view': 'all'}"
dvs,development,comparison:tuned:q6-i2-crc,cbfa00299ad7ad0c8d06f7793dd455cb28e751f2cc220df4b7eca3f438daff72,42,completed,0.49590884796172896,0.1,"{'inputs': 2, 'model': 'crc', 'radius': 0.5, 'scale': 0.03, 'size': 18, 'tau': 200, 'view': 'all'}"
dvs,development,comparison:tuned:q6-i2-crc,5d9da3bce06d0e3322cb14173b3bb05d6967f95ce2485ad8c5daa77b7a240925,42,completed,0.5569987354094812,0.1,"{'inputs': 2, 'model': 'crc', 'radius': 0.5, 'scale': 0.1, 'size': 18, 'tau': 20, 'view': 'all'}"
dvs,development,comparison:tuned:q6-i2-crc,b011adaf05b28a2e1f46e2099fcc44c229518e272619f3c64e0138c2c096374d,42,completed,0.5419710828907005,0.01,"{'inputs': 2, 'model': 'crc', 'radius': 0.5, 'scale': 0.1, 'size': 18, 'tau': 60, 'view': 'all'}"
dvs,development,comparison:tuned:q6-i2-crc,cbc9fca84501b445c4e81f0f997b4bef29d13260472daddeb6039e0b5d72af31,42,completed,0.5021199694488115,0.01,"{'inputs': 2, 'model': 'crc', 'radius': 0.5, 'scale': 0.1, 'size': 18, 'tau': 200, 'view': 'all'}"
dvs,development,comparison:tuned:q6-i2-crc,888f984ba00d2c26f7d40bb8009698c2d781f5874900d14bfcdd33a22d235954,42,completed,0.568087709162542,0.01,"{'inputs': 2, 'model': 'crc', 'radius': 0.5, 'scale': 1.0, 'size': 18, 'tau': 20, 'view': 'all'}"
dvs,development,comparison:tuned:q6-i2-crc,26b52a4c95b6e517d45455b8fb60a2b827d783845d752893acf122ba6f4ff947,42,completed,0.5608897910934829,0.01,"{'inputs': 2, 'model': 'crc', 'radius': 0.5, 'scale': 1.0, 'size': 18, 'tau': 60, 'view': 'all'}"
dvs,development,comparison:tuned:q6-i2-crc,6dd394ef51c40bc82861c91f764fa282fb5f55061f5afcfad57eef7d41a35b3b,42,completed,0.5003131964559431,0.1,"{'inputs': 2, 'model': 'crc', 'radius': 0.5, 'scale': 1.0, 'size': 18, 'tau': 200, 'view': 'all'}"
dvs,development,comparison:tuned:q6-i2-crc,1824bbb7cdb251cbeae34ea1c0e3712c3dd0d7a5c191fb4488a940b52f983512,42,completed,0.5299665891582908,0.01,"{'inputs': 2, 'model': 'crc', 'radius': 0.9, 'scale': 0.03, 'size': 18, 'tau': 20, 'view': 'all'}"
dvs,development,comparison:tuned:q6-i2-crc,6a374f28566fd5e5e5a86faecdb42d0d68e07c07396a42679dccc6af373429b7,42,completed,0.5069555519624029,0.001,"{'inputs': 2, 'model': 'crc', 'radius': 0.9, 'scale': 0.03, 'size': 18, 'tau': 60, 'view': 'all'}"
dvs,development,comparison:tuned:q6-i2-crc,60b42eb60dacc157a3a67fe179585a5de27770973598682ad6d8cbb9dc4c97a7,42,completed,0.46435534905237374,0.01,"{'inputs': 2, 'model': 'crc', 'radius': 0.9, 'scale': 0.03, 'size': 18, 'tau': 200, 'view': 'all'}"
dvs,development,comparison:tuned:q6-i2-crc,714913b379ee4bd1b02f67fc4bcffa9d55c136895a5fff4ba7b319fe049b07e0,42,completed,0.5340753933044453,0.01,"{'inputs': 2, 'model': 'crc', 'radius': 0.9, 'scale': 0.1, 'size': 18, 'tau': 20, 'view': 'all'}"
dvs,development,comparison:tuned:q6-i2-crc,e83df4f67095423a570fdc9cbf4abb72ecb4ad4f0018c5feacd55f94a7e3953b,42,completed,0.5020876979042371,0.01,"{'inputs': 2, 'model': 'crc', 'radius': 0.9, 'scale': 0.1, 'size': 18, 'tau': 60, 'view': 'all'}"
dvs,development,comparison:tuned:q6-i2-crc,c173ac7f6e1e415bc0fc1b9eef6dc4a7145232cbdd6592ac0d403322d31c2b9d,42,completed,0.479374269973892,0.001,"{'inputs': 2, 'model': 'crc', 'radius': 0.9, 'scale': 0.1, 'size': 18, 'tau': 200, 'view': 'all'}"
dvs,development,comparison:tuned:q6-i2-crc,36ec53b28e51efb30975043f686ac5150c9f13373d57826ae131eb3b8ac1578d,42,completed,0.5507443264332359,0.1,"{'inputs': 2, 'model': 'crc', 'radius': 0.9, 'scale': 1.0, 'size': 18, 'tau': 20, 'view': 'all'}"
dvs,development,comparison:tuned:q6-i2-crc,944464e3da2674dbc94180449f52e94627ac235dccbf5ec00dba941768badb0d,42,completed,0.5579176531877332,0.1,"{'inputs': 2, 'model': 'crc', 'radius': 0.9, 'scale': 1.0, 'size': 18, 'tau': 60, 'view': 'all'}"
dvs,development,comparison:tuned:q6-i2-crc,e94f73afeb6388e1145c4b6574e716fbe733b76e1b5d22c677823f687d36ee42,42,completed,0.49226608657554616,0.1,"{'inputs': 2, 'model': 'crc', 'radius': 0.9, 'scale': 1.0, 'size': 18, 'tau': 200, 'view': 'all'}"
dvs,development,comparison:tuned:q6-i2-qrc,2186605421a629793dfc2ae05c200188e6ed17cf1e293365605c3fedfca8b41f,42,completed,0.4284746749550536,0.1,"{'depth': 1, 'inputs': 2, 'model': 'qrc', 'qubits': 6, 'view': 'all'}"
dvs,development,comparison:tuned:q6-i2-qrc,01a44bb3528fc484bce292d2997fb29104119d8ba1fd3b570d8b30f763a9994e,42,completed,0.5022562109865814,0.1,"{'depth': 2, 'inputs': 2, 'model': 'qrc', 'qubits': 6, 'view': 'all'}"
dvs,development,comparison:tuned:q6-i2-qrc,779f7cadce6d8791182d3bfe42654f214cbedf3fb7a36ea419b64dc3925a0ec9,42,completed,0.5284260882792197,0.01,"{'depth': 3, 'inputs': 2, 'model': 'qrc', 'qubits': 6, 'view': 'all'}"
dvs,development,comparison:tuned:q6-i4-crc,8b15a80f043a6008ce448ec0d1550dc29ce658fe9075e9afe7777f4dc8ce2f29,42,completed,0.7894531112247785,0.01,"{'inputs': 4, 'model': 'crc', 'radius': 0.5, 'scale': 0.03, 'size': 18, 'tau': 20, 'view': 'all'}"
dvs,development,comparison:tuned:q6-i4-crc,df35bde68782089d9261746ef370980874b893ab3d47d5283f1cc6dc7d716033,42,completed,0.7841760551570113,0.01,"{'inputs': 4, 'model': 'crc', 'radius': 0.5, 'scale': 0.03, 'size': 18, 'tau': 60, 'view': 'all'}"
dvs,development,comparison:tuned:q6-i4-crc,d7fc7fa77f623d1d7450dab78da458d091d0eb1feb45a7f74d81e61a54fefaa4,42,completed,0.725570655511817,0.1,"{'inputs': 4, 'model': 'crc', 'radius': 0.5, 'scale': 0.03, 'size': 18, 'tau': 200, 'view': 'all'}"
dvs,development,comparison:tuned:q6-i4-crc,efa69f50b81fde1184114965b4697beaa661baf28452ad83c5ad734830242e71,42,completed,0.7884913294761349,0.01,"{'inputs': 4, 'model': 'crc', 'radius': 0.5, 'scale': 0.1, 'size': 18, 'tau': 20, 'view': 'all'}"
dvs,development,comparison:tuned:q6-i4-crc,cbd938f2134d5dfca367807d92c0944bf175ebb0961e5141ad75f140414f28c2,42,completed,0.7834372758433739,0.01,"{'inputs': 4, 'model': 'crc', 'radius': 0.5, 'scale': 0.1, 'size': 18, 'tau': 60, 'view': 'all'}"
dvs,development,comparison:tuned:q6-i4-crc,0c47e46deb56ed5cbcfcca2c54276def57e3642bd334cc8d26101518cc99e838,42,completed,0.74001690558231,0.001,"{'inputs': 4, 'model': 'crc', 'radius': 0.5, 'scale': 0.1, 'size': 18, 'tau': 200, 'view': 'all'}"
dvs,development,comparison:tuned:q6-i4-crc,9f58dd5db7a6a7048b221d92bfb45c2b75c243f66619bd2f551f313d0f93e7c9,42,completed,0.7916531924039109,0.01,"{'inputs': 4, 'model': 'crc', 'radius': 0.5, 'scale': 1.0, 'size': 18, 'tau': 20, 'view': 'all'}"
dvs,development,comparison:tuned:q6-i4-crc,e9bab4ccb1206609a7124013c63005b962a406a121f6225d71894cde94312043,42,completed,0.7828032915900067,0.01,"{'inputs': 4, 'model': 'crc', 'radius': 0.5, 'scale': 1.0, 'size': 18, 'tau': 60, 'view': 'all'}"
dvs,development,comparison:tuned:q6-i4-crc,40dd3009433e13267d484770274138a75d69c07f7ebbcf11edf336534ad10870,42,completed,0.75674602647927,0.001,"{'inputs': 4, 'model': 'crc', 'radius': 0.5, 'scale': 1.0, 'size': 18, 'tau': 200, 'view': 'all'}"
dvs,development,comparison:tuned:q6-i4-crc,f7af82bc7213188d9c6cd0bc412515da79eb2c69f28c3cf2012c79eaa1f094f4,42,completed,0.7731962021170802,0.01,"{'inputs': 4, 'model': 'crc', 'radius': 0.9, 'scale': 0.03, 'size': 18, 'tau': 20, 'view': 'all'}"
dvs,development,comparison:tuned:q6-i4-crc,6ce997f1d00a6dc478820ca723784193b96cc222267fcdd4109a4cac425e9d4f,42,completed,0.7727482101679124,0.1,"{'inputs': 4, 'model': 'crc', 'radius': 0.9, 'scale': 0.03, 'size': 18, 'tau': 60, 'view': 'all'}"
dvs,development,comparison:tuned:q6-i4-crc,62ce30413eb6515a8d31a1f623362240b579a776f528cec3389810035ed04699,42,completed,0.6917820158949066,0.1,"{'inputs': 4, 'model': 'crc', 'radius': 0.9, 'scale': 0.03, 'size': 18, 'tau': 200, 'view': 'all'}"
dvs,development,comparison:tuned:q6-i4-crc,8552c043c2dcc574f1547e61a78f8cdaddb87e7735494f2cbfb2a766fd3d9686,42,completed,0.7682796641338928,0.01,"{'inputs': 4, 'model': 'crc', 'radius': 0.9, 'scale': 0.1, 'size': 18, 'tau': 20, 'view': 'all'}"
dvs,development,comparison:tuned:q6-i4-crc,c8ff90c4c3d11d86a56b949319f461b894634b5e145be72937e4be3816db5c76,42,completed,0.7695664009894219,0.1,"{'inputs': 4, 'model': 'crc', 'radius': 0.9, 'scale': 0.1, 'size': 18, 'tau': 60, 'view': 'all'}"
dvs,development,comparison:tuned:q6-i4-crc,76c336c86ce5e51ddcfec9b5043e5133a13f9dc2aacfcdaa49bb61eea68bc8dd,42,completed,0.7222707783124235,0.1,"{'inputs': 4, 'model': 'crc', 'radius': 0.9, 'scale': 0.1, 'size': 18, 'tau': 200, 'view': 'all'}"
dvs,development,comparison:tuned:q6-i4-crc,a7dcbdfc88c1bc614fb718d50e19268040f9cd1c5c6ca0a9b1110828f10796a2,42,completed,0.7907430049392704,0.01,"{'inputs': 4, 'model': 'crc', 'radius': 0.9, 'scale': 1.0, 'size': 18, 'tau': 20, 'view': 'all'}"
dvs,development,comparison:tuned:q6-i4-crc,560d7804a74301e1d71b0a479a544b242ef84d169b9e51ba5478d5802e8ca162,42,completed,0.7970844552609163,0.01,"{'inputs': 4, 'model': 'crc', 'radius': 0.9, 'scale': 1.0, 'size': 18, 'tau': 60, 'view': 'all'}"
dvs,development,comparison:tuned:q6-i4-crc,07b7898003ca1ff3ab50ece1d9e0bbe065a0e346c6b52ee10df1d248b08a792c,42,completed,0.76526196218116,0.01,"{'inputs': 4, 'model': 'crc', 'radius': 0.9, 'scale': 1.0, 'size': 18, 'tau': 200, 'view': 'all'}"
dvs,development,comparison:tuned:q6-i4-qrc,794ecd2c0417fbfdff12cd84cae6ac6a875dd96fa43144394df2d985029a235d,42,completed,0.6307817237821403,0.1,"{'depth': 1, 'inputs': 4, 'model': 'qrc', 'qubits': 6, 'view': 'all'}"
dvs,development,comparison:tuned:q6-i4-qrc,bc804b7297583326a51df4df4045d1a135fd94e65755d50fb3cf33c8d782cd0a,42,completed,0.7168130967154951,0.1,"{'depth': 2, 'inputs': 4, 'model': 'qrc', 'qubits': 6, 'view': 'all'}"
dvs,development,comparison:tuned:q6-i4-qrc,0ee2ff7d41ae9598818b2faceba8c9c0bb62be9aef5705cd7956fa7a306cc955,42,completed,0.7486543720296753,0.01,"{'depth': 3, 'inputs': 4, 'model': 'qrc', 'qubits': 6, 'view': 'all'}"
dvs,development,comparison:tuned:q8-i2-crc,4acc22b4303d9ac2dee99cdbfd06a9d73132aab64fafe57ad3fdc04897571deb,42,completed,0.5627632683576971,0.1,"{'inputs': 2, 'model': 'crc', 'radius': 0.5, 'scale': 0.03, 'size': 24, 'tau': 20, 'view': 'all'}"
dvs,development,comparison:tuned:q8-i2-crc,ef6206f803fe0ec1129a816c10d48a4a0b32a4b7a727761e11ba4b78b3ed3a98,42,completed,0.541609019410729,0.01,"{'inputs': 2, 'model': 'crc', 'radius': 0.5, 'scale': 0.03, 'size': 24, 'tau': 60, 'view': 'all'}"
dvs,development,comparison:tuned:q8-i2-crc,c76fa85247e4e933bf5440e2dbfdf989f6753ae829c0a44b08f56c67a1adc86b,42,completed,0.50577441954176,0.01,"{'inputs': 2, 'model': 'crc', 'radius': 0.5, 'scale': 0.03, 'size': 24, 'tau': 200, 'view': 'all'}"
dvs,development,comparison:tuned:q8-i2-crc,3fc1c4889933e232fa1f90da3ad64f7423404b76c28dd588500fda065964a899,42,completed,0.5591995425748023,0.1,"{'inputs': 2, 'model': 'crc', 'radius': 0.5, 'scale': 0.1, 'size': 24, 'tau': 20, 'view': 'all'}"
dvs,development,comparison:tuned:q8-i2-crc,f505009caf11485fb78d286c46cb910c64952491d374d21ac0cf78ecf99ed043,42,completed,0.5466265487909054,0.01,"{'inputs': 2, 'model': 'crc', 'radius': 0.5, 'scale': 0.1, 'size': 24, 'tau': 60, 'view': 'all'}"
dvs,development,comparison:tuned:q8-i2-crc,55d8257922bbd919c2aed0ee0de666e5ae2a2d12ce712e3e9cd3f709189f61a4,42,completed,0.5007061889486559,0.01,"{'inputs': 2, 'model': 'crc', 'radius': 0.5, 'scale': 0.1, 'size': 24, 'tau': 200, 'view': 'all'}"
dvs,development,comparison:tuned:q8-i2-crc,a357bf67d14c2c6f2a3c2278b1ce80793b830a411b63edfbe325e48a1cc28850,42,completed,0.5744069370690373,0.01,"{'inputs': 2, 'model': 'crc', 'radius': 0.5, 'scale': 1.0, 'size': 24, 'tau': 20, 'view': 'all'}"
dvs,development,comparison:tuned:q8-i2-crc,b532972f8bb53694e1fcc8e83aaeac3158221f1fdde7edc2dc1fa0221ec26988,42,completed,0.5480583571198481,0.01,"{'inputs': 2, 'model': 'crc', 'radius': 0.5, 'scale': 1.0, 'size': 24, 'tau': 60, 'view': 'all'}"
dvs,development,comparison:tuned:q8-i2-crc,4d9abd397da61f1b20fd42e689edaf3989a6dda94a5abeb6f76af2894ed8572d,42,completed,0.5133948775012012,0.01,"{'inputs': 2, 'model': 'crc', 'radius': 0.5, 'scale': 1.0, 'size': 24, 'tau': 200, 'view': 'all'}"
dvs,development,comparison:tuned:q8-i2-crc,5aa7bd7ccfb3cb67e7de7a165c3e92e2f7a15e3bf7b7e1de97ec4fe541f65007,42,completed,0.5674560298769971,0.1,"{'inputs': 2, 'model': 'crc', 'radius': 0.9, 'scale': 0.03, 'size': 24, 'tau': 20, 'view': 'all'}"
dvs,development,comparison:tuned:q8-i2-crc,9d2216e8bbe90cbe9460b408f87563402edbc5125775eae2862fa0cd23db1111,42,completed,0.5365402237565766,0.001,"{'inputs': 2, 'model': 'crc', 'radius': 0.9, 'scale': 0.03, 'size': 24, 'tau': 60, 'view': 'all'}"
dvs,development,comparison:tuned:q8-i2-crc,378a9de21bb3e585972379710ad6fc992c6be7ee5b32533ac5a6e364da76ae0b,42,completed,0.4758278873215752,1e-05,"{'inputs': 2, 'model': 'crc', 'radius': 0.9, 'scale': 0.03, 'size': 24, 'tau': 200, 'view': 'all'}"
dvs,development,comparison:tuned:q8-i2-crc,6af3f830e5f59f610a2c2bba73df36770debc20e4ce1c86752cc0af912f094d1,42,completed,0.5585096884560183,0.1,"{'inputs': 2, 'model': 'crc', 'radius': 0.9, 'scale': 0.1, 'size': 24, 'tau': 20, 'view': 'all'}"
dvs,development,comparison:tuned:q8-i2-crc,d484c8e80f2f260ed7407db3154e1abfae798e3d75535dbb8ecbb1e39d462297,42,completed,0.5328625136804763,0.01,"{'inputs': 2, 'model': 'crc', 'radius': 0.9, 'scale': 0.1, 'size': 24, 'tau': 60, 'view': 'all'}"
dvs,development,comparison:tuned:q8-i2-crc,b45caf6626e1c2d3e8f1ed87d2e338640d694eb1319f85a0d3d46c578ee8d09c,42,completed,0.4851118961114803,0.1,"{'inputs': 2, 'model': 'crc', 'radius': 0.9, 'scale': 0.1, 'size': 24, 'tau': 200, 'view': 'all'}"
dvs,development,comparison:tuned:q8-i2-crc,c4fbeb65d9878827083d5413aac674dd36ccdf18d0af55b9222f9a4153f550d4,42,completed,0.5493469264765207,0.01,"{'inputs': 2, 'model': 'crc', 'radius': 0.9, 'scale': 1.0, 'size': 24, 'tau': 20, 'view': 'all'}"
dvs,development,comparison:tuned:q8-i2-crc,f924a3d582b6e6a4af3c77e3e443a518f6ecedb10e4030ec7262d9325cae0017,42,completed,0.5205509134419611,0.01,"{'inputs': 2, 'model': 'crc', 'radius': 0.9, 'scale': 1.0, 'size': 24, 'tau': 60, 'view': 'all'}"
dvs,development,comparison:tuned:q8-i2-crc,72421f1ba4945e4e707cef44285c17ae2e45ed723f62ba7bfcc0265d1084253a,42,completed,0.48051258847827744,0.1,"{'inputs': 2, 'model': 'crc', 'radius': 0.9, 'scale': 1.0, 'size': 24, 'tau': 200, 'view': 'all'}"
dvs,development,comparison:tuned:q8-i2-qrc,f2ee816b29542809fe48d93a21d80b7efc79430a373bfd890efac55b4c83a114,42,completed,0.44172392786624176,0.01,"{'depth': 1, 'inputs': 2, 'model': 'qrc', 'qubits': 8, 'view': 'all'}"
dvs,development,comparison:tuned:q8-i2-qrc,74b980d237b44ccdc47925c09567fbca11f8b5648d4fa31541d512b3c56c4ade,42,completed,0.49767104761633785,0.01,"{'depth': 2, 'inputs': 2, 'model': 'qrc', 'qubits': 8, 'view': 'all'}"
dvs,development,comparison:tuned:q8-i2-qrc,3e19df15055f851cc0143e9b9a1dc2f75b7011164a98f2eec6846efead36651d,42,completed,0.520095865563973,0.1,"{'depth': 3, 'inputs': 2, 'model': 'qrc', 'qubits': 8, 'view': 'all'}"
dvs,development,comparison:tuned:q8-i4-crc,3d32c6d9c5ec18ce47b81b6a30c30a89102aa87d7d411aaaa13dac04ced1f96a,42,completed,0.8051030933587772,0.01,"{'inputs': 4, 'model': 'crc', 'radius': 0.5, 'scale': 0.03, 'size': 24, 'tau': 20, 'view': 'all'}"
dvs,development,comparison:tuned:q8-i4-crc,854d485faeb969176a890aefba9dab1346de5e4a3111a0aa1b78563491ce9725,42,completed,0.7865326119823314,0.01,"{'inputs': 4, 'model': 'crc', 'radius': 0.5, 'scale': 0.03, 'size': 24, 'tau': 60, 'view': 'all'}"
dvs,development,comparison:tuned:q8-i4-crc,5b8db7d4631fde3db9407699c4c9a0c57e40dbbc7d5f9788d741360891802794,42,completed,0.7434071613802306,0.1,"{'inputs': 4, 'model': 'crc', 'radius': 0.5, 'scale': 0.03, 'size': 24, 'tau': 200, 'view': 'all'}"
dvs,development,comparison:tuned:q8-i4-crc,d2a2fb70fd53cbc7e81ac29798e65b77e345fec660583f2f5907f8332aeafe70,42,completed,0.8068898312300816,0.01,"{'inputs': 4, 'model': 'crc', 'radius': 0.5, 'scale': 0.1, 'size': 24, 'tau': 20, 'view': 'all'}"
dvs,development,comparison:tuned:q8-i4-crc,05be628fd391fd25a143d365183ebf3f5e81a4e03498a223226331d2a5040000,42,completed,0.785005032564926,0.01,"{'inputs': 4, 'model': 'crc', 'radius': 0.5, 'scale': 0.1, 'size': 24, 'tau': 60, 'view': 'all'}"
dvs,development,comparison:tuned:q8-i4-crc,2511112ba8b021473c7d87f45b639d51c59fa15704156766b4d201da5280c1b3,42,completed,0.7452931937737572,0.1,"{'inputs': 4, 'model': 'crc', 'radius': 0.5, 'scale': 0.1, 'size': 24, 'tau': 200, 'view': 'all'}"
dvs,development,comparison:tuned:q8-i4-crc,c67f42a5efaa2ab6c9251e69aebb4f9218f63e8377ada70c0bfa9840ad02d332,42,completed,0.818263491592744,0.01,"{'inputs': 4, 'model': 'crc', 'radius': 0.5, 'scale': 1.0, 'size': 24, 'tau': 20, 'view': 'all'}"
dvs,development,comparison:tuned:q8-i4-crc,4f9f85a32c066b9c2d3cab8c4d261553e762fae1287ee1f3e8c465f62865928b,42,completed,0.8007892629335307,0.01,"{'inputs': 4, 'model': 'crc', 'radius': 0.5, 'scale': 1.0, 'size': 24, 'tau': 60, 'view': 'all'}"
dvs,development,comparison:tuned:q8-i4-crc,b585f4eb25ceb736b60a88440fb97d192373a7bf4b4340d5b195410c21259607,42,completed,0.7643289616031226,0.1,"{'inputs': 4, 'model': 'crc', 'radius': 0.5, 'scale': 1.0, 'size': 24, 'tau': 200, 'view': 'all'}"
dvs,development,comparison:tuned:q8-i4-crc,fe0fed97d42e19e685b217dd8a69423375728936e22411bb0e2668b3d1faeb43,42,completed,0.7748699726019649,0.1,"{'inputs': 4, 'model': 'crc', 'radius': 0.9, 'scale': 0.03, 'size': 24, 'tau': 20, 'view': 'all'}"
dvs,development,comparison:tuned:q8-i4-crc,52dfb45321938c282dd9f942485e5d7bc675c9d1bd15b81478e461eab007cda6,42,completed,0.7629013458377819,0.1,"{'inputs': 4, 'model': 'crc', 'radius': 0.9, 'scale': 0.03, 'size': 24, 'tau': 60, 'view': 'all'}"
dvs,development,comparison:tuned:q8-i4-crc,b92f83986b3486ab9102ad85d0e9448ce0b248d0985b778f86fc7adb3b3c9f71,42,completed,0.7166496644238298,0.1,"{'inputs': 4, 'model': 'crc', 'radius': 0.9, 'scale': 0.03, 'size': 24, 'tau': 200, 'view': 'all'}"
dvs,development,comparison:tuned:q8-i4-crc,9de18b6ab983c33fb4a1d86a5632671bce28b147f46004df2048f7987f6c36ac,42,completed,0.7765069208754047,0.01,"{'inputs': 4, 'model': 'crc', 'radius': 0.9, 'scale': 0.1, 'size': 24, 'tau': 20, 'view': 'all'}"
dvs,development,comparison:tuned:q8-i4-crc,c5fddb687247dac97adae92c3f534c009e2cb222e8bc8530cd20b49e1259ba3c,42,completed,0.7729370497974466,0.1,"{'inputs': 4, 'model': 'crc', 'radius': 0.9, 'scale': 0.1, 'size': 24, 'tau': 60, 'view': 'all'}"
dvs,development,comparison:tuned:q8-i4-crc,975024c4ae76d325f62272ba5e95b729457610506efd0f28e02edc247c7f3322,42,completed,0.7258337046557343,0.1,"{'inputs': 4, 'model': 'crc', 'radius': 0.9, 'scale': 0.1, 'size': 24, 'tau': 200, 'view': 'all'}"
dvs,development,comparison:tuned:q8-i4-crc,bd7484d8497c90d9e87e54ce529ee6c965c07af6f4ec12e340649bfabd5424e3,42,completed,0.81747350663198,0.1,"{'inputs': 4, 'model': 'crc', 'radius': 0.9, 'scale': 1.0, 'size': 24, 'tau': 20, 'view': 'all'}"
dvs,development,comparison:tuned:q8-i4-crc,d23fe5b4254193635d1012a08d4959e4e477ea4a7db78f37305a8986031747a8,42,completed,0.7935298300349501,0.1,"{'inputs': 4, 'model': 'crc', 'radius': 0.9, 'scale': 1.0, 'size': 24, 'tau': 60, 'view': 'all'}"
dvs,development,comparison:tuned:q8-i4-crc,2e2b58d69eddf0dea9da4ccac2cb46d6e7620b3ecafb19617f6a189ad7fb7512,42,completed,0.7727605447047037,0.01,"{'inputs': 4, 'model': 'crc', 'radius': 0.9, 'scale': 1.0, 'size': 24, 'tau': 200, 'view': 'all'}"
dvs,development,comparison:tuned:q8-i4-qrc,4d2e11168f77112185ac3d8df9848508947c3ebc02b118d4c2f81aa1f4caf5a4,42,completed,0.6632757755010457,0.1,"{'depth': 1, 'inputs': 4, 'model': 'qrc', 'qubits': 8, 'view': 'all'}"
dvs,development,comparison:tuned:q8-i4-qrc,75fac3bc2e76dae1957f4a392d745d3b881e97ae7d6b5ae743c9edc95a821991,42,completed,0.6679047385211938,0.01,"{'depth': 2, 'inputs': 4, 'model': 'qrc', 'qubits': 8, 'view': 'all'}"
dvs,development,comparison:tuned:q8-i4-qrc,7d14a39d5fd238493fa586e279ade90de4b7b1d0eeb8b8bdd7c990fba8c0b6e6,42,completed,0.7681280261319821,0.01,"{'depth': 3, 'inputs': 4, 'model': 'qrc', 'qubits': 8, 'view': 'all'}"
dvs,development,comparison:tuned:q8-i6-crc,fd4be6f40e2b2048ae9b5409ca99c289684e07e59771d78b150d6624eba5eba1,42,completed,0.7906016010631117,0.1,"{'inputs': 6, 'model': 'crc', 'radius': 0.5, 'scale': 0.03, 'size': 24, 'tau': 20, 'view': 'all'}"
dvs,development,comparison:tuned:q8-i6-crc,0a8680b315395734e11f0c03c27e70952dea4fa301cccb26c2df635f90b1e440,42,completed,0.8027687497685724,0.1,"{'inputs': 6, 'model': 'crc', 'radius': 0.5, 'scale': 0.03, 'size': 24, 'tau': 60, 'view': 'all'}"
dvs,development,comparison:tuned:q8-i6-crc,044309bbfe15880db7882b710bdb1610c8e280b9c155e94f2687fdadd0274f40,42,completed,0.7779940957344444,0.1,"{'inputs': 6, 'model': 'crc', 'radius': 0.5, 'scale': 0.03, 'size': 24, 'tau': 200, 'view': 'all'}"
dvs,development,comparison:tuned:q8-i6-crc,63289a1525df0134c30aa4ae088ae1eff9e13540ad2e3a5ed43b9af23a8813c8,42,completed,0.7926308961406894,0.1,"{'inputs': 6, 'model': 'crc', 'radius': 0.5, 'scale': 0.1, 'size': 24, 'tau': 20, 'view': 'all'}"
dvs,development,comparison:tuned:q8-i6-crc,fec4bd93e3600bb6ca3a5aa1d94d25db80cb670a77f2ccad79690adf23111471,42,completed,0.8073924844973027,0.1,"{'inputs': 6, 'model': 'crc', 'radius': 0.5, 'scale': 0.1, 'size': 24, 'tau': 60, 'view': 'all'}"
dvs,development,comparison:tuned:q8-i6-crc,1c07f164a7a51ea37aa936283f2620a8e837a61b54507adbff2f859d1d95979a,42,completed,0.7927427199209596,0.01,"{'inputs': 6, 'model': 'crc', 'radius': 0.5, 'scale': 0.1, 'size': 24, 'tau': 200, 'view': 'all'}"
dvs,development,comparison:tuned:q8-i6-crc,987576663dd4b9e9d1f009798b2806b885eccbe941c01ed8cbe8d3389ab18e15,42,completed,0.8014955614786008,0.01,"{'inputs': 6, 'model': 'crc', 'radius': 0.5, 'scale': 1.0, 'size': 24, 'tau': 20, 'view': 'all'}"
dvs,development,comparison:tuned:q8-i6-crc,d9fd07622efa5fe519ffe9ffc1a9ecce3d41b72f064a6032f4c44162e4d5a508,42,completed,0.8065788556751607,0.1,"{'inputs': 6, 'model': 'crc', 'radius': 0.5, 'scale': 1.0, 'size': 24, 'tau': 60, 'view': 'all'}"
dvs,development,comparison:tuned:q8-i6-crc,3d7c4bb1d57353cac8ef270ab83512b7d45054f0a3e74b04bf106a7c73201c6e,42,completed,0.788275237340754,0.1,"{'inputs': 6, 'model': 'crc', 'radius': 0.5, 'scale': 1.0, 'size': 24, 'tau': 200, 'view': 'all'}"
dvs,development,comparison:tuned:q8-i6-crc,5eea900e7bfb47cdf024b3a63d426d7f94133ef6665310ed377403f92fcfbfa3,42,completed,0.8014265223038963,0.01,"{'inputs': 6, 'model': 'crc', 'radius': 0.9, 'scale': 0.03, 'size': 24, 'tau': 20, 'view': 'all'}"
dvs,development,comparison:tuned:q8-i6-crc,f34d08d5756f1893c28d6e5f8adfb8f2f3ce491d4003ce17dfff7e33f894c1cb,42,completed,0.8117679285051294,0.1,"{'inputs': 6, 'model': 'crc', 'radius': 0.9, 'scale': 0.03, 'size': 24, 'tau': 60, 'view': 'all'}"
dvs,development,comparison:tuned:q8-i6-crc,09f415f0a5d47a05772dd14f009eca01079b026ac01b08c3ca3e645f4388a3e0,42,completed,0.7598358649420887,0.1,"{'inputs': 6, 'model': 'crc', 'radius': 0.9, 'scale': 0.03, 'size': 24, 'tau': 200, 'view': 'all'}"
dvs,development,comparison:tuned:q8-i6-crc,37724eb8da6d024f108f523cd6131d7825cccbb3c851cce8521ae361079bf95b,42,completed,0.8133598097119533,0.1,"{'inputs': 6, 'model': 'crc', 'radius': 0.9, 'scale': 0.1, 'size': 24, 'tau': 20, 'view': 'all'}"
dvs,development,comparison:tuned:q8-i6-crc,85e30c2f77bb00ffa26ce2391173e1abaec3f8702e68a321f3662c063a9e8086,42,completed,0.8097924212802813,0.1,"{'inputs': 6, 'model': 'crc', 'radius': 0.9, 'scale': 0.1, 'size': 24, 'tau': 60, 'view': 'all'}"
dvs,development,comparison:tuned:q8-i6-crc,ac346e4d53fae04a19202a02f9433e150219617b2401dd335469dad5ad263456,42,completed,0.7565634941790287,0.1,"{'inputs': 6, 'model': 'crc', 'radius': 0.9, 'scale': 0.1, 'size': 24, 'tau': 200, 'view': 'all'}"
dvs,development,comparison:tuned:q8-i6-crc,62cb1df96a94f921515b3e34bd929b5dd6fdcb68dab57a280f1fd839283e7633,42,completed,0.8004890271874081,0.1,"{'inputs': 6, 'model': 'crc', 'radius': 0.9, 'scale': 1.0, 'size': 24, 'tau': 20, 'view': 'all'}"
dvs,development,comparison:tuned:q8-i6-crc,3215f718e49c9f5dbc1f1b1433bdb0bce6013edb232ebaa8e755081f5fac49e6,42,completed,0.8158396581086121,0.1,"{'inputs': 6, 'model': 'crc', 'radius': 0.9, 'scale': 1.0, 'size': 24, 'tau': 60, 'view': 'all'}"
dvs,development,comparison:tuned:q8-i6-crc,7b5b7f4f1e7bf209f7ce5f61e0ee9fa78f47ec8c77453d625b6fb694afaa6d4b,42,completed,0.8158717117414741,0.01,"{'inputs': 6, 'model': 'crc', 'radius': 0.9, 'scale': 1.0, 'size': 24, 'tau': 200, 'view': 'all'}"
dvs,development,comparison:tuned:q8-i6-qrc,8df85e01c90e923b8ee61cc39373e160fe77c20bbcefb9d266b07200adcd14ee,42,completed,0.6906590274086237,0.1,"{'depth': 1, 'inputs': 6, 'model': 'qrc', 'qubits': 8, 'view': 'all'}"
dvs,development,comparison:tuned:q8-i6-qrc,f14e9c919b1cf1a673600cb3394900f53e5d8deb081ab575de3b209999e9f6f1,42,completed,0.7475403355403808,0.01,"{'depth': 2, 'inputs': 6, 'model': 'qrc', 'qubits': 8, 'view': 'all'}"
dvs,development,comparison:tuned:q8-i6-qrc,b30a18509a2788bd448a44aab382fc06f2d4030d5767ad74032fad34399e6289,42,completed,0.7769501638402414,0.1,"{'depth': 3, 'inputs': 6, 'model': 'qrc', 'qubits': 8, 'view': 'all'}"
dvs,mapping-screen,mapping:screen:i2:legacy,0ae387697ce65aff235dea6da8d2a30ac1baf57a6ba05b4960235c3483bef0fc,42,completed,0.2808027144345321,0.01,"{'adapter': 'legacy', 'inputs': 2, 'model': 'projection', 'solver': 'lsqr'}"
dvs,mapping-screen,mapping:screen:i2:orthogonal,a898f568300f096ad875fdfccdcfb3f17e12a310dba06281a3a8106c88923d12,42,completed,0.2701938820709858,0.01,"{'adapter': 'orthogonal', 'inputs': 2, 'model': 'projection', 'solver': 'lsqr'}"
dvs,mapping-screen,mapping:screen:i2:pca,ae7fcbb27713c7cf1848374aa98c4a3677eb5e822e0bb7b3106d6399decf1546,42,completed,0.3505362467808365,0.01,"{'adapter': 'pca', 'inputs': 2, 'model': 'projection', 'solver': 'lsqr'}"
dvs,mapping-screen,mapping:screen:i2:pooling,d30992162beef8288b717779537e42218c698f308cf80017077d5f9b00dc5fac,42,completed,0.30490585708085416,0.001,"{'adapter': 'pooling', 'inputs': 2, 'model': 'projection', 'solver': 'lsqr'}"
dvs,mapping-screen,mapping:screen:i4:legacy,7759e9d309b30836c7e544e2361ad0795f25fad76d16b16fafaa1c37943e6bd6,42,completed,0.4101963944645507,0.1,"{'adapter': 'legacy', 'inputs': 4, 'model': 'projection', 'solver': 'lsqr'}"
dvs,mapping-screen,mapping:screen:i4:orthogonal,2b64661db5375dbc7fe4febaea38932cacce747e69ceb74608ca55962b18b169,42,completed,0.40967449685192897,0.1,"{'adapter': 'orthogonal', 'inputs': 4, 'model': 'projection', 'solver': 'lsqr'}"
dvs,mapping-screen,mapping:screen:i4:pca,bb5cca45a140f886d985cfa0aa7c4cc7591267bb743fe991db52b5bf816b8d75,42,completed,0.5822264822198843,0.001,"{'adapter': 'pca', 'inputs': 4, 'model': 'projection', 'solver': 'lsqr'}"
dvs,mapping-screen,mapping:screen:i4:pooling,0ecf34cc8f4e60eaf5d3384b3c7b6f9034e5b246a94ce9db67f1f3af167a575c,42,completed,0.4418920728349347,0.1,"{'adapter': 'pooling', 'inputs': 4, 'model': 'projection', 'solver': 'lsqr'}"
dvs,development,observations:crc2:all,15e127c77659da9463e2b4a0b9290b50e6fed33e3f94575482ab566a5620b18f,42,completed,0.5581353191455597,0.1,"{'inputs': 2, 'model': 'crc', 'radius': 0.5, 'scale': 0.1, 'size': 18, 'solver': 'lsqr', 'tau': 20, 'view': 'all'}"
dvs,development,observations:crc2:products,e919888ae8dcbd76437a22b4e6ef5f3688b0b12030a4e96e6887d0b2eb7141fe,42,completed,0.5691886996554676,0.1,"{'inputs': 2, 'model': 'crc', 'radius': 0.5, 'scale': 0.1, 'size': 18, 'solver': 'lsqr', 'tau': 20, 'view': 'products'}"
dvs,development,observations:crc2:width24,f97615b40e36386c00513c4ac668bc23d3385c9f03890479dba6fb3125861e63,42,completed,0.5570135488958928,0.1,"{'inputs': 2, 'model': 'crc', 'radius': 0.5, 'scale': 0.1, 'size': 24, 'solver': 'lsqr', 'tau': 20, 'view': 'all'}"
dvs,development,observations:crc4:all,8156ac2def0f1a64d7af94c698a3a0c0ad25fddf36749b14a01d5033ded2e5be,42,completed,0.7950418848524238,0.01,"{'inputs': 4, 'model': 'crc', 'radius': 0.9, 'scale': 1.0, 'size': 18, 'solver': 'lsqr', 'tau': 60, 'view': 'all'}"
dvs,development,observations:crc4:products,4b3f4039a33cff1b92287c1ebe88bde46f1f404a770e703b16230ff1a50af414,42,completed,0.804378166491549,0.01,"{'inputs': 4, 'model': 'crc', 'radius': 0.9, 'scale': 1.0, 'size': 18, 'solver': 'lsqr', 'tau': 60, 'view': 'products'}"
dvs,development,observations:crc4:width24,c994207b151573e511c257fff031b1ea1b493062ae9f90f21fb654f41bc601a0,42,completed,0.8024226757459041,0.01,"{'inputs': 4, 'model': 'crc', 'radius': 0.9, 'scale': 1.0, 'size': 24, 'solver': 'lsqr', 'tau': 60, 'view': 'all'}"
dvs,development,observations:projection:i2,b74738fd93be0559fb49a00a0619eb885d4458adfed3b46d441fe0cfd16af10d,42,completed,0.3505362467808365,0.01,"{'inputs': 2, 'model': 'projection', 'solver': 'lsqr'}"
dvs,development,observations:projection:i4,fbb90ff5d421bcaa0548fc7812ea1874070ef14c2d8fd220714f8c02858002a9,42,completed,0.5822264822198843,0.001,"{'inputs': 4, 'model': 'projection', 'solver': 'lsqr'}"
dvs,development,observations:qrc2:all,9dd4387763080a9a5a3a556ccb03891928bd718bede443ff41dbba829e5e6847,42,completed,0.5308668246173485,0.01,"{'depth': 3, 'inputs': 2, 'model': 'qrc', 'qubits': 6, 'solver': 'lsqr', 'view': 'all'}"
dvs,development,observations:qrc2:products,dac1dbd75ae2aae008df7cec00a4a403c05b5f5329328319d9d4f9f30b765fcb,42,completed,0.5243644911728351,0.01,"{'depth': 3, 'inputs': 2, 'model': 'qrc', 'qubits': 6, 'solver': 'lsqr', 'view': 'products'}"
dvs,development,observations:qrc2:zz,b5afe8747747f121fb19875d4aa4bcb11b1cfc36c9b9a426dba24e6dbf1517a3,42,completed,0.5310651971496972,0.1,"{'depth': 3, 'inputs': 2, 'model': 'qrc', 'qubits': 6, 'solver': 'lsqr', 'view': 'zz'}"
dvs,development,observations:qrc4:all,4f142890348d06a32ee96c74a37d3fc2f74a2d0c942e90138e9633f3dba5e31c,42,completed,0.7502957976750333,0.01,"{'depth': 3, 'inputs': 4, 'model': 'qrc', 'qubits': 6, 'solver': 'lsqr', 'view': 'all'}"
dvs,development,observations:qrc4:products,6bd9174d43f19282b5fab392fe1e5f442b85cebc09a798e995a300bb7a7872ce,42,completed,0.7395051090364215,0.1,"{'depth': 3, 'inputs': 4, 'model': 'qrc', 'qubits': 6, 'solver': 'lsqr', 'view': 'products'}"
dvs,development,observations:qrc4:zz,67c7fefee9f80b375dc6de573da76b620ea2d8b232dee02e7c6ede65e565a0cc,42,completed,0.7701120941897477,0.01,"{'depth': 3, 'inputs': 4, 'model': 'qrc', 'qubits': 6, 'solver': 'lsqr', 'view': 'zz'}"
dvs,development,practical:large-crc,637553df2b49903f559d20cb2449658c0c199975dc91b7935060ad25f75e84c7,42,completed,0.662152453379445,0.01,"{'adapter': 'identity', 'inputs': 0, 'model': 'crc', 'radius': 0.9, 'scale': 0.03, 'segments': 1, 'size': 256, 'solver': 'lsqr', 'summary': 'segment_mean_final', 'tau': 20}"
dvs,development,practical:large-crc,2eca50af9eba4c151ea03687450fc74da738b71853ca0f2bc85011ac98ab23e7,42,completed,0.8156034621766415,1.0,"{'adapter': 'identity', 'inputs': 0, 'model': 'crc', 'radius': 0.9, 'scale': 0.03, 'segments': 1, 'size': 256, 'solver': 'lsqr', 'summary': 'segment_mean_std_final', 'tau': 20}"
dvs,development,practical:large-crc,7d158eb9c867842e69c097c44a06dca39eef00b32777a49614fb9dac352e3061,42,completed,0.6672659235117173,0.1,"{'adapter': 'identity', 'inputs': 0, 'model': 'crc', 'radius': 0.9, 'scale': 0.03, 'segments': 4, 'size': 256, 'solver': 'lsqr', 'summary': 'segment_mean_final', 'tau': 20}"
dvs,development,practical:large-crc,098d568f097c2e272fff3931746706f9da1c1e7b66ecfb552a73104b5fb93fdd,42,completed,0.8280384098271091,1.0,"{'adapter': 'identity', 'inputs': 0, 'model': 'crc', 'radius': 0.9, 'scale': 0.03, 'segments': 4, 'size': 256, 'solver': 'lsqr', 'summary': 'segment_mean_std_final', 'tau': 20}"
dvs,development,practical:large-crc,819839f6eace171fb29b4b9affc534157a2ecd66db7860f82b08c50570a8fea6,42,completed,0.6593522146250947,1.0,"{'adapter': 'identity', 'inputs': 0, 'model': 'crc', 'radius': 0.9, 'scale': 0.03, 'segments': 8, 'size': 256, 'solver': 'lsqr', 'summary': 'segment_mean_final', 'tau': 20}"
dvs,development,practical:large-crc,f87d32e14929110f23c97f2f73a5501dd0117af96a694f97609dd683328a8dcb,42,completed,0.8300139429828219,1.0,"{'adapter': 'identity', 'inputs': 0, 'model': 'crc', 'radius': 0.9, 'scale': 0.03, 'segments': 8, 'size': 256, 'solver': 'lsqr', 'summary': 'segment_mean_std_final', 'tau': 20}"
dvs,development,practical:lstm,34f0b8fecdbcdff3ac36f69acf0d806b345401bcb07ff35238fee1ba32a74fd0,42,completed,0.7769226609109712,,"{'model': 'lstm', 'recipe': 'baseline'}"
dvs,development,practical:lstm,8b8304724f0174de160a7d9b1704e23f5d3fcf40a475b5f4556f750328baab7e,42,completed,0.7062974858904357,,"{'model': 'lstm', 'recipe': 'dropout'}"
dvs,development,practical:lstm,bc82af150beb9213724032c6d54e1db37dc025df9aca0f6e48ca42566a02177a,42,completed,0.7740711487897965,,"{'model': 'lstm', 'recipe': 'regularization'}"
dvs,development,practical:transformer,9c121379d229c136890e35c0274954550a0b7f022bff1f2148a1037d7c8fcfae,42,completed,0.7475065365191026,,"{'model': 'transformer', 'recipe': 'baseline'}"
dvs,development,practical:transformer,eca3eef20cbed3c8778986bf5fe8f7107e196239e10a3a612f458759eb796d73,42,completed,0.7400107853573088,,"{'model': 'transformer', 'recipe': 'dropout'}"
dvs,development,practical:transformer,f72ffa316663b2b567361361a6d262dc7961ef5d6710e7a2dfb7488336cc71a3,42,completed,0.7416881471296104,,"{'model': 'transformer', 'recipe': 'regularization'}"
dvs,development,recurrence:crc:all,2e395a59eaf50fedf41caf35232901943475c880d61ff5ca0df88864c305a7e7,42,completed,0.6742392533049519,0.001,"{'inputs': 4, 'model': 'crc', 'radius': 0.9, 'reset': 'all', 'scale': 1.0, 'size': 18, 'tau': 60, 'view': 'all'}"
dvs,development,recurrence:crc:partial,9307af84ef2a91654c62832d92e3bf4aa070da428c581c0062a7686f68c0e050,42,completed,0.7970844552609163,0.01,"{'inputs': 4, 'model': 'crc', 'radius': 0.9, 'reset': 'partial', 'scale': 1.0, 'size': 18, 'tau': 60, 'view': 'all'}"
dvs,development,recurrence:qrc:all,4a6407797671cd699e2b943eb33979e47d52c70d3b9870a52dbb473d1165d8a0,42,completed,0.6825879489229594,0.01,"{'depth': 3, 'inputs': 4, 'model': 'qrc', 'qubits': 6, 'reset': 'all', 'view': 'all'}"
dvs,development,recurrence:qrc:partial,052f9733b61229eb1468f492bae1caeb43bcd887862b20d6087a564952c2b09f,42,completed,0.7486543720296753,0.01,"{'depth': 3, 'inputs': 4, 'model': 'qrc', 'qubits': 6, 'reset': 'partial', 'view': 'all'}"
dvs,mapping-development,mapping-paired:i2:legacy:crc,1696a8dfc2f6cac67126d66a245997758fc8a899aa4f3d0a9cb5cb19ab81c207,42,completed,0.4371248525587359,0.1,"{'adapter': 'legacy', 'inputs': 2, 'model': 'crc', 'radius': 0.9, 'scale': 0.03, 'segments': 4, 'size': 18, 'solver': 'lsqr', 'summary': 'segment_mean_std_final', 'tau': 20, 'view': 'all'}"
dvs,mapping-development,mapping-paired:i2:legacy:projection,0ae387697ce65aff235dea6da8d2a30ac1baf57a6ba05b4960235c3483bef0fc,42,completed,0.2808027144345321,0.01,"{'adapter': 'legacy', 'inputs': 2, 'model': 'projection', 'solver': 'lsqr'}"
dvs,mapping-development,mapping-paired:i2:legacy:qrc,990546a1f8eb88de53bcc2b28e2c870b5de57685aae34ad14463abe7477d6335,42,completed,0.3762791046507858,0.1,"{'adapter': 'legacy', 'depth': 1, 'inputs': 2, 'model': 'qrc', 'qubits': 6, 'segments': 4, 'solver': 'lsqr', 'summary': 'segment_mean_std_final', 'view': 'all'}"
dvs,mapping-development,mapping-paired:i2:pca:crc,e342a6c45e79aade3a0395f38456cbfb4263e287dde0dc064dd9672dda9c3a24,42,completed,0.5218356996854917,0.1,"{'adapter': 'pca', 'inputs': 2, 'model': 'crc', 'radius': 0.9, 'scale': 0.03, 'segments': 4, 'size': 18, 'solver': 'lsqr', 'summary': 'segment_mean_std_final', 'tau': 20, 'view': 'all'}"
dvs,mapping-development,mapping-paired:i2:pca:projection,ae7fcbb27713c7cf1848374aa98c4a3677eb5e822e0bb7b3106d6399decf1546,42,completed,0.3505362467808365,0.01,"{'adapter': 'pca', 'inputs': 2, 'model': 'projection', 'solver': 'lsqr'}"
dvs,mapping-development,mapping-paired:i2:pca:qrc,9db0044f38acbd877cb90b9835b92d56c8dd0c02db4d81be23ea3dcc584ef9e7,42,completed,0.4298200149862115,0.1,"{'adapter': 'pca', 'depth': 1, 'inputs': 2, 'model': 'qrc', 'qubits': 6, 'segments': 4, 'solver': 'lsqr', 'summary': 'segment_mean_std_final', 'view': 'all'}"
dvs,mapping-development,mapping-paired:i4:legacy:crc,f497627c8daf48897faf2887aeaabb4d4f3798a66a673b804787455e94c7640c,42,completed,0.4921739305252482,1.0,"{'adapter': 'legacy', 'inputs': 4, 'model': 'crc', 'radius': 0.9, 'scale': 0.03, 'segments': 4, 'size': 18, 'solver': 'lsqr', 'summary': 'segment_mean_std_final', 'tau': 20, 'view': 'all'}"
dvs,mapping-development,mapping-paired:i4:legacy:projection,7759e9d309b30836c7e544e2361ad0795f25fad76d16b16fafaa1c37943e6bd6,42,completed,0.4101963944645507,0.1,"{'adapter': 'legacy', 'inputs': 4, 'model': 'projection', 'solver': 'lsqr'}"
dvs,mapping-development,mapping-paired:i4:legacy:qrc,f7c9d480b924e68b7c4fe244bce186c52e5c9d7d690353e8116f389822e39c12,42,completed,0.4779863098029219,0.1,"{'adapter': 'legacy', 'depth': 1, 'inputs': 4, 'model': 'qrc', 'qubits': 6, 'segments': 4, 'solver': 'lsqr', 'summary': 'segment_mean_std_final', 'view': 'all'}"
dvs,mapping-development,mapping-paired:i4:pca:crc,d559a31743b4385f0a3b758cc7d985622b6e37c576b7bb963c748e8a7159663b,42,completed,0.7663606015945938,0.01,"{'adapter': 'pca', 'inputs': 4, 'model': 'crc', 'radius': 0.9, 'scale': 0.03, 'segments': 4, 'size': 18, 'solver': 'lsqr', 'summary': 'segment_mean_std_final', 'tau': 20, 'view': 'all'}"
dvs,mapping-development,mapping-paired:i4:pca:projection,bb5cca45a140f886d985cfa0aa7c4cc7591267bb743fe991db52b5bf816b8d75,42,completed,0.5822264822198843,0.001,"{'adapter': 'pca', 'inputs': 4, 'model': 'projection', 'solver': 'lsqr'}"
dvs,mapping-development,mapping-paired:i4:pca:qrc,88f62c56bed85fca6bf3738c40a34d4bfaa051e37fe4b19afcdfc73ffd45d990,42,completed,0.6306059354138304,0.1,"{'adapter': 'pca', 'depth': 1, 'inputs': 4, 'model': 'qrc', 'qubits': 6, 'segments': 4, 'solver': 'lsqr', 'summary': 'segment_mean_std_final', 'view': 'all'}"
dvs,mapping-robustness,mapping-robustness:i2:legacy:crc:p42,7c02ac3c38a543b6762046c0ba38aefac7e31a783ae72db394c103c5fd14b5d4,42,completed,0.4371248525587359,0.1,"{'adapter': 'legacy', 'inputs': 2, 'model': 'crc', 'projection_seed': 42, 'radius': 0.9, 'scale': 0.03, 'segments': 4, 'size': 18, 'solver': 'lsqr', 'summary': 'segment_mean_std_final', 'tau': 20, 'view': 'all'}"
dvs,mapping-robustness,mapping-robustness:i2:legacy:crc:p44,724aa5c0daa6e5118da4246b8c90328fee53aa1dd2c7b351a01300d8a7fff0f3,42,completed,0.37904711708212757,1.0,"{'adapter': 'legacy', 'inputs': 2, 'model': 'crc', 'projection_seed': 44, 'radius': 0.9, 'scale': 0.03, 'segments': 4, 'size': 18, 'solver': 'lsqr', 'summary': 'segment_mean_std_final', 'tau': 20, 'view': 'all'}"
dvs,mapping-robustness,mapping-robustness:i2:legacy:crc:p46,dd26276e20e41453811a8637f367dc4d456693b78e080114e2530598a6cc1440,42,completed,0.4231724603667433,0.1,"{'adapter': 'legacy', 'inputs': 2, 'model': 'crc', 'projection_seed': 46, 'radius': 0.9, 'scale': 0.03, 'segments': 4, 'size': 18, 'solver': 'lsqr', 'summary': 'segment_mean_std_final', 'tau': 20, 'view': 'all'}"
dvs,mapping-robustness,mapping-robustness:i2:legacy:projection:p42,ff23823e317ef297ac4a085c427c7e9e5fb7100c1c969a0705f76d6d9fd464ee,42,completed,0.2808027144345321,0.01,"{'adapter': 'legacy', 'inputs': 2, 'model': 'projection', 'projection_seed': 42, 'solver': 'lsqr'}"
dvs,mapping-robustness,mapping-robustness:i2:legacy:projection:p44,1ca428144c4e9a9100066b2ba824354a51feafcfd229b352cad84de884360c51,42,completed,0.2650436839831013,0.01,"{'adapter': 'legacy', 'inputs': 2, 'model': 'projection', 'projection_seed': 44, 'solver': 'lsqr'}"
dvs,mapping-robustness,mapping-robustness:i2:legacy:projection:p46,f09689f79fbd7d5c5197968d353f8b638ec55183cf7f2e608670b4a52beaa0b0,42,completed,0.2683550864364586,0.1,"{'adapter': 'legacy', 'inputs': 2, 'model': 'projection', 'projection_seed': 46, 'solver': 'lsqr'}"
dvs,mapping-robustness,mapping-robustness:i2:legacy:qrc:p42,5ce4e92e91270da8935810bfc619fe45a8ea7a56b3695093991ac83bbec168c9,42,completed,0.3762791046507858,0.1,"{'adapter': 'legacy', 'depth': 1, 'inputs': 2, 'model': 'qrc', 'projection_seed': 42, 'qubits': 6, 'segments': 4, 'solver': 'lsqr', 'summary': 'segment_mean_std_final', 'view': 'all'}"
dvs,mapping-robustness,mapping-robustness:i2:legacy:qrc:p44,fc99e26e58ae43604687dabe2e94602f7c38eab25735b85224b033a097b6bbf9,42,completed,0.3245077493910513,0.1,"{'adapter': 'legacy', 'depth': 1, 'inputs': 2, 'model': 'qrc', 'projection_seed': 44, 'qubits': 6, 'segments': 4, 'solver': 'lsqr', 'summary': 'segment_mean_std_final', 'view': 'all'}"
dvs,mapping-robustness,mapping-robustness:i2:legacy:qrc:p46,8fca4ad310bebcf02af0a211ee4b7bc9ef7d76996a06d8477e8e0febf1c1a9e3,42,completed,0.38023670470268706,0.1,"{'adapter': 'legacy', 'depth': 1, 'inputs': 2, 'model': 'qrc', 'projection_seed': 46, 'qubits': 6, 'segments': 4, 'solver': 'lsqr', 'summary': 'segment_mean_std_final', 'view': 'all'}"
dvs,mapping-robustness,mapping-robustness:i4:legacy:crc:p42,bcd4b1767ce1c31ab738e3fc090dfa1b31cad855ee3a3466d59509b6d8b91a42,42,completed,0.4921739305252482,1.0,"{'adapter': 'legacy', 'inputs': 4, 'model': 'crc', 'projection_seed': 42, 'radius': 0.9, 'scale': 0.03, 'segments': 4, 'size': 18, 'solver': 'lsqr', 'summary': 'segment_mean_std_final', 'tau': 20, 'view': 'all'}"
dvs,mapping-robustness,mapping-robustness:i4:legacy:crc:p44,e8a48ed2f647a9f93f365b3106c73eee0b2c8fa5092e8dfee296f2d51851245a,42,completed,0.5920974476918796,0.01,"{'adapter': 'legacy', 'inputs': 4, 'model': 'crc', 'projection_seed': 44, 'radius': 0.9, 'scale': 0.03, 'segments': 4, 'size': 18, 'solver': 'lsqr', 'summary': 'segment_mean_std_final', 'tau': 20, 'view': 'all'}"
dvs,mapping-robustness,mapping-robustness:i4:legacy:crc:p46,dcc8e02c0b7e1f569b16c663f678b0c300183ad944bbe5b9f1487892d5f7b243,42,completed,0.5484082612342454,1.0,"{'adapter': 'legacy', 'inputs': 4, 'model': 'crc', 'projection_seed': 46, 'radius': 0.9, 'scale': 0.03, 'segments': 4, 'size': 18, 'solver': 'lsqr', 'summary': 'segment_mean_std_final', 'tau': 20, 'view': 'all'}"
dvs,mapping-robustness,mapping-robustness:i4:legacy:projection:p42,9fc1964c21e815835ecfcf74c057ac123a6e85e20b6bac0a001b830c93f31e38,42,completed,0.4101963944645507,0.1,"{'adapter': 'legacy', 'inputs': 4, 'model': 'projection', 'projection_seed': 42, 'solver': 'lsqr'}"
dvs,mapping-robustness,mapping-robustness:i4:legacy:projection:p44,03b210f44f9ac0838c4ac6ee47bc8775f9316df27b13d8d22a665339344128d6,42,completed,0.48499371973181193,0.1,"{'adapter': 'legacy', 'inputs': 4, 'model': 'projection', 'projection_seed': 44, 'solver': 'lsqr'}"
dvs,mapping-robustness,mapping-robustness:i4:legacy:projection:p46,0beddbc43d67f5b16513449c3303b1c10e7f459adb45188762de110b327c2187,42,completed,0.4721787857351739,1.0,"{'adapter': 'legacy', 'inputs': 4, 'model': 'projection', 'projection_seed': 46, 'solver': 'lsqr'}"
dvs,mapping-robustness,mapping-robustness:i4:legacy:qrc:p42,25bc66e9354fb9bcfe8ac035cbbebcb6c0fd9a20dd0563fc21aff462fe23c79d,42,completed,0.4779863098029219,0.1,"{'adapter': 'legacy', 'depth': 1, 'inputs': 4, 'model': 'qrc', 'projection_seed': 42, 'qubits': 6, 'segments': 4, 'solver': 'lsqr', 'summary': 'segment_mean_std_final', 'view': 'all'}"
dvs,mapping-robustness,mapping-robustness:i4:legacy:qrc:p44,407d2247b96362f2b8ccc394cfa9f43a5537b79fe6bfab306d6f67702e6fdecb,42,completed,0.5534536664597343,1.0,"{'adapter': 'legacy', 'depth': 1, 'inputs': 4, 'model': 'qrc', 'projection_seed': 44, 'qubits': 6, 'segments': 4, 'solver': 'lsqr', 'summary': 'segment_mean_std_final', 'view': 'all'}"
dvs,mapping-robustness,mapping-robustness:i4:legacy:qrc:p46,1225430d7ae644680f0e23487784797fa142028a840d38e7bf6d5b5c2beb3efb,42,completed,0.5434764947598756,0.1,"{'adapter': 'legacy', 'depth': 1, 'inputs': 4, 'model': 'qrc', 'projection_seed': 46, 'qubits': 6, 'segments': 4, 'solver': 'lsqr', 'summary': 'segment_mean_std_final', 'view': 'all'}"
